tourney_id,tourney_name,surface,draw_size,tourney_level,tourney_date,match_num,winner_id,winner_seed,winner_entry,winner_name,winner_hand,winner_ht,winner_ioc,winner_age,loser_id,loser_seed,loser_entry,loser_name,loser_hand,loser_ht,loser_ioc,loser_age,score,best_of,round,minutes,w_ace,w_df,w_svpt,w_1stIn,w_1stWon,w_2ndWon,w_SvGms,w_bpSaved,w_bpFaced,l_ace,l_df,l_svpt,l_1stIn,l_1stWon,l_2ndWon,l_SvGms,l_bpSaved,l_bpFaced,winner_rank,winner_rank_points,loser_rank,loser_rank_points
2000-W-SL-AUS-01A-2000,Australian Open,Hard,128,G,20000117,1,200001,1,,Martina Hingis,R,170,SUI,19.2,200002,,,Mirjana Lucic,R,181,CRO,17.8,6-1 6-2,3,R128,,,,,,,,,,,,,,,,,,,,1,6003,49,640
2000-W-SL-AUS-01A-2000,Australian Open,Hard,128,G,20000117,2,200003,,,Justine Henin,R,167,BEL,17.6,200004,,Q,Kerry Anne Guse,R,159,AUS,27.1,6-4 6-2,3,R128,,,,,,,,,,,,,,,,,,,,63,510,133,199
2000-W-SL-AUS-01A-2000,Australian Open,Hard,128,G,20000117,3,200006,,,Karina Habsudova,R,170,SVK,26.4,200005,,,Jolene Watanabe,R,,USA,31.3,6-0 6-1,3,R128,,,,,,,,,,,,,,,,,,,,53,574,118,243
2000-W-SL-AUS-01A-2000,Australian Open,Hard,128,G,20000117,4,200008,,,Alicia Molik,R,182,AUS,18.9,200007,,,Silvija Talaja,R,173,CRO,22.0,6-1 5-7 7-5,3,R128,,,,,,,,,,,,,,,,,,,,116,245,23,1112
2000-W-SL-AUS-01A-2000,Australian Open,Hard,128,G,20000117,5,200009,,,Tamarine Tanasugarn,R,165,THA,22.6,200010,,,Rita Grande,R,177,ITA,24.8,6-3 6-4,3,R128,,,,,,,,,,,,,,,,,,,,72,439,60,516
2000-W-SL-AUS-01A-2000,Australian Open,Hard,128,G,20000117,6,200012,,,Jana Nejedly,R,175,CAN,25.6,200011,,,Katarina Srebotnik,R,180,SLO,18.8,6-4 1-6 6-4,3,R128,,,,,,,,,,,,,,,,,,,,84,347,66,484
2000-W-SL-AUS-01A-2000,Australian Open,Hard,128,G,20000117,7,200013,,SR,Angelica Gavaldon,R,,MEX,26.2,200014,,Q,Tzipi Obziler,R,172,ISR,26.7,6-4 4-6 6-4,3,R128,,,,,,,,,,,,,,,,,,,,320,52,214,97
2000-W-SL-AUS-01A-2000,Australian Open,Hard,128,G,20000117,8,200016,12,,Sandrine Testud,R,176,FRA,27.7,200015,,,Petra Mandula,R,178,HUN,21.9,6-3 4-6 6-3,3,R128,,,,,,,,,,,,,,,,,,,,14,1635,109,271
2000-W-SL-AUS-01A-2000,Australian Open,Hard,128,G,20000117,9,200017,13,,Arantxa Sanchez Vicario,R,168,ESP,28.0,200018,,,Julia Abe,R,,GER,23.6,6-2 6-2,3,R128,,,,,,,,,,,,,,,,,,,,15,1558,113,255
2000-W-SL-AUS-01A-2000,Australian Open,Hard,128,G,20000117,10,200020,,,Lisa Raymond,R,165,USA,26.4,200019,,Q,Alexandra Fusai,R,176,FRA,26.1,5-7 6-4 6-4,3,R128,,,,,,,,,,,,,,,,,,,,28,926,177,132
2000-W-SL-AUS-01A-2000,Australian Open,Hard,128,G,20000117,11,200022,,,Emmanuelle Gagliardi,R,171,SUI,23.5,200021,,,Alexia Dechaume Balleret,R,,FRA,29.7,6-2 6-0,3,R128,,,,,,,,,,,,,,,,,,,,71,454,101,296
2000-W-SL-AUS-01A-2000,Australian Open,Hard,128,G,20000117,12,200023,,WC,Bryanne Stewart,R,174,AUS,20.1,200024,,,Maria Vento Kabchi,R,168,VEN,25.6,7-5 6-3,3,R128,,,,,,,,,,,,,,,,,,,,275,68,88,332
2000-W-SL-AUS-01A-2000,Australian Open,Hard,128,G,20000117,13,200026,,Q,Florencia Labat,L,170,ARG,28.5,200025,,,Ludmila Cervanova,R,171,SVK,20.2,6-2 6-3,3,R128,,,,,,,,,,,,,,,,,,,,121,235,104,288
2000-W-SL-AUS-01A-2000,Australian Open,Hard,128,G,20000117,14,200027,,,Magui Serna,L,167,ESP,20.8,200028,,,Maureen Drake,R,175,CAN,28.8,6-4 6-2,3,R128,,,,,,,,,,,,,,,,,,,,46,661,55,551
2000-W-SL-AUS-01A-2000,Australian Open,Hard,128,G,20000117,15,200030,,,Miroslava Vavrinec,R,173,SUI,21.7,200029,,WC,Lisa Mcshea,R,174,AUS,25.2,6-1 6-4,3,R128,,,,,,,,,,,,,,,,,,,,96,311,159,158
2000-W-SL-AUS-01A-2000,Australian Open,Hard,128,G,20000117,16,200032,6,,Barbara Schett,R,176,AUT,23.8,200031,,,Meilen Tu,R,163,USA,21.9,6-2 6-7(1) 6-4,3,R128,,,,,,,,,,,,,,,,,,,,9,1968,110,270
2000-W-SL-AUS-01A-2000,Australian Open,Hard,128,G,20000117,17,200033,3,,Serena Williams,R,175,USA,18.3,200034,,WC,Amanda Grahame,L,,AUS,20.8,6-4 4-6 6-4,3,R128,,,,,,,,,,,,,,,,,,,,4,2993,261,73
2000-W-SL-AUS-01A-2000,Australian Open,Hard,128,G,20000117,18,200036,,,Nicole Pratt,R,163,AUS,26.8,200035,,,Maria Sanchez Lorenzo,R,171,ESP,22.1,6-3 6-0,3,R128,,,,,,,,,,,,,,,,,,,,58,534,45,665
2000-W-SL-AUS-01A-2000,Australian Open,Hard,128,G,20000117,19,200037,,,Sabine Appelmans,L,168,BEL,27.7,200038,,,Annabel Ellwood,R,165,AUS,21.9,6-2 6-2,3,R128,,,,,,,,,,,,,,,,,,,,31,886,111,267
2000-W-SL-AUS-01A-2000,Australian Open,Hard,128,G,20000117,20,200039,,,Chanda Rubin,R,168,USA,23.9,200040,,,Anna Smashnova,R,157,ISR,23.5,6-3 6-4,3,R128,,,,,,,,,,,,,,,,,,,,22,1151,48,644
2000-W-SL-AUS-01A-2000,Australian Open,Hard,128,G,20000117,21,200042,,,Els Callens,R,178,BEL,29.4,200041,,,Amy Frazier,R,175,USA,27.3,6-1 6-3,3,R128,,,,,,,,,,,,,,,,,,,,89,332,19,1291
2000-W-SL-AUS-01A-2000,Australian Open,Hard,128,G,20000117,22,200044,,,Denisa Chladkova,R,174,CZE,20.9,200043,,WC,Virginie Razzano,R,173,FRA,16.6,7-6(10) 6-2,3,R128,,,,,,,,,,,,,,,,,,,,57,542,344,46
2000-W-SL-AUS-01A-2000,Australian Open,Hard,128,G,20000117,23,200046,,,Meghann Shaughnessy,R,180,USA,20.7,200045,,,Tara Snyder,R,175,USA,22.6,6-0 1-6 10-8,3,R128,,,,,,,,,,,,,,,,,,,,91,329,74,404
2000-W-SL-AUS-01A-2000,Australian Open,Hard,128,G,20000117,24,200048,16,,Elena Likhovtseva,R,174,RUS,24.3,200047,,,Pavlina Nola,R,,NZL,25.5,6-2 6-2,3,R128,,,,,,,,,,,,,,,,,,,,18,1397,117,244
2000-W-SL-AUS-01A-2000,Australian Open,Hard,128,G,20000117,25,200049,10,,Conchita Martinez,R,170,ESP,27.7,200050,,,Sandra Kleinova,R,177,CZE,21.6,6-1 6-1,3,R128,,,,,,,,,,,,,,,,,,,,13,1713,65,501
2000-W-SL-AUS-01A-2000,Australian Open,Hard,128,G,20000117,26,200052,,,Olga Barabanschikova,R,172,BLR,20.2,200051,,,Irina Spirlea,R,175,ROU,25.8,6-4 3-6 6-3,3,R128,,,,,,,,,,,,,,,,,,,,75,401,40,721
2000-W-SL-AUS-01A-2000,Australian Open,Hard,128,G,20000117,27,200054,,,Sylvia Plischke,R,177,AUT,22.4,200053,,,Lubomira Bacheva,R,,BUL,24.8,6-4 6-4,3,R128,,,,,,,,,,,,,,,,,,,,33,821,73,425
2000-W-SL-AUS-01A-2000,Australian Open,Hard,128,G,20000117,28,200056,,,Jelena Kostanic Tosic,L,168,CRO,18.5,200055,,,Mariana Diaz Oliva,R,172,ARG,23.8,6-3 6-7(3) 6-4,3,R128,,,,,,,,,,,,,,,,,,,,98,304,106,284
2000-W-SL-AUS-01A-2000,Australian Open,Hard,128,G,20000117,29,200057,,,Erika De Lone,R,,USA,27.2,200058,,,Anna Foldenyi Dicker,R,165,HUN,25.4,6-1 6-4,3,R128,,,,,,,,,,,,,,,,,,,,68,470,115,247
2000-W-SL-AUS-01A-2000,Australian Open,Hard,128,G,20000117,30,200059,,,Ruxandra Dragomir Ilie,R,168,ROU,27.2,200060,,Q,Tathiana Garbin,R,172,ITA,22.5,7-5 6-4,3,R128,,,,,,,,,,,,,,,,,,,,20,1247,114,252
2000-W-SL-AUS-01A-2000,Australian Open,Hard,128,G,20000117,31,200062,,,Kristina Brandi,R,168,PUR,22.8,200061,,,Gala Leon Garcia,L,163,ESP,26.0,6-3 6-3,3,R128,,,,,,,,,,,,,,,,,,,,54,569,50,622
2000-W-SL-AUS-01A-2000,Australian Open,Hard,128,G,20000117,32,200064,8,,Amanda Coetzer,R,158,RSA,28.2,200063,,,Tatiana Panova,R,154,RUS,23.4,6-3 6-3,3,R128,,,,,,,,,,,,,,,,,,,,10,1851,41,712
2000-W-SL-AUS-01A-2000,Australian Open,Hard,128,G,20000117,33,200065,7,,Amelie Mauresmo,R,175,FRA,20.5,200066,,,Cristina Torrens Valero,R,171,ESP,25.3,6-1 6-2,3,R128,,,,,,,,,,,,,,,,,,,,6,2335,52,613
2000-W-SL-AUS-01A-2000,Australian Open,Hard,128,G,20000117,34,200067,,,Patty Schnyder,L,168,SUI,21.0,200068,,,Lilia Osterloh,R,170,USA,21.7,6-3 6-4,3,R128,,,,,,,,,,,,,,,,,,,,29,924,82,373
2000-W-SL-AUS-01A-2000,Australian Open,Hard,128,G,20000117,35,200069,,,Nadia Petrova,R,178,RUS,17.6,200070,,,Anne Gaelle Sidot,L,172,FRA,20.4,6-4 6-2,3,R128,,,,,,,,,,,,,,,,,,,,85,342,35,799
2000-W-SL-AUS-01A-2000,Australian Open,Hard,128,G,20000117,36,200072,,,Cara Black,R,167,ZIM,20.9,200071,,,Lenka Nemeckova,R,170,CZE,23.7,6-4 7-6(4),3,R128,,,,,,,,,,,,,,,,,,,,42,700,108,271
2000-W-SL-AUS-01A-2000,Australian Open,Hard,128,G,20000117,37,200073,,Q,Julie Pullin,L,173,GBR,24.1,200074,,,Jane Chi,R,165,USA,25.5,6-1 6-3,3,R128,,,,,,,,,,,,,,,,,,,,174,135,107,276
2000-W-SL-AUS-01A-2000,Australian Open,Hard,128,G,20000117,38,200075,,WC,Jing Qian Yi,R,168,CHN,25.8,200076,,,Laurence Courtois,R,172,BEL,23.9,7-6(5) 6-2,3,R128,,,,,,,,,,,,,,,,,,,,137,194,80,378
2000-W-SL-AUS-01A-2000,Australian Open,Hard,128,G,20000117,39,200077,,,Jennifer Capriati,R,170,USA,23.8,200078,,,Barbara Schwartz,L,181,AUT,20.9,6-1 7-6(1),3,R128,,,,,,,,,,,,,,,,,,,,21,1183,43,697
2000-W-SL-AUS-01A-2000,Australian Open,Hard,128,G,20000117,40,200080,14,,Dominique Monami,R,170,BEL,26.6,200079,,,Kim Clijsters,R,175,BEL,16.6,3-6 6-1 6-1,3,R128,,,,,,,,,,,,,,,,,,,,16,1509,34,812
2000-W-SL-AUS-01A-2000,Australian Open,Hard,128,G,20000117,41,200082,,,Kristie Boogert,R,178,NED,26.0,200081,15,,Anke Huber,R,173,GER,25.1,6-4 6-4,3,R128,,,,,,,,,,,,,,,,,,,,100,297,17,1485
2000-W-SL-AUS-01A-2000,Australian Open,Hard,128,G,20000117,42,200084,,,Asa Carlsson,R,178,SWE,24.5,200083,,,Alexandra Stevenson,R,185,USA,19.0,7-6(6) 6-3,3,R128,,,,,,,,,,,,,,,,,,,,59,524,36,766
2000-W-SL-AUS-01A-2000,Australian Open,Hard,128,G,20000117,43,200085,,,Ai Sugiyama,R,163,JPN,24.5,200086,,,Magdalena Maleeva,R,168,BUL,24.7,7-6(3) 7-6(4),3,R128,,,,,,,,,,,,,,,,,,,,24,1026,70,468
2000-W-SL-AUS-01A-2000,Australian Open,Hard,128,G,20000117,44,200088,,,Adriana Gersi,R,166,CZE,23.5,200087,,,Seda Noorlander,R,166,NED,25.6,3-6 6-3 6-3,3,R128,,,,,,,,,,,,,,,,,,,,78,390,83,366
2000-W-SL-AUS-01A-2000,Australian Open,Hard,128,G,20000117,45,200089,,,Miriam Oremans,R,169,NED,27.3,200090,,,Anca Barna,L,175,GER,22.6,6-2 6-2,3,R128,,,,,,,,,,,,,,,,,,,,99,303,120,236
2000-W-SL-AUS-01A-2000,Australian Open,Hard,128,G,20000117,46,200092,,,Sandra Nacuk,R,,SCG,19.4,200091,,,Janet Lee,R,175,TPE,23.2,6-4 6-7(6) 7-5,3,R128,,,,,,,,,,,,,,,,,,,,103,289,94,319
2000-W-SL-AUS-01A-2000,Australian Open,Hard,128,G,20000117,47,200093,,,Amelie Cocheteux,L,,FRA,21.8,200094,,,Barbara Rittner,R,173,GER,26.7,1-6 7-5 6-4,3,R128,,,,,,,,,,,,,,,,,,,,62,512,56,551
2000-W-SL-AUS-01A-2000,Australian Open,Hard,128,G,20000117,48,200096,4,,Mary Pierce,R,178,FRA,25.0,200095,,Q,Linda Wild,R,,USA,28.9,7-5 6-3,3,R128,,,,,,,,,,,,,,,,,,,,5,2599,190,117
2000-W-SL-AUS-01A-2000,Australian Open,Hard,128,G,20000117,49,200097,5,,Nathalie Tauziat,R,165,FRA,32.2,200098,,,Henrieta Nagyova,R,177,SVK,21.0,6-1 2-6 6-1,3,R128,,,,,,,,,,,,,,,,,,,,8,2213,32,826
2000-W-SL-AUS-01A-2000,Australian Open,Hard,128,G,20000117,50,200099,,Q,Sonya Jeyaseelan,R,157,CAN,23.7,200100,,,Amanda Hopmans,R,167,NED,23.9,6-2 3-6 6-1,3,R128,,,,,,,,,,,,,,,,,,,,145,182,77,391
2000-W-SL-AUS-01A-2000,Australian Open,Hard,128,G,20000117,51,200101,,Q,Jana Kandarr,R,181,GER,23.3,200102,,WC,Melissa Dowse,R,,AUS,17.7,6-4 6-7(5) 8-6,3,R128,,,,,,,,,,,,,,,,,,,,141,191,391,32
2000-W-SL-AUS-01A-2000,Australian Open,Hard,128,G,20000117,52,200104,,,Emilie Loit,L,167,FRA,20.6,200103,,WC,Evie Dominikovic,R,173,AUS,19.6,6-7(3) 6-4 6-2,3,R128,,,,,,,,,,,,,,,,,,,,97,306,154,161
2000-W-SL-AUS-01A-2000,Australian Open,Hard,128,G,20000117,53,200106,,,Angeles Montolio,R,157,ESP,24.4,200105,,WC,Rachel Mcquillan,U,170,AUS,28.1,6-4 6-3,3,R128,,,,,,,,,,,,,,,,,,,,61,515,153,162
2000-W-SL-AUS-01A-2000,Australian Open,Hard,128,G,20000117,54,200108,,,Elena Dementieva,R,180,RUS,18.2,200107,,,Paola Suarez,R,170,ARG,23.5,6-0 3-6 8-6,3,R128,,,,,,,,,,,,,,,,,,,,64,508,69,469
2000-W-SL-AUS-01A-2000,Australian Open,Hard,128,G,20000117,55,200110,,,Fabiola Zuluaga,R,172,COL,21.0,200109,,,Nathalie Dechy,R,177,FRA,20.9,6-1 3-6 6-1,3,R128,,,,,,,,,,,,,,,,,,,,51,619,25,1009
2000-W-SL-AUS-01A-2000,Australian Open,Hard,128,G,20000117,56,200112,9,,Julie Halard Decugis,R,173,FRA,29.3,200111,,Q,Lina Krasnoroutskaya,R,174,RUS,15.7,6-2 6-4,3,R128,,,,,,,,,,,,,,,,,,,,11,1792,165,149
2000-W-SL-AUS-01A-2000,Australian Open,Hard,128,G,20000117,57,200113,11,,Anna Kournikova,R,173,RUS,18.6,200114,,,Patricia Wartusch,R,175,AUT,21.4,6-0 6-0,3,R128,,,,,,,,,,,,,,,,,,,,12,1766,93,325
2000-W-SL-AUS-01A-2000,Australian Open,Hard,128,G,20000117,58,200116,,,Natalia Zvereva,R,174,BLR,28.7,200115,,,Brie Rippner,R,175,USA,19.9,6-7(4) 7-5 6-2,3,R128,,,,,,,,,,,,,,,,,,,,26,972,102,295
2000-W-SL-AUS-01A-2000,Australian Open,Hard,128,G,20000117,59,200117,,,Kveta Peschke,R,165,CZE,24.5,200118,,,Virginia Ruano Pascual,R,169,ESP,26.3,6-2 6-1,3,R128,,,,,,,,,,,,,,,,,,,,47,660,87,333
2000-W-SL-AUS-01A-2000,Australian Open,Hard,128,G,20000117,60,200119,,,Rita Kuti Kis,L,176,HUN,21.9,200120,,,Jelena Dokic,R,175,AUS,16.7,6-1 2-6 6-3,3,R128,,,,,,,,,,,,,,,,,,,,86,337,39,726
2000-W-SL-AUS-01A-2000,Australian Open,Hard,128,G,20000117,61,200121,,Q,Alina Jidkova,R,168,RUS,22.9,200122,,,Tina Pisnik,R,172,SLO,18.9,2-6 7-6(5) 6-1,3,R128,,,,,,,,,,,,,,,,,,,,122,231,81,377
2000-W-SL-AUS-01A-2000,Australian Open,Hard,128,G,20000117,62,200123,,,Marlene Weingartner,R,174,GER,19.9,200124,,,Anne Kremer,R,165,LUX,24.2,6-2 2-6 6-4,3,R128,,,,,,,,,,,,,,,,,,,,90,331,27,934
2000-W-SL-AUS-01A-2000,Australian Open,Hard,128,G,20000117,63,200126,,Q,Marissa Irvin,R,170,USA,19.5,200125,,,Corina Morariu,R,174,USA,21.9,2-6 7-5 6-3,3,R128,,,,,,,,,,,,,,,,,,,,130,206,37,761
2000-W-SL-AUS-01A-2000,Australian Open,Hard,128,G,20000117,64,200128,2,,Lindsay Davenport,R,189,USA,23.6,200127,,,Sarah Pitkowski Malcor,R,,FRA,24.1,6-3 6-1,3,R128,,,,,,,,,,,,,,,,,,,,2,4709,38,761
2000-W-SL-AUS-01A-2000,Australian Open,Hard,128,G,20000117,65,200001,1,,Martina Hingis,R,170,SUI,19.2,200003,,,Justine Henin,R,167,BEL,17.6,6-3 6-3,3,R64,,,,,,,,,,,,,,,,,,,,1,6003,63,510
2000-W-SL-AUS-01A-2000,Australian Open,Hard,128,G,20000117,66,200008,,,Alicia Molik,R,182,AUS,18.9,200006,,,Karina Habsudova,R,170,SVK,26.4,6-2 6-3,3,R64,,,,,,,,,,,,,,,,,,,,116,245,53,574
2000-W-SL-AUS-01A-2000,Australian Open,Hard,128,G,20000117,67,200009,,,Tamarine Tanasugarn,R,165,THA,22.6,200012,,,Jana Nejedly,R,175,CAN,25.6,7-5 6-4,3,R64,,,,,,,,,,,,,,,,,,,,72,439,84,347
2000-W-SL-AUS-01A-2000,Australian Open,Hard,128,G,20000117,68,200016,12,,Sandrine Testud,R,176,FRA,27.7,200013,,SR,Angelica Gavaldon,R,,MEX,26.2,6-1 6-2,3,R64,,,,,,,,,,,,,,,,,,,,14,1635,320,52
2000-W-SL-AUS-01A-2000,Australian Open,Hard,128,G,20000117,69,200017,13,,Arantxa Sanchez Vicario,R,168,ESP,28.0,200020,,,Lisa Raymond,R,165,USA,26.4,6-1 3-6 6-3,3,R64,,,,,,,,,,,,,,,,,,,,15,1558,28,926
2000-W-SL-AUS-01A-2000,Australian Open,Hard,128,G,20000117,70,200023,,WC,Bryanne Stewart,R,174,AUS,20.1,200022,,,Emmanuelle Gagliardi,R,171,SUI,23.5,2-6 6-4 6-4,3,R64,,,,,,,,,,,,,,,,,,,,275,68,71,454
2000-W-SL-AUS-01A-2000,Australian Open,Hard,128,G,20000117,71,200026,,Q,Florencia Labat,L,170,ARG,28.5,200027,,,Magui Serna,L,167,ESP,20.8,7-6(3) 7-5,3,R64,,,,,,,,,,,,,,,,,,,,121,235,46,661
2000-W-SL-AUS-01A-2000,Australian Open,Hard,128,G,20000117,72,200032,6,,Barbara Schett,R,176,AUT,23.8,200030,,,Miroslava Vavrinec,R,173,SUI,21.7,6-4 6-4,3,R64,,,,,,,,,,,,,,,,,,,,9,1968,96,311
2000-W-SL-AUS-01A-2000,Australian Open,Hard,128,G,20000117,73,200033,3,,Serena Williams,R,175,USA,18.3,200036,,,Nicole Pratt,R,163,AUS,26.8,7-5 6-1,3,R64,,,,,,,,,,,,,,,,,,,,4,2993,58,534
2000-W-SL-AUS-01A-2000,Australian Open,Hard,128,G,20000117,74,200037,,,Sabine Appelmans,L,168,BEL,27.7,200039,,,Chanda Rubin,R,168,USA,23.9,6-1 3-6 6-3,3,R64,,,,,,,,,,,,,,,,,,,,31,886,22,1151
2000-W-SL-AUS-01A-2000,Australian Open,Hard,128,G,20000117,75,200042,,,Els Callens,R,178,BEL,29.4,200044,,,Denisa Chladkova,R,174,CZE,20.9,2-6 7-5 6-4,3,R64,,,,,,,,,,,,,,,,,,,,89,332,57,542
2000-W-SL-AUS-01A-2000,Australian Open,Hard,128,G,20000117,76,200048,16,,Elena Likhovtseva,R,174,RUS,24.3,200046,,,Meghann Shaughnessy,R,180,USA,20.7,6-3 7-5,3,R64,,,,,,,,,,,,,,,,,,,,18,1397,91,329
2000-W-SL-AUS-01A-2000,Australian Open,Hard,128,G,20000117,77,200049,10,,Conchita Martinez,R,170,ESP,27.7,200052,,,Olga Barabanschikova,R,172,BLR,20.2,6-3 4-6 6-3,3,R64,,,,,,,,,,,,,,,,,,,,13,1713,75,401
2000-W-SL-AUS-01A-2000,Australian Open,Hard,128,G,20000117,78,200056,,,Jelena Kostanic Tosic,L,168,CRO,18.5,200054,,,Sylvia Plischke,R,177,AUT,22.4,6-3 0-6 6-4,3,R64,,,,,,,,,,,,,,,,,,,,98,304,33,821
2000-W-SL-AUS-01A-2000,Australian Open,Hard,128,G,20000117,79,200059,,,Ruxandra Dragomir Ilie,R,168,ROU,27.2,200057,,,Erika De Lone,R,,USA,27.2,6-4 5-7 6-0,3,R64,,,,,,,,,,,,,,,,,,,,20,1247,68,470
2000-W-SL-AUS-01A-2000,Australian Open,Hard,128,G,20000117,80,200062,,,Kristina Brandi,R,168,PUR,22.8,200064,8,,Amanda Coetzer,R,158,RSA,28.2,6-1 6-3,3,R64,,,,,,,,,,,,,,,,,,,,54,569,10,1851
2000-W-SL-AUS-01A-2000,Australian Open,Hard,128,G,20000117,81,200067,,,Patty Schnyder,L,168,SUI,21.0,200065,7,,Amelie Mauresmo,R,175,FRA,20.5,6-4 6-4,3,R64,,,,,,,,,,,,,,,,,,,,29,924,6,2335
2000-W-SL-AUS-01A-2000,Australian Open,Hard,128,G,20000117,82,200069,,,Nadia Petrova,R,178,RUS,17.6,200072,,,Cara Black,R,167,ZIM,20.9,4-6 6-4 6-4,3,R64,,,,,,,,,,,,,,,,,,,,85,342,42,700
2000-W-SL-AUS-01A-2000,Australian Open,Hard,128,G,20000117,83,200075,,WC,Jing Qian Yi,R,168,CHN,25.8,200073,,Q,Julie Pullin,L,173,GBR,24.1,6-3 2-6 9-7,3,R64,,,,,,,,,,,,,,,,,,,,137,194,174,135
2000-W-SL-AUS-01A-2000,Australian Open,Hard,128,G,20000117,84,200077,,,Jennifer Capriati,R,170,USA,23.8,200080,14,,Dominique Monami,R,170,BEL,26.6,6-1 4-6 8-6,3,R64,,,,,,,,,,,,,,,,,,,,21,1183,16,1509
2000-W-SL-AUS-01A-2000,Australian Open,Hard,128,G,20000117,85,200084,,,Asa Carlsson,R,178,SWE,24.5,200082,,,Kristie Boogert,R,178,NED,26.0,7-5 6-3,3,R64,,,,,,,,,,,,,,,,,,,,59,524,100,297
2000-W-SL-AUS-01A-2000,Australian Open,Hard,128,G,20000117,86,200085,,,Ai Sugiyama,R,163,JPN,24.5,200088,,,Adriana Gersi,R,166,CZE,23.5,6-1 6-4,3,R64,,,,,,,,,,,,,,,,,,,,24,1026,78,390
2000-W-SL-AUS-01A-2000,Australian Open,Hard,128,G,20000117,87,200089,,,Miriam Oremans,R,169,NED,27.3,200092,,,Sandra Nacuk,R,,SCG,19.4,6-3 7-5,3,R64,,,,,,,,,,,,,,,,,,,,99,303,103,289
2000-W-SL-AUS-01A-2000,Australian Open,Hard,128,G,20000117,88,200096,4,,Mary Pierce,R,178,FRA,25.0,200093,,,Amelie Cocheteux,L,,FRA,21.8,6-2 6-2,3,R64,,,,,,,,,,,,,,,,,,,,5,2599,62,512
2000-W-SL-AUS-01A-2000,Australian Open,Hard,128,G,20000117,89,200099,,Q,Sonya Jeyaseelan,R,157,CAN,23.7,200097,5,,Nathalie Tauziat,R,165,FRA,32.2,7-6(3) 6-4,3,R64,,,,,,,,,,,,,,,,,,,,145,182,8,2213
2000-W-SL-AUS-01A-2000,Australian Open,Hard,128,G,20000117,90,200101,,Q,Jana Kandarr,R,181,GER,23.3,200104,,,Emilie Loit,L,167,FRA,20.6,1-6 7-5 6-3,3,R64,,,,,,,,,,,,,,,,,,,,141,191,97,306
2000-W-SL-AUS-01A-2000,Australian Open,Hard,128,G,20000117,91,200108,,,Elena Dementieva,R,180,RUS,18.2,200106,,,Angeles Montolio,R,157,ESP,24.4,6-4 6-3,3,R64,,,,,,,,,,,,,,,,,,,,64,508,61,515
2000-W-SL-AUS-01A-2000,Australian Open,Hard,128,G,20000117,92,200112,9,,Julie Halard Decugis,R,173,FRA,29.3,200110,,,Fabiola Zuluaga,R,172,COL,21.0,6-3 6-3,3,R64,,,,,,,,,,,,,,,,,,,,11,1792,51,619
2000-W-SL-AUS-01A-2000,Australian Open,Hard,128,G,20000117,93,200113,11,,Anna Kournikova,R,173,RUS,18.6,200116,,,Natalia Zvereva,R,174,BLR,28.7,6-1 6-4,3,R64,,,,,,,,,,,,,,,,,,,,12,1766,26,972
2000-W-SL-AUS-01A-2000,Australian Open,Hard,128,G,20000117,94,200117,,,Kveta Peschke,R,165,CZE,24.5,200119,,,Rita Kuti Kis,L,176,HUN,21.9,7-6(2) 6-7(5) 6-3,3,R64,,,,,,,,,,,,,,,,,,,,47,660,86,337
2000-W-SL-AUS-01A-2000,Australian Open,Hard,128,G,20000117,95,200121,,Q,Alina Jidkova,R,168,RUS,22.9,200123,,,Marlene Weingartner,R,174,GER,19.9,7-5 6-3,3,R64,,,,,,,,,,,,,,,,,,,,122,231,90,331
2000-W-SL-AUS-01A-2000,Australian Open,Hard,128,G,20000117,96,200128,2,,Lindsay Davenport,R,189,USA,23.6,200126,,Q,Marissa Irvin,R,170,USA,19.5,6-4 7-5,3,R64,,,,,,,,,,,,,,,,,,,,2,4709,130,206
2000-W-SL-AUS-01A-2000,Australian Open,Hard,128,G,20000117,97,200001,1,,Martina Hingis,R,170,SUI,19.2,200008,,,Alicia Molik,R,182,AUS,18.9,6-2 6-3,3,R32,,,,,,,,,,,,,,,,,,,,1,6003,116,245
2000-W-SL-AUS-01A-2000,Australian Open,Hard,128,G,20000117,98,200016,12,,Sandrine Testud,R,176,FRA,27.7,200009,,,Tamarine Tanasugarn,R,165,THA,22.6,4-6 7-5 6-2,3,R32,,,,,,,,,,,,,,,,,,,,14,1635,72,439
2000-W-SL-AUS-01A-2000,Australian Open,Hard,128,G,20000117,99,200017,13,,Arantxa Sanchez Vicario,R,168,ESP,28.0,200023,,WC,Bryanne Stewart,R,174,AUS,20.1,7-5 6-1,3,R32,,,,,,,,,,,,,,,,,,,,15,1558,275,68
2000-W-SL-AUS-01A-2000,Australian Open,Hard,128,G,20000117,100,200032,6,,Barbara Schett,R,176,AUT,23.8,200026,,Q,Florencia Labat,L,170,ARG,28.5,6-1 6-3,3,R32,,,,,,,,,,,,,,,,,,,,9,1968,121,235
2000-W-SL-AUS-01A-2000,Australian Open,Hard,128,G,20000117,101,200033,3,,Serena Williams,R,175,USA,18.3,200037,,,Sabine Appelmans,L,168,BEL,27.7,6-2 7-6(2),3,R32,,,,,,,,,,,,,,,,,,,,4,2993,31,886
2000-W-SL-AUS-01A-2000,Australian Open,Hard,128,G,20000117,102,200048,16,,Elena Likhovtseva,R,174,RUS,24.3,200042,,,Els Callens,R,178,BEL,29.4,5-7 7-6(5) 6-3,3,R32,,,,,,,,,,,,,,,,,,,,18,1397,89,332
2000-W-SL-AUS-01A-2000,Australian Open,Hard,128,G,20000117,103,200049,10,,Conchita Martinez,R,170,ESP,27.7,200056,,,Jelena Kostanic Tosic,L,168,CRO,18.5,6-4 6-4,3,R32,,,,,,,,,,,,,,,,,,,,13,1713,98,304
2000-W-SL-AUS-01A-2000,Australian Open,Hard,128,G,20000117,104,200062,,,Kristina Brandi,R,168,PUR,22.8,200059,,,Ruxandra Dragomir Ilie,R,168,ROU,27.2,6-4 7-6(7),3,R32,,,,,,,,,,,,,,,,,,,,54,569,20,1247
2000-W-SL-AUS-01A-2000,Australian Open,Hard,128,G,20000117,105,200067,,,Patty Schnyder,L,168,SUI,21.0,200069,,,Nadia Petrova,R,178,RUS,17.6,7-6(6) 4-6 6-2,3,R32,,,,,,,,,,,,,,,,,,,,29,924,85,342
2000-W-SL-AUS-01A-2000,Australian Open,Hard,128,G,20000117,106,200077,,,Jennifer Capriati,R,170,USA,23.8,200075,,WC,Jing Qian Yi,R,168,CHN,25.8,6-4 6-4,3,R32,,,,,,,,,,,,,,,,,,,,21,1183,137,194
2000-W-SL-AUS-01A-2000,Australian Open,Hard,128,G,20000117,107,200085,,,Ai Sugiyama,R,163,JPN,24.5,200084,,,Asa Carlsson,R,178,SWE,24.5,6-4 4-6 6-3,3,R32,,,,,,,,,,,,,,,,,,,,24,1026,59,524
2000-W-SL-AUS-01A-2000,Australian Open,Hard,128,G,20000117,108,200096,4,,Mary Pierce,R,178,FRA,25.0,200089,,,Miriam Oremans,R,169,NED,27.3,6-2 6-4,3,R32,,,,,,,,,,,,,,,,,,,,5,2599,99,303
2000-W-SL-AUS-01A-2000,Australian Open,Hard,128,G,20000117,109,200101,,Q,Jana Kandarr,R,181,GER,23.3,200099,,Q,Sonya Jeyaseelan,R,157,CAN,23.7,6-2 0-6 6-3,3,R32,,,,,,,,,,,,,,,,,,,,141,191,145,182
2000-W-SL-AUS-01A-2000,Australian Open,Hard,128,G,20000117,110,200112,9,,Julie Halard Decugis,R,173,FRA,29.3,200108,,,Elena Dementieva,R,180,RUS,18.2,3-6 6-4 6-2,3,R32,,,,,,,,,,,,,,,,,,,,11,1792,64,508
2000-W-SL-AUS-01A-2000,Australian Open,Hard,128,G,20000117,111,200113,11,,Anna Kournikova,R,173,RUS,18.6,200117,,,Kveta Peschke,R,165,CZE,24.5,2-6 6-3 6-4,3,R32,,,,,,,,,,,,,,,,,,,,12,1766,47,660
2000-W-SL-AUS-01A-2000,Australian Open,Hard,128,G,20000117,112,200128,2,,Lindsay Davenport,R,189,USA,23.6,200121,,Q,Alina Jidkova,R,168,RUS,22.9,6-0 6-1,3,R32,,,,,,,,,,,,,,,,,,,,2,4709,122,231
2000-W-SL-AUS-01A-2000,Australian Open,Hard,128,G,20000117,113,200001,1,,Martina Hingis,R,170,SUI,19.2,200016,12,,Sandrine Testud,R,176,FRA,27.7,6-1 7-6(3),3,R16,,,,,,,,,,,,,,,,,,,,1,6003,14,1635
2000-W-SL-AUS-01A-2000,Australian Open,Hard,128,G,20000117,114,200017,13,,Arantxa Sanchez Vicario,R,168,ESP,28.0,200032,6,,Barbara Schett,R,176,AUT,23.8,1-6 6-0 7-5,3,R16,,,,,,,,,,,,,,,,,,,,15,1558,9,1968
2000-W-SL-AUS-01A-2000,Australian Open,Hard,128,G,20000117,115,200048,16,,Elena Likhovtseva,R,174,RUS,24.3,200033,3,,Serena Williams,R,175,USA,18.3,6-3 6-3,3,R16,,,,,,,,,,,,,,,,,,,,18,1397,4,2993
2000-W-SL-AUS-01A-2000,Australian Open,Hard,128,G,20000117,116,200049,10,,Conchita Martinez,R,170,ESP,27.7,200062,,,Kristina Brandi,R,168,PUR,22.8,6-1 6-1,3,R16,,,,,,,,,,,,,,,,,,,,13,1713,54,569
2000-W-SL-AUS-01A-2000,Australian Open,Hard,128,G,20000117,117,200077,,,Jennifer Capriati,R,170,USA,23.8,200067,,,Patty Schnyder,L,168,SUI,21.0,6-3 4-6 6-1,3,R16,,,,,,,,,,,,,,,,,,,,21,1183,29,924
2000-W-SL-AUS-01A-2000,Australian Open,Hard,128,G,20000117,118,200085,,,Ai Sugiyama,R,163,JPN,24.5,200096,4,,Mary Pierce,R,178,FRA,25.0,7-5 6-4,3,R16,,,,,,,,,,,,,,,,,,,,24,1026,5,2599
2000-W-SL-AUS-01A-2000,Australian Open,Hard,128,G,20000117,119,200112,9,,Julie Halard Decugis,R,173,FRA,29.3,200101,,Q,Jana Kandarr,R,181,GER,23.3,6-1 3-0 RET,3,R16,,,,,,,,,,,,,,,,,,,,11,1792,141,191
2000-W-SL-AUS-01A-2000,Australian Open,Hard,128,G,20000117,120,200128,2,,Lindsay Davenport,R,189,USA,23.6,200113,11,,Anna Kournikova,R,173,RUS,18.6,6-4 6-3,3,R16,,,,,,,,,,,,,,,,,,,,2,4709,12,1766
2000-W-SL-AUS-01A-2000,Australian Open,Hard,128,G,20000117,121,200001,1,,Martina Hingis,R,170,SUI,19.2,200017,13,,Arantxa Sanchez Vicario,R,168,ESP,28.0,6-1 6-1,3,QF,,,,,,,,,,,,,,,,,,,,1,6003,15,1558
2000-W-SL-AUS-01A-2000,Australian Open,Hard,128,G,20000117,122,200049,10,,Conchita Martinez,R,170,ESP,27.7,200048,16,,Elena Likhovtseva,R,174,RUS,24.3,6-3 4-6 9-7,3,QF,,,,,,,,,,,,,,,,,,,,13,1713,18,1397
2000-W-SL-AUS-01A-2000,Australian Open,Hard,128,G,20000117,123,200077,,,Jennifer Capriati,R,170,USA,23.8,200085,,,Ai Sugiyama,R,163,JPN,24.5,6-0 6-2,3,QF,,,,,,,,,,,,,,,,,,,,21,1183,24,1026
2000-W-SL-AUS-01A-2000,Australian Open,Hard,128,G,20000117,124,200128,2,,Lindsay Davenport,R,189,USA,23.6,200112,9,,Julie Halard Decugis,R,173,FRA,29.3,6-1 6-2,3,QF,,,,,,,,,,,,,,,,,,,,2,4709,11,1792
2000-W-SL-AUS-01A-2000,Australian Open,Hard,128,G,20000117,125,200001,1,,Martina Hingis,R,170,SUI,19.2,200049,10,,Conchita Martinez,R,170,ESP,27.7,6-3 6-2,3,SF,,,,,,,,,,,,,,,,,,,,1,6003,13,1713
2000-W-SL-AUS-01A-2000,Australian Open,Hard,128,G,20000117,126,200128,2,,Lindsay Davenport,R,189,USA,23.6,200077,,,Jennifer Capriati,R,170,USA,23.8,6-2 7-6(4),3,SF,,,,,,,,,,,,,,,,,,,,2,4709,21,1183
2000-W-SL-AUS-01A-2000,Australian Open,Hard,128,G,20000117,127,200128,2,,Lindsay Davenport,R,189,USA,23.6,200001,1,,Martina Hingis,R,170,SUI,19.2,6-1 7-5,3,F,,,,,,,,,,,,,,,,,,,,2,4709,1,6003
2001-W-SL-AUS-01A-2001,Australian Open,Hard,128,G,20010115,1,200001,1,,Martina Hingis,R,170,SUI,20.2,200765,,,Katalin Marosi,R,178,HUN,21.1,6-1 6-1,3,R128,,,,,,,,,,,,,,,,,,,,1,6252,124,258
2001-W-SL-AUS-01A-2001,Australian Open,Hard,128,G,20010115,2,200042,,,Els Callens,R,178,BEL,30.4,200105,,,Rachel Mcquillan,U,170,AUS,29.1,6-3 6-1,3,R128,,,,,,,,,,,,,,,,,,,,95,336,106,295
2001-W-SL-AUS-01A-2001,Australian Open,Hard,128,G,20010115,3,200124,,,Anne Kremer,R,165,LUX,25.2,201204,,,Iroda Tulyaganova,R,170,UZB,19.0,6-4 2-6 6-4,3,R128,,,,,,,,,,,,,,,,,,,,38,777,78,432
2001-W-SL-AUS-01A-2001,Australian Open,Hard,128,G,20010115,4,200043,,WC,Virginie Razzano,R,173,FRA,17.6,200063,,,Tatiana Panova,R,154,RUS,24.4,7-6(6) 6-3,3,R128,,,,,,,,,,,,,,,,,,,,144,210,36,840
2001-W-SL-AUS-01A-2001,Australian Open,Hard,128,G,20010115,5,200767,,,Holly Parkinson,R,,USA,21.9,200106,,,Angeles Montolio,R,157,ESP,25.4,6-2 6-2,3,R128,,,,,,,,,,,,,,,,,,,,105,297,54,623
2001-W-SL-AUS-01A-2001,Australian Open,Hard,128,G,20010115,6,200103,,WC,Evie Dominikovic,R,173,AUS,20.6,200067,,,Patty Schnyder,L,168,SUI,22.0,4-6 6-1 6-3,3,R128,,,,,,,,,,,,,,,,,,,,129,251,24,1058
2001-W-SL-AUS-01A-2001,Australian Open,Hard,128,G,20010115,7,200010,,,Rita Grande,R,177,ITA,25.8,200061,,,Gala Leon Garcia,L,163,ESP,27.0,6-2 7-6(2),3,R128,,,,,,,,,,,,,,,,,,,,62,518,34,865
2001-W-SL-AUS-01A-2001,Australian Open,Hard,128,G,20010115,8,200041,16,,Amy Frazier,R,175,USA,28.3,200768,,Q,Laurence Andretto,R,,FRA,27.6,7-5 6-4,3,R128,,,,,,,,,,,,,,,,,,,,18,1236,190,128
2001-W-SL-AUS-01A-2001,Australian Open,Hard,128,G,20010115,9,200108,9,,Elena Dementieva,R,180,RUS,19.2,200068,,,Lilia Osterloh,R,170,USA,22.7,6-4 6-3,3,R128,,,,,,,,,,,,,,,,,,,,11,1812,43,733
2001-W-SL-AUS-01A-2001,Australian Open,Hard,128,G,20010115,10,200745,,Q,Andrea Glass,R,168,GER,24.4,200056,,,Jelena Kostanic Tosic,L,168,CRO,19.5,7-6(3) 6-4,3,R128,,,,,,,,,,,,,,,,,,,,111,290,113,285
2001-W-SL-AUS-01A-2001,Australian Open,Hard,128,G,20010115,11,201286,,,Anabel Medina Garrigues,R,169,ESP,18.4,200766,,,Jennifer Hopkins,R,170,USA,19.9,7-5 6-0,3,R128,,,,,,,,,,,,,,,,,,,,104,301,69,463
2001-W-SL-AUS-01A-2001,Australian Open,Hard,128,G,20010115,12,201083,,,Daja Bedanova,R,171,CZE,17.8,200023,,WC,Bryanne Stewart,R,174,AUS,21.1,7-5 4-6 7-5,3,R128,,,,,,,,,,,,,,,,,,,,51,638,157,162
2001-W-SL-AUS-01A-2001,Australian Open,Hard,128,G,20010115,13,200009,,,Tamarine Tanasugarn,R,165,THA,23.6,200086,,,Magdalena Maleeva,R,168,BUL,25.7,7-6(2) 7-5,3,R128,,,,,,,,,,,,,,,,,,,,30,937,27,1011
2001-W-SL-AUS-01A-2001,Australian Open,Hard,128,G,20010115,14,200114,,,Patricia Wartusch,R,175,AUT,22.4,200084,,,Asa Carlsson,R,178,SWE,25.5,7-6(6) 3-6 6-3,3,R128,,,,,,,,,,,,,,,,,,,,89,363,60,560
2001-W-SL-AUS-01A-2001,Australian Open,Hard,128,G,20010115,15,200069,,,Nadia Petrova,R,178,RUS,18.6,200764,,Q,Elena Bovina,R,189,RUS,17.8,7-5 6-3,3,R128,,,,,,,,,,,,,,,,,,,,61,524,125,254
2001-W-SL-AUS-01A-2001,Australian Open,Hard,128,G,20010115,16,200033,6,,Serena Williams,R,175,USA,19.3,200091,,WC,Janet Lee,R,175,TPE,24.2,6-1 6-4,3,R128,,,,,,,,,,,,,,,,,,,,6,2374,118,278
2001-W-SL-AUS-01A-2001,Australian Open,Hard,128,G,20010115,17,200748,3,,Venus Williams,R,185,USA,20.5,201287,,Q,Maria Jose Martinez Sanchez,L,176,ESP,18.4,6-3 2-6 6-0,3,R128,,,,,,,,,,,,,,,,,,,,3,3694,152,185
2001-W-SL-AUS-01A-2001,Australian Open,Hard,128,G,20010115,18,200046,,,Meghann Shaughnessy,R,180,USA,21.7,200100,,,Amanda Hopmans,R,167,NED,24.9,6-0 6-4,3,R128,,,,,,,,,,,,,,,,,,,,31,896,109,293
2001-W-SL-AUS-01A-2001,Australian Open,Hard,128,G,20010115,19,200037,,,Sabine Appelmans,L,168,BEL,28.7,200047,,,Pavlina Nola,R,,NZL,26.5,7-6(5) 6-1,3,R128,,,,,,,,,,,,,,,,,,,,55,598,79,414
2001-W-SL-AUS-01A-2001,Australian Open,Hard,128,G,20010115,20,200044,,,Denisa Chladkova,R,174,CZE,21.9,200101,,,Jana Kandarr,R,181,GER,24.3,6-3 6-2,3,R128,,,,,,,,,,,,,,,,,,,,53,632,64,499
2001-W-SL-AUS-01A-2001,Australian Open,Hard,128,G,20010115,21,200006,,,Karina Habsudova,R,170,SVK,27.4,200040,,,Anna Smashnova,R,157,ISR,24.5,6-7(3) 6-4 6-3,3,R128,,,,,,,,,,,,,,,,,,,,85,384,46,679
2001-W-SL-AUS-01A-2001,Australian Open,Hard,128,G,20010115,22,200723,,,Iva Majoli,R,175,CRO,23.4,200062,,,Kristina Brandi,R,168,PUR,23.8,6-2 7-6(7),3,R128,,,,,,,,,,,,,,,,,,,,63,505,28,945
2001-W-SL-AUS-01A-2001,Australian Open,Hard,128,G,20010115,23,200036,,,Nicole Pratt,R,163,AUS,27.8,201288,,Q,Maja Palaversic,R,175,CRO,27.8,6-4 6-2,3,R128,,,,,,,,,,,,,,,,,,,,52,633,179,136
2001-W-SL-AUS-01A-2001,Australian Open,Hard,128,G,20010115,24,200065,13,,Amelie Mauresmo,R,175,FRA,21.5,200085,,,Ai Sugiyama,R,163,JPN,25.5,6-3 6-3,3,R128,,,,,,,,,,,,,,,,,,,,20,1168,29,944
2001-W-SL-AUS-01A-2001,Australian Open,Hard,128,G,20010115,25,200064,10,,Amanda Coetzer,R,158,RSA,29.2,200099,,,Sonya Jeyaseelan,R,157,CAN,24.7,6-2 6-4,3,R128,,,,,,,,,,,,,,,,,,,,12,1752,49,663
2001-W-SL-AUS-01A-2001,Australian Open,Hard,128,G,20010115,26,200007,,,Silvija Talaja,R,173,CRO,23.0,200008,,,Alicia Molik,R,182,AUS,19.9,6-0 6-0,3,R128,,,,,,,,,,,,,,,,,,,,44,715,99,324
2001-W-SL-AUS-01A-2001,Australian Open,Hard,128,G,20010115,27,200122,,,Tina Pisnik,R,172,SLO,19.9,200052,,,Olga Barabanschikova,R,172,BLR,21.2,7-5 6-2,3,R128,,,,,,,,,,,,,,,,,,,,73,449,87,370
2001-W-SL-AUS-01A-2001,Australian Open,Hard,128,G,20010115,28,200123,,,Marlene Weingartner,R,174,GER,20.9,200020,,,Lisa Raymond,R,165,USA,27.4,6-3 6-4,3,R128,,,,,,,,,,,,,,,,,,,,77,435,26,1022
2001-W-SL-AUS-01A-2001,Australian Open,Hard,128,G,20010115,29,200107,,,Paola Suarez,R,170,ARG,24.5,200109,,,Nathalie Dechy,R,177,FRA,21.9,6-2 6-1,3,R128,,,,,,,,,,,,,,,,,,,,33,866,23,1064
2001-W-SL-AUS-01A-2001,Australian Open,Hard,128,G,20010115,30,200709,,,Rossana De Los Rios,R,170,PAR,25.3,200732,,,Magdalena Grzybowska,R,184,POL,22.1,6-4 6-2,3,R128,,,,,,,,,,,,,,,,,,,,76,444,82,390
2001-W-SL-AUS-01A-2001,Australian Open,Hard,128,G,20010115,31,200055,,,Mariana Diaz Oliva,R,172,ARG,24.8,200088,,,Adriana Gersi,R,166,CZE,24.5,6-4 5-7 6-4,3,R128,,,,,,,,,,,,,,,,,,,,116,283,68,463
2001-W-SL-AUS-01A-2001,Australian Open,Hard,128,G,20010115,32,200096,7,,Mary Pierce,R,178,FRA,26.0,200054,,,Sylvia Plischke,R,177,AUT,23.4,6-1 6-3,3,R128,,,,,,,,,,,,,,,,,,,,7,2158,57,592
2001-W-SL-AUS-01A-2001,Australian Open,Hard,128,G,20010115,33,200049,5,,Conchita Martinez,R,170,ESP,28.7,201289,,WC,Christina Wheeler,R,161,AUS,18.7,6-1 6-1,3,R128,,,,,,,,,,,,,,,,,,,,5,2697,211,114
2001-W-SL-AUS-01A-2001,Australian Open,Hard,128,G,20010115,34,200022,,,Emmanuelle Gagliardi,R,171,SUI,24.5,200038,,WC,Annabel Ellwood,R,165,AUS,22.9,6-3 4-6 8-6,3,R128,,,,,,,,,,,,,,,,,,,,93,340,201,118
2001-W-SL-AUS-01A-2001,Australian Open,Hard,128,G,20010115,35,200092,,,Sandra Nacuk,R,,SCG,20.4,200060,,,Tathiana Garbin,R,172,ITA,23.5,0-6 6-2 6-2,3,R128,,,,,,,,,,,,,,,,,,,,100,323,45,715
2001-W-SL-AUS-01A-2001,Australian Open,Hard,128,G,20010115,36,200777,,,Marta Marrero,R,173,ESP,17.9,200125,,,Corina Morariu,R,174,USA,22.9,2-6 6-4 6-4,3,R128,,,,,,,,,,,,,,,,,,,,72,453,41,744
2001-W-SL-AUS-01A-2001,Australian Open,Hard,128,G,20010115,37,200083,,,Alexandra Stevenson,R,185,USA,20.0,200053,,,Lubomira Bacheva,R,,BUL,25.8,7-5 6-1,3,R128,,,,,,,,,,,,,,,,,,,,127,253,97,333
2001-W-SL-AUS-01A-2001,Australian Open,Hard,128,G,20010115,38,200118,,,Virginia Ruano Pascual,R,169,ESP,27.3,200754,,Q,Jill Craybas,R,160,USA,26.5,6-2 7-6(5),3,R128,,,,,,,,,,,,,,,,,,,,90,353,139,219
2001-W-SL-AUS-01A-2001,Australian Open,Hard,128,G,20010115,39,200089,,,Miriam Oremans,R,169,NED,28.3,200034,,WC,Amanda Grahame,L,,AUS,21.8,6-3 6-4,3,R128,,,,,,,,,,,,,,,,,,,,67,479,206,115
2001-W-SL-AUS-01A-2001,Australian Open,Hard,128,G,20010115,40,200077,12,,Jennifer Capriati,R,170,USA,24.7,200098,,,Henrieta Nagyova,R,177,SVK,22.0,4-6 6-2 7-5,3,R128,,,,,,,,,,,,,,,,,,,,14,1638,37,782
2001-W-SL-AUS-01A-2001,Australian Open,Hard,128,G,20010115,41,200016,14,,Sandrine Testud,R,176,FRA,28.7,200035,,,Maria Sanchez Lorenzo,R,171,ESP,23.1,6-1 6-0,3,R128,,,,,,,,,,,,,,,,,,,,15,1596,92,343
2001-W-SL-AUS-01A-2001,Australian Open,Hard,128,G,20010115,42,200075,,,Jing Qian Yi,R,168,CHN,26.8,200714,,,Yvette Basting,R,175,NED,23.6,6-2 6-3,3,R128,,,,,,,,,,,,,,,,,,,,94,337,102,314
2001-W-SL-AUS-01A-2001,Australian Open,Hard,128,G,20010115,43,200003,,,Justine Henin,R,167,BEL,18.6,201284,,,Tatiana Poutchek,R,176,BLR,22.0,6-4 7-5,3,R128,,,,,,,,,,,,,,,,,,,,22,1095,84,386
2001-W-SL-AUS-01A-2001,Australian Open,Hard,128,G,20010115,44,200127,,,Sarah Pitkowski Malcor,R,,FRA,25.1,200082,,,Kristie Boogert,R,178,NED,27.0,6-3 6-3,3,R128,,,,,,,,,,,,,,,,,,,,71,455,66,482
2001-W-SL-AUS-01A-2001,Australian Open,Hard,128,G,20010115,45,200027,,,Magui Serna,L,167,ESP,21.8,200126,,,Marissa Irvin,R,170,USA,20.5,6-1 6-3,3,R128,,,,,,,,,,,,,,,,,,,,35,848,86,376
2001-W-SL-AUS-01A-2001,Australian Open,Hard,128,G,20010115,46,200104,,,Emilie Loit,L,167,FRA,21.6,200769,,,Giulia Casoni,R,169,ITA,22.7,6-3 2-6 6-3,3,R128,,,,,,,,,,,,,,,,,,,,101,318,83,389
2001-W-SL-AUS-01A-2001,Australian Open,Hard,128,G,20010115,47,200030,,,Miroslava Vavrinec,R,173,SUI,22.7,200070,,,Anne Gaelle Sidot,L,172,FRA,21.4,3-6 7-6(5) 6-4,3,R128,,,,,,,,,,,,,,,,,,,,88,366,32,867
2001-W-SL-AUS-01A-2001,Australian Open,Hard,128,G,20010115,48,200652,4,,Monica Seles,L,178,USA,27.1,200115,,,Brie Rippner,R,175,USA,20.9,1-0 RET,3,R128,,,,,,,,,,,,,,,,,,,,4,3313,65,483
2001-W-SL-AUS-01A-2001,Australian Open,Hard,128,G,20010115,49,200113,8,,Anna Kournikova,R,173,RUS,19.6,201290,,,Daniela Hantuchova,R,181,SVK,17.7,6-2 7-5,3,R128,,,,,,,,,,,,,,,,,,,,8,2020,103,310
2001-W-SL-AUS-01A-2001,Australian Open,Hard,128,G,20010115,50,200119,,,Rita Kuti Kis,L,176,HUN,22.9,201212,,,Francesca Schiavone,R,166,ITA,20.5,7-6(8) 1-6 6-4,3,R128,,,,,,,,,,,,,,,,,,,,58,574,74,446
2001-W-SL-AUS-01A-2001,Australian Open,Hard,128,G,20010115,51,200032,,,Barbara Schett,R,176,AUT,24.8,200048,,,Elena Likhovtseva,R,174,RUS,25.3,4-6 7-6(2) 6-4,3,R128,,,,,,,,,,,,,,,,,,,,21,1114,19,1180
2001-W-SL-AUS-01A-2001,Australian Open,Hard,128,G,20010115,52,200024,,,Maria Vento Kabchi,R,168,VEN,26.6,201080,,,Louise Latimer,R,,GBR,22.9,7-6(2) 6-2,3,R128,,,,,,,,,,,,,,,,,,,,131,245,107,294
2001-W-SL-AUS-01A-2001,Australian Open,Hard,128,G,20010115,53,200094,,,Barbara Rittner,R,173,GER,27.7,200057,,,Erika De Lone,R,,USA,28.2,2-6 6-3 6-3,3,R128,,,,,,,,,,,,,,,,,,,,98,328,114,285
2001-W-SL-AUS-01A-2001,Australian Open,Hard,128,G,20010115,54,200031,,,Meilen Tu,R,163,USA,22.9,201084,,,Nadejda Ostrovskaya,R,177,BLR,20.2,7-5 6-0,3,R128,,,,,,,,,,,,,,,,,,,,56,595,96,334
2001-W-SL-AUS-01A-2001,Australian Open,Hard,128,G,20010115,55,200059,,,Ruxandra Dragomir Ilie,R,168,ROU,28.2,200066,,,Cristina Torrens Valero,R,171,ESP,26.3,7-5 6-1,3,R128,,,,,,,,,,,,,,,,,,,,39,758,91,352
2001-W-SL-AUS-01A-2001,Australian Open,Hard,128,G,20010115,56,200697,,Q,Janette Husarova,R,169,SVK,26.6,200039,11,,Chanda Rubin,R,168,USA,24.9,6-3 6-0,3,R128,,,,,,,,,,,,,,,,,,,,151,191,13,1674
2001-W-SL-AUS-01A-2001,Australian Open,Hard,128,G,20010115,57,200079,15,,Kim Clijsters,R,175,BEL,17.6,200090,,Q,Anca Barna,L,175,GER,23.6,6-3 6-2,3,R128,,,,,,,,,,,,,,,,,,,,17,1288,135,226
2001-W-SL-AUS-01A-2001,Australian Open,Hard,128,G,20010115,58,200121,,,Alina Jidkova,R,168,RUS,23.9,200111,,Q,Lina Krasnoroutskaya,R,174,RUS,16.7,7-5 6-3,3,R128,,,,,,,,,,,,,,,,,,,,81,398,117,281
2001-W-SL-AUS-01A-2001,Australian Open,Hard,128,G,20010115,59,201291,,Q,Nuria Llagostera Vives,R,156,ESP,20.6,200682,,,Joannette Kruger,R,179,RSA,27.3,6-2 6-3,3,R128,,,,,,,,,,,,,,,,,,,,136,223,48,665
2001-W-SL-AUS-01A-2001,Australian Open,Hard,128,G,20010115,60,200072,,,Cara Black,R,167,ZIM,21.9,201085,,,Shinobu Asagoe,R,170,JPN,24.5,6-4 6-1,3,R128,,,,,,,,,,,,,,,,,,,,42,737,75,446
2001-W-SL-AUS-01A-2001,Australian Open,Hard,128,G,20010115,61,200700,,,Silvia Farina Elia,R,172,ITA,28.7,201292,,,Martina Sucha,R,170,SVK,20.1,4-6 7-5 6-3,3,R128,,,,,,,,,,,,,,,,,,,,50,658,110,292
2001-W-SL-AUS-01A-2001,Australian Open,Hard,128,G,20010115,62,200102,,WC,Melissa Dowse,R,,AUS,18.7,200019,,Q,Alexandra Fusai,R,176,FRA,27.1,4-6 7-5 6-0,3,R128,,,,,,,,,,,,,,,,,,,,364,43,142,215
2001-W-SL-AUS-01A-2001,Australian Open,Hard,128,G,20010115,63,201086,,Q,Greta Arn,R,180,HUN,21.7,200012,,,Jana Nejedly,R,175,CAN,26.6,3-6 7-6(4) 12-10,3,R128,,,,,,,,,,,,,,,,,,,,146,205,70,460
2001-W-SL-AUS-01A-2001,Australian Open,Hard,128,G,20010115,64,200128,2,,Lindsay Davenport,R,189,USA,24.6,200120,,,Jelena Dokic,R,175,AUS,17.7,4-6 6-4 6-3,3,R128,,,,,,,,,,,,,,,,,,,,2,4966,25,1026
2001-W-SL-AUS-01A-2001,Australian Open,Hard,128,G,20010115,65,200001,1,,Martina Hingis,R,170,SUI,20.2,200042,,,Els Callens,R,178,BEL,30.4,6-1 6-0,3,R64,,,,,,,,,,,,,,,,,,,,1,6252,95,336
2001-W-SL-AUS-01A-2001,Australian Open,Hard,128,G,20010115,66,200043,,WC,Virginie Razzano,R,173,FRA,17.6,200124,,,Anne Kremer,R,165,LUX,25.2,6-7(1) 6-1 7-5,3,R64,,,,,,,,,,,,,,,,,,,,144,210,38,777
2001-W-SL-AUS-01A-2001,Australian Open,Hard,128,G,20010115,67,200103,,WC,Evie Dominikovic,R,173,AUS,20.6,200767,,,Holly Parkinson,R,,USA,21.9,6-4 2-6 6-2,3,R64,,,,,,,,,,,,,,,,,,,,129,251,105,297
2001-W-SL-AUS-01A-2001,Australian Open,Hard,128,G,20010115,68,200010,,,Rita Grande,R,177,ITA,25.8,200041,16,,Amy Frazier,R,175,USA,28.3,6-4 6-1,3,R64,,,,,,,,,,,,,,,,,,,,62,518,18,1236
2001-W-SL-AUS-01A-2001,Australian Open,Hard,128,G,20010115,69,200108,9,,Elena Dementieva,R,180,RUS,19.2,200745,,Q,Andrea Glass,R,168,GER,24.4,2-6 7-6(6) 6-3,3,R64,,,,,,,,,,,,,,,,,,,,11,1812,111,290
2001-W-SL-AUS-01A-2001,Australian Open,Hard,128,G,20010115,70,201083,,,Daja Bedanova,R,171,CZE,17.8,201286,,,Anabel Medina Garrigues,R,169,ESP,18.4,6-2 4-6 6-4,3,R64,,,,,,,,,,,,,,,,,,,,51,638,104,301
2001-W-SL-AUS-01A-2001,Australian Open,Hard,128,G,20010115,71,200009,,,Tamarine Tanasugarn,R,165,THA,23.6,200114,,,Patricia Wartusch,R,175,AUT,22.4,6-1 6-1,3,R64,,,,,,,,,,,,,,,,,,,,30,937,89,363
2001-W-SL-AUS-01A-2001,Australian Open,Hard,128,G,20010115,72,200033,6,,Serena Williams,R,175,USA,19.3,200069,,,Nadia Petrova,R,178,RUS,18.6,6-3 6-2,3,R64,,,,,,,,,,,,,,,,,,,,6,2374,61,524
2001-W-SL-AUS-01A-2001,Australian Open,Hard,128,G,20010115,73,200748,3,,Venus Williams,R,185,USA,20.5,200046,,,Meghann Shaughnessy,R,180,USA,21.7,6-3 7-6(3),3,R64,,,,,,,,,,,,,,,,,,,,3,3694,31,896
2001-W-SL-AUS-01A-2001,Australian Open,Hard,128,G,20010115,74,200044,,,Denisa Chladkova,R,174,CZE,21.9,200037,,,Sabine Appelmans,L,168,BEL,28.7,6-2 6-2,3,R64,,,,,,,,,,,,,,,,,,,,53,632,55,598
2001-W-SL-AUS-01A-2001,Australian Open,Hard,128,G,20010115,75,200723,,,Iva Majoli,R,175,CRO,23.4,200006,,,Karina Habsudova,R,170,SVK,27.4,6-4 6-2,3,R64,,,,,,,,,,,,,,,,,,,,63,505,85,384
2001-W-SL-AUS-01A-2001,Australian Open,Hard,128,G,20010115,76,200065,13,,Amelie Mauresmo,R,175,FRA,21.5,200036,,,Nicole Pratt,R,163,AUS,27.8,6-0 7-5,3,R64,,,,,,,,,,,,,,,,,,,,20,1168,52,633
2001-W-SL-AUS-01A-2001,Australian Open,Hard,128,G,20010115,77,200064,10,,Amanda Coetzer,R,158,RSA,29.2,200007,,,Silvija Talaja,R,173,CRO,23.0,6-1 6-3,3,R64,,,,,,,,,,,,,,,,,,,,12,1752,44,715
2001-W-SL-AUS-01A-2001,Australian Open,Hard,128,G,20010115,78,200123,,,Marlene Weingartner,R,174,GER,20.9,200122,,,Tina Pisnik,R,172,SLO,19.9,4-6 7-6(6) 6-0,3,R64,,,,,,,,,,,,,,,,,,,,77,435,73,449
2001-W-SL-AUS-01A-2001,Australian Open,Hard,128,G,20010115,79,200107,,,Paola Suarez,R,170,ARG,24.5,200709,,,Rossana De Los Rios,R,170,PAR,25.3,6-3 6-0,3,R64,,,,,,,,,,,,,,,,,,,,33,866,76,444
2001-W-SL-AUS-01A-2001,Australian Open,Hard,128,G,20010115,80,200096,7,,Mary Pierce,R,178,FRA,26.0,200055,,,Mariana Diaz Oliva,R,172,ARG,24.8,6-2 6-2,3,R64,,,,,,,,,,,,,,,,,,,,7,2158,116,283
2001-W-SL-AUS-01A-2001,Australian Open,Hard,128,G,20010115,81,200022,,,Emmanuelle Gagliardi,R,171,SUI,24.5,200049,5,,Conchita Martinez,R,170,ESP,28.7,5-7 6-3 8-6,3,R64,,,,,,,,,,,,,,,,,,,,93,340,5,2697
2001-W-SL-AUS-01A-2001,Australian Open,Hard,128,G,20010115,82,200777,,,Marta Marrero,R,173,ESP,17.9,200092,,,Sandra Nacuk,R,,SCG,20.4,6-4 6-4,3,R64,,,,,,,,,,,,,,,,,,,,72,453,100,323
2001-W-SL-AUS-01A-2001,Australian Open,Hard,128,G,20010115,83,200118,,,Virginia Ruano Pascual,R,169,ESP,27.3,200083,,,Alexandra Stevenson,R,185,USA,20.0,3-6 7-5 6-2,3,R64,,,,,,,,,,,,,,,,,,,,90,353,127,253
2001-W-SL-AUS-01A-2001,Australian Open,Hard,128,G,20010115,84,200077,12,,Jennifer Capriati,R,170,USA,24.7,200089,,,Miriam Oremans,R,169,NED,28.3,6-0 6-2,3,R64,,,,,,,,,,,,,,,,,,,,14,1638,67,479
2001-W-SL-AUS-01A-2001,Australian Open,Hard,128,G,20010115,85,200016,14,,Sandrine Testud,R,176,FRA,28.7,200075,,,Jing Qian Yi,R,168,CHN,26.8,6-4 5-2 RET,3,R64,,,,,,,,,,,,,,,,,,,,15,1596,94,337
2001-W-SL-AUS-01A-2001,Australian Open,Hard,128,G,20010115,86,200003,,,Justine Henin,R,167,BEL,18.6,200127,,,Sarah Pitkowski Malcor,R,,FRA,25.1,6-3 6-2,3,R64,,,,,,,,,,,,,,,,,,,,22,1095,71,455
2001-W-SL-AUS-01A-2001,Australian Open,Hard,128,G,20010115,87,200104,,,Emilie Loit,L,167,FRA,21.6,200027,,,Magui Serna,L,167,ESP,21.8,7-5 3-6 6-1,3,R64,,,,,,,,,,,,,,,,,,,,101,318,35,848
2001-W-SL-AUS-01A-2001,Australian Open,Hard,128,G,20010115,88,200652,4,,Monica Seles,L,178,USA,27.1,200030,,,Miroslava Vavrinec,R,173,SUI,22.7,6-2 6-3,3,R64,,,,,,,,,,,,,,,,,,,,4,3313,88,366
2001-W-SL-AUS-01A-2001,Australian Open,Hard,128,G,20010115,89,200113,8,,Anna Kournikova,R,173,RUS,19.6,200119,,,Rita Kuti Kis,L,176,HUN,22.9,6-3 6-4,3,R64,,,,,,,,,,,,,,,,,,,,8,2020,58,574
2001-W-SL-AUS-01A-2001,Australian Open,Hard,128,G,20010115,90,200032,,,Barbara Schett,R,176,AUT,24.8,200024,,,Maria Vento Kabchi,R,168,VEN,26.6,6-4 6-2,3,R64,,,,,,,,,,,,,,,,,,,,21,1114,131,245
2001-W-SL-AUS-01A-2001,Australian Open,Hard,128,G,20010115,91,200094,,,Barbara Rittner,R,173,GER,27.7,200031,,,Meilen Tu,R,163,USA,22.9,6-3 7-6(1),3,R64,,,,,,,,,,,,,,,,,,,,98,328,56,595
2001-W-SL-AUS-01A-2001,Australian Open,Hard,128,G,20010115,92,200059,,,Ruxandra Dragomir Ilie,R,168,ROU,28.2,200697,,Q,Janette Husarova,R,169,SVK,26.6,6-1 6-7(3) 6-1,3,R64,,,,,,,,,,,,,,,,,,,,39,758,151,191
2001-W-SL-AUS-01A-2001,Australian Open,Hard,128,G,20010115,93,200079,15,,Kim Clijsters,R,175,BEL,17.6,200121,,,Alina Jidkova,R,168,RUS,23.9,6-3 7-6(5),3,R64,,,,,,,,,,,,,,,,,,,,17,1288,81,398
2001-W-SL-AUS-01A-2001,Australian Open,Hard,128,G,20010115,94,201291,,Q,Nuria Llagostera Vives,R,156,ESP,20.6,200072,,,Cara Black,R,167,ZIM,21.9,7-6(4) 7-5,3,R64,,,,,,,,,,,,,,,,,,,,136,223,42,737
2001-W-SL-AUS-01A-2001,Australian Open,Hard,128,G,20010115,95,200700,,,Silvia Farina Elia,R,172,ITA,28.7,200102,,WC,Melissa Dowse,R,,AUS,18.7,6-0 6-2,3,R64,,,,,,,,,,,,,,,,,,,,50,658,364,43
2001-W-SL-AUS-01A-2001,Australian Open,Hard,128,G,20010115,96,200128,2,,Lindsay Davenport,R,189,USA,24.6,201086,,Q,Greta Arn,R,180,HUN,21.7,6-2 4-6 6-2,3,R64,,,,,,,,,,,,,,,,,,,,2,4966,146,205
2001-W-SL-AUS-01A-2001,Australian Open,Hard,128,G,20010115,97,200001,1,,Martina Hingis,R,170,SUI,20.2,200043,,WC,Virginie Razzano,R,173,FRA,17.6,7-5 6-1,3,R32,,,,,,,,,,,,,,,,,,,,1,6252,144,210
2001-W-SL-AUS-01A-2001,Australian Open,Hard,128,G,20010115,98,200010,,,Rita Grande,R,177,ITA,25.8,200103,,WC,Evie Dominikovic,R,173,AUS,20.6,6-3 6-4,3,R32,,,,,,,,,,,,,,,,,,,,62,518,129,251
2001-W-SL-AUS-01A-2001,Australian Open,Hard,128,G,20010115,99,201083,,,Daja Bedanova,R,171,CZE,17.8,200108,9,,Elena Dementieva,R,180,RUS,19.2,2-6 7-6(5) 6-3,3,R32,,,,,,,,,,,,,,,,,,,,51,638,11,1812
2001-W-SL-AUS-01A-2001,Australian Open,Hard,128,G,20010115,100,200033,6,,Serena Williams,R,175,USA,19.3,200009,,,Tamarine Tanasugarn,R,165,THA,23.6,6-1 6-4,3,R32,,,,,,,,,,,,,,,,,,,,6,2374,30,937
2001-W-SL-AUS-01A-2001,Australian Open,Hard,128,G,20010115,101,200748,3,,Venus Williams,R,185,USA,20.5,200044,,,Denisa Chladkova,R,174,CZE,21.9,6-4 6-1,3,R32,,,,,,,,,,,,,,,,,,,,3,3694,53,632
2001-W-SL-AUS-01A-2001,Australian Open,Hard,128,G,20010115,102,200065,13,,Amelie Mauresmo,R,175,FRA,21.5,200723,,,Iva Majoli,R,175,CRO,23.4,6-4 6-2,3,R32,,,,,,,,,,,,,,,,,,,,20,1168,63,505
2001-W-SL-AUS-01A-2001,Australian Open,Hard,128,G,20010115,103,200064,10,,Amanda Coetzer,R,158,RSA,29.2,200123,,,Marlene Weingartner,R,174,GER,20.9,6-2 6-4,3,R32,,,,,,,,,,,,,,,,,,,,12,1752,77,435
2001-W-SL-AUS-01A-2001,Australian Open,Hard,128,G,20010115,104,200107,,,Paola Suarez,R,170,ARG,24.5,200096,7,,Mary Pierce,R,178,FRA,26.0,6-3 6-2,3,R32,,,,,,,,,,,,,,,,,,,,33,866,7,2158
2001-W-SL-AUS-01A-2001,Australian Open,Hard,128,G,20010115,105,200777,,,Marta Marrero,R,173,ESP,17.9,200022,,,Emmanuelle Gagliardi,R,171,SUI,24.5,4-6 6-1 6-2,3,R32,,,,,,,,,,,,,,,,,,,,72,453,93,340
2001-W-SL-AUS-01A-2001,Australian Open,Hard,128,G,20010115,106,200077,12,,Jennifer Capriati,R,170,USA,24.7,200118,,,Virginia Ruano Pascual,R,169,ESP,27.3,6-0 6-2,3,R32,,,,,,,,,,,,,,,,,,,,14,1638,90,353
2001-W-SL-AUS-01A-2001,Australian Open,Hard,128,G,20010115,107,200003,,,Justine Henin,R,167,BEL,18.6,200016,14,,Sandrine Testud,R,176,FRA,28.7,6-2 6-4,3,R32,,,,,,,,,,,,,,,,,,,,22,1095,15,1596
2001-W-SL-AUS-01A-2001,Australian Open,Hard,128,G,20010115,108,200652,4,,Monica Seles,L,178,USA,27.1,200104,,,Emilie Loit,L,167,FRA,21.6,6-3 7-5,3,R32,,,,,,,,,,,,,,,,,,,,4,3313,101,318
2001-W-SL-AUS-01A-2001,Australian Open,Hard,128,G,20010115,109,200113,8,,Anna Kournikova,R,173,RUS,19.6,200032,,,Barbara Schett,R,176,AUT,24.8,2-6 6-4 6-3,3,R32,,,,,,,,,,,,,,,,,,,,8,2020,21,1114
2001-W-SL-AUS-01A-2001,Australian Open,Hard,128,G,20010115,110,200094,,,Barbara Rittner,R,173,GER,27.7,200059,,,Ruxandra Dragomir Ilie,R,168,ROU,28.2,6-1 3-6 6-1,3,R32,,,,,,,,,,,,,,,,,,,,98,328,39,758
2001-W-SL-AUS-01A-2001,Australian Open,Hard,128,G,20010115,111,200079,15,,Kim Clijsters,R,175,BEL,17.6,201291,,Q,Nuria Llagostera Vives,R,156,ESP,20.6,6-0 6-1,3,R32,,,,,,,,,,,,,,,,,,,,17,1288,136,223
2001-W-SL-AUS-01A-2001,Australian Open,Hard,128,G,20010115,112,200128,2,,Lindsay Davenport,R,189,USA,24.6,200700,,,Silvia Farina Elia,R,172,ITA,28.7,6-2 6-1,3,R32,,,,,,,,,,,,,,,,,,,,2,4966,50,658
2001-W-SL-AUS-01A-2001,Australian Open,Hard,128,G,20010115,113,200001,1,,Martina Hingis,R,170,SUI,20.2,200010,,,Rita Grande,R,177,ITA,25.8,6-0 6-3,3,R16,,,,,,,,,,,,,,,,,,,,1,6252,62,518
2001-W-SL-AUS-01A-2001,Australian Open,Hard,128,G,20010115,114,200033,6,,Serena Williams,R,175,USA,19.3,201083,,,Daja Bedanova,R,171,CZE,17.8,6-2 6-2,3,R16,,,,,,,,,,,,,,,,,,,,6,2374,51,638
2001-W-SL-AUS-01A-2001,Australian Open,Hard,128,G,20010115,115,200748,3,,Venus Williams,R,185,USA,20.5,200065,13,,Amelie Mauresmo,R,175,FRA,21.5,6-2 3-6 6-3,3,R16,,,,,,,,,,,,,,,,,,,,3,3694,20,1168
2001-W-SL-AUS-01A-2001,Australian Open,Hard,128,G,20010115,116,200064,10,,Amanda Coetzer,R,158,RSA,29.2,200107,,,Paola Suarez,R,170,ARG,24.5,6-1 6-4,3,R16,,,,,,,,,,,,,,,,,,,,12,1752,33,866
2001-W-SL-AUS-01A-2001,Australian Open,Hard,128,G,20010115,117,200077,12,,Jennifer Capriati,R,170,USA,24.7,200777,,,Marta Marrero,R,173,ESP,17.9,7-5 6-1,3,R16,,,,,,,,,,,,,,,,,,,,14,1638,72,453
2001-W-SL-AUS-01A-2001,Australian Open,Hard,128,G,20010115,118,200652,4,,Monica Seles,L,178,USA,27.1,200003,,,Justine Henin,R,167,BEL,18.6,4-6 6-4 6-4,3,R16,,,,,,,,,,,,,,,,,,,,4,3313,22,1095
2001-W-SL-AUS-01A-2001,Australian Open,Hard,128,G,20010115,119,200113,8,,Anna Kournikova,R,173,RUS,19.6,200094,,,Barbara Rittner,R,173,GER,27.7,6-3 6-1,3,R16,,,,,,,,,,,,,,,,,,,,8,2020,98,328
2001-W-SL-AUS-01A-2001,Australian Open,Hard,128,G,20010115,120,200128,2,,Lindsay Davenport,R,189,USA,24.6,200079,15,,Kim Clijsters,R,175,BEL,17.6,6-4 6-0,3,R16,,,,,,,,,,,,,,,,,,,,2,4966,17,1288
2001-W-SL-AUS-01A-2001,Australian Open,Hard,128,G,20010115,121,200001,1,,Martina Hingis,R,170,SUI,20.2,200033,6,,Serena Williams,R,175,USA,19.3,6-2 3-6 8-6,3,QF,,,,,,,,,,,,,,,,,,,,1,6252,6,2374
2001-W-SL-AUS-01A-2001,Australian Open,Hard,128,G,20010115,122,200748,3,,Venus Williams,R,185,USA,20.5,200064,10,,Amanda Coetzer,R,158,RSA,29.2,2-6 6-1 8-6,3,QF,,,,,,,,,,,,,,,,,,,,3,3694,12,1752
2001-W-SL-AUS-01A-2001,Australian Open,Hard,128,G,20010115,123,200077,12,,Jennifer Capriati,R,170,USA,24.7,200652,4,,Monica Seles,L,178,USA,27.1,5-7 6-4 6-3,3,QF,,,,,,,,,,,,,,,,,,,,14,1638,4,3313
2001-W-SL-AUS-01A-2001,Australian Open,Hard,128,G,20010115,124,200128,2,,Lindsay Davenport,R,189,USA,24.6,200113,8,,Anna Kournikova,R,173,RUS,19.6,6-4 6-2,3,QF,,,,,,,,,,,,,,,,,,,,2,4966,8,2020
2001-W-SL-AUS-01A-2001,Australian Open,Hard,128,G,20010115,125,200001,1,,Martina Hingis,R,170,SUI,20.2,200748,3,,Venus Williams,R,185,USA,20.5,6-1 6-1,3,SF,,,,,,,,,,,,,,,,,,,,1,6252,3,3694
2001-W-SL-AUS-01A-2001,Australian Open,Hard,128,G,20010115,126,200077,12,,Jennifer Capriati,R,170,USA,24.7,200128,2,,Lindsay Davenport,R,189,USA,24.6,6-3 6-4,3,SF,,,,,,,,,,,,,,,,,,,,14,1638,2,4966
2001-W-SL-AUS-01A-2001,Australian Open,Hard,128,G,20010115,127,200077,12,,Jennifer Capriati,R,170,USA,24.7,200001,1,,Martina Hingis,R,170,SUI,20.2,6-4 6-3,3,F,,,,,,,,,,,,,,,,,,,,14,1638,1,6252
2002-W-SL-AUS-01A-2002,Australian Open,Hard,128,G,20020114,1,200077,1,,Jennifer Capriati,R,170,USA,25.7,200007,,,Silvija Talaja,R,173,CRO,24.0,6-4 6-1,3,R128,,,,,,,,,,,,,,,,,,,,1,4857,103,375
2002-W-SL-AUS-01A-2002,Australian Open,Hard,128,G,20020114,2,200031,,,Meilen Tu,R,163,USA,23.9,200682,,,Joannette Kruger,R,179,RSA,28.3,7-6(2) 6-0,3,R128,,,,,,,,,,,,,,,,,,,,63,597,58,609
2002-W-SL-AUS-01A-2002,Australian Open,Hard,128,G,20020114,3,201305,,,Eleni Daniilidou,R,182,GRE,19.3,200119,,,Rita Kuti Kis,L,176,HUN,23.9,4-6 7-6(2) 6-4,3,R128,,,,,,,,,,,,,,,,,,,,81,456,80,468
2002-W-SL-AUS-01A-2002,Australian Open,Hard,128,G,20020114,4,200063,29,,Tatiana Panova,R,154,RUS,25.4,200008,,,Alicia Molik,R,182,AUS,20.9,1-6 6-3 10-8,3,R128,,,,,,,,,,,,,,,,,,,,35,883,54,624
2002-W-SL-AUS-01A-2002,Australian Open,Hard,128,G,20020114,5,200010,20,,Rita Grande,R,177,ITA,26.8,201302,,Q,Clarisa Fernandez,L,179,ARG,20.3,7-6(4) 6-4,3,R128,,,,,,,,,,,,,,,,,,,,29,917,137,222
2002-W-SL-AUS-01A-2002,Australian Open,Hard,128,G,20020114,6,200082,,Q,Kristie Boogert,R,178,NED,28.0,200678,,Q,Gloria Pizzichini,R,163,ITA,26.4,6-3 6-3,3,R128,,,,,,,,,,,,,,,,,,,,145,213,221,116
2002-W-SL-AUS-01A-2002,Australian Open,Hard,128,G,20020114,7,201320,,Q,Svetlana Kuznetsova,R,174,RUS,16.5,201313,,WC,Yoon Jeong Cho,R,167,KOR,22.7,6-3 2-6 6-4,3,R128,,,,,,,,,,,,,,,,,,,,264,83,106,358
2002-W-SL-AUS-01A-2002,Australian Open,Hard,128,G,20020114,8,201204,16,,Iroda Tulyaganova,R,170,UZB,20.0,201300,,Q,Maria Emilia Salerni,R,174,ARG,18.6,6-3 6-4,3,R128,,,,,,,,,,,,,,,,,,,,20,1166,117,300
2002-W-SL-AUS-01A-2002,Australian Open,Hard,128,G,20020114,9,200046,10,,Meghann Shaughnessy,R,180,USA,22.7,200083,,,Alexandra Stevenson,R,185,USA,21.0,6-7(5) 6-2 7-5,3,R128,,,,,,,,,,,,,,,,,,,,12,1910,42,745
2002-W-SL-AUS-01A-2002,Australian Open,Hard,128,G,20020114,10,200023,,WC,Bryanne Stewart,R,174,AUS,22.0,200012,,,Jana Nejedly,R,175,CAN,27.6,6-4 6-4,3,R128,,,,,,,,,,,,,,,,,,,,172,171,102,379
2002-W-SL-AUS-01A-2002,Australian Open,Hard,128,G,20020114,11,201321,,Q,Antonella Serra Zanetti,R,168,ITA,21.4,200764,,,Elena Bovina,R,189,RUS,18.8,6-2 2-6 7-5,3,R128,,,,,,,,,,,,,,,,,,,,181,155,52,641
2002-W-SL-AUS-01A-2002,Australian Open,Hard,128,G,20020114,12,200123,,,Marlene Weingartner,R,174,GER,21.9,200106,19,,Angeles Montolio,R,157,ESP,26.4,6-3 6-3,3,R128,,,,,,,,,,,,,,,,,,,,48,650,23,1030
2002-W-SL-AUS-01A-2002,Australian Open,Hard,128,G,20020114,13,200009,25,,Tamarine Tanasugarn,R,165,THA,24.6,201209,,,Selima Sfar,R,166,TUN,24.5,6-4 6-3,3,R128,,,,,,,,,,,,,,,,,,,,25,1000,89,416
2002-W-SL-AUS-01A-2002,Australian Open,Hard,128,G,20020114,14,200015,,,Petra Mandula,R,178,HUN,23.9,200090,,,Anca Barna,L,175,GER,24.6,6-4 6-4,3,R128,,,,,,,,,,,,,,,,,,,,57,618,92,399
2002-W-SL-AUS-01A-2002,Australian Open,Hard,128,G,20020114,15,200011,,,Katarina Srebotnik,R,180,SLO,20.8,200040,,,Anna Smashnova,R,157,ISR,25.4,6-2 6-2,3,R128,,,,,,,,,,,,,,,,,,,,108,357,55,622
2002-W-SL-AUS-01A-2002,Australian Open,Hard,128,G,20020114,16,200065,7,,Amelie Mauresmo,R,175,FRA,22.5,200091,,,Janet Lee,R,175,TPE,25.2,6-1 6-0,3,R128,,,,,,,,,,,,,,,,,,,,9,2670,115,337
2002-W-SL-AUS-01A-2002,Australian Open,Hard,128,G,20020114,17,200079,4,,Kim Clijsters,R,175,BEL,18.6,201289,,WC,Christina Wheeler,R,161,AUS,19.7,6-2 6-1,3,R128,,,,,,,,,,,,,,,,,,,,5,3376,189,144
2002-W-SL-AUS-01A-2002,Australian Open,Hard,128,G,20020114,18,200078,,,Barbara Schwartz,L,181,AUT,22.9,201322,,Q,Eva Dyrberg,R,175,DEN,21.9,6-1 6-4,3,R128,,,,,,,,,,,,,,,,,,,,82,452,135,229
2002-W-SL-AUS-01A-2002,Australian Open,Hard,128,G,20020114,19,200753,,WC,Cindy Watson,R,,AUS,23.8,201287,,,Maria Jose Martinez Sanchez,L,176,ESP,19.4,6-3 6-3,3,R128,,,,,,,,,,,,,,,,,,,,194,141,93,398
2002-W-SL-AUS-01A-2002,Australian Open,Hard,128,G,20020114,20,200022,,,Emmanuelle Gagliardi,R,171,SUI,25.5,200048,30,,Elena Likhovtseva,R,174,RUS,26.3,6-1 6-7(7) 8-6,3,R128,,,,,,,,,,,,,,,,,,,,65,571,37,847
2002-W-SL-AUS-01A-2002,Australian Open,Hard,128,G,20020114,21,200085,24,,Ai Sugiyama,R,163,JPN,26.5,200105,,,Rachel Mcquillan,U,170,AUS,30.1,6-7(7) 6-3 6-3,3,R128,,,,,,,,,,,,,,,,,,,,34,888,78,474
2002-W-SL-AUS-01A-2002,Australian Open,Hard,128,G,20020114,22,200122,,,Tina Pisnik,R,172,SLO,20.9,201294,,WC,Marion Bartoli,R,170,FRA,17.2,6-3 4-6 9-7,3,R128,,,,,,,,,,,,,,,,,,,,50,648,304,61
2002-W-SL-AUS-01A-2002,Australian Open,Hard,128,G,20020114,23,200697,,,Janette Husarova,R,169,SVK,27.6,200047,,LL,Pavlina Nola,R,,NZL,27.5,6-1 6-0,3,R128,,,,,,,,,,,,,,,,,,,,69,508,129,244
2002-W-SL-AUS-01A-2002,Australian Open,Hard,128,G,20020114,24,200723,,,Iva Majoli,R,175,CRO,24.4,200017,14,,Arantxa Sanchez Vicario,R,168,ESP,30.0,6-4 7-5,3,R128,,,,,,,,,,,,,,,,,,,,43,700,15,1548
2002-W-SL-AUS-01A-2002,Australian Open,Hard,128,G,20020114,25,200108,12,,Elena Dementieva,R,180,RUS,20.2,200121,,,Alina Jidkova,R,168,RUS,24.9,6-3 6-2,3,R128,,,,,,,,,,,,,,,,,,,,17,1536,94,397
2002-W-SL-AUS-01A-2002,Australian Open,Hard,128,G,20020114,26,200772,,,Anastasia Myskina,R,174,RUS,20.5,201295,,,Wynne Prakusya,R,160,INA,20.7,6-7(3) 6-2 6-2,3,R128,,,,,,,,,,,,,,,,,,,,53,624,107,358
2002-W-SL-AUS-01A-2002,Australian Open,Hard,128,G,20020114,27,201308,,,Maria Elena Camerin,R,164,ITA,19.8,201323,,,Saori Obata,L,165,JPN,23.7,7-5 6-4,3,R128,,,,,,,,,,,,,,,,,,,,113,339,97,388
2002-W-SL-AUS-01A-2002,Australian Open,Hard,128,G,20020114,28,200027,23,,Magui Serna,L,167,ESP,22.8,200034,,WC,Amanda Grahame,L,,AUS,22.8,6-3 6-3,3,R128,,,,,,,,,,,,,,,,,,,,27,971,220,117
2002-W-SL-AUS-01A-2002,Australian Open,Hard,128,G,20020114,29,201310,,,Martina Muller,R,165,GER,19.2,200107,27,,Paola Suarez,R,170,ARG,25.5,6-3 6-4,3,R128,,,,,,,,,,,,,,,,,,,,95,397,31,905
2002-W-SL-AUS-01A-2002,Australian Open,Hard,128,G,20020114,30,200036,,,Nicole Pratt,R,163,AUS,28.8,201298,,,Zsofia Gubacsi,R,173,HUN,20.7,6-7(6) 6-2 6-3,3,R128,,,,,,,,,,,,,,,,,,,,45,687,109,354
2002-W-SL-AUS-01A-2002,Australian Open,Hard,128,G,20020114,31,200777,,,Marta Marrero,R,173,ESP,18.9,200088,,,Adriana Gersi,R,166,CZE,25.5,6-4 6-2,3,R128,,,,,,,,,,,,,,,,,,,,59,608,74,501
2002-W-SL-AUS-01A-2002,Australian Open,Hard,128,G,20020114,32,200003,6,,Justine Henin,R,167,BEL,19.6,200113,,,Anna Kournikova,R,173,RUS,20.6,6-2 7-5,3,R128,,,,,,,,,,,,,,,,,,,,8,2722,64,573
2002-W-SL-AUS-01A-2002,Australian Open,Hard,128,G,20020114,33,200049,,,Conchita Martinez,R,170,ESP,29.7,200111,33,,Lina Krasnoroutskaya,R,174,RUS,17.7,3-6 6-3 2-0 RET,3,R128,,,,,,,,,,,,,,,,,,,,39,767,38,821
2002-W-SL-AUS-01A-2002,Australian Open,Hard,128,G,20020114,34,200084,,,Asa Carlsson,R,178,SWE,26.5,200103,,,Evie Dominikovic,R,173,AUS,21.6,6-3 6-2,3,R128,,,,,,,,,,,,,,,,,,,,104,375,84,436
2002-W-SL-AUS-01A-2002,Australian Open,Hard,128,G,20020114,35,201292,,,Martina Sucha,R,170,SVK,21.1,200061,,,Gala Leon Garcia,L,163,ESP,28.0,1-6 6-2 6-4,3,R128,,,,,,,,,,,,,,,,,,,,51,642,41,762
2002-W-SL-AUS-01A-2002,Australian Open,Hard,128,G,20020114,36,200055,,,Mariana Diaz Oliva,R,172,ARG,25.8,200066,26,,Cristina Torrens Valero,R,171,ESP,27.3,7-5 6-4,3,R128,,,,,,,,,,,,,,,,,,,,61,604,32,900
2002-W-SL-AUS-01A-2002,Australian Open,Hard,128,G,20020114,37,200041,,,Amy Frazier,R,175,USA,29.3,200098,22,,Henrieta Nagyova,R,177,SVK,23.0,7-5 6-4,3,R128,,,,,,,,,,,,,,,,,,,,44,693,24,1027
2002-W-SL-AUS-01A-2002,Australian Open,Hard,128,G,20020114,38,200727,,,Adriana Serra Zanetti,R,160,ITA,25.8,200118,,,Virginia Ruano Pascual,R,169,ESP,28.3,6-2 2-6 7-5,3,R128,,,,,,,,,,,,,,,,,,,,83,442,60,604
2002-W-SL-AUS-01A-2002,Australian Open,Hard,128,G,20020114,39,200766,,,Jennifer Hopkins,R,170,USA,20.9,201324,,,Irina Selyutina,R,178,KAZ,22.1,6-2 0-6 6-2,3,R128,,,,,,,,,,,,,,,,,,,,68,537,85,422
2002-W-SL-AUS-01A-2002,Australian Open,Hard,128,G,20020114,40,200700,11,,Silvia Farina Elia,R,172,ITA,29.7,200068,,,Lilia Osterloh,R,170,USA,23.7,6-4 3-6 6-4,3,R128,,,,,,,,,,,,,,,,,,,,14,1623,46,658
2002-W-SL-AUS-01A-2002,Australian Open,Hard,128,G,20020114,41,200064,15,,Amanda Coetzer,R,158,RSA,30.2,200089,,,Miriam Oremans,R,169,NED,29.3,6-1 6-1,3,R128,,,,,,,,,,,,,,,,,,,,19,1466,86,421
2002-W-SL-AUS-01A-2002,Australian Open,Hard,128,G,20020114,42,200709,,,Rossana De Los Rios,R,170,PAR,26.3,200740,,Q,Elena Tatarkova,L,170,UKR,25.3,6-3 6-2,3,R128,,,,,,,,,,,,,,,,,,,,62,600,180,156
2002-W-SL-AUS-01A-2002,Australian Open,Hard,128,G,20020114,43,201291,,,Nuria Llagostera Vives,R,156,ESP,21.6,200101,,,Jana Kandarr,R,181,GER,25.3,6-0 6-1,3,R128,,,,,,,,,,,,,,,,,,,,98,385,75,487
2002-W-SL-AUS-01A-2002,Australian Open,Hard,128,G,20020114,44,200032,17,,Barbara Schett,R,176,AUT,25.8,200745,,,Andrea Glass,R,168,GER,25.4,6-2 6-4,3,R128,,,,,,,,,,,,,,,,,,,,21,1101,116,315
2002-W-SL-AUS-01A-2002,Australian Open,Hard,128,G,20020114,45,200124,28,,Anne Kremer,R,165,LUX,26.2,200044,,,Denisa Chladkova,R,174,CZE,22.9,6-3 6-4,3,R128,,,,,,,,,,,,,,,,,,,,33,889,47,651
2002-W-SL-AUS-01A-2002,Australian Open,Hard,128,G,20020114,46,200094,,,Barbara Rittner,R,173,GER,28.7,201072,,,Eva Bes Ostariz,R,,ESP,28.9,6-3 6-4,3,R128,,,,,,,,,,,,,,,,,,,,71,507,101,379
2002-W-SL-AUS-01A-2002,Australian Open,Hard,128,G,20020114,47,201086,,Q,Greta Arn,R,180,HUN,22.7,201325,,WC,Samantha Stosur,R,172,AUS,17.7,6-2 4-6 6-2,3,R128,,,,,,,,,,,,,,,,,,,,121,291,258,88
2002-W-SL-AUS-01A-2002,Australian Open,Hard,128,G,20020114,48,200001,3,,Martina Hingis,R,170,SUI,21.2,200043,,,Virginie Razzano,R,173,FRA,18.6,6-2 6-2,3,R128,,,,,,,,,,,,,,,,,,,,4,3891,88,418
2002-W-SL-AUS-01A-2002,Australian Open,Hard,128,G,20020114,49,200652,8,,Monica Seles,L,178,USA,28.1,200067,,,Patty Schnyder,L,168,SUI,23.0,6-1 6-2,3,R128,,,,,,,,,,,,,,,,,,,,10,2248,40,763
2002-W-SL-AUS-01A-2002,Australian Open,Hard,128,G,20020114,50,200072,,,Cara Black,R,167,ZIM,22.9,200104,,,Emilie Loit,L,167,FRA,22.6,7-5 6-3,3,R128,,,,,,,,,,,,,,,,,,,,73,502,90,413
2002-W-SL-AUS-01A-2002,Australian Open,Hard,128,G,20020114,51,200056,,Q,Jelena Kostanic Tosic,L,168,CRO,20.5,200749,,,Samantha Reeves,R,173,USA,22.9,6-0 6-7(6) 6-3,3,R128,,,,,,,,,,,,,,,,,,,,127,249,99,384
2002-W-SL-AUS-01A-2002,Australian Open,Hard,128,G,20020114,52,201212,31,,Francesca Schiavone,R,166,ITA,21.5,201317,,,Aniko Kapros,R,173,HUN,18.1,4-6 6-3 8-6,3,R128,,,,,,,,,,,,,,,,,,,,36,850,110,350
2002-W-SL-AUS-01A-2002,Australian Open,Hard,128,G,20020114,53,201083,21,,Daja Bedanova,R,171,CZE,18.8,201284,,,Tatiana Poutchek,R,176,BLR,23.0,6-1 6-2,3,R128,,,,,,,,,,,,,,,,,,,,26,982,70,507
2002-W-SL-AUS-01A-2002,Australian Open,Hard,128,G,20020114,54,201286,,,Anabel Medina Garrigues,R,169,ESP,19.4,201326,,Q,Bahia Mouhtassine,R,,MAR,22.3,6-2 4-6 6-1,3,R128,,,,,,,,,,,,,,,,,,,,49,649,154,195
2002-W-SL-AUS-01A-2002,Australian Open,Hard,128,G,20020114,55,201296,,,Bianka Lamade,R,184,GER,19.3,201299,,,Celine Beigbeder,U,,FRA,26.8,5-7 7-5 6-2,3,R128,,,,,,,,,,,,,,,,,,,,72,504,100,384
2002-W-SL-AUS-01A-2002,Australian Open,Hard,128,G,20020114,56,200109,,,Nathalie Dechy,R,177,FRA,22.8,200016,9,,Sandrine Testud,R,176,FRA,29.7,7-5 4-6 6-3,3,R128,,,,,,,,,,,,,,,,,,,,56,621,11,1946
2002-W-SL-AUS-01A-2002,Australian Open,Hard,128,G,20020114,57,200086,13,,Magdalena Maleeva,R,168,BUL,26.7,201306,,,Marie Gaiane Mikaelian,R,172,SUI,17.8,6-3 6-4,3,R128,,,,,,,,,,,,,,,,,,,,16,1538,76,478
2002-W-SL-AUS-01A-2002,Australian Open,Hard,128,G,20020114,58,200117,,,Kveta Peschke,R,165,CZE,26.5,201085,,,Shinobu Asagoe,R,170,JPN,25.5,4-6 6-3 6-2,3,R128,,,,,,,,,,,,,,,,,,,,87,420,112,343
2002-W-SL-AUS-01A-2002,Australian Open,Hard,128,G,20020114,59,200754,,,Jill Craybas,R,160,USA,27.5,200096,,WC,Mary Pierce,R,178,FRA,26.9,4-0 RET,3,R128,,,,,,,,,,,,,,,,,,,,111,347,156,192
2002-W-SL-AUS-01A-2002,Australian Open,Hard,128,G,20020114,60,200020,18,,Lisa Raymond,R,165,USA,28.4,200087,,,Seda Noorlander,R,166,NED,27.6,6-0 6-1,3,R128,,,,,,,,,,,,,,,,,,,,22,1048,105,367
2002-W-SL-AUS-01A-2002,Australian Open,Hard,128,G,20020114,61,201290,32,,Daniela Hantuchova,R,181,SVK,18.7,201297,,,Maja Matevzic,L,175,SLO,21.5,6-3 6-1,3,R128,,,,,,,,,,,,,,,,,,,,28,920,77,478
2002-W-SL-AUS-01A-2002,Australian Open,Hard,128,G,20020114,62,200060,,,Tathiana Garbin,R,172,ITA,24.5,200126,,,Marissa Irvin,R,170,USA,21.5,6-0 6-3,3,R128,,,,,,,,,,,,,,,,,,,,91,406,67,539
2002-W-SL-AUS-01A-2002,Australian Open,Hard,128,G,20020114,63,200062,,,Kristina Brandi,R,168,PUR,24.7,200025,,,Ludmila Cervanova,R,171,SVK,22.2,6-3 4-6 6-0,3,R128,,,,,,,,,,,,,,,,,,,,79,468,96,393
2002-W-SL-AUS-01A-2002,Australian Open,Hard,128,G,20020114,64,200748,2,,Venus Williams,R,185,USA,21.5,201207,,Q,Ansley Cargill,R,170,USA,20.0,6-2 6-2,3,R128,,,,,,,,,,,,,,,,,,,,3,4326,230,108
2002-W-SL-AUS-01A-2002,Australian Open,Hard,128,G,20020114,65,200077,1,,Jennifer Capriati,R,170,USA,25.7,200031,,,Meilen Tu,R,163,USA,23.9,6-1 6-3,3,R64,,,,,,,,,,,,,,,,,,,,1,4857,63,597
2002-W-SL-AUS-01A-2002,Australian Open,Hard,128,G,20020114,66,201305,,,Eleni Daniilidou,R,182,GRE,19.3,200063,29,,Tatiana Panova,R,154,RUS,25.4,6-2 4-6 6-0,3,R64,,,,,,,,,,,,,,,,,,,,81,456,35,883
2002-W-SL-AUS-01A-2002,Australian Open,Hard,128,G,20020114,67,200010,20,,Rita Grande,R,177,ITA,26.8,200082,,Q,Kristie Boogert,R,178,NED,28.0,7-6(4) 7-5,3,R64,,,,,,,,,,,,,,,,,,,,29,917,145,213
2002-W-SL-AUS-01A-2002,Australian Open,Hard,128,G,20020114,68,201204,16,,Iroda Tulyaganova,R,170,UZB,20.0,201320,,Q,Svetlana Kuznetsova,R,174,RUS,16.5,6-4 6-1,3,R64,,,,,,,,,,,,,,,,,,,,20,1166,264,83
2002-W-SL-AUS-01A-2002,Australian Open,Hard,128,G,20020114,69,200046,10,,Meghann Shaughnessy,R,180,USA,22.7,200023,,WC,Bryanne Stewart,R,174,AUS,22.0,6-2 6-0,3,R64,,,,,,,,,,,,,,,,,,,,12,1910,172,171
2002-W-SL-AUS-01A-2002,Australian Open,Hard,128,G,20020114,70,200123,,,Marlene Weingartner,R,174,GER,21.9,201321,,Q,Antonella Serra Zanetti,R,168,ITA,21.4,6-4 6-2,3,R64,,,,,,,,,,,,,,,,,,,,48,650,181,155
2002-W-SL-AUS-01A-2002,Australian Open,Hard,128,G,20020114,71,200009,25,,Tamarine Tanasugarn,R,165,THA,24.6,200015,,,Petra Mandula,R,178,HUN,23.9,2-6 6-2 6-2,3,R64,,,,,,,,,,,,,,,,,,,,25,1000,57,618
2002-W-SL-AUS-01A-2002,Australian Open,Hard,128,G,20020114,72,200065,7,,Amelie Mauresmo,R,175,FRA,22.5,200011,,,Katarina Srebotnik,R,180,SLO,20.8,7-5 6-3,3,R64,,,,,,,,,,,,,,,,,,,,9,2670,108,357
2002-W-SL-AUS-01A-2002,Australian Open,Hard,128,G,20020114,73,200079,4,,Kim Clijsters,R,175,BEL,18.6,200078,,,Barbara Schwartz,L,181,AUT,22.9,6-1 6-1,3,R64,,,,,,,,,,,,,,,,,,,,5,3376,82,452
2002-W-SL-AUS-01A-2002,Australian Open,Hard,128,G,20020114,74,200753,,WC,Cindy Watson,R,,AUS,23.8,200022,,,Emmanuelle Gagliardi,R,171,SUI,25.5,3-6 7-5 6-2,3,R64,,,,,,,,,,,,,,,,,,,,194,141,65,571
2002-W-SL-AUS-01A-2002,Australian Open,Hard,128,G,20020114,75,200085,24,,Ai Sugiyama,R,163,JPN,26.5,200122,,,Tina Pisnik,R,172,SLO,20.9,7-6(2) 6-0,3,R64,,,,,,,,,,,,,,,,,,,,34,888,50,648
2002-W-SL-AUS-01A-2002,Australian Open,Hard,128,G,20020114,76,200697,,,Janette Husarova,R,169,SVK,27.6,200723,,,Iva Majoli,R,175,CRO,24.4,6-4 6-3,3,R64,,,,,,,,,,,,,,,,,,,,69,508,43,700
2002-W-SL-AUS-01A-2002,Australian Open,Hard,128,G,20020114,77,200108,12,,Elena Dementieva,R,180,RUS,20.2,200772,,,Anastasia Myskina,R,174,RUS,20.5,6-4 6-2,3,R64,,,,,,,,,,,,,,,,,,,,17,1536,53,624
2002-W-SL-AUS-01A-2002,Australian Open,Hard,128,G,20020114,78,200027,23,,Magui Serna,L,167,ESP,22.8,201308,,,Maria Elena Camerin,R,164,ITA,19.8,6-3 6-3,3,R64,,,,,,,,,,,,,,,,,,,,27,971,113,339
2002-W-SL-AUS-01A-2002,Australian Open,Hard,128,G,20020114,79,200036,,,Nicole Pratt,R,163,AUS,28.8,201310,,,Martina Muller,R,165,GER,19.2,6-1 6-2,3,R64,,,,,,,,,,,,,,,,,,,,45,687,95,397
2002-W-SL-AUS-01A-2002,Australian Open,Hard,128,G,20020114,80,200003,6,,Justine Henin,R,167,BEL,19.6,200777,,,Marta Marrero,R,173,ESP,18.9,6-3 3-6 6-1,3,R64,,,,,,,,,,,,,,,,,,,,8,2722,59,608
2002-W-SL-AUS-01A-2002,Australian Open,Hard,128,G,20020114,81,200084,,,Asa Carlsson,R,178,SWE,26.5,200049,,,Conchita Martinez,R,170,ESP,29.7,6-4 6-1,3,R64,,,,,,,,,,,,,,,,,,,,104,375,39,767
2002-W-SL-AUS-01A-2002,Australian Open,Hard,128,G,20020114,82,201292,,,Martina Sucha,R,170,SVK,21.1,200055,,,Mariana Diaz Oliva,R,172,ARG,25.8,6-1 7-5,3,R64,,,,,,,,,,,,,,,,,,,,51,642,61,604
2002-W-SL-AUS-01A-2002,Australian Open,Hard,128,G,20020114,83,200727,,,Adriana Serra Zanetti,R,160,ITA,25.8,200041,,,Amy Frazier,R,175,USA,29.3,6-3 7-6(5),3,R64,,,,,,,,,,,,,,,,,,,,83,442,44,693
2002-W-SL-AUS-01A-2002,Australian Open,Hard,128,G,20020114,84,200700,11,,Silvia Farina Elia,R,172,ITA,29.7,200766,,,Jennifer Hopkins,R,170,USA,20.9,6-2 6-0,3,R64,,,,,,,,,,,,,,,,,,,,14,1623,68,537
2002-W-SL-AUS-01A-2002,Australian Open,Hard,128,G,20020114,85,200064,15,,Amanda Coetzer,R,158,RSA,30.2,200709,,,Rossana De Los Rios,R,170,PAR,26.3,6-3 6-1,3,R64,,,,,,,,,,,,,,,,,,,,19,1466,62,600
2002-W-SL-AUS-01A-2002,Australian Open,Hard,128,G,20020114,86,200032,17,,Barbara Schett,R,176,AUT,25.8,201291,,,Nuria Llagostera Vives,R,156,ESP,21.6,6-2 1-6 6-2,3,R64,,,,,,,,,,,,,,,,,,,,21,1101,98,385
2002-W-SL-AUS-01A-2002,Australian Open,Hard,128,G,20020114,87,200094,,,Barbara Rittner,R,173,GER,28.7,200124,28,,Anne Kremer,R,165,LUX,26.2,6-1 6-4,3,R64,,,,,,,,,,,,,,,,,,,,71,507,33,889
2002-W-SL-AUS-01A-2002,Australian Open,Hard,128,G,20020114,88,200001,3,,Martina Hingis,R,170,SUI,21.2,201086,,Q,Greta Arn,R,180,HUN,22.7,6-1 6-2,3,R64,,,,,,,,,,,,,,,,,,,,4,3891,121,291
2002-W-SL-AUS-01A-2002,Australian Open,Hard,128,G,20020114,89,200652,8,,Monica Seles,L,178,USA,28.1,200072,,,Cara Black,R,167,ZIM,22.9,6-1 6-1,3,R64,,,,,,,,,,,,,,,,,,,,10,2248,73,502
2002-W-SL-AUS-01A-2002,Australian Open,Hard,128,G,20020114,90,201212,31,,Francesca Schiavone,R,166,ITA,21.5,200056,,Q,Jelena Kostanic Tosic,L,168,CRO,20.5,6-1 6-2,3,R64,,,,,,,,,,,,,,,,,,,,36,850,127,249
2002-W-SL-AUS-01A-2002,Australian Open,Hard,128,G,20020114,91,201286,,,Anabel Medina Garrigues,R,169,ESP,19.4,201083,21,,Daja Bedanova,R,171,CZE,18.8,6-4 6-2,3,R64,,,,,,,,,,,,,,,,,,,,49,649,26,982
2002-W-SL-AUS-01A-2002,Australian Open,Hard,128,G,20020114,92,200109,,,Nathalie Dechy,R,177,FRA,22.8,201296,,,Bianka Lamade,R,184,GER,19.3,6-3 6-7(4) 6-1,3,R64,,,,,,,,,,,,,,,,,,,,56,621,72,504
2002-W-SL-AUS-01A-2002,Australian Open,Hard,128,G,20020114,93,200086,13,,Magdalena Maleeva,R,168,BUL,26.7,200117,,,Kveta Peschke,R,165,CZE,26.5,6-4 7-5,3,R64,,,,,,,,,,,,,,,,,,,,16,1538,87,420
2002-W-SL-AUS-01A-2002,Australian Open,Hard,128,G,20020114,94,200020,18,,Lisa Raymond,R,165,USA,28.4,200754,,,Jill Craybas,R,160,USA,27.5,6-3 6-3,3,R64,,,,,,,,,,,,,,,,,,,,22,1048,111,347
2002-W-SL-AUS-01A-2002,Australian Open,Hard,128,G,20020114,95,201290,32,,Daniela Hantuchova,R,181,SVK,18.7,200060,,,Tathiana Garbin,R,172,ITA,24.5,6-0 6-2,3,R64,,,,,,,,,,,,,,,,,,,,28,920,91,406
2002-W-SL-AUS-01A-2002,Australian Open,Hard,128,G,20020114,96,200748,2,,Venus Williams,R,185,USA,21.5,200062,,,Kristina Brandi,R,168,PUR,24.7,6-3 6-4,3,R64,,,,,,,,,,,,,,,,,,,,3,4326,79,468
2002-W-SL-AUS-01A-2002,Australian Open,Hard,128,G,20020114,97,200077,1,,Jennifer Capriati,R,170,USA,25.7,201305,,,Eleni Daniilidou,R,182,GRE,19.3,6-2 3-6 6-1,3,R32,,,,,,,,,,,,,,,,,,,,1,4857,81,456
2002-W-SL-AUS-01A-2002,Australian Open,Hard,128,G,20020114,98,200010,20,,Rita Grande,R,177,ITA,26.8,201204,16,,Iroda Tulyaganova,R,170,UZB,20.0,6-3 5-7 6-4,3,R32,,,,,,,,,,,,,,,,,,,,29,917,20,1166
2002-W-SL-AUS-01A-2002,Australian Open,Hard,128,G,20020114,99,200123,,,Marlene Weingartner,R,174,GER,21.9,200046,10,,Meghann Shaughnessy,R,180,USA,22.7,6-2 3-6 6-3,3,R32,,,,,,,,,,,,,,,,,,,,48,650,12,1910
2002-W-SL-AUS-01A-2002,Australian Open,Hard,128,G,20020114,100,200065,7,,Amelie Mauresmo,R,175,FRA,22.5,200009,25,,Tamarine Tanasugarn,R,165,THA,24.6,7-6(3) 6-1,3,R32,,,,,,,,,,,,,,,,,,,,9,2670,25,1000
2002-W-SL-AUS-01A-2002,Australian Open,Hard,128,G,20020114,101,200079,4,,Kim Clijsters,R,175,BEL,18.6,200753,,WC,Cindy Watson,R,,AUS,23.8,6-1 6-2,3,R32,,,,,,,,,,,,,,,,,,,,5,3376,194,141
2002-W-SL-AUS-01A-2002,Australian Open,Hard,128,G,20020114,102,200697,,,Janette Husarova,R,169,SVK,27.6,200085,24,,Ai Sugiyama,R,163,JPN,26.5,6-2 6-3,3,R32,,,,,,,,,,,,,,,,,,,,69,508,34,888
2002-W-SL-AUS-01A-2002,Australian Open,Hard,128,G,20020114,103,200108,12,,Elena Dementieva,R,180,RUS,20.2,200027,23,,Magui Serna,L,167,ESP,22.8,6-1 6-2,3,R32,,,,,,,,,,,,,,,,,,,,17,1536,27,971
2002-W-SL-AUS-01A-2002,Australian Open,Hard,128,G,20020114,104,200003,6,,Justine Henin,R,167,BEL,19.6,200036,,,Nicole Pratt,R,163,AUS,28.8,6-4 6-0,3,R32,,,,,,,,,,,,,,,,,,,,8,2722,45,687
2002-W-SL-AUS-01A-2002,Australian Open,Hard,128,G,20020114,105,201292,,,Martina Sucha,R,170,SVK,21.1,200084,,,Asa Carlsson,R,178,SWE,26.5,6-0 6-4,3,R32,,,,,,,,,,,,,,,,,,,,51,642,104,375
2002-W-SL-AUS-01A-2002,Australian Open,Hard,128,G,20020114,106,200727,,,Adriana Serra Zanetti,R,160,ITA,25.8,200700,11,,Silvia Farina Elia,R,172,ITA,29.7,6-2 4-6 6-4,3,R32,,,,,,,,,,,,,,,,,,,,83,442,14,1623
2002-W-SL-AUS-01A-2002,Australian Open,Hard,128,G,20020114,107,200064,15,,Amanda Coetzer,R,158,RSA,30.2,200032,17,,Barbara Schett,R,176,AUT,25.8,6-3 6-3,3,R32,,,,,,,,,,,,,,,,,,,,19,1466,21,1101
2002-W-SL-AUS-01A-2002,Australian Open,Hard,128,G,20020114,108,200001,3,,Martina Hingis,R,170,SUI,21.2,200094,,,Barbara Rittner,R,173,GER,28.7,6-1 6-0,3,R32,,,,,,,,,,,,,,,,,,,,4,3891,71,507
2002-W-SL-AUS-01A-2002,Australian Open,Hard,128,G,20020114,109,200652,8,,Monica Seles,L,178,USA,28.1,201212,31,,Francesca Schiavone,R,166,ITA,21.5,6-4 6-4,3,R32,,,,,,,,,,,,,,,,,,,,10,2248,36,850
2002-W-SL-AUS-01A-2002,Australian Open,Hard,128,G,20020114,110,201286,,,Anabel Medina Garrigues,R,169,ESP,19.4,200109,,,Nathalie Dechy,R,177,FRA,22.8,6-3 6-2,3,R32,,,,,,,,,,,,,,,,,,,,49,649,56,621
2002-W-SL-AUS-01A-2002,Australian Open,Hard,128,G,20020114,111,200086,13,,Magdalena Maleeva,R,168,BUL,26.7,200020,18,,Lisa Raymond,R,165,USA,28.4,7-5 6-1,3,R32,,,,,,,,,,,,,,,,,,,,16,1538,22,1048
2002-W-SL-AUS-01A-2002,Australian Open,Hard,128,G,20020114,112,200748,2,,Venus Williams,R,185,USA,21.5,201290,32,,Daniela Hantuchova,R,181,SVK,18.7,3-6 6-0 6-4,3,R32,,,,,,,,,,,,,,,,,,,,3,4326,28,920
2002-W-SL-AUS-01A-2002,Australian Open,Hard,128,G,20020114,113,200077,1,,Jennifer Capriati,R,170,USA,25.7,200010,20,,Rita Grande,R,177,ITA,26.8,6-3 7-6(9),3,R16,,,,,,,,,,,,,,,,,,,,1,4857,29,917
2002-W-SL-AUS-01A-2002,Australian Open,Hard,128,G,20020114,114,200065,7,,Amelie Mauresmo,R,175,FRA,22.5,200123,,,Marlene Weingartner,R,174,GER,21.9,6-0 4-6 7-5,3,R16,,,,,,,,,,,,,,,,,,,,9,2670,48,650
2002-W-SL-AUS-01A-2002,Australian Open,Hard,128,G,20020114,115,200079,4,,Kim Clijsters,R,175,BEL,18.6,200697,,,Janette Husarova,R,169,SVK,27.6,6-0 6-2,3,R16,,,,,,,,,,,,,,,,,,,,5,3376,69,508
2002-W-SL-AUS-01A-2002,Australian Open,Hard,128,G,20020114,116,200003,6,,Justine Henin,R,167,BEL,19.6,200108,12,,Elena Dementieva,R,180,RUS,20.2,6-0 6-3,3,R16,,,,,,,,,,,,,,,,,,,,8,2722,17,1536
2002-W-SL-AUS-01A-2002,Australian Open,Hard,128,G,20020114,117,200727,,,Adriana Serra Zanetti,R,160,ITA,25.8,201292,,,Martina Sucha,R,170,SVK,21.1,6-1 7-5,3,R16,,,,,,,,,,,,,,,,,,,,83,442,51,642
2002-W-SL-AUS-01A-2002,Australian Open,Hard,128,G,20020114,118,200001,3,,Martina Hingis,R,170,SUI,21.2,200064,15,,Amanda Coetzer,R,158,RSA,30.2,6-1 6-0,3,R16,,,,,,,,,,,,,,,,,,,,4,3891,19,1466
2002-W-SL-AUS-01A-2002,Australian Open,Hard,128,G,20020114,119,200652,8,,Monica Seles,L,178,USA,28.1,201286,,,Anabel Medina Garrigues,R,169,ESP,19.4,4-2 RET,3,R16,,,,,,,,,,,,,,,,,,,,10,2248,49,649
2002-W-SL-AUS-01A-2002,Australian Open,Hard,128,G,20020114,120,200748,2,,Venus Williams,R,185,USA,21.5,200086,13,,Magdalena Maleeva,R,168,BUL,26.7,6-0 6-3,3,R16,,,,,,,,,,,,,,,,,,,,3,4326,16,1538
2002-W-SL-AUS-01A-2002,Australian Open,Hard,128,G,20020114,121,200077,1,,Jennifer Capriati,R,170,USA,25.7,200065,7,,Amelie Mauresmo,R,175,FRA,22.5,6-2 6-2,3,QF,,,,,,,,,,,,,,,,,,,,1,4857,9,2670
2002-W-SL-AUS-01A-2002,Australian Open,Hard,128,G,20020114,122,200079,4,,Kim Clijsters,R,175,BEL,18.6,200003,6,,Justine Henin,R,167,BEL,19.6,6-2 6-3,3,QF,,,,,,,,,,,,,,,,,,,,5,3376,8,2722
2002-W-SL-AUS-01A-2002,Australian Open,Hard,128,G,20020114,123,200001,3,,Martina Hingis,R,170,SUI,21.2,200727,,,Adriana Serra Zanetti,R,160,ITA,25.8,6-2 6-3,3,QF,,,,,,,,,,,,,,,,,,,,4,3891,83,442
2002-W-SL-AUS-01A-2002,Australian Open,Hard,128,G,20020114,124,200652,8,,Monica Seles,L,178,USA,28.1,200748,2,,Venus Williams,R,185,USA,21.5,6-7(4) 6-2 6-3,3,QF,,,,,,,,,,,,,,,,,,,,10,2248,3,4326
2002-W-SL-AUS-01A-2002,Australian Open,Hard,128,G,20020114,125,200077,1,,Jennifer Capriati,R,170,USA,25.7,200079,4,,Kim Clijsters,R,175,BEL,18.6,7-5 3-6 6-1,3,SF,,,,,,,,,,,,,,,,,,,,1,4857,5,3376
2002-W-SL-AUS-01A-2002,Australian Open,Hard,128,G,20020114,126,200001,3,,Martina Hingis,R,170,SUI,21.2,200652,8,,Monica Seles,L,178,USA,28.1,4-6 6-1 6-4,3,SF,,,,,,,,,,,,,,,,,,,,4,3891,10,2248
2002-W-SL-AUS-01A-2002,Australian Open,Hard,128,G,20020114,127,200077,1,,Jennifer Capriati,R,170,USA,25.7,200001,3,,Martina Hingis,R,170,SUI,21.2,4-6 7-6(7) 6-2,3,F,,,,,,,,,,,,,,,,,,,,1,4857,4,3891
2003-W-SL-AUS-01A-2003,Australian Open,Hard,128,G,20030113,1,200033,1,,Serena Williams,R,175,USA,21.2,200104,,,Emilie Loit,L,167,FRA,23.5,3-6 7-6(5) 7-5,3,R128,,,,,,,,,,,,,,,,,,,,1,5941,56,648
2003-W-SL-AUS-01A-2003,Australian Open,Hard,128,G,20030113,2,200042,,,Els Callens,R,178,BEL,32.3,201292,,,Martina Sucha,R,170,SVK,22.1,6-0 6-2,3,R128,,,,,,,,,,,,,,,,,,,,66,544,84,449
2003-W-SL-AUS-01A-2003,Australian Open,Hard,128,G,20030113,3,200121,,,Alina Jidkova,R,168,RUS,25.9,201281,,,Laura Granville,R,175,USA,21.6,2-6 6-4 6-0,3,R128,,,,,,,,,,,,,,,,,,,,101,369,46,757
2003-W-SL-AUS-01A-2003,Australian Open,Hard,128,G,20030113,4,200009,26,,Tamarine Tanasugarn,R,165,THA,25.6,200028,,,Maureen Drake,R,175,CAN,31.8,6-0 6-2,3,R128,,,,,,,,,,,,,,,,,,,,32,999,100,373
2003-W-SL-AUS-01A-2003,Australian Open,Hard,128,G,20030113,5,201305,18,,Eleni Daniilidou,R,182,GRE,20.3,200126,,,Marissa Irvin,R,170,USA,22.5,7-6(6) 6-3,3,R128,,,,,,,,,,,,,,,,,,,,20,1308,79,488
2003-W-SL-AUS-01A-2003,Australian Open,Hard,128,G,20030113,6,200041,,,Amy Frazier,R,175,USA,30.3,200751,,,Conchita Martinez Granados,R,,ESP,26.9,6-0 6-1,3,R128,,,,,,,,,,,,,,,,,,,,40,878,94,401
2003-W-SL-AUS-01A-2003,Australian Open,Hard,128,G,20030113,7,201083,,,Daja Bedanova,R,171,CZE,19.8,201331,,,Iveta Benesova,L,170,CZE,19.9,6-3 5-7 6-4,3,R128,,,,,,,,,,,,,,,,,,,,41,865,72,509
2003-W-SL-AUS-01A-2003,Australian Open,Hard,128,G,20030113,8,200109,16,,Nathalie Dechy,R,177,FRA,23.8,201312,,,Sarah Taylor,R,,USA,21.1,6-2 6-3,3,R128,,,,,,,,,,,,,,,,,,,,18,1432,83,456
2003-W-SL-AUS-01A-2003,Australian Open,Hard,128,G,20030113,9,200086,11,,Magdalena Maleeva,R,168,BUL,27.7,201294,,,Marion Bartoli,R,170,FRA,18.2,6-4 6-1,3,R128,,,,,,,,,,,,,,,,,,,,14,1741,92,407
2003-W-SL-AUS-01A-2003,Australian Open,Hard,128,G,20030113,10,201313,,,Yoon Jeong Cho,R,167,KOR,23.7,201322,,,Eva Dyrberg,R,175,DEN,22.9,6-3 6-3,3,R128,,,,,,,,,,,,,,,,,,,,64,552,102,359
2003-W-SL-AUS-01A-2003,Australian Open,Hard,128,G,20030113,11,200010,,,Rita Grande,R,177,ITA,27.8,201317,,,Aniko Kapros,R,173,HUN,19.1,6-0 6-1,3,R128,,,,,,,,,,,,,,,,,,,,48,698,109,329
2003-W-SL-AUS-01A-2003,Australian Open,Hard,128,G,20030113,12,200764,20,,Elena Bovina,R,189,RUS,19.8,201329,,,Vera Zvonareva,R,172,RUS,18.3,6-2 6-1,3,R128,,,,,,,,,,,,,,,,,,,,23,1257,43,831
2003-W-SL-AUS-01A-2003,Australian Open,Hard,128,G,20030113,13,200046,25,,Meghann Shaughnessy,R,180,USA,23.7,201291,,Q,Nuria Llagostera Vives,R,156,ESP,22.6,4-6 6-3 6-3,3,R128,,,,,,,,,,,,,,,,,,,,33,974,205,148
2003-W-SL-AUS-01A-2003,Australian Open,Hard,128,G,20030113,14,200025,,,Ludmila Cervanova,R,171,SVK,23.2,200055,,,Mariana Diaz Oliva,R,172,ARG,26.8,7-6(2) 6-2,3,R128,,,,,,,,,,,,,,,,,,,,105,341,93,407
2003-W-SL-AUS-01A-2003,Australian Open,Hard,128,G,20030113,15,201344,,Q,Klara Koukalova,R,166,CZE,20.8,201345,,Q,Maria Sharapova,R,188,RUS,15.7,6-4 7-6(6),3,R128,,,,,,,,,,,,,,,,,,,,113,298,183,171
2003-W-SL-AUS-01A-2003,Australian Open,Hard,128,G,20030113,16,200652,6,,Monica Seles,L,178,USA,29.1,201346,,,Lubomira Kurhajcova,R,180,SVK,19.2,6-0 6-1,3,R128,,,,,,,,,,,,,,,,,,,,7,2952,110,325
2003-W-SL-AUS-01A-2003,Australian Open,Hard,128,G,20030113,17,200079,4,,Kim Clijsters,R,175,BEL,19.6,200749,,,Samantha Reeves,R,173,USA,23.9,6-2 6-1,3,R128,,,,,,,,,,,,,,,,,,,,4,3741,112,314
2003-W-SL-AUS-01A-2003,Australian Open,Hard,128,G,20030113,18,200015,,,Petra Mandula,R,178,HUN,24.9,200007,,,Silvija Talaja,R,173,CRO,24.9,7-5 6-1,3,R128,,,,,,,,,,,,,,,,,,,,98,391,85,443
2003-W-SL-AUS-01A-2003,Australian Open,Hard,128,G,20030113,19,201284,,,Tatiana Poutchek,R,176,BLR,24.0,200122,,,Tina Pisnik,R,172,SLO,21.8,6-3 6-0,3,R128,,,,,,,,,,,,,,,,,,,,108,337,59,618
2003-W-SL-AUS-01A-2003,Australian Open,Hard,128,G,20030113,20,200066,,,Cristina Torrens Valero,R,171,ESP,28.3,200723,29,,Iva Majoli,R,175,CRO,25.4,6-3 4-6 6-4,3,R128,,,,,,,,,,,,,,,,,,,,80,485,30,1014
2003-W-SL-AUS-01A-2003,Australian Open,Hard,128,G,20030113,21,200064,19,,Amanda Coetzer,R,158,RSA,31.2,200032,,,Barbara Schett,R,176,AUT,26.8,6-4 6-3,3,R128,,,,,,,,,,,,,,,,,,,,22,1301,38,892
2003-W-SL-AUS-01A-2003,Australian Open,Hard,128,G,20030113,22,201347,,Q,Jelena Jankovic,R,177,SRB,17.8,200709,,,Rossana De Los Rios,R,170,PAR,27.3,6-3 6-3,3,R128,,,,,,,,,,,,,,,,,,,,192,160,89,432
2003-W-SL-AUS-01A-2003,Australian Open,Hard,128,G,20030113,23,201297,,,Maja Matevzic,L,175,SLO,22.5,201348,,WC,Casey Dellacqua,L,165,AUS,17.9,6-7(6) 6-2 6-2,3,R128,,,,,,,,,,,,,,,,,,,,49,682,385,43
2003-W-SL-AUS-01A-2003,Australian Open,Hard,128,G,20030113,24,200040,14,,Anna Smashnova,R,157,ISR,26.4,200031,,,Meilen Tu,R,163,USA,24.9,6-4 4-6 6-2,3,R128,,,,,,,,,,,,,,,,,,,,17,1446,74,500
2003-W-SL-AUS-01A-2003,Australian Open,Hard,128,G,20030113,25,200039,10,,Chanda Rubin,R,168,USA,26.9,201349,,Q,Melinda Czink,L,178,HUN,20.2,6-4 7-5,3,R128,,,,,,,,,,,,,,,,,,,,13,1847,159,197
2003-W-SL-AUS-01A-2003,Australian Open,Hard,128,G,20030113,26,200096,,,Mary Pierce,R,178,FRA,27.9,200114,,,Patricia Wartusch,R,175,AUT,24.4,6-1 6-4,3,R128,,,,,,,,,,,,,,,,,,,,50,677,86,440
2003-W-SL-AUS-01A-2003,Australian Open,Hard,128,G,20030113,27,201321,,,Antonella Serra Zanetti,R,168,ITA,22.4,201310,,,Martina Muller,R,165,GER,20.2,7-6(5) 6-0,3,R128,,,,,,,,,,,,,,,,,,,,96,397,76,498
2003-W-SL-AUS-01A-2003,Australian Open,Hard,128,G,20030113,28,200078,,Q,Barbara Schwartz,L,181,AUT,23.9,200108,17,,Elena Dementieva,R,180,RUS,21.2,5-7 6-4 6-2,3,R128,,,,,,,,,,,,,,,,,,,,141,232,19,1426
2003-W-SL-AUS-01A-2003,Australian Open,Hard,128,G,20030113,29,201302,28,,Clarisa Fernandez,L,179,ARG,21.3,201350,,WC,Adriana Szili,R,,AUS,18.0,6-1 7-5,3,R128,,,,,,,,,,,,,,,,,,,,29,1039,455,29
2003-W-SL-AUS-01A-2003,Australian Open,Hard,128,G,20030113,30,200027,,,Magui Serna,L,167,ESP,23.8,200084,,,Asa Carlsson,R,178,SWE,27.5,6-4 3-6 7-5,3,R128,,,,,,,,,,,,,,,,,,,,47,730,81,476
2003-W-SL-AUS-01A-2003,Australian Open,Hard,128,G,20030113,31,200022,,,Emmanuelle Gagliardi,R,171,SUI,26.5,201306,,,Marie Gaiane Mikaelian,R,172,SUI,18.8,6-1 2-0 RET,3,R128,,,,,,,,,,,,,,,,,,,,60,597,36,927
2003-W-SL-AUS-01A-2003,Australian Open,Hard,128,G,20030113,32,200772,8,,Anastasia Myskina,R,174,RUS,21.5,201351,,Q,Eva Fislova,R,,SVK,21.8,7-5 6-3,3,R128,,,,,,,,,,,,,,,,,,,,12,1908,144,222
2003-W-SL-AUS-01A-2003,Australian Open,Hard,128,G,20030113,33,200003,5,,Justine Henin,R,167,BEL,20.6,201335,,,Myriam Casanova,R,172,SUI,17.5,6-3 6-4,3,R128,,,,,,,,,,,,,,,,,,,,5,3207,53,667
2003-W-SL-AUS-01A-2003,Australian Open,Hard,128,G,20030113,34,200113,,,Anna Kournikova,R,173,RUS,21.6,200098,,,Henrieta Nagyova,R,177,SVK,24.0,6-1 6-2,3,R128,,,,,,,,,,,,,,,,,,,,42,846,67,540
2003-W-SL-AUS-01A-2003,Australian Open,Hard,128,G,20030113,35,200043,,,Virginie Razzano,R,173,FRA,19.6,200754,,,Jill Craybas,R,160,USA,28.5,7-6(7) 4-6 6-1,3,R128,,,,,,,,,,,,,,,,,,,,78,491,51,672
2003-W-SL-AUS-01A-2003,Australian Open,Hard,128,G,20030113,36,200011,32,,Katarina Srebotnik,R,180,SLO,21.8,201336,,,Dinara Safina,R,185,RUS,16.7,3-6 6-3 6-3,3,R128,,,,,,,,,,,,,,,,,,,,34,952,70,521
2003-W-SL-AUS-01A-2003,Australian Open,Hard,128,G,20030113,37,200063,24,,Tatiana Panova,R,154,RUS,26.4,201333,,,Angelika Roesch,R,172,GER,25.5,7-6(2) 3-6 6-2,3,R128,,,,,,,,,,,,,,,,,,,,24,1239,77,493
2003-W-SL-AUS-01A-2003,Australian Open,Hard,128,G,20030113,38,201352,,WC,Akiko Morigami,R,165,JPN,23.0,201353,,Q,Stanislava Hrozenska,U,,SVK,20.8,6-2 6-1,3,R128,,,,,,,,,,,,,,,,,,,,127,253,160,196
2003-W-SL-AUS-01A-2003,Australian Open,Hard,128,G,20030113,39,201204,,,Iroda Tulyaganova,R,170,UZB,21.0,200008,,,Alicia Molik,R,182,AUS,21.9,3-6 6-4 RET,3,R128,,,,,,,,,,,,,,,,,,,,57,641,71,510
2003-W-SL-AUS-01A-2003,Australian Open,Hard,128,G,20030113,40,200128,9,,Lindsay Davenport,R,189,USA,26.5,201301,,WC,Camille Pin,R,162,FRA,21.3,6-2 6-1,3,R128,,,,,,,,,,,,,,,,,,,,10,2015,135,240
2003-W-SL-AUS-01A-2003,Australian Open,Hard,128,G,20030113,41,200083,15,,Alexandra Stevenson,R,185,USA,22.0,201304,,WC,Elena Baltacha,R,175,GBR,19.4,6-1 6-4,3,R128,,,,,,,,,,,,,,,,,,,,21,1307,157,201
2003-W-SL-AUS-01A-2003,Australian Open,Hard,128,G,20030113,42,200044,,,Denisa Chladkova,R,174,CZE,23.9,200072,,,Cara Black,R,167,ZIM,23.9,6-3 6-0,3,R128,,,,,,,,,,,,,,,,,,,,62,566,55,651
2003-W-SL-AUS-01A-2003,Australian Open,Hard,128,G,20030113,43,200103,,WC,Evie Dominikovic,R,173,AUS,22.6,200094,,,Barbara Rittner,R,173,GER,29.7,7-5 4-6 6-4,3,R128,,,,,,,,,,,,,,,,,,,,115,294,65,551
2003-W-SL-AUS-01A-2003,Australian Open,Hard,128,G,20030113,44,200124,22,,Anne Kremer,R,165,LUX,27.2,201354,,,Libuse Prusova,R,176,CZE,23.5,6-2 6-2,3,R128,,,,,,,,,,,,,,,,,,,,26,1144,107,337
2003-W-SL-AUS-01A-2003,Australian Open,Hard,128,G,20030113,45,200697,30,,Janette Husarova,R,169,SVK,28.6,201300,,Q,Maria Emilia Salerni,R,174,ARG,19.6,6-3 6-0,3,R128,,,,,,,,,,,,,,,,,,,,31,1006,134,240
2003-W-SL-AUS-01A-2003,Australian Open,Hard,128,G,20030113,46,200118,,,Virginia Ruano Pascual,R,169,ESP,29.3,201085,,,Shinobu Asagoe,R,170,JPN,26.5,6-2 6-1,3,R128,,,,,,,,,,,,,,,,,,,,63,562,88,433
2003-W-SL-AUS-01A-2003,Australian Open,Hard,128,G,20030113,47,200773,,,Stephanie Foretz Gacon,R,166,FRA,21.6,201078,,,Eugenia Kulikovskaya,L,163,RUS,24.0,4-6 6-1 6-0,3,R128,,,,,,,,,,,,,,,,,,,,82,471,104,350
2003-W-SL-AUS-01A-2003,Australian Open,Hard,128,G,20030113,48,200123,,,Marlene Weingartner,R,174,GER,22.9,200077,3,,Jennifer Capriati,R,170,USA,26.7,2-6 7-6(6) 6-4,3,R128,,,,,,,,,,,,,,,,,,,,90,419,3,3796
2003-W-SL-AUS-01A-2003,Australian Open,Hard,128,G,20030113,49,201290,7,,Daniela Hantuchova,R,181,SVK,19.7,200110,,,Fabiola Zuluaga,R,172,COL,24.0,7-5 6-7(3) 6-4,3,R128,,,,,,,,,,,,,,,,,,,,8,2642,75,498
2003-W-SL-AUS-01A-2003,Australian Open,Hard,128,G,20030113,50,200727,,,Adriana Serra Zanetti,R,160,ITA,26.8,200048,,,Elena Likhovtseva,R,174,RUS,27.3,7-6(6) 6-4,3,R128,,,,,,,,,,,,,,,,,,,,58,620,39,880
2003-W-SL-AUS-01A-2003,Australian Open,Hard,128,G,20030113,51,200774,,Q,Vanessa Webb,L,180,CAN,26.9,200035,,,Maria Sanchez Lorenzo,R,171,ESP,25.1,2-6 7-5 6-3,3,R128,,,,,,,,,,,,,,,,,,,,138,234,97,392
2003-W-SL-AUS-01A-2003,Australian Open,Hard,128,G,20030113,52,201325,,WC,Samantha Stosur,R,172,AUS,18.7,200049,31,,Conchita Martinez,R,170,ESP,30.7,6-7(3) 6-3 6-4,3,R128,,,,,,,,,,,,,,,,,,,,244,108,37,908
2003-W-SL-AUS-01A-2003,Australian Open,Hard,128,G,20030113,53,200085,21,,Ai Sugiyama,R,163,JPN,27.5,201327,,,Angelique Widjaja,R,173,INA,18.0,6-3 4-6 6-2,3,R128,,,,,,,,,,,,,,,,,,,,25,1154,68,531
2003-W-SL-AUS-01A-2003,Australian Open,Hard,128,G,20030113,54,200069,,,Nadia Petrova,R,178,RUS,20.5,201086,,,Greta Arn,R,180,HUN,23.7,6-2 6-1,3,R128,,,,,,,,,,,,,,,,,,,,148,216,95,400
2003-W-SL-AUS-01A-2003,Australian Open,Hard,128,G,20030113,55,200777,,,Marta Marrero,R,173,ESP,19.9,200056,,,Jelena Kostanic Tosic,L,168,CRO,21.5,7-6(7) 6-1,3,R128,,,,,,,,,,,,,,,,,,,,91,417,73,508
2003-W-SL-AUS-01A-2003,Australian Open,Hard,128,G,20030113,56,200067,12,,Patty Schnyder,L,168,SUI,24.0,201295,,,Wynne Prakusya,R,160,INA,21.7,6-3 6-1,3,R128,,,,,,,,,,,,,,,,,,,,15,1699,106,338
2003-W-SL-AUS-01A-2003,Australian Open,Hard,128,G,20030113,57,200700,13,,Silvia Farina Elia,R,172,ITA,30.7,201355,,,Flavia Pennetta,R,172,ITA,20.8,6-4 6-2,3,R128,,,,,,,,,,,,,,,,,,,,16,1596,87,436
2003-W-SL-AUS-01A-2003,Australian Open,Hard,128,G,20030113,58,200036,,,Nicole Pratt,R,163,AUS,29.8,201087,,,Mashona Washington,R,168,USA,26.6,6-1 7-6(5),3,R128,,,,,,,,,,,,,,,,,,,,54,656,111,318
2003-W-SL-AUS-01A-2003,Australian Open,Hard,128,G,20030113,59,200060,,,Tathiana Garbin,R,172,ITA,25.5,200105,,WC,Rachel Mcquillan,U,170,AUS,31.1,6-4 7-6(3),3,R128,,,,,,,,,,,,,,,,,,,,61,569,197,159
2003-W-SL-AUS-01A-2003,Australian Open,Hard,128,G,20030113,60,200107,23,,Paola Suarez,R,170,ARG,26.5,200720,,,Dally Randriantefy,R,165,MAD,25.8,6-4 6-3,3,R128,,,,,,,,,,,,,,,,,,,,27,1113,99,379
2003-W-SL-AUS-01A-2003,Australian Open,Hard,128,G,20030113,61,200020,27,,Lisa Raymond,R,165,USA,29.4,200729,,Q,Lindsay Lee Waters,R,,USA,25.5,7-6(3) 6-3,3,R128,,,,,,,,,,,,,,,,,,,,28,1075,117,289
2003-W-SL-AUS-01A-2003,Australian Open,Hard,128,G,20030113,62,200090,,,Anca Barna,L,175,GER,25.6,201212,,,Francesca Schiavone,R,166,ITA,22.5,5-7 6-1 6-3,3,R128,,,,,,,,,,,,,,,,,,,,69,529,35,945
2003-W-SL-AUS-01A-2003,Australian Open,Hard,128,G,20030113,63,201207,,Q,Ansley Cargill,R,170,USA,21.0,201286,,SR,Anabel Medina Garrigues,R,169,ESP,20.4,6-1 6-2,3,R128,,,,,,,,,,,,,,,,,,,,118,286,194,159
2003-W-SL-AUS-01A-2003,Australian Open,Hard,128,G,20030113,64,200748,2,,Venus Williams,R,185,USA,22.5,201320,,,Svetlana Kuznetsova,R,174,RUS,17.5,6-4 6-2,3,R128,,,,,,,,,,,,,,,,,,,,2,4942,45,819
2003-W-SL-AUS-01A-2003,Australian Open,Hard,128,G,20030113,65,200033,1,,Serena Williams,R,175,USA,21.2,200042,,,Els Callens,R,178,BEL,32.3,6-4 6-0,3,R64,,,,,,,,,,,,,,,,,,,,1,5941,66,544
2003-W-SL-AUS-01A-2003,Australian Open,Hard,128,G,20030113,66,200009,26,,Tamarine Tanasugarn,R,165,THA,25.6,200121,,,Alina Jidkova,R,168,RUS,25.9,6-2 3-6 6-3,3,R64,,,,,,,,,,,,,,,,,,,,32,999,101,369
2003-W-SL-AUS-01A-2003,Australian Open,Hard,128,G,20030113,67,201305,18,,Eleni Daniilidou,R,182,GRE,20.3,200041,,,Amy Frazier,R,175,USA,30.3,6-1 6-2,3,R64,,,,,,,,,,,,,,,,,,,,20,1308,40,878
2003-W-SL-AUS-01A-2003,Australian Open,Hard,128,G,20030113,68,200109,16,,Nathalie Dechy,R,177,FRA,23.8,201083,,,Daja Bedanova,R,171,CZE,19.8,6-3 6-3,3,R64,,,,,,,,,,,,,,,,,,,,18,1432,41,865
2003-W-SL-AUS-01A-2003,Australian Open,Hard,128,G,20030113,69,200086,11,,Magdalena Maleeva,R,168,BUL,27.7,201313,,,Yoon Jeong Cho,R,167,KOR,23.7,2-6 6-4 6-1,3,R64,,,,,,,,,,,,,,,,,,,,14,1741,64,552
2003-W-SL-AUS-01A-2003,Australian Open,Hard,128,G,20030113,70,200764,20,,Elena Bovina,R,189,RUS,19.8,200010,,,Rita Grande,R,177,ITA,27.8,6-1 6-2,3,R64,,,,,,,,,,,,,,,,,,,,23,1257,48,698
2003-W-SL-AUS-01A-2003,Australian Open,Hard,128,G,20030113,71,200046,25,,Meghann Shaughnessy,R,180,USA,23.7,200025,,,Ludmila Cervanova,R,171,SVK,23.2,6-1 6-1,3,R64,,,,,,,,,,,,,,,,,,,,33,974,105,341
2003-W-SL-AUS-01A-2003,Australian Open,Hard,128,G,20030113,72,201344,,Q,Klara Koukalova,R,166,CZE,20.8,200652,6,,Monica Seles,L,178,USA,29.1,6-7(6) 7-5 6-3,3,R64,,,,,,,,,,,,,,,,,,,,113,298,7,2952
2003-W-SL-AUS-01A-2003,Australian Open,Hard,128,G,20030113,73,200079,4,,Kim Clijsters,R,175,BEL,19.6,200015,,,Petra Mandula,R,178,HUN,24.9,6-0 6-0,3,R64,,,,,,,,,,,,,,,,,,,,4,3741,98,391
2003-W-SL-AUS-01A-2003,Australian Open,Hard,128,G,20030113,74,201284,,,Tatiana Poutchek,R,176,BLR,24.0,200066,,,Cristina Torrens Valero,R,171,ESP,28.3,2-6 6-4 6-4,3,R64,,,,,,,,,,,,,,,,,,,,108,337,80,485
2003-W-SL-AUS-01A-2003,Australian Open,Hard,128,G,20030113,75,200064,19,,Amanda Coetzer,R,158,RSA,31.2,201347,,Q,Jelena Jankovic,R,177,SRB,17.8,6-2 4-6 6-4,3,R64,,,,,,,,,,,,,,,,,,,,22,1301,192,160
2003-W-SL-AUS-01A-2003,Australian Open,Hard,128,G,20030113,76,200040,14,,Anna Smashnova,R,157,ISR,26.4,201297,,,Maja Matevzic,L,175,SLO,22.5,5-1 RET,3,R64,,,,,,,,,,,,,,,,,,,,17,1446,49,682
2003-W-SL-AUS-01A-2003,Australian Open,Hard,128,G,20030113,77,200039,10,,Chanda Rubin,R,168,USA,26.9,200096,,,Mary Pierce,R,178,FRA,27.9,0-6 6-4 6-2,3,R64,,,,,,,,,,,,,,,,,,,,13,1847,50,677
2003-W-SL-AUS-01A-2003,Australian Open,Hard,128,G,20030113,78,200078,,Q,Barbara Schwartz,L,181,AUT,23.9,201321,,,Antonella Serra Zanetti,R,168,ITA,22.4,6-1 6-2,3,R64,,,,,,,,,,,,,,,,,,,,141,232,96,397
2003-W-SL-AUS-01A-2003,Australian Open,Hard,128,G,20030113,79,201302,28,,Clarisa Fernandez,L,179,ARG,21.3,200027,,,Magui Serna,L,167,ESP,23.8,6-3 6-4,3,R64,,,,,,,,,,,,,,,,,,,,29,1039,47,730
2003-W-SL-AUS-01A-2003,Australian Open,Hard,128,G,20030113,80,200772,8,,Anastasia Myskina,R,174,RUS,21.5,200022,,,Emmanuelle Gagliardi,R,171,SUI,26.5,5-7 6-2 6-0,3,R64,,,,,,,,,,,,,,,,,,,,12,1908,60,597
2003-W-SL-AUS-01A-2003,Australian Open,Hard,128,G,20030113,81,200003,5,,Justine Henin,R,167,BEL,20.6,200113,,,Anna Kournikova,R,173,RUS,21.6,6-0 6-1,3,R64,,,,,,,,,,,,,,,,,,,,5,3207,42,846
2003-W-SL-AUS-01A-2003,Australian Open,Hard,128,G,20030113,82,200011,32,,Katarina Srebotnik,R,180,SLO,21.8,200043,,,Virginie Razzano,R,173,FRA,19.6,6-1 6-7(4) 6-3,3,R64,,,,,,,,,,,,,,,,,,,,34,952,78,491
2003-W-SL-AUS-01A-2003,Australian Open,Hard,128,G,20030113,83,200063,24,,Tatiana Panova,R,154,RUS,26.4,201352,,WC,Akiko Morigami,R,165,JPN,23.0,3-6 7-5 6-4,3,R64,,,,,,,,,,,,,,,,,,,,24,1239,127,253
2003-W-SL-AUS-01A-2003,Australian Open,Hard,128,G,20030113,84,200128,9,,Lindsay Davenport,R,189,USA,26.5,201204,,,Iroda Tulyaganova,R,170,UZB,21.0,6-7(7) 6-4 7-5,3,R64,,,,,,,,,,,,,,,,,,,,10,2015,57,641
2003-W-SL-AUS-01A-2003,Australian Open,Hard,128,G,20030113,85,200044,,,Denisa Chladkova,R,174,CZE,23.9,200083,15,,Alexandra Stevenson,R,185,USA,22.0,6-2 6-2,3,R64,,,,,,,,,,,,,,,,,,,,62,566,21,1307
2003-W-SL-AUS-01A-2003,Australian Open,Hard,128,G,20030113,86,200103,,WC,Evie Dominikovic,R,173,AUS,22.6,200124,22,,Anne Kremer,R,165,LUX,27.2,6-1 6-4,3,R64,,,,,,,,,,,,,,,,,,,,115,294,26,1144
2003-W-SL-AUS-01A-2003,Australian Open,Hard,128,G,20030113,87,200118,,,Virginia Ruano Pascual,R,169,ESP,29.3,200697,30,,Janette Husarova,R,169,SVK,28.6,5-7 7-5 6-0,3,R64,,,,,,,,,,,,,,,,,,,,63,562,31,1006
2003-W-SL-AUS-01A-2003,Australian Open,Hard,128,G,20030113,88,200123,,,Marlene Weingartner,R,174,GER,22.9,200773,,,Stephanie Foretz Gacon,R,166,FRA,21.6,3-6 6-1 6-2,3,R64,,,,,,,,,,,,,,,,,,,,90,419,82,471
2003-W-SL-AUS-01A-2003,Australian Open,Hard,128,G,20030113,89,201290,7,,Daniela Hantuchova,R,181,SVK,19.7,200727,,,Adriana Serra Zanetti,R,160,ITA,26.8,7-6(6) 7-6(3),3,R64,,,,,,,,,,,,,,,,,,,,8,2642,58,620
2003-W-SL-AUS-01A-2003,Australian Open,Hard,128,G,20030113,90,201325,,WC,Samantha Stosur,R,172,AUS,18.7,200774,,Q,Vanessa Webb,L,180,CAN,26.9,6-4 6-1,3,R64,,,,,,,,,,,,,,,,,,,,244,108,138,234
2003-W-SL-AUS-01A-2003,Australian Open,Hard,128,G,20030113,91,200069,,,Nadia Petrova,R,178,RUS,20.5,200085,21,,Ai Sugiyama,R,163,JPN,27.5,6-4 6-4,3,R64,,,,,,,,,,,,,,,,,,,,148,216,25,1154
2003-W-SL-AUS-01A-2003,Australian Open,Hard,128,G,20030113,92,200067,12,,Patty Schnyder,L,168,SUI,24.0,200777,,,Marta Marrero,R,173,ESP,19.9,6-3 6-1,3,R64,,,,,,,,,,,,,,,,,,,,15,1699,91,417
2003-W-SL-AUS-01A-2003,Australian Open,Hard,128,G,20030113,93,200036,,,Nicole Pratt,R,163,AUS,29.8,200700,13,,Silvia Farina Elia,R,172,ITA,30.7,6-3 6-2,3,R64,,,,,,,,,,,,,,,,,,,,54,656,16,1596
2003-W-SL-AUS-01A-2003,Australian Open,Hard,128,G,20030113,94,200107,23,,Paola Suarez,R,170,ARG,26.5,200060,,,Tathiana Garbin,R,172,ITA,25.5,6-0 3-0 RET,3,R64,,,,,,,,,,,,,,,,,,,,27,1113,61,569
2003-W-SL-AUS-01A-2003,Australian Open,Hard,128,G,20030113,95,200090,,,Anca Barna,L,175,GER,25.6,200020,27,,Lisa Raymond,R,165,USA,29.4,6-3 6-1,3,R64,,,,,,,,,,,,,,,,,,,,69,529,28,1075
2003-W-SL-AUS-01A-2003,Australian Open,Hard,128,G,20030113,96,200748,2,,Venus Williams,R,185,USA,22.5,201207,,Q,Ansley Cargill,R,170,USA,21.0,6-3 6-0,3,R64,,,,,,,,,,,,,,,,,,,,2,4942,118,286
2003-W-SL-AUS-01A-2003,Australian Open,Hard,128,G,20030113,97,200033,1,,Serena Williams,R,175,USA,21.2,200009,26,,Tamarine Tanasugarn,R,165,THA,25.6,6-1 6-1,3,R32,,,,,,,,,,,,,,,,,,,,1,5941,32,999
2003-W-SL-AUS-01A-2003,Australian Open,Hard,128,G,20030113,98,201305,18,,Eleni Daniilidou,R,182,GRE,20.3,200109,16,,Nathalie Dechy,R,177,FRA,23.8,6-4 6-3,3,R32,,,,,,,,,,,,,,,,,,,,20,1308,18,1432
2003-W-SL-AUS-01A-2003,Australian Open,Hard,128,G,20030113,99,200764,20,,Elena Bovina,R,189,RUS,19.8,200086,11,,Magdalena Maleeva,R,168,BUL,27.7,7-5 4-6 7-5,3,R32,,,,,,,,,,,,,,,,,,,,23,1257,14,1741
2003-W-SL-AUS-01A-2003,Australian Open,Hard,128,G,20030113,100,200046,25,,Meghann Shaughnessy,R,180,USA,23.7,201344,,Q,Klara Koukalova,R,166,CZE,20.8,6-1 6-3,3,R32,,,,,,,,,,,,,,,,,,,,33,974,113,298
2003-W-SL-AUS-01A-2003,Australian Open,Hard,128,G,20030113,101,200079,4,,Kim Clijsters,R,175,BEL,19.6,201284,,,Tatiana Poutchek,R,176,BLR,24.0,6-2 6-1,3,R32,,,,,,,,,,,,,,,,,,,,4,3741,108,337
2003-W-SL-AUS-01A-2003,Australian Open,Hard,128,G,20030113,102,200064,19,,Amanda Coetzer,R,158,RSA,31.2,200040,14,,Anna Smashnova,R,157,ISR,26.4,6-0 6-2,3,R32,,,,,,,,,,,,,,,,,,,,22,1301,17,1446
2003-W-SL-AUS-01A-2003,Australian Open,Hard,128,G,20030113,103,200039,10,,Chanda Rubin,R,168,USA,26.9,200078,,Q,Barbara Schwartz,L,181,AUT,23.9,6-3 6-2,3,R32,,,,,,,,,,,,,,,,,,,,13,1847,141,232
2003-W-SL-AUS-01A-2003,Australian Open,Hard,128,G,20030113,104,200772,8,,Anastasia Myskina,R,174,RUS,21.5,201302,28,,Clarisa Fernandez,L,179,ARG,21.3,6-3 3-6 6-3,3,R32,,,,,,,,,,,,,,,,,,,,12,1908,29,1039
2003-W-SL-AUS-01A-2003,Australian Open,Hard,128,G,20030113,105,200003,5,,Justine Henin,R,167,BEL,20.6,200011,32,,Katarina Srebotnik,R,180,SLO,21.8,6-2 6-0,3,R32,,,,,,,,,,,,,,,,,,,,5,3207,34,952
2003-W-SL-AUS-01A-2003,Australian Open,Hard,128,G,20030113,106,200128,9,,Lindsay Davenport,R,189,USA,26.5,200063,24,,Tatiana Panova,R,154,RUS,26.4,6-2 6-1,3,R32,,,,,,,,,,,,,,,,,,,,10,2015,24,1239
2003-W-SL-AUS-01A-2003,Australian Open,Hard,128,G,20030113,107,200044,,,Denisa Chladkova,R,174,CZE,23.9,200103,,WC,Evie Dominikovic,R,173,AUS,22.6,6-3 6-2,3,R32,,,,,,,,,,,,,,,,,,,,62,566,115,294
2003-W-SL-AUS-01A-2003,Australian Open,Hard,128,G,20030113,108,200118,,,Virginia Ruano Pascual,R,169,ESP,29.3,200123,,,Marlene Weingartner,R,174,GER,22.9,6-1 4-6 6-4,3,R32,,,,,,,,,,,,,,,,,,,,63,562,90,419
2003-W-SL-AUS-01A-2003,Australian Open,Hard,128,G,20030113,109,201290,7,,Daniela Hantuchova,R,181,SVK,19.7,201325,,WC,Samantha Stosur,R,172,AUS,18.7,6-4 6-2,3,R32,,,,,,,,,,,,,,,,,,,,8,2642,244,108
2003-W-SL-AUS-01A-2003,Australian Open,Hard,128,G,20030113,110,200067,12,,Patty Schnyder,L,168,SUI,24.0,200069,,,Nadia Petrova,R,178,RUS,20.5,6-2 4-6 6-3,3,R32,,,,,,,,,,,,,,,,,,,,15,1699,148,216
2003-W-SL-AUS-01A-2003,Australian Open,Hard,128,G,20030113,111,200036,,,Nicole Pratt,R,163,AUS,29.8,200107,23,,Paola Suarez,R,170,ARG,26.5,7-5 6-4,3,R32,,,,,,,,,,,,,,,,,,,,54,656,27,1113
2003-W-SL-AUS-01A-2003,Australian Open,Hard,128,G,20030113,112,200748,2,,Venus Williams,R,185,USA,22.5,200090,,,Anca Barna,L,175,GER,25.6,6-1 6-4,3,R32,,,,,,,,,,,,,,,,,,,,2,4942,69,529
2003-W-SL-AUS-01A-2003,Australian Open,Hard,128,G,20030113,113,200033,1,,Serena Williams,R,175,USA,21.2,201305,18,,Eleni Daniilidou,R,182,GRE,20.3,6-4 6-1,3,R16,,,,,,,,,,,,,,,,,,,,1,5941,20,1308
2003-W-SL-AUS-01A-2003,Australian Open,Hard,128,G,20030113,114,200046,25,,Meghann Shaughnessy,R,180,USA,23.7,200764,20,,Elena Bovina,R,189,RUS,19.8,5-7 6-2 6-4,3,R16,,,,,,,,,,,,,,,,,,,,33,974,23,1257
2003-W-SL-AUS-01A-2003,Australian Open,Hard,128,G,20030113,115,200079,4,,Kim Clijsters,R,175,BEL,19.6,200064,19,,Amanda Coetzer,R,158,RSA,31.2,6-3 6-1,3,R16,,,,,,,,,,,,,,,,,,,,4,3741,22,1301
2003-W-SL-AUS-01A-2003,Australian Open,Hard,128,G,20030113,116,200772,8,,Anastasia Myskina,R,174,RUS,21.5,200039,10,,Chanda Rubin,R,168,USA,26.9,4-6 6-4 6-1,3,R16,,,,,,,,,,,,,,,,,,,,12,1908,13,1847
2003-W-SL-AUS-01A-2003,Australian Open,Hard,128,G,20030113,117,200003,5,,Justine Henin,R,167,BEL,20.6,200128,9,,Lindsay Davenport,R,189,USA,26.5,7-5 5-7 9-7,3,R16,,,,,,,,,,,,,,,,,,,,5,3207,10,2015
2003-W-SL-AUS-01A-2003,Australian Open,Hard,128,G,20030113,118,200118,,,Virginia Ruano Pascual,R,169,ESP,29.3,200044,,,Denisa Chladkova,R,174,CZE,23.9,6-3 6-3,3,R16,,,,,,,,,,,,,,,,,,,,63,562,62,566
2003-W-SL-AUS-01A-2003,Australian Open,Hard,128,G,20030113,119,201290,7,,Daniela Hantuchova,R,181,SVK,19.7,200067,12,,Patty Schnyder,L,168,SUI,24.0,7-5 6-3,3,R16,,,,,,,,,,,,,,,,,,,,8,2642,15,1699
2003-W-SL-AUS-01A-2003,Australian Open,Hard,128,G,20030113,120,200748,2,,Venus Williams,R,185,USA,22.5,200036,,,Nicole Pratt,R,163,AUS,29.8,6-3 6-2,3,R16,,,,,,,,,,,,,,,,,,,,2,4942,54,656
2003-W-SL-AUS-01A-2003,Australian Open,Hard,128,G,20030113,121,200033,1,,Serena Williams,R,175,USA,21.2,200046,25,,Meghann Shaughnessy,R,180,USA,23.7,6-2 6-2,3,QF,,,,,,,,,,,,,,,,,,,,1,5941,33,974
2003-W-SL-AUS-01A-2003,Australian Open,Hard,128,G,20030113,122,200079,4,,Kim Clijsters,R,175,BEL,19.6,200772,8,,Anastasia Myskina,R,174,RUS,21.5,6-2 6-4,3,QF,,,,,,,,,,,,,,,,,,,,4,3741,12,1908
2003-W-SL-AUS-01A-2003,Australian Open,Hard,128,G,20030113,123,200003,5,,Justine Henin,R,167,BEL,20.6,200118,,,Virginia Ruano Pascual,R,169,ESP,29.3,6-2 6-2,3,QF,,,,,,,,,,,,,,,,,,,,5,3207,63,562
2003-W-SL-AUS-01A-2003,Australian Open,Hard,128,G,20030113,124,200748,2,,Venus Williams,R,185,USA,22.5,201290,7,,Daniela Hantuchova,R,181,SVK,19.7,6-4 6-3,3,QF,,,,,,,,,,,,,,,,,,,,2,4942,8,2642
2003-W-SL-AUS-01A-2003,Australian Open,Hard,128,G,20030113,125,200033,1,,Serena Williams,R,175,USA,21.2,200079,4,,Kim Clijsters,R,175,BEL,19.6,4-6 6-3 7-5,3,SF,,,,,,,,,,,,,,,,,,,,1,5941,4,3741
2003-W-SL-AUS-01A-2003,Australian Open,Hard,128,G,20030113,126,200748,2,,Venus Williams,R,185,USA,22.5,200003,5,,Justine Henin,R,167,BEL,20.6,6-3 6-3,3,SF,,,,,,,,,,,,,,,,,,,,2,4942,5,3207
2003-W-SL-AUS-01A-2003,Australian Open,Hard,128,G,20030113,127,200033,1,,Serena Williams,R,175,USA,21.2,200748,2,,Venus Williams,R,185,USA,22.5,7-6(4) 3-6 6-4,3,F,,,,,,,,,,,,,,,,,,,,1,5941,2,4942
2004-W-SL-AUS-01A-2004,Australian Open,Hard,128,G,20040119,1,200003,1,,Justine Henin,R,167,BEL,21.6,201382,,WC,Olivia Lukaszewicz,R,,AUS,15.3,6-0 6-0,3,R128,,1,6,41,18,16,13,,6,6,0,3,40,21,7,6,,3,9,1,6830,870,5
2004-W-SL-AUS-01A-2004,Australian Open,Hard,128,G,20040119,2,201301,,Q,Camille Pin,R,162,FRA,22.4,200060,,,Tathiana Garbin,R,172,ITA,26.5,6-4 6-7(3) 6-4,3,R128,,0,0,87,69,48,8,,4,8,5,7,114,68,44,21,,5,11,168,183,78,463
2004-W-SL-AUS-01A-2004,Australian Open,Hard,128,G,20040119,3,201321,,,Antonella Serra Zanetti,R,168,ITA,23.4,201355,,,Flavia Pennetta,R,172,ITA,21.8,7-5 6-4,3,R128,,0,1,67,50,27,8,,4,9,3,11,71,32,15,16,,12,19,105,338,72,498
2004-W-SL-AUS-01A-2004,Australian Open,Hard,128,G,20040119,4,201320,30,,Svetlana Kuznetsova,R,174,RUS,18.5,201375,,Q,Shenay Perry,R,170,USA,19.5,6-3 6-3,3,R128,,3,2,69,46,27,12,,8,11,3,3,73,35,15,16,,7,13,33,1001,126,268
2004-W-SL-AUS-01A-2004,Australian Open,Hard,128,G,20040119,5,201305,19,,Eleni Daniilidou,R,182,GRE,21.3,200766,,Q,Jennifer Hopkins,R,170,USA,22.9,6-1 6-3,3,R128,,2,6,58,39,27,7,,4,6,0,3,43,28,13,4,,3,9,24,1158,159,199
2004-W-SL-AUS-01A-2004,Australian Open,Hard,128,G,20040119,6,200072,,,Cara Black,R,167,ZIM,24.9,200042,,,Els Callens,R,178,BEL,33.4,2-6 6-3 6-3,3,R128,,2,2,95,68,43,14,,9,12,1,2,68,42,26,12,,0,4,53,688,74,469
2004-W-SL-AUS-01A-2004,Australian Open,Hard,128,G,20040119,7,200032,,,Barbara Schett,R,176,AUT,27.8,201302,,,Clarisa Fernandez,L,179,ARG,22.3,4-6 6-3 6-4,3,R128,,1,3,86,58,45,10,,3,7,3,6,96,52,35,17,,14,19,87,435,96,382
2004-W-SL-AUS-01A-2004,Australian Open,Hard,128,G,20040119,8,201379,,Q,Mara Santangelo,R,181,ITA,22.5,200027,16,,Magui Serna,L,167,ESP,24.8,6-7(3) 7-5 6-4,3,R128,,3,3,119,88,55,20,,8,11,8,8,121,70,51,23,,9,14,129,265,22,1199
2004-W-SL-AUS-01A-2004,Australian Open,Hard,128,G,20040119,9,201329,11,,Vera Zvonareva,R,172,RUS,19.3,201334,,,Zuzana Ondraskova,R,174,CZE,23.7,6-3 6-1,3,R128,,0,4,50,25,19,14,,1,2,1,4,63,47,23,5,,9,14,13,1780,83,442
2004-W-SL-AUS-01A-2004,Australian Open,Hard,128,G,20040119,10,201349,,,Melinda Czink,L,178,HUN,21.2,200024,,,Maria Vento Kabchi,R,168,VEN,29.6,6-4 6-3,3,R128,,0,1,61,44,28,9,,5,8,1,7,58,32,17,10,,1,6,77,467,42,770
2004-W-SL-AUS-01A-2004,Australian Open,Hard,128,G,20040119,11,201352,,,Akiko Morigami,R,165,JPN,24.0,201383,,Q,Marie Eve Pelletier,R,172,CAN,21.6,7-6(2) 4-6 6-4,3,R128,,1,6,100,65,46,13,,11,16,2,3,106,65,39,21,,6,11,62,571,200,139
2004-W-SL-AUS-01A-2004,Australian Open,Hard,128,G,20040119,12,200036,,,Nicole Pratt,R,163,AUS,30.8,200046,17,,Meghann Shaughnessy,R,180,USA,24.7,6-4 5-7 6-4,3,R128,,0,0,94,75,47,14,,3,7,6,7,99,52,38,19,,6,11,52,693,20,1221
2004-W-SL-AUS-01A-2004,Australian Open,Hard,128,G,20040119,13,201281,,,Laura Granville,R,175,USA,22.6,200009,31,,Tamarine Tanasugarn,R,165,THA,26.6,6-1 6-3,3,R128,,1,0,45,26,19,13,,3,4,2,4,64,36,22,8,,6,11,54,685,35,942
2004-W-SL-AUS-01A-2004,Australian Open,Hard,128,G,20040119,14,200103,,WC,Evie Dominikovic,R,173,AUS,23.6,200733,,WC,Trudi Musgrave,L,170,AUS,26.3,4-6 7-5 6-3,3,R128,,6,2,101,71,48,15,,6,10,9,2,125,72,45,24,,11,16,138,240,265,88
2004-W-SL-AUS-01A-2004,Australian Open,Hard,128,G,20040119,15,200104,,,Emilie Loit,L,167,FRA,24.6,200777,,,Marta Marrero,R,173,ESP,21.0,7-5 6-4,3,R128,,1,2,63,45,34,8,,5,7,2,5,84,46,31,17,,8,12,45,754,99,373
2004-W-SL-AUS-01A-2004,Australian Open,Hard,128,G,20040119,16,200128,5,,Lindsay Davenport,R,189,USA,27.6,200059,,SR,Ruxandra Dragomir Ilie,R,168,ROU,31.2,6-2 6-3,3,R128,,3,5,54,30,25,9,,2,3,2,5,60,36,20,7,,6,11,5,2936,489,27
2004-W-SL-AUS-01A-2004,Australian Open,Hard,128,G,20040119,17,200065,4,,Amelie Mauresmo,R,175,FRA,24.5,201384,,WC,Chia Jung Chuang,R,168,TPE,19.0,6-1 6-0,3,R128,,6,0,44,32,26,6,,2,2,2,7,41,24,15,1,,4,9,4,3419,300,71
2004-W-SL-AUS-01A-2004,Australian Open,Hard,128,G,20040119,18,200025,,,Ludmila Cervanova,R,171,SVK,24.2,201348,,WC,Casey Dellacqua,L,165,AUS,18.9,6-4 6-4,3,R128,,0,2,73,58,34,7,,5,8,2,6,73,39,22,14,,10,15,64,552,295,73
2004-W-SL-AUS-01A-2004,Australian Open,Hard,128,G,20040119,19,201286,,,Anabel Medina Garrigues,R,169,ESP,21.4,201207,,,Ansley Cargill,R,170,USA,22.0,6-3 6-4,3,R128,,4,0,47,35,26,10,,0,0,1,0,64,51,32,4,,5,8,70,517,107,336
2004-W-SL-AUS-01A-2004,Australian Open,Hard,128,G,20040119,20,201385,,Q,Yuliana Fedak,R,166,UKR,20.6,200122,26,,Tina Pisnik,R,172,SLO,22.9,7-5 6-0,3,R128,,0,1,67,42,24,15,,8,10,3,3,51,31,16,6,,4,10,206,133,31,1036
2004-W-SL-AUS-01A-2004,Australian Open,Hard,128,G,20040119,21,200764,21,,Elena Bovina,R,189,RUS,20.8,200050,,,Sandra Kleinova,R,177,CZE,25.7,4-6 6-1 7-5,3,R128,,3,4,93,56,34,20,,3,8,0,8,99,55,35,15,,13,20,23,1162,85,437
2004-W-SL-AUS-01A-2004,Australian Open,Hard,128,G,20040119,22,201380,,,Claudine Schaul,R,169,LUX,20.4,201309,,,Tatiana Perebiynis,R,173,UKR,21.0,6-0 6-0,3,R128,,0,1,37,21,14,13,,3,3,1,1,38,23,9,2,,2,8,76,467,81,445
2004-W-SL-AUS-01A-2004,Australian Open,Hard,128,G,20040119,23,200008,,,Alicia Molik,R,182,AUS,22.9,200776,,Q,Angelika Bachmann,R,,GER,24.6,6-1 6-4,3,R128,,4,2,50,31,23,13,,1,2,1,3,57,42,22,7,,6,10,40,785,208,129
2004-W-SL-AUS-01A-2004,Australian Open,Hard,128,G,20040119,24,201290,15,,Daniela Hantuchova,R,181,SVK,20.7,200727,,,Adriana Serra Zanetti,R,160,ITA,27.8,7-6(5) 6-4,3,R128,,3,3,67,33,22,20,,1,4,0,5,79,57,34,10,,4,8,21,1208,109,320
2004-W-SL-AUS-01A-2004,Australian Open,Hard,128,G,20040119,25,201317,,,Aniko Kapros,R,173,HUN,20.1,200069,10,,Nadia Petrova,R,178,RUS,21.6,6-3 6-3,3,R128,,3,3,53,24,15,20,,3,5,1,8,57,32,17,11,,4,9,80,445,12,2071
2004-W-SL-AUS-01A-2004,Australian Open,Hard,128,G,20040119,26,201325,,WC,Samantha Stosur,R,172,AUS,19.8,200007,,,Silvija Talaja,R,173,CRO,26.0,6-3 6-2,3,R128,,2,1,49,19,15,23,,1,1,2,1,44,28,17,8,,4,7,114,309,93,392
2004-W-SL-AUS-01A-2004,Australian Open,Hard,128,G,20040119,27,200015,,,Petra Mandula,R,178,HUN,26.0,200061,,,Gala Leon Garcia,L,163,ESP,30.0,6-4 4-6 6-4,3,R128,,0,9,108,65,39,16,,15,23,2,4,89,63,33,8,,4,13,39,798,95,385
2004-W-SL-AUS-01A-2004,Australian Open,Hard,128,G,20040119,28,200086,24,,Magdalena Maleeva,R,168,BUL,28.8,200749,,,Samantha Reeves,R,173,USA,25.0,6-1 6-0,3,R128,,1,2,45,35,25,4,,4,5,0,7,32,20,4,2,,2,8,29,1054,75,468
2004-W-SL-AUS-01A-2004,Australian Open,Hard,128,G,20040119,29,200110,32,,Fabiola Zuluaga,R,172,COL,25.0,201085,,,Shinobu Asagoe,R,170,JPN,27.5,6-3 6-2,3,R128,,1,2,54,38,27,10,,1,2,0,0,40,34,18,3,,1,5,36,867,41,783
2004-W-SL-AUS-01A-2004,Australian Open,Hard,128,G,20040119,30,200055,,Q,Mariana Diaz Oliva,R,172,ARG,27.8,200121,,,Alina Jidkova,R,168,RUS,27.0,6-2 7-6(5),3,R128,,1,4,86,59,36,13,,9,12,3,2,75,49,28,10,,9,14,169,178,98,377
2004-W-SL-AUS-01A-2004,Australian Open,Hard,128,G,20040119,31,200754,,,Jill Craybas,R,160,USA,29.5,200010,,,Rita Grande,R,177,ITA,28.8,6-2 6-1,3,R128,,0,0,49,30,25,12,,2,2,0,0,51,34,14,9,,3,7,113,315,69,524
2004-W-SL-AUS-01A-2004,Australian Open,Hard,128,G,20040119,32,201347,,,Jelena Jankovic,R,177,SRB,18.8,200108,7,,Elena Dementieva,R,180,RUS,22.2,6-1 6-4,3,R128,,0,5,51,34,20,8,,1,4,0,8,59,33,19,6,,3,9,79,453,8,2417
2004-W-SL-AUS-01A-2004,Australian Open,Hard,128,G,20040119,33,200085,8,,Ai Sugiyama,R,163,JPN,28.5,200063,,SR,Tatiana Panova,R,154,RUS,27.4,6-4 6-2,3,R128,,6,1,58,34,27,13,,2,2,1,5,63,38,21,13,,4,7,9,2369,181,162
2004-W-SL-AUS-01A-2004,Australian Open,Hard,128,G,20040119,34,201323,,,Saori Obata,L,165,JPN,25.7,201335,,,Myriam Casanova,R,172,SUI,18.5,6-3 4-6 6-4,3,R128,,2,6,91,67,37,10,,7,13,5,4,104,59,32,19,,6,14,55,685,94,389
2004-W-SL-AUS-01A-2004,Australian Open,Hard,128,G,20040119,35,200014,,Q,Tzipi Obziler,R,172,ISR,30.7,201292,,,Martina Sucha,R,170,SVK,23.1,6-3 6-2,3,R128,,7,1,45,30,24,9,,0,1,0,4,65,42,22,11,,6,10,144,218,88,432
2004-W-SL-AUS-01A-2004,Australian Open,Hard,128,G,20040119,36,200109,29,,Nathalie Dechy,R,177,FRA,24.9,200056,,,Jelena Kostanic Tosic,L,168,CRO,22.5,7-5 6-4,3,R128,,2,2,78,58,34,12,,5,8,0,3,72,45,25,13,,9,14,28,1077,68,532
2004-W-SL-AUS-01A-2004,Australian Open,Hard,128,G,20040119,37,200067,22,,Patty Schnyder,L,168,SUI,25.0,201327,,,Angelique Widjaja,R,173,INA,19.1,6-3 5-7 6-3,3,R128,,8,3,96,60,36,22,,3,7,2,2,107,65,39,18,,8,14,26,1096,100,368
2004-W-SL-AUS-01A-2004,Australian Open,Hard,128,G,20040119,38,201294,,,Marion Bartoli,R,170,FRA,19.2,200083,,,Alexandra Stevenson,R,185,USA,23.0,6-3 6-1,3,R128,,3,7,57,33,27,11,,4,4,1,2,49,30,16,8,,0,4,59,607,86,436
2004-W-SL-AUS-01A-2004,Australian Open,Hard,128,G,20040119,39,201360,,,Julia Vakulenko,R,183,UKR,20.5,201356,,,Eva Birnerova,R,170,CZE,19.4,6-4 6-3,3,R128,,6,5,67,48,34,5,,2,5,0,2,50,33,17,7,,3,8,84,442,103,346
2004-W-SL-AUS-01A-2004,Australian Open,Hard,128,G,20040119,40,200107,12,,Paola Suarez,R,170,ARG,27.5,201363,,Q,Gisela Dulko,R,170,ARG,18.9,6-2 6-2,3,R128,,3,2,51,37,26,8,,2,3,0,4,58,34,22,5,,2,7,14,1673,125,272
2004-W-SL-AUS-01A-2004,Australian Open,Hard,128,G,20040119,41,200040,14,,Anna Smashnova,R,157,ISR,27.5,201344,,,Klara Koukalova,R,166,CZE,21.9,6-3 6-3,3,R128,,,,,,,,,,,,,,,,,,,,17,1353,65,542
2004-W-SL-AUS-01A-2004,Australian Open,Hard,128,G,20040119,42,201364,,WC,Tatiana Golovin,R,175,FRA,15.9,201306,,,Marie Gaiane Mikaelian,R,172,SUI,19.8,6-0 4-1 RET,3,R128,,2,3,48,30,18,13,,7,7,1,4,34,17,7,6,,3,7,354,53,91,402
2004-W-SL-AUS-01A-2004,Australian Open,Hard,128,G,20040119,43,201366,,Q,Barbora Strycova,R,164,CZE,17.8,201367,,,Arantxa Parra Santonja,R,176,ESP,21.1,7-5 6-1,3,R128,,2,2,64,32,26,15,,4,6,6,2,65,29,20,12,,1,6,142,230,66,542
2004-W-SL-AUS-01A-2004,Australian Open,Hard,128,G,20040119,44,200111,23,,Lina Krasnoroutskaya,R,174,RUS,19.7,201368,,,Karolina Sprem,R,174,CRO,19.2,6-3 6-4,3,R128,,7,5,67,39,26,12,,10,13,4,6,70,46,28,4,,7,13,25,1123,49,710
2004-W-SL-AUS-01A-2004,Australian Open,Hard,128,G,20040119,45,200020,25,,Lisa Raymond,R,165,USA,30.4,200035,,,Maria Sanchez Lorenzo,R,171,ESP,26.1,5-7 6-3 6-4,3,R128,,3,6,95,57,37,20,,1,6,3,7,108,54,35,20,,8,15,30,1045,44,760
2004-W-SL-AUS-01A-2004,Australian Open,Hard,128,G,20040119,46,200090,,,Anca Barna,L,175,GER,26.6,200028,,,Maureen Drake,R,175,CAN,32.8,2-6 6-0 7-5,3,R128,,2,5,81,50,35,12,,4,9,0,3,94,64,31,14,,8,15,47,747,119,301
2004-W-SL-AUS-01A-2004,Australian Open,Hard,128,G,20040119,47,201371,,,Vera Dushevina,R,180,RUS,17.2,201386,,,Jie Zheng,R,164,CHN,20.5,6-2 4-6 6-0,3,R128,,2,4,85,48,30,18,,6,10,0,3,79,50,26,8,,4,12,112,315,82,442
2004-W-SL-AUS-01A-2004,Australian Open,Hard,128,G,20040119,48,200748,3,,Venus Williams,R,185,USA,23.5,201315,,,Ashley Harkleroad,R,165,USA,18.7,6-2 6-1,3,R128,,2,5,48,24,18,14,,0,1,0,2,46,38,17,2,,1,6,11,2211,46,751
2004-W-SL-AUS-01A-2004,Australian Open,Hard,128,G,20040119,49,200772,6,,Anastasia Myskina,R,174,RUS,22.5,201387,,,Sofia Arvidsson,R,176,SWE,19.9,6-2 7-5,3,R128,,3,4,88,48,30,19,,10,13,1,2,67,48,24,7,,7,13,7,2629,101,350
2004-W-SL-AUS-01A-2004,Australian Open,Hard,128,G,20040119,50,200022,,,Emmanuelle Gagliardi,R,171,SUI,27.5,201354,,Q,Libuse Prusova,R,176,CZE,24.5,7-6(5) 7-5,3,R128,,1,0,84,55,33,19,,5,8,1,3,77,46,34,9,,2,6,60,604,211,129
2004-W-SL-AUS-01A-2004,Australian Open,Hard,128,G,20040119,51,200729,,LL,Lindsay Lee Waters,R,,USA,26.5,201388,,WC,Sophie Ferguson,R,177,AUS,17.8,6-3 6-1,3,R128,,3,1,48,33,26,10,,3,3,1,2,51,34,18,9,,8,12,115,307,549,21
2004-W-SL-AUS-01A-2004,Australian Open,Hard,128,G,20040119,52,201345,28,,Maria Sharapova,R,188,RUS,16.7,200751,,,Conchita Martinez Granados,R,,ESP,27.9,6-4 6-3,3,R128,,3,1,52,34,20,14,,0,2,0,1,60,43,22,10,,4,8,32,1024,106,337
2004-W-SL-AUS-01A-2004,Australian Open,Hard,128,G,20040119,53,201212,18,,Francesca Schiavone,R,166,ITA,23.5,200066,,,Cristina Torrens Valero,R,171,ESP,29.3,7-5 6-1,3,R128,,1,3,67,32,27,19,,6,7,1,3,56,33,15,14,,2,6,18,1297,108,326
2004-W-SL-AUS-01A-2004,Australian Open,Hard,128,G,20040119,54,200048,,,Elena Likhovtseva,R,174,RUS,28.3,200720,,,Dally Randriantefy,R,165,MAD,26.9,3-6 6-1 6-1,3,R128,,4,3,60,38,30,8,,1,4,1,3,97,72,35,9,,5,12,38,807,97,379
2004-W-SL-AUS-01A-2004,Australian Open,Hard,128,G,20040119,55,200044,,,Denisa Chladkova,R,174,CZE,24.9,200773,,,Stephanie Foretz Gacon,R,166,FRA,22.7,6-4 6-2,3,R128,,1,1,62,45,31,7,,4,6,3,5,60,27,16,13,,2,7,43,769,102,349
2004-W-SL-AUS-01A-2004,Australian Open,Hard,128,G,20040119,56,200039,9,,Chanda Rubin,R,168,USA,27.9,200084,,SR,Asa Carlsson,R,178,SWE,28.5,6-3 4-6 6-3,3,R128,,1,6,84,51,34,15,,2,7,0,4,85,49,28,17,,5,12,10,2297,294,73
2004-W-SL-AUS-01A-2004,Australian Open,Hard,128,G,20040119,57,200062,,,Kristina Brandi,R,168,PUR,26.8,200049,13,,Conchita Martinez,R,170,ESP,31.7,7-6(7) 6-1,3,R128,,0,1,74,65,43,7,,5,6,6,3,61,34,20,15,,4,7,63,556,16,1372
2004-W-SL-AUS-01A-2004,Australian Open,Hard,128,G,20040119,58,200041,,,Amy Frazier,R,175,USA,31.3,200770,,,Stephanie Cohen Aloro,R,175,FRA,20.8,4-6 7-5 6-3,3,R128,,2,7,98,61,32,20,,9,16,4,9,101,60,31,17,,7,16,57,626,67,536
2004-W-SL-AUS-01A-2004,Australian Open,Hard,128,G,20040119,59,200118,,,Virginia Ruano Pascual,R,169,ESP,30.3,200011,,,Katarina Srebotnik,R,180,SLO,22.8,6-4 6-3,3,R128,,2,1,55,41,23,5,,2,6,4,9,71,42,20,10,,8,15,56,670,37,832
2004-W-SL-AUS-01A-2004,Australian Open,Hard,128,G,20040119,60,200700,20,,Silvia Farina Elia,R,172,ITA,31.7,200098,,,Henrieta Nagyova,R,177,SVK,25.0,6-3 6-3,3,R128,,0,2,60,49,27,7,,3,6,1,2,59,40,17,9,,3,9,19,1226,90,406
2004-W-SL-AUS-01A-2004,Australian Open,Hard,128,G,20040119,61,200064,27,,Amanda Coetzer,R,158,RSA,32.2,200045,,,Tara Snyder,R,175,USA,26.6,6-3 6-1,3,R128,,0,1,72,52,30,10,,4,6,2,3,45,31,13,4,,0,6,27,1080,104,345
2004-W-SL-AUS-01A-2004,Australian Open,Hard,128,G,20040119,62,201336,,,Dinara Safina,R,185,RUS,17.7,201346,,,Lubomira Kurhajcova,R,180,SVK,20.2,6-3 7-6(1),3,R128,,5,7,74,36,29,23,,4,5,3,3,58,27,22,17,,2,4,48,737,89,422
2004-W-SL-AUS-01A-2004,Australian Open,Hard,128,G,20040119,63,201308,,,Maria Elena Camerin,R,164,ITA,21.8,201328,,,Milagros Sequera,R,165,VEN,23.3,6-2 6-2,3,R128,,1,0,45,33,20,7,,2,4,0,5,58,31,16,8,,5,11,92,400,73,472
2004-W-SL-AUS-01A-2004,Australian Open,Hard,128,G,20040119,64,200079,2,,Kim Clijsters,R,175,BEL,20.6,200123,,,Marlene Weingartner,R,174,GER,23.9,6-3 6-2,3,R128,,0,5,62,42,31,9,,4,5,2,0,54,31,15,11,,6,10,2,6373,51,703
2004-W-SL-AUS-01A-2004,Australian Open,Hard,128,G,20040119,65,200003,1,,Justine Henin,R,167,BEL,21.6,201301,,Q,Camille Pin,R,162,FRA,22.4,6-1 6-4,3,R64,,4,2,48,23,17,18,,1,2,0,1,44,35,17,3,,1,5,1,6830,168,183
2004-W-SL-AUS-01A-2004,Australian Open,Hard,128,G,20040119,66,201320,30,,Svetlana Kuznetsova,R,174,RUS,18.5,201321,,,Antonella Serra Zanetti,R,168,ITA,23.4,7-6(0) 6-4,3,R64,,6,1,70,41,32,15,,1,3,1,2,66,53,32,6,,2,5,33,1001,105,338
2004-W-SL-AUS-01A-2004,Australian Open,Hard,128,G,20040119,67,201305,19,,Eleni Daniilidou,R,182,GRE,21.3,200072,,,Cara Black,R,167,ZIM,24.9,3-6 6-0 6-1,3,R64,,1,3,67,49,37,8,,6,7,1,2,84,52,27,14,,7,12,24,1158,53,688
2004-W-SL-AUS-01A-2004,Australian Open,Hard,128,G,20040119,68,201379,,Q,Mara Santangelo,R,181,ITA,22.5,200032,,,Barbara Schett,R,176,AUT,27.8,7-6(3) 0-6 6-3,3,R64,,4,1,87,62,36,12,,8,14,5,1,88,58,37,16,,6,10,129,265,87,435
2004-W-SL-AUS-01A-2004,Australian Open,Hard,128,G,20040119,69,201329,11,,Vera Zvonareva,R,172,RUS,19.3,201349,,,Melinda Czink,L,178,HUN,21.2,7-5 6-4,3,R64,,4,1,64,38,24,13,,4,8,1,4,74,51,27,10,,9,15,13,1780,77,467
2004-W-SL-AUS-01A-2004,Australian Open,Hard,128,G,20040119,70,200036,,,Nicole Pratt,R,163,AUS,30.8,201352,,,Akiko Morigami,R,165,JPN,24.0,1-6 6-3 6-3,3,R64,,0,3,66,45,29,8,,5,9,1,6,84,49,31,16,,4,9,52,693,62,571
2004-W-SL-AUS-01A-2004,Australian Open,Hard,128,G,20040119,71,201281,,,Laura Granville,R,175,USA,22.6,200103,,WC,Evie Dominikovic,R,173,AUS,23.6,6-2 2-6 6-1,3,R64,,0,4,76,49,30,15,,5,8,7,0,75,45,27,13,,6,11,54,685,138,240
2004-W-SL-AUS-01A-2004,Australian Open,Hard,128,G,20040119,72,200128,5,,Lindsay Davenport,R,189,USA,27.6,200104,,,Emilie Loit,L,167,FRA,24.6,6-3 3-6 6-0,3,R64,,6,6,84,50,35,13,,3,7,1,6,75,42,18,14,,5,12,5,2936,45,754
2004-W-SL-AUS-01A-2004,Australian Open,Hard,128,G,20040119,73,200065,4,,Amelie Mauresmo,R,175,FRA,24.5,200025,,,Ludmila Cervanova,R,171,SVK,24.2,6-0 6-2,3,R64,,5,1,35,19,17,11,,0,0,0,1,42,29,15,4,,3,8,4,3419,64,552
2004-W-SL-AUS-01A-2004,Australian Open,Hard,128,G,20040119,74,201286,,,Anabel Medina Garrigues,R,169,ESP,21.4,201385,,Q,Yuliana Fedak,R,166,UKR,20.6,6-2 2-6 6-3,3,R64,,0,0,81,56,31,15,,6,10,0,2,79,50,27,13,,5,11,70,517,206,133
2004-W-SL-AUS-01A-2004,Australian Open,Hard,128,G,20040119,75,201380,,,Claudine Schaul,R,169,LUX,20.4,200764,21,,Elena Bovina,R,189,RUS,20.8,6-4 6-3,3,R64,,0,5,56,28,19,12,,3,6,0,2,70,57,26,6,,8,14,76,467,23,1162
2004-W-SL-AUS-01A-2004,Australian Open,Hard,128,G,20040119,76,200008,,,Alicia Molik,R,182,AUS,22.9,201290,15,,Daniela Hantuchova,R,181,SVK,20.7,6-4 6-3,3,R64,,2,1,46,28,21,10,,0,2,1,4,63,37,25,7,,1,6,40,785,21,1208
2004-W-SL-AUS-01A-2004,Australian Open,Hard,128,G,20040119,77,201317,,,Aniko Kapros,R,173,HUN,20.1,201325,,WC,Samantha Stosur,R,172,AUS,19.8,6-3 6-1,3,R64,,3,1,49,24,17,13,,3,5,1,5,47,19,11,8,,3,9,80,445,114,309
2004-W-SL-AUS-01A-2004,Australian Open,Hard,128,G,20040119,78,200015,,,Petra Mandula,R,178,HUN,26.0,200086,24,,Magdalena Maleeva,R,168,BUL,28.8,6-7(6) 6-2 6-3,3,R64,,1,6,107,65,36,18,,12,19,1,4,98,59,27,13,,4,14,39,798,29,1054
2004-W-SL-AUS-01A-2004,Australian Open,Hard,128,G,20040119,79,200110,32,,Fabiola Zuluaga,R,172,COL,25.0,200055,,Q,Mariana Diaz Oliva,R,172,ARG,27.8,6-3 6-4,3,R64,,2,3,67,37,24,18,,2,3,0,3,74,53,31,10,,2,5,36,867,169,178
2004-W-SL-AUS-01A-2004,Australian Open,Hard,128,G,20040119,80,200754,,,Jill Craybas,R,160,USA,29.5,201347,,,Jelena Jankovic,R,177,SRB,18.8,6-4 2-6 8-6,3,R64,,0,5,107,55,28,23,,7,16,0,11,100,70,43,5,,5,14,113,315,79,453
2004-W-SL-AUS-01A-2004,Australian Open,Hard,128,G,20040119,81,201323,,,Saori Obata,L,165,JPN,25.7,200085,8,,Ai Sugiyama,R,163,JPN,28.5,6-4 6-4,3,R64,,0,6,68,39,23,8,,2,8,0,5,71,35,17,10,,7,15,55,685,9,2369
2004-W-SL-AUS-01A-2004,Australian Open,Hard,128,G,20040119,82,200109,29,,Nathalie Dechy,R,177,FRA,24.9,200014,,Q,Tzipi Obziler,R,172,ISR,30.7,6-3 6-0,3,R64,,2,2,58,31,22,18,,1,1,3,3,52,32,18,6,,5,9,28,1077,144,218
2004-W-SL-AUS-01A-2004,Australian Open,Hard,128,G,20040119,83,200067,22,,Patty Schnyder,L,168,SUI,25.0,201294,,,Marion Bartoli,R,170,FRA,19.2,6-4 2-6 6-3,3,R64,,8,2,79,57,38,9,,5,9,2,4,78,48,26,20,,5,10,26,1096,59,607
2004-W-SL-AUS-01A-2004,Australian Open,Hard,128,G,20040119,84,200107,12,,Paola Suarez,R,170,ARG,27.5,201360,,,Julia Vakulenko,R,183,UKR,20.5,6-3 6-4,3,R64,,0,2,59,45,35,7,,1,2,6,7,68,37,26,12,,6,9,14,1673,84,442
2004-W-SL-AUS-01A-2004,Australian Open,Hard,128,G,20040119,85,201364,,WC,Tatiana Golovin,R,175,FRA,15.9,200040,14,,Anna Smashnova,R,157,ISR,27.5,6-2 6-3,3,R64,,2,2,55,32,22,8,,3,7,0,1,50,36,15,3,,4,11,354,53,17,1353
2004-W-SL-AUS-01A-2004,Australian Open,Hard,128,G,20040119,86,200111,23,,Lina Krasnoroutskaya,R,174,RUS,19.7,201366,,Q,Barbora Strycova,R,164,CZE,17.8,6-3 4-6 6-3,3,R64,,4,9,91,58,35,18,,6,10,1,9,97,52,28,25,,6,12,25,1123,142,230
2004-W-SL-AUS-01A-2004,Australian Open,Hard,128,G,20040119,87,200020,25,,Lisa Raymond,R,165,USA,30.4,200090,,,Anca Barna,L,175,GER,26.6,6-3 6-4,3,R64,,9,0,53,37,31,7,,0,1,3,0,59,42,25,9,,5,8,30,1045,47,747
2004-W-SL-AUS-01A-2004,Australian Open,Hard,128,G,20040119,88,200748,3,,Venus Williams,R,185,USA,23.5,201371,,,Vera Dushevina,R,180,RUS,17.2,6-4 6-2,3,R64,,3,5,47,29,23,10,,0,1,1,2,53,30,18,12,,3,7,11,2211,112,315
2004-W-SL-AUS-01A-2004,Australian Open,Hard,128,G,20040119,89,200772,6,,Anastasia Myskina,R,174,RUS,22.5,200022,,,Emmanuelle Gagliardi,R,171,SUI,27.5,6-2 6-4,3,R64,,1,2,57,33,25,14,,2,3,1,1,58,39,21,9,,3,7,7,2629,60,604
2004-W-SL-AUS-01A-2004,Australian Open,Hard,128,G,20040119,90,201345,28,,Maria Sharapova,R,188,RUS,16.7,200729,,LL,Lindsay Lee Waters,R,,USA,26.5,6-1 6-3,3,R64,,3,2,38,29,27,5,,0,0,1,1,56,33,21,6,,5,9,32,1024,115,307
2004-W-SL-AUS-01A-2004,Australian Open,Hard,128,G,20040119,91,200048,,,Elena Likhovtseva,R,174,RUS,28.3,201212,18,,Francesca Schiavone,R,166,ITA,23.5,6-2 6-2,3,R64,,1,2,55,35,23,11,,4,5,0,2,57,24,13,12,,6,11,38,807,18,1297
2004-W-SL-AUS-01A-2004,Australian Open,Hard,128,G,20040119,92,200039,9,,Chanda Rubin,R,168,USA,27.9,200044,,,Denisa Chladkova,R,174,CZE,24.9,6-2 6-4,3,R64,,2,2,57,38,30,8,,5,6,0,5,61,41,26,7,,4,8,10,2297,43,769
2004-W-SL-AUS-01A-2004,Australian Open,Hard,128,G,20040119,93,200041,,,Amy Frazier,R,175,USA,31.3,200062,,,Kristina Brandi,R,168,PUR,26.8,2-6 6-0 7-5,3,R64,,0,12,99,63,40,14,,10,14,0,0,88,56,35,12,,5,11,57,626,63,556
2004-W-SL-AUS-01A-2004,Australian Open,Hard,128,G,20040119,94,200700,20,,Silvia Farina Elia,R,172,ITA,31.7,200118,,,Virginia Ruano Pascual,R,169,ESP,30.3,5-7 6-4 6-4,3,R64,,0,4,104,79,49,11,,8,13,1,3,106,83,44,13,,8,14,19,1226,56,670
2004-W-SL-AUS-01A-2004,Australian Open,Hard,128,G,20040119,95,201336,,,Dinara Safina,R,185,RUS,17.7,200064,27,,Amanda Coetzer,R,158,RSA,32.2,7-5 6-3,3,R64,,4,4,82,44,29,15,,4,8,0,1,65,46,21,9,,4,10,48,737,27,1080
2004-W-SL-AUS-01A-2004,Australian Open,Hard,128,G,20040119,96,200079,2,,Kim Clijsters,R,175,BEL,20.6,201308,,,Maria Elena Camerin,R,164,ITA,21.8,6-0 6-0,3,R64,,1,0,31,20,14,10,,0,0,1,2,46,26,12,4,,6,12,2,6373,92,400
2004-W-SL-AUS-01A-2004,Australian Open,Hard,128,G,20040119,97,200003,1,,Justine Henin,R,167,BEL,21.6,201320,30,,Svetlana Kuznetsova,R,174,RUS,18.5,6-2 7-5,3,R32,,3,2,57,27,18,19,,3,5,2,4,68,36,18,16,,7,12,1,6830,33,1001
2004-W-SL-AUS-01A-2004,Australian Open,Hard,128,G,20040119,98,201379,,Q,Mara Santangelo,R,181,ITA,22.5,201305,19,,Eleni Daniilidou,R,182,GRE,21.3,6-4 5-7 6-3,3,R32,,3,3,92,62,39,14,,8,13,1,7,108,80,49,8,,8,15,129,265,24,1158
2004-W-SL-AUS-01A-2004,Australian Open,Hard,128,G,20040119,99,201329,11,,Vera Zvonareva,R,172,RUS,19.3,200036,,,Nicole Pratt,R,163,AUS,30.8,7-5 2-6 6-1,3,R32,,1,5,85,49,29,17,,4,10,0,5,100,74,42,7,,12,19,13,1780,52,693
2004-W-SL-AUS-01A-2004,Australian Open,Hard,128,G,20040119,100,200128,5,,Lindsay Davenport,R,189,USA,27.6,201281,,,Laura Granville,R,175,USA,22.6,6-4 6-0,3,R32,,2,3,57,27,21,15,,5,6,2,3,49,33,15,6,,4,9,5,2936,54,685
2004-W-SL-AUS-01A-2004,Australian Open,Hard,128,G,20040119,101,200065,4,,Amelie Mauresmo,R,175,FRA,24.5,201286,,,Anabel Medina Garrigues,R,169,ESP,21.4,6-1 6-2,3,R32,,2,3,49,32,23,10,,1,2,1,1,44,35,13,4,,2,7,4,3419,70,517
2004-W-SL-AUS-01A-2004,Australian Open,Hard,128,G,20040119,102,200008,,,Alicia Molik,R,182,AUS,22.9,201380,,,Claudine Schaul,R,169,LUX,20.4,6-7(4) 6-1 6-2,3,R32,,11,6,83,58,42,12,,4,6,1,3,94,68,41,6,,4,11,40,785,76,467
2004-W-SL-AUS-01A-2004,Australian Open,Hard,128,G,20040119,103,201317,,,Aniko Kapros,R,173,HUN,20.1,200015,,,Petra Mandula,R,178,HUN,26.0,3-6 6-3 12-10,3,R32,,3,7,135,71,43,30,,8,16,1,5,143,89,53,20,,12,21,80,445,39,798
2004-W-SL-AUS-01A-2004,Australian Open,Hard,128,G,20040119,104,200110,32,,Fabiola Zuluaga,R,172,COL,25.0,200754,,,Jill Craybas,R,160,USA,29.5,7-6(6) 4-6 6-2,3,R32,,7,0,104,66,43,22,,4,7,0,1,103,66,46,15,,3,7,36,867,113,315
2004-W-SL-AUS-01A-2004,Australian Open,Hard,128,G,20040119,105,200109,29,,Nathalie Dechy,R,177,FRA,24.9,201323,,,Saori Obata,L,165,JPN,25.7,7-5 6-1,3,R32,,5,4,103,68,40,19,,18,20,0,3,54,39,18,8,,3,8,28,1077,55,685
2004-W-SL-AUS-01A-2004,Australian Open,Hard,128,G,20040119,106,200067,22,,Patty Schnyder,L,168,SUI,25.0,200107,12,,Paola Suarez,R,170,ARG,27.5,7-5 6-3,3,R32,,4,1,62,39,29,14,,3,5,1,7,64,44,27,8,,5,9,26,1096,14,1673
2004-W-SL-AUS-01A-2004,Australian Open,Hard,128,G,20040119,107,201364,,WC,Tatiana Golovin,R,175,FRA,15.9,200111,23,,Lina Krasnoroutskaya,R,174,RUS,19.7,6-2 7-6(4),3,R32,,3,7,61,35,26,15,,1,3,1,8,63,36,24,9,,3,7,354,53,25,1123
2004-W-SL-AUS-01A-2004,Australian Open,Hard,128,G,20040119,108,200020,25,,Lisa Raymond,R,165,USA,30.4,200748,3,,Venus Williams,R,185,USA,23.5,6-4 7-6(5),3,R32,,0,2,68,43,23,15,,1,5,14,7,86,48,29,14,,5,10,30,1045,11,2211
2004-W-SL-AUS-01A-2004,Australian Open,Hard,128,G,20040119,109,200772,6,,Anastasia Myskina,R,174,RUS,22.5,201345,28,,Maria Sharapova,R,188,RUS,16.7,6-4 1-6 6-2,3,R32,,3,5,80,44,26,16,,3,8,6,2,81,48,24,17,,6,12,7,2629,32,1024
2004-W-SL-AUS-01A-2004,Australian Open,Hard,128,G,20040119,110,200039,9,,Chanda Rubin,R,168,USA,27.9,200048,,,Elena Likhovtseva,R,174,RUS,28.3,6-3 6-2,3,R32,,1,0,52,34,22,10,,1,3,1,5,45,26,15,6,,2,7,10,2297,38,807
2004-W-SL-AUS-01A-2004,Australian Open,Hard,128,G,20040119,111,200700,20,,Silvia Farina Elia,R,172,ITA,31.7,200041,,,Amy Frazier,R,175,USA,31.3,4-6 6-1 7-5,3,R32,,1,2,116,88,47,11,,12,18,2,12,118,77,40,15,,9,18,19,1226,57,626
2004-W-SL-AUS-01A-2004,Australian Open,Hard,128,G,20040119,112,200079,2,,Kim Clijsters,R,175,BEL,20.6,201336,,,Dinara Safina,R,185,RUS,17.7,6-2 6-1,3,R32,,3,4,63,39,25,11,,5,7,0,3,36,17,7,4,,2,8,2,6373,48,737
2004-W-SL-AUS-01A-2004,Australian Open,Hard,128,G,20040119,113,200003,1,,Justine Henin,R,167,BEL,21.6,201379,,Q,Mara Santangelo,R,181,ITA,22.5,6-1 7-6(5),3,R16,,6,5,75,34,24,23,,7,9,1,1,64,40,25,8,,4,9,1,6830,129,265
2004-W-SL-AUS-01A-2004,Australian Open,Hard,128,G,20040119,114,200128,5,,Lindsay Davenport,R,189,USA,27.6,201329,11,,Vera Zvonareva,R,172,RUS,19.3,6-1 6-3,3,R16,,4,2,43,26,23,11,,2,2,4,2,46,25,16,7,,4,8,5,2936,13,1780
2004-W-SL-AUS-01A-2004,Australian Open,Hard,128,G,20040119,115,200065,4,,Amelie Mauresmo,R,175,FRA,24.5,200008,,,Alicia Molik,R,182,AUS,22.9,7-5 7-5,3,R16,,9,1,72,41,29,14,,1,4,3,2,73,38,23,18,,2,7,4,3419,40,785
2004-W-SL-AUS-01A-2004,Australian Open,Hard,128,G,20040119,116,200110,32,,Fabiola Zuluaga,R,172,COL,25.0,201317,,,Aniko Kapros,R,173,HUN,20.1,6-4 6-2,3,R16,,2,1,48,24,16,12,,0,3,1,4,66,34,16,13,,9,15,36,867,80,445
2004-W-SL-AUS-01A-2004,Australian Open,Hard,128,G,20040119,117,200067,22,,Patty Schnyder,L,168,SUI,25.0,200109,29,,Nathalie Dechy,R,177,FRA,24.9,6-2 6-4,3,R16,,2,3,49,28,23,8,,0,3,0,2,58,41,18,6,,3,9,26,1096,28,1077
2004-W-SL-AUS-01A-2004,Australian Open,Hard,128,G,20040119,118,200020,25,,Lisa Raymond,R,165,USA,30.4,201364,,WC,Tatiana Golovin,R,175,FRA,15.9,6-2 6-0,3,R16,,7,0,37,23,18,11,,1,1,2,6,43,21,13,5,,5,10,30,1045,354,53
2004-W-SL-AUS-01A-2004,Australian Open,Hard,128,G,20040119,119,200772,6,,Anastasia Myskina,R,174,RUS,22.5,200039,9,,Chanda Rubin,R,168,USA,27.9,6-7(3) 6-2 6-2,3,R16,,1,5,88,32,28,28,,2,5,0,3,99,65,33,17,,5,12,7,2629,10,2297
2004-W-SL-AUS-01A-2004,Australian Open,Hard,128,G,20040119,120,200079,2,,Kim Clijsters,R,175,BEL,20.6,200700,20,,Silvia Farina Elia,R,172,ITA,31.7,6-3 6-3,3,R16,,1,5,61,37,25,13,,2,4,2,1,54,34,18,9,,3,8,2,6373,19,1226
2004-W-SL-AUS-01A-2004,Australian Open,Hard,128,G,20040119,121,200003,1,,Justine Henin,R,167,BEL,21.6,200128,5,,Lindsay Davenport,R,189,USA,27.6,7-5 6-3,3,QF,,5,6,69,36,25,11,,8,12,3,4,72,43,28,8,,8,15,1,6830,5,2936
2004-W-SL-AUS-01A-2004,Australian Open,Hard,128,G,20040119,122,200110,32,,Fabiola Zuluaga,R,172,COL,25.0,200065,4,,Amelie Mauresmo,R,175,FRA,24.5,W/O,3,QF,,,,,,,,,,,,,,,,,,,,36,867,4,3419
2004-W-SL-AUS-01A-2004,Australian Open,Hard,128,G,20040119,123,200067,22,,Patty Schnyder,L,168,SUI,25.0,200020,25,,Lisa Raymond,R,165,USA,30.4,7-6(2) 6-3,3,QF,,4,3,71,39,24,21,,7,9,3,4,67,41,25,10,,3,7,26,1096,30,1045
2004-W-SL-AUS-01A-2004,Australian Open,Hard,128,G,20040119,124,200079,2,,Kim Clijsters,R,175,BEL,20.6,200772,6,,Anastasia Myskina,R,174,RUS,22.5,6-2 7-6(9),3,QF,,0,9,82,44,32,14,,6,9,1,4,81,43,23,15,,6,11,2,6373,7,2629
2004-W-SL-AUS-01A-2004,Australian Open,Hard,128,G,20040119,125,200003,1,,Justine Henin,R,167,BEL,21.6,200110,32,,Fabiola Zuluaga,R,172,COL,25.0,6-2 6-2,3,SF,,3,3,57,32,22,14,,3,4,0,2,57,30,15,12,,5,10,1,6830,36,867
2004-W-SL-AUS-01A-2004,Australian Open,Hard,128,G,20040119,126,200079,2,,Kim Clijsters,R,175,BEL,20.6,200067,22,,Patty Schnyder,L,168,SUI,25.0,6-2 7-6(2),3,SF,,1,4,73,43,30,18,,3,5,2,3,65,37,21,12,,0,4,2,6373,26,1096
2004-W-SL-AUS-01A-2004,Australian Open,Hard,128,G,20040119,127,200003,1,,Justine Henin,R,167,BEL,21.6,200079,2,,Kim Clijsters,R,175,BEL,20.6,6-3 4-6 6-3,3,F,,4,6,77,38,31,17,,2,6,1,6,91,60,37,11,,2,8,1,6830,2,6373
2005-W-SL-AUS-01A-2005,Australian Open,Hard,128,G,20050117,1,200128,1,,Lindsay Davenport,R,189,USA,28.6,200049,,,Conchita Martinez,R,170,ESP,32.7,6-1 6-0,3,R128,,4,0,37,21,13,13,,2,2,0,4,36,23,8,6,,2,8,1,4666,46,704
2005-W-SL-AUS-01A-2005,Australian Open,Hard,128,G,20050117,2,201409,,,Michaela Pastikova,R,176,CZE,24.8,200124,,,Anne Kremer,R,165,LUX,29.2,6-4 6-4,3,R128,,0,5,56,34,18,12,,5,10,2,5,57,40,19,5,,5,12,99,374,98,383
2005-W-SL-AUS-01A-2005,Australian Open,Hard,128,G,20050117,3,201400,,,Nicole Vaidisova,R,181,CZE,15.7,200024,,,Maria Vento Kabchi,R,168,VEN,30.6,6-7(4) 6-4 6-2,3,R128,,7,9,90,57,34,11,,4,12,1,5,97,63,27,16,,9,20,70,523,50,660
2005-W-SL-AUS-01A-2005,Australian Open,Hard,128,G,20050117,4,200056,31,,Jelena Kostanic Tosic,L,168,CRO,23.5,201348,,WC,Casey Dellacqua,L,165,AUS,19.9,3-6 6-2 6-2,3,R128,,2,5,76,54,35,13,,4,7,1,7,70,38,24,16,,3,9,35,836,256,108
2005-W-SL-AUS-01A-2005,Australian Open,Hard,128,G,20050117,5,200048,18,,Elena Likhovtseva,R,174,RUS,29.3,201391,,,Sanda Mamic,U,179,CRO,19.8,6-3 6-3,3,R128,,3,2,56,36,22,13,,3,5,5,8,62,34,21,13,,6,11,22,1295,102,364
2005-W-SL-AUS-01A-2005,Australian Open,Hard,128,G,20050117,6,200103,,WC,Evie Dominikovic,R,173,AUS,24.6,201379,,,Mara Santangelo,R,181,ITA,23.5,6-7(5) 6-4 6-3,3,R128,,12,1,88,63,40,17,,3,7,2,5,112,75,46,21,,11,17,120,305,89,403
2005-W-SL-AUS-01A-2005,Australian Open,Hard,128,G,20050117,7,200060,,,Tathiana Garbin,R,172,ITA,27.5,200123,,,Marlene Weingartner,R,174,GER,24.9,7-5 7-6(5),3,R128,,3,5,76,52,35,14,,6,10,0,7,73,43,25,18,,5,10,68,529,74,503
2005-W-SL-AUS-01A-2005,Australian Open,Hard,128,G,20050117,8,201368,13,,Karolina Sprem,R,174,CRO,20.2,201410,,WC,Monique Adamczak,R,170,AUS,21.9,6-2 6-3,3,R128,,,,,,,,,,,,,,,,,,,,18,1352,359,57
2005-W-SL-AUS-01A-2005,Australian Open,Hard,128,G,20050117,9,200008,10,,Alicia Molik,R,182,AUS,23.9,201286,,,Anabel Medina Garrigues,R,169,ESP,22.4,6-1 6-3,3,R128,,3,3,54,33,26,10,,4,5,2,4,63,30,17,12,,6,11,12,2211,38,809
2005-W-SL-AUS-01A-2005,Australian Open,Hard,128,G,20050117,10,201411,,Q,Aiko Nakamura,R,163,JPN,21.0,201376,,Q,Angela Haynes,L,173,USA,20.3,6-3 6-4,3,R128,,0,3,79,49,30,12,,13,16,1,1,63,42,18,11,,6,12,132,256,125,288
2005-W-SL-AUS-01A-2005,Australian Open,Hard,128,G,20050117,11,200063,,,Tatiana Panova,R,154,RUS,28.4,201321,,,Antonella Serra Zanetti,R,168,ITA,24.4,4-6 6-2 6-1,3,R128,,,,,,,,,,,,,,,,,,,,78,489,103,362
2005-W-SL-AUS-01A-2005,Australian Open,Hard,128,G,20050117,12,201347,23,,Jelena Jankovic,R,177,SRB,19.8,200036,,,Nicole Pratt,R,163,AUS,31.8,6-1 6-3,3,R128,,,,,,,,,,,,,,,,,,,,27,1095,53,620
2005-W-SL-AUS-01A-2005,Australian Open,Hard,128,G,20050117,13,200040,27,,Anna Smashnova,R,157,ISR,28.5,200035,,,Maria Sanchez Lorenzo,R,171,ESP,27.1,4-6 6-0 6-0,3,R128,,1,3,56,44,30,8,,3,5,3,4,72,41,21,13,,5,12,33,873,58,582
2005-W-SL-AUS-01A-2005,Australian Open,Hard,128,G,20050117,14,200009,,,Tamarine Tanasugarn,R,165,THA,27.6,201366,,,Barbora Strycova,R,164,CZE,18.8,6-0 6-2,3,R128,,1,1,40,27,19,8,,1,2,1,5,37,21,10,4,,3,9,73,512,55,596
2005-W-SL-AUS-01A-2005,Australian Open,Hard,128,G,20050117,15,201397,,,Shuai Peng,R,173,CHN,19.0,201308,,,Maria Elena Camerin,R,164,ITA,22.8,6-1 6-2,3,R128,,3,0,44,35,26,2,,4,6,0,2,43,25,10,6,,5,11,48,679,43,734
2005-W-SL-AUS-01A-2005,Australian Open,Hard,128,G,20050117,16,200748,8,,Venus Williams,R,185,USA,24.5,201305,,,Eleni Daniilidou,R,182,GRE,22.3,6-1 7-5,3,R128,,1,3,60,42,27,11,,1,4,0,9,51,36,17,9,,4,10,9,2400,40,786
2005-W-SL-AUS-01A-2005,Australian Open,Hard,128,G,20050117,17,200772,3,,Anastasia Myskina,R,174,RUS,23.5,200117,,,Kveta Peschke,R,165,CZE,29.5,6-1 6-4,3,R128,,1,4,49,26,16,14,,5,8,2,4,58,38,19,6,,6,13,3,3934,86,432
2005-W-SL-AUS-01A-2005,Australian Open,Hard,128,G,20050117,18,200014,,,Tzipi Obziler,R,172,ISR,31.7,200104,,,Emilie Loit,L,167,FRA,25.6,7-6(11) 6-4,3,R128,,4,2,69,49,37,13,,0,0,1,0,77,36,25,22,,1,2,114,324,47,691
2005-W-SL-AUS-01A-2005,Australian Open,Hard,128,G,20050117,19,201344,,,Klara Koukalova,R,166,CZE,22.8,200031,,Q,Meilen Tu,R,163,USA,27.0,6-3 6-3,3,R128,,,,,,,,,,,,,,,,,,,,42,749,201,157
2005-W-SL-AUS-01A-2005,Australian Open,Hard,128,G,20050117,20,200020,25,,Lisa Raymond,R,165,USA,31.4,201412,,Q,Anastasia Yakimova,R,165,BLR,18.2,6-0 6-1,3,R128,,1,1,47,36,24,8,,4,4,0,5,27,17,7,4,,2,7,30,1032,136,250
2005-W-SL-AUS-01A-2005,Australian Open,Hard,128,G,20050117,21,200109,19,,Nathalie Dechy,R,177,FRA,25.9,200022,,,Emmanuelle Gagliardi,R,171,SUI,28.5,6-4 6-3,3,R128,,0,3,65,38,25,16,,8,9,5,7,63,38,25,14,,5,9,25,1247,118,316
2005-W-SL-AUS-01A-2005,Australian Open,Hard,128,G,20050117,22,201087,,,Mashona Washington,R,168,USA,28.6,201293,,,Catalina Castano,R,171,COL,25.5,6-2 6-3,3,R128,,,,,,,,,,,,,,,,,,,,52,633,113,326
2005-W-SL-AUS-01A-2005,Australian Open,Hard,128,G,20050117,23,201309,,,Tatiana Perebiynis,R,173,UKR,22.0,201413,,WC,Capucine Rousseau,R,,FRA,24.7,1-6 6-4 7-5,3,R128,,2,9,94,56,34,26,,6,10,1,0,90,60,33,22,,8,11,92,396,127,272
2005-W-SL-AUS-01A-2005,Australian Open,Hard,128,G,20050117,24,201212,14,,Francesca Schiavone,R,166,ITA,24.5,200777,,,Marta Marrero,R,173,ESP,22.0,6-3 6-2,3,R128,,6,,44,31,25,11,,0,0,2,,53,30,18,12,,6,9,23,1274,49,663
2005-W-SL-AUS-01A-2005,Australian Open,Hard,128,G,20050117,25,200067,12,,Patty Schnyder,L,168,SUI,26.0,201385,,,Yuliana Fedak,R,166,UKR,21.6,6-1 6-1,3,R128,,2,2,44,28,23,11,,4,4,0,3,53,35,17,8,,6,11,14,1842,76,498
2005-W-SL-AUS-01A-2005,Australian Open,Hard,128,G,20050117,26,201414,,Q,Michaella Krajicek,R,177,NED,16.0,200773,,,Stephanie Foretz Gacon,R,166,FRA,23.7,6-2 6-1,3,R128,,3,5,56,35,20,13,,5,8,1,17,28,23,13,2,,4,11,235,129,94,392
2005-W-SL-AUS-01A-2005,Australian Open,Hard,128,G,20050117,27,201401,,,Abigail Spears,R,175,USA,23.5,200046,,,Meghann Shaughnessy,R,180,USA,25.7,1-6 6-2 6-2,3,R128,,3,8,57,38,27,10,,2,5,7,5,70,50,32,8,,2,7,96,387,41,760
2005-W-SL-AUS-01A-2005,Australian Open,Hard,128,G,20050117,28,201364,20,,Tatiana Golovin,R,175,FRA,16.9,200025,,,Ludmila Cervanova,R,171,SVK,25.2,6-3 7-5,3,R128,,2,7,83,45,32,18,,6,8,3,0,78,54,29,12,,5,9,24,1250,90,398
2005-W-SL-AUS-01A-2005,Australian Open,Hard,128,G,20050117,29,201290,26,,Daniela Hantuchova,R,181,SVK,21.7,201352,,,Akiko Morigami,R,165,JPN,25.0,6-4 7-5,3,R128,,5,0,69,43,30,9,,5,9,1,4,71,45,24,13,,7,13,31,982,81,478
2005-W-SL-AUS-01A-2005,Australian Open,Hard,128,G,20050117,30,200032,,,Barbara Schett,R,176,AUT,28.8,201415,,WC,Tiffany Welford,R,168,AUS,19.7,6-3 1-6 6-2,3,R128,,5,6,74,43,31,13,,7,10,6,8,67,40,28,11,,3,7,97,387,280,92
2005-W-SL-AUS-01A-2005,Australian Open,Hard,128,G,20050117,31,201403,,,Anna Chakvetadze,R,172,RUS,17.8,201367,,,Arantxa Parra Santonja,R,176,ESP,22.1,6-3 6-2,3,R128,,1,5,48,28,17,9,,4,7,1,2,62,30,19,6,,5,12,85,441,79,484
2005-W-SL-AUS-01A-2005,Australian Open,Hard,128,G,20050117,32,200108,6,,Elena Dementieva,R,180,RUS,23.2,201416,,,Alona Bondarenko,R,168,UKR,20.4,6-3 6-3,3,R128,,,,,,,,,,,,,,,,,,,,6,3505,112,336
2005-W-SL-AUS-01A-2005,Australian Open,Hard,128,G,20050117,33,201320,5,,Svetlana Kuznetsova,R,174,RUS,19.5,201404,,Q,Jessica Kirkland,R,175,USA,17.1,6-1 6-1,3,R128,,5,0,33,21,19,9,,0,0,0,5,36,23,12,6,,2,7,5,3526,239,127
2005-W-SL-AUS-01A-2005,Australian Open,Hard,128,G,20050117,34,201294,,,Marion Bartoli,R,170,FRA,20.2,201380,,,Claudine Schaul,R,169,LUX,21.4,6-1 6-3,3,R128,,2,2,41,25,16,7,,3,6,0,8,45,17,7,8,,3,10,39,788,61,574
2005-W-SL-AUS-01A-2005,Australian Open,Hard,128,G,20050117,35,200055,,,Mariana Diaz Oliva,R,172,ARG,28.8,201323,,,Saori Obata,L,165,JPN,26.7,6-3 6-4,3,R128,,2,3,68,49,36,8,,6,7,0,2,59,46,27,5,,1,4,101,368,109,341
2005-W-SL-AUS-01A-2005,Australian Open,Hard,128,G,20050117,36,201363,29,,Gisela Dulko,R,170,ARG,19.9,200062,,,Kristina Brandi,R,168,PUR,27.8,6-3 3-6 6-3,3,R128,,5,5,89,49,27,20,,9,14,0,2,84,60,29,14,,3,10,32,980,56,591
2005-W-SL-AUS-01A-2005,Australian Open,Hard,128,G,20050117,37,200110,17,,Fabiola Zuluaga,R,172,COL,26.0,201209,,,Selima Sfar,R,166,TUN,27.5,6-3 7-5,3,R128,,0,4,71,48,36,15,,6,6,4,4,58,27,21,17,,4,6,16,1362,119,313
2005-W-SL-AUS-01A-2005,Australian Open,Hard,128,G,20050117,38,201394,,,Anna Lena Groenefeld,R,180,GER,19.6,201392,,,Severine Beltrame,R,171,FRA,25.4,6-1 6-3,3,R128,,2,4,52,31,21,14,,7,8,1,3,43,19,7,13,,1,6,71,517,100,373
2005-W-SL-AUS-01A-2005,Australian Open,Hard,128,G,20050117,39,201371,,,Vera Dushevina,R,180,RUS,18.2,200754,,,Jill Craybas,R,160,USA,30.5,3-6 7-6(2) 6-4,3,R128,,7,5,102,58,32,20,,3,11,0,5,107,65,34,20,,5,12,65,545,62,567
2005-W-SL-AUS-01A-2005,Australian Open,Hard,128,G,20050117,40,201329,9,,Vera Zvonareva,R,172,RUS,20.3,201405,,Q,Nan Nan Liu,U,176,CHN,21.5,6-4 6-2,3,R128,,1,8,54,32,21,13,,3,6,0,3,56,33,15,12,,4,10,11,2299,175,191
2005-W-SL-AUS-01A-2005,Australian Open,Hard,128,G,20050117,41,200700,15,,Silvia Farina Elia,R,172,ITA,32.7,201361,,,Julia Schruff,R,166,GER,22.4,6-3 6-4,3,R128,,2,2,58,47,32,5,,5,7,0,2,57,31,17,12,,2,7,19,1340,107,347
2005-W-SL-AUS-01A-2005,Australian Open,Hard,128,G,20050117,42,201417,,,Marta Domachowska,R,176,POL,19.0,201418,,Q,Ting Li,R,,CHN,25.0,6-1 3-6 6-0,3,R128,,7,8,55,39,33,9,,4,6,0,5,58,39,19,12,,3,9,69,529,171,195
2005-W-SL-AUS-01A-2005,Australian Open,Hard,128,G,20050117,43,201304,,Q,Elena Baltacha,R,175,GBR,21.4,200011,,,Katarina Srebotnik,R,180,SLO,23.8,5-7 6-4 6-4,3,R128,,1,6,96,56,34,21,,5,11,0,1,104,68,39,18,,6,13,185,175,66,534
2005-W-SL-AUS-01A-2005,Australian Open,Hard,128,G,20050117,44,200770,,,Stephanie Cohen Aloro,R,175,FRA,21.8,200096,24,,Mary Pierce,R,178,FRA,30.0,6-2 6-2,3,R128,,3,6,61,38,28,11,,3,4,1,2,51,32,17,8,,5,10,115,323,29,1043
2005-W-SL-AUS-01A-2005,Australian Open,Hard,128,G,20050117,45,201085,28,,Shinobu Asagoe,R,170,JPN,28.5,200090,,,Anca Barna,L,175,GER,27.6,6-4 6-2,3,R128,,0,1,43,28,21,8,,0,2,3,2,54,40,23,6,,2,7,36,832,95,391
2005-W-SL-AUS-01A-2005,Australian Open,Hard,128,G,20050117,46,201419,,,Na Li,R,172,CHN,22.8,201281,,,Laura Granville,R,175,USA,23.6,6-2 4-6 6-2,3,R128,,1,4,82,66,37,11,,3,7,1,2,86,48,27,17,,7,14,64,547,77,490
2005-W-SL-AUS-01A-2005,Australian Open,Hard,128,G,20050117,47,200729,,,Lindsay Lee Waters,R,,USA,27.5,201298,,Q,Zsofia Gubacsi,R,173,HUN,23.7,6-3 7-5,3,R128,,1,3,60,36,26,9,,4,7,1,1,80,60,28,11,,15,21,87,430,178,184
2005-W-SL-AUS-01A-2005,Australian Open,Hard,128,G,20050117,48,201345,4,,Maria Sharapova,R,188,RUS,17.7,201402,,Q,Sesil Karatantcheva,R,171,KAZ,15.4,6-3 6-1,3,R128,,,,,,,,,,,,,,,,,,,,4,3536,110,341
2005-W-SL-AUS-01A-2005,Australian Open,Hard,128,G,20050117,49,200033,7,,Serena Williams,R,175,USA,23.3,201301,,,Camille Pin,R,162,FRA,23.3,6-1 6-1,3,R128,,3,3,37,18,16,9,,1,3,0,2,53,36,12,7,,7,14,7,3128,106,348
2005-W-SL-AUS-01A-2005,Australian Open,Hard,128,G,20050117,50,200720,,,Dally Randriantefy,R,165,MAD,27.8,201334,,Q,Zuzana Ondraskova,R,174,CZE,24.7,6-1 6-1,3,R128,,,,,,,,,,,,,,,,,,,,67,531,137,249
2005-W-SL-AUS-01A-2005,Australian Open,Hard,128,G,20050117,51,201420,,WC,Sania Mirza,R,153,IND,18.1,200753,,WC,Cindy Watson,R,,AUS,26.8,3-6 6-3 6-0,3,R128,,1,3,80,44,29,16,,9,13,0,5,86,67,34,7,,5,12,166,200,285,90
2005-W-SL-AUS-01A-2005,Australian Open,Hard,128,G,20050117,52,200015,,,Petra Mandula,R,178,HUN,27.0,201355,30,,Flavia Pennetta,R,172,ITA,22.8,3-6 6-1 6-3,3,R128,,0,9,78,44,28,19,,5,10,1,7,67,43,24,11,,8,15,84,452,37,831
2005-W-SL-AUS-01A-2005,Australian Open,Hard,128,G,20050117,53,200086,22,,Magdalena Maleeva,R,168,BUL,29.7,200027,,,Magui Serna,L,167,ESP,25.8,6-1 6-1,3,R128,,1,0,38,19,17,12,,2,2,1,4,36,21,9,5,,1,6,26,1198,116,322
2005-W-SL-AUS-01A-2005,Australian Open,Hard,128,G,20050117,54,200121,,,Alina Jidkova,R,168,RUS,27.9,200118,,,Virginia Ruano Pascual,R,169,ESP,31.3,4-6 6-1 6-4,3,R128,,,,,,,,,,,,,,,,,,,,54,602,72,512
2005-W-SL-AUS-01A-2005,Australian Open,Hard,128,G,20050117,55,201388,,WC,Sophie Ferguson,R,177,AUS,18.8,201291,,,Nuria Llagostera Vives,R,156,ESP,24.6,2-6 7-6(6) 6-4,3,R128,,2,1,94,71,38,11,,3,10,5,15,112,66,40,28,,12,18,289,89,83,474
2005-W-SL-AUS-01A-2005,Australian Open,Hard,128,G,20050117,56,200069,11,,Nadia Petrova,R,178,RUS,22.6,200043,,,Virginie Razzano,R,173,FRA,21.6,6-1 6-2,3,R128,,6,2,46,28,22,9,,7,8,0,2,45,30,11,9,,3,8,13,1985,63,561
2005-W-SL-AUS-01A-2005,Australian Open,Hard,128,G,20050117,57,201292,,,Martina Sucha,R,170,SVK,24.1,200085,16,,Ai Sugiyama,R,163,JPN,29.5,7-5 6-4,3,R128,,2,5,92,61,33,16,,14,19,2,8,63,41,21,10,,3,10,57,584,21,1314
2005-W-SL-AUS-01A-2005,Australian Open,Hard,128,G,20050117,58,201407,,,Evgenia Linetskaya,R,,ISR,18.1,201346,,,Lubomira Kurhajcova,R,180,SVK,21.2,6-4 6-1,3,R128,,1,5,57,25,21,12,,6,9,2,5,54,36,16,5,,2,8,93,393,88,407
2005-W-SL-AUS-01A-2005,Australian Open,Hard,128,G,20050117,59,200044,,,Denisa Chladkova,R,174,CZE,25.9,200007,,,Silvija Talaja,R,173,CRO,27.0,7-6(3) 6-3,3,R128,,1,3,70,42,30,15,,3,5,2,6,76,51,31,10,,6,9,51,650,111,339
2005-W-SL-AUS-01A-2005,Australian Open,Hard,128,G,20050117,60,200041,21,,Amy Frazier,R,175,USA,32.3,200126,,,Marissa Irvin,R,170,USA,24.5,7-5 6-1,3,R128,,,,,,,,,,,,,,,,,,,,28,1077,75,502
2005-W-SL-AUS-01A-2005,Australian Open,Hard,128,G,20050117,61,201421,,,Ana Ivanovic,R,184,SRB,17.1,201331,32,,Iveta Benesova,L,170,CZE,21.9,3-6 7-6(4) 6-1,3,R128,,,,,,,,,,,,,,,,,,,,82,478,34,870
2005-W-SL-AUS-01A-2005,Australian Open,Hard,128,G,20050117,62,201373,,,Maria Kirilenko,R,173,RUS,17.9,201317,,,Aniko Kapros,R,173,HUN,21.1,5-7 6-2 6-4,3,R128,,,,,,,,,,,,,,,,,,,,105,353,91,397
2005-W-SL-AUS-01A-2005,Australian Open,Hard,128,G,20050117,63,201336,,,Dinara Safina,R,185,RUS,18.7,201386,,,Jie Zheng,R,164,CHN,21.5,7-5 3-6 6-4,3,R128,,2,4,95,60,39,15,,5,11,0,1,101,76,46,11,,11,17,44,732,59,579
2005-W-SL-AUS-01A-2005,Australian Open,Hard,128,G,20050117,64,200065,2,,Amelie Mauresmo,R,175,FRA,25.5,201325,,,Samantha Stosur,R,172,AUS,20.8,6-2 6-3,3,R128,,1,6,55,32,21,14,,1,3,0,1,46,23,9,11,,0,5,2,4320,45,727
2005-W-SL-AUS-01A-2005,Australian Open,Hard,128,G,20050117,65,200128,1,,Lindsay Davenport,R,189,USA,28.6,201409,,,Michaela Pastikova,R,176,CZE,24.8,2-6 6-2 6-2,3,R64,,8,3,65,36,26,17,,3,6,3,9,67,32,22,13,,2,7,1,4666,99,374
2005-W-SL-AUS-01A-2005,Australian Open,Hard,128,G,20050117,66,201400,,,Nicole Vaidisova,R,181,CZE,15.7,200056,31,,Jelena Kostanic Tosic,L,168,CRO,23.5,6-0 7-5,3,R64,,4,5,52,36,30,6,,1,2,1,6,47,33,16,4,,2,7,70,523,35,836
2005-W-SL-AUS-01A-2005,Australian Open,Hard,128,G,20050117,67,200048,18,,Elena Likhovtseva,R,174,RUS,29.3,200103,,WC,Evie Dominikovic,R,173,AUS,24.6,6-3 2-6 6-3,3,R64,,1,7,78,47,24,15,,3,9,1,0,77,51,25,10,,7,14,22,1295,120,305
2005-W-SL-AUS-01A-2005,Australian Open,Hard,128,G,20050117,68,201368,13,,Karolina Sprem,R,174,CRO,20.2,200060,,,Tathiana Garbin,R,172,ITA,27.5,7-6(5) 7-6(2),3,R64,,1,9,89,42,31,18,,6,10,3,4,79,45,27,16,,4,8,18,1352,68,529
2005-W-SL-AUS-01A-2005,Australian Open,Hard,128,G,20050117,69,200008,10,,Alicia Molik,R,182,AUS,23.9,201411,,Q,Aiko Nakamura,R,163,JPN,21.0,6-2 6-4,3,R64,,9,1,51,33,24,11,,1,2,1,5,76,48,30,8,,4,8,12,2211,132,256
2005-W-SL-AUS-01A-2005,Australian Open,Hard,128,G,20050117,70,200063,,,Tatiana Panova,R,154,RUS,28.4,201347,23,,Jelena Jankovic,R,177,SRB,19.8,3-6 6-4 6-2,3,R64,,0,2,92,60,36,11,,9,13,1,6,85,65,36,5,,2,9,78,489,27,1095
2005-W-SL-AUS-01A-2005,Australian Open,Hard,128,G,20050117,71,200040,27,,Anna Smashnova,R,157,ISR,28.5,200009,,,Tamarine Tanasugarn,R,165,THA,27.6,6-2 6-2,3,R64,,0,1,42,21,14,10,,2,5,1,1,43,27,8,5,,1,8,33,873,73,512
2005-W-SL-AUS-01A-2005,Australian Open,Hard,128,G,20050117,72,200748,8,,Venus Williams,R,185,USA,24.5,201397,,,Shuai Peng,R,173,CHN,19.0,6-3 6-1,3,R64,,7,3,57,38,26,8,,3,5,0,2,72,41,19,12,,7,13,9,2400,48,679
2005-W-SL-AUS-01A-2005,Australian Open,Hard,128,G,20050117,73,200772,3,,Anastasia Myskina,R,174,RUS,23.5,200014,,,Tzipi Obziler,R,172,ISR,31.7,6-4 6-2,3,R64,,3,2,54,30,20,14,,3,5,0,4,64,35,19,10,,6,11,3,3934,114,324
2005-W-SL-AUS-01A-2005,Australian Open,Hard,128,G,20050117,74,200020,25,,Lisa Raymond,R,165,USA,31.4,201344,,,Klara Koukalova,R,166,CZE,22.8,6-0 6-1,3,R64,,,,,,,,,,,,,,,,,,,,30,1032,42,749
2005-W-SL-AUS-01A-2005,Australian Open,Hard,128,G,20050117,75,200109,19,,Nathalie Dechy,R,177,FRA,25.9,201087,,,Mashona Washington,R,168,USA,28.6,6-7(2) 7-6(5) 6-2,3,R64,,1,6,109,75,48,15,,7,11,7,5,140,100,59,15,,11,17,25,1247,52,633
2005-W-SL-AUS-01A-2005,Australian Open,Hard,128,G,20050117,76,201212,14,,Francesca Schiavone,R,166,ITA,24.5,201309,,,Tatiana Perebiynis,R,173,UKR,22.0,2-6 6-3 6-0,3,R64,,5,1,74,40,30,14,,3,6,3,7,72,45,29,8,,6,11,23,1274,92,396
2005-W-SL-AUS-01A-2005,Australian Open,Hard,128,G,20050117,77,200067,12,,Patty Schnyder,L,168,SUI,26.0,201414,,Q,Michaella Krajicek,R,177,NED,16.0,3-6 6-3 6-4,3,R64,,6,2,89,52,35,16,,3,8,2,6,95,44,32,17,,4,9,14,1842,235,129
2005-W-SL-AUS-01A-2005,Australian Open,Hard,128,G,20050117,78,201401,,,Abigail Spears,R,175,USA,23.5,201364,20,,Tatiana Golovin,R,175,FRA,16.9,7-5 6-1,3,R64,,1,5,61,35,23,14,,3,5,2,10,59,32,20,8,,10,16,96,387,24,1250
2005-W-SL-AUS-01A-2005,Australian Open,Hard,128,G,20050117,79,201290,26,,Daniela Hantuchova,R,181,SVK,21.7,200032,,,Barbara Schett,R,176,AUT,28.8,6-4 6-0,3,R64,,6,1,57,35,29,7,,3,4,3,3,102,53,30,19,,18,23,31,982,97,387
2005-W-SL-AUS-01A-2005,Australian Open,Hard,128,G,20050117,80,200108,6,,Elena Dementieva,R,180,RUS,23.2,201403,,,Anna Chakvetadze,R,172,RUS,17.8,6-2 6-1,3,R64,,0,6,46,29,23,8,,3,4,1,3,56,33,17,6,,6,12,6,3505,85,441
2005-W-SL-AUS-01A-2005,Australian Open,Hard,128,G,20050117,81,201320,5,,Svetlana Kuznetsova,R,174,RUS,19.5,201294,,,Marion Bartoli,R,170,FRA,20.2,6-2 6-0,3,R64,,7,2,40,23,17,9,,1,2,1,2,51,35,16,3,,3,9,5,3526,39,788
2005-W-SL-AUS-01A-2005,Australian Open,Hard,128,G,20050117,82,200055,,,Mariana Diaz Oliva,R,172,ARG,28.8,201363,29,,Gisela Dulko,R,170,ARG,19.9,7-6(2) 7-5,3,R64,,1,6,105,69,38,17,,10,15,1,3,74,48,27,8,,3,9,101,368,32,980
2005-W-SL-AUS-01A-2005,Australian Open,Hard,128,G,20050117,83,201394,,,Anna Lena Groenefeld,R,180,GER,19.6,200110,17,,Fabiola Zuluaga,R,172,COL,26.0,6-2 7-6(2),3,R64,,7,4,56,36,29,11,,0,1,2,2,71,51,31,9,,3,6,71,517,16,1362
2005-W-SL-AUS-01A-2005,Australian Open,Hard,128,G,20050117,84,201371,,,Vera Dushevina,R,180,RUS,18.2,201329,9,,Vera Zvonareva,R,172,RUS,20.3,6-3 6-3,3,R64,,1,2,50,31,22,9,,0,2,1,11,54,22,14,11,,2,7,65,545,11,2299
2005-W-SL-AUS-01A-2005,Australian Open,Hard,128,G,20050117,85,200700,15,,Silvia Farina Elia,R,172,ITA,32.7,201417,,,Marta Domachowska,R,176,POL,19.0,6-3 7-6(5),3,R64,,0,3,63,45,26,8,,2,7,4,14,74,37,25,10,,4,11,19,1340,69,529
2005-W-SL-AUS-01A-2005,Australian Open,Hard,128,G,20050117,86,201304,,Q,Elena Baltacha,R,175,GBR,21.4,200770,,,Stephanie Cohen Aloro,R,175,FRA,21.8,2-6 6-3 6-1,3,R64,,5,3,82,48,34,19,,7,9,3,6,76,47,28,16,,10,14,185,175,115,323
2005-W-SL-AUS-01A-2005,Australian Open,Hard,128,G,20050117,87,201419,,,Na Li,R,172,CHN,22.8,201085,28,,Shinobu Asagoe,R,170,JPN,28.5,6-3 6-4,3,R64,,,,,,,,,,,,,,,,,,,,64,547,36,832
2005-W-SL-AUS-01A-2005,Australian Open,Hard,128,G,20050117,88,201345,4,,Maria Sharapova,R,188,RUS,17.7,200729,,,Lindsay Lee Waters,R,,USA,27.5,4-6 6-0 6-3,3,R64,,8,4,81,50,34,20,,4,5,1,3,86,50,33,16,,7,11,4,3536,87,430
2005-W-SL-AUS-01A-2005,Australian Open,Hard,128,G,20050117,89,200033,7,,Serena Williams,R,175,USA,23.3,200720,,,Dally Randriantefy,R,165,MAD,27.8,6-3 6-0,3,R64,,6,1,44,31,26,8,,2,2,0,1,41,28,14,5,,4,8,7,3128,67,531
2005-W-SL-AUS-01A-2005,Australian Open,Hard,128,G,20050117,90,201420,,WC,Sania Mirza,R,153,IND,18.1,200015,,,Petra Mandula,R,178,HUN,27.0,6-2 6-1,3,R64,,2,4,50,20,16,17,,1,2,1,6,47,26,15,5,,6,11,166,200,84,452
2005-W-SL-AUS-01A-2005,Australian Open,Hard,128,G,20050117,91,200086,22,,Magdalena Maleeva,R,168,BUL,29.7,200121,,,Alina Jidkova,R,168,RUS,27.9,6-4 7-5,3,R64,,4,3,52,37,32,4,,1,4,3,3,77,41,24,15,,8,13,26,1198,54,602
2005-W-SL-AUS-01A-2005,Australian Open,Hard,128,G,20050117,92,200069,11,,Nadia Petrova,R,178,RUS,22.6,201388,,WC,Sophie Ferguson,R,177,AUS,18.8,4-6 6-0 6-1,3,R64,,2,4,62,37,31,15,,1,3,1,4,76,53,30,7,,4,10,13,1985,289,89
2005-W-SL-AUS-01A-2005,Australian Open,Hard,128,G,20050117,93,201407,,,Evgenia Linetskaya,R,,ISR,18.1,201292,,,Martina Sucha,R,170,SVK,24.1,6-0 6-2,3,R64,,3,2,36,19,17,12,,0,0,1,4,41,24,12,4,,2,7,93,393,57,584
2005-W-SL-AUS-01A-2005,Australian Open,Hard,128,G,20050117,94,200041,21,,Amy Frazier,R,175,USA,32.3,200044,,,Denisa Chladkova,R,174,CZE,25.9,6-1 3-6 6-2,3,R64,,0,8,80,56,31,11,,7,13,1,1,66,38,15,8,,4,13,28,1077,51,650
2005-W-SL-AUS-01A-2005,Australian Open,Hard,128,G,20050117,95,201421,,,Ana Ivanovic,R,184,SRB,17.1,201373,,,Maria Kirilenko,R,173,RUS,17.9,6-1 6-1,3,R64,,3,0,35,21,19,9,,0,0,0,1,67,39,15,14,,10,15,82,478,105,353
2005-W-SL-AUS-01A-2005,Australian Open,Hard,128,G,20050117,96,200065,2,,Amelie Mauresmo,R,175,FRA,25.5,201336,,,Dinara Safina,R,185,RUS,18.7,2-6 6-1 6-0,3,R64,,3,5,92,52,37,16,,7,10,1,5,69,35,19,13,,2,8,2,4320,44,732
2005-W-SL-AUS-01A-2005,Australian Open,Hard,128,G,20050117,97,200128,1,,Lindsay Davenport,R,189,USA,28.6,201400,,,Nicole Vaidisova,R,181,CZE,15.7,6-2 6-4,3,R32,,8,2,58,32,27,15,,4,4,3,4,54,30,18,14,,1,4,1,4666,70,523
2005-W-SL-AUS-01A-2005,Australian Open,Hard,128,G,20050117,98,201368,13,,Karolina Sprem,R,174,CRO,20.2,200048,18,,Elena Likhovtseva,R,174,RUS,29.3,6-4 6-3,3,R32,,0,2,51,24,14,16,,0,2,1,11,74,41,25,11,,10,15,18,1352,22,1295
2005-W-SL-AUS-01A-2005,Australian Open,Hard,128,G,20050117,99,200008,10,,Alicia Molik,R,182,AUS,23.9,200063,,,Tatiana Panova,R,154,RUS,28.4,6-3 6-2,3,R32,,11,1,55,34,29,11,,1,1,0,5,49,32,17,10,,5,8,12,2211,78,489
2005-W-SL-AUS-01A-2005,Australian Open,Hard,128,G,20050117,100,200748,8,,Venus Williams,R,185,USA,24.5,200040,27,,Anna Smashnova,R,157,ISR,28.5,6-3 6-0,3,R32,,3,1,52,34,25,8,,2,3,0,3,38,24,10,6,,4,9,9,2400,33,873
2005-W-SL-AUS-01A-2005,Australian Open,Hard,128,G,20050117,101,200772,3,,Anastasia Myskina,R,174,RUS,23.5,200020,25,,Lisa Raymond,R,165,USA,31.4,W/O,3,R32,,,,,,,,,,,,,,,,,,,,3,3934,30,1032
2005-W-SL-AUS-01A-2005,Australian Open,Hard,128,G,20050117,102,200109,19,,Nathalie Dechy,R,177,FRA,25.9,201212,14,,Francesca Schiavone,R,166,ITA,24.5,6-3 6-3,3,R32,,,,,,,,,,,,,,,,,,,,25,1247,23,1274
2005-W-SL-AUS-01A-2005,Australian Open,Hard,128,G,20050117,103,200067,12,,Patty Schnyder,L,168,SUI,26.0,201401,,,Abigail Spears,R,175,USA,23.5,7-6(4) 6-3,3,R32,,7,2,62,43,35,11,,1,2,2,5,72,31,23,21,,7,9,14,1842,96,387
2005-W-SL-AUS-01A-2005,Australian Open,Hard,128,G,20050117,104,200108,6,,Elena Dementieva,R,180,RUS,23.2,201290,26,,Daniela Hantuchova,R,181,SVK,21.7,7-5 5-7 6-4,3,R32,,1,5,112,75,49,14,,10,16,5,2,132,86,49,23,,14,21,6,3505,31,982
2005-W-SL-AUS-01A-2005,Australian Open,Hard,128,G,20050117,105,201320,5,,Svetlana Kuznetsova,R,174,RUS,19.5,200055,,,Mariana Diaz Oliva,R,172,ARG,28.8,6-3 7-6(5),3,R32,,9,0,63,33,21,17,,4,8,0,7,92,55,30,15,,9,14,5,3526,101,368
2005-W-SL-AUS-01A-2005,Australian Open,Hard,128,G,20050117,106,201371,,,Vera Dushevina,R,180,RUS,18.2,201394,,,Anna Lena Groenefeld,R,180,GER,19.6,7-5 6-4,3,R32,,2,3,85,56,39,15,,8,8,6,3,65,37,29,14,,4,6,65,545,71,517
2005-W-SL-AUS-01A-2005,Australian Open,Hard,128,G,20050117,107,200700,15,,Silvia Farina Elia,R,172,ITA,32.7,201304,,Q,Elena Baltacha,R,175,GBR,21.4,6-1 6-0,3,R32,,0,0,35,27,19,6,,0,0,1,3,41,20,10,4,,4,10,19,1340,185,175
2005-W-SL-AUS-01A-2005,Australian Open,Hard,128,G,20050117,108,201345,4,,Maria Sharapova,R,188,RUS,17.7,201419,,,Na Li,R,172,CHN,22.8,6-0 6-2,3,R32,,,,,,,,,,,,,,,,,,,,4,3536,64,547
2005-W-SL-AUS-01A-2005,Australian Open,Hard,128,G,20050117,109,200033,7,,Serena Williams,R,175,USA,23.3,201420,,WC,Sania Mirza,R,153,IND,18.1,6-1 6-4,3,R32,,12,2,53,29,27,12,,3,3,2,2,50,25,17,12,,2,5,7,3128,166,200
2005-W-SL-AUS-01A-2005,Australian Open,Hard,128,G,20050117,110,200069,11,,Nadia Petrova,R,178,RUS,22.6,200086,22,,Magdalena Maleeva,R,168,BUL,29.7,6-4 6-4,3,R32,,3,5,57,34,22,10,,0,4,0,5,71,52,25,10,,7,13,13,1985,26,1198
2005-W-SL-AUS-01A-2005,Australian Open,Hard,128,G,20050117,111,201407,,,Evgenia Linetskaya,R,,ISR,18.1,200041,21,,Amy Frazier,R,175,USA,32.3,6-3 6-4,3,R32,,3,2,67,34,23,17,,5,7,1,6,67,44,27,8,,6,10,93,393,28,1077
2005-W-SL-AUS-01A-2005,Australian Open,Hard,128,G,20050117,112,200065,2,,Amelie Mauresmo,R,175,FRA,25.5,201421,,,Ana Ivanovic,R,184,SRB,17.1,6-2 7-5,3,R32,,1,3,47,23,19,15,,1,3,2,4,61,34,18,14,,3,8,2,4320,82,478
2005-W-SL-AUS-01A-2005,Australian Open,Hard,128,G,20050117,113,200128,1,,Lindsay Davenport,R,189,USA,28.6,201368,13,,Karolina Sprem,R,174,CRO,20.2,6-2 6-2,3,R16,,6,5,58,31,24,12,,3,5,1,5,44,17,8,8,,4,10,1,4666,18,1352
2005-W-SL-AUS-01A-2005,Australian Open,Hard,128,G,20050117,114,200008,10,,Alicia Molik,R,182,AUS,23.9,200748,8,,Venus Williams,R,185,USA,24.5,7-5 7-6(3),3,R16,,7,2,84,41,33,22,,6,7,2,4,73,43,31,12,,2,4,12,2211,9,2400
2005-W-SL-AUS-01A-2005,Australian Open,Hard,128,G,20050117,115,200109,19,,Nathalie Dechy,R,177,FRA,25.9,200772,3,,Anastasia Myskina,R,174,RUS,23.5,6-4 6-2,3,R16,,1,1,51,33,22,11,,2,4,4,3,72,38,20,15,,7,12,25,1247,3,3934
2005-W-SL-AUS-01A-2005,Australian Open,Hard,128,G,20050117,116,200067,12,,Patty Schnyder,L,168,SUI,26.0,200108,6,,Elena Dementieva,R,180,RUS,23.2,6-7(6) 7-6(4) 6-2,3,R16,,3,3,126,77,43,22,,12,20,0,10,129,86,47,17,,8,18,14,1842,6,3505
2005-W-SL-AUS-01A-2005,Australian Open,Hard,128,G,20050117,117,201320,5,,Svetlana Kuznetsova,R,174,RUS,19.5,201371,,,Vera Dushevina,R,180,RUS,18.2,6-4 6-2,3,R16,,3,4,55,26,20,16,,1,3,1,4,65,36,20,9,,3,8,5,3526,65,545
2005-W-SL-AUS-01A-2005,Australian Open,Hard,128,G,20050117,118,201345,4,,Maria Sharapova,R,188,RUS,17.7,200700,15,,Silvia Farina Elia,R,172,ITA,32.7,4-6 6-1 6-2,3,R16,,4,2,82,51,28,17,,6,11,0,2,87,63,33,7,,7,15,4,3536,19,1340
2005-W-SL-AUS-01A-2005,Australian Open,Hard,128,G,20050117,119,200033,7,,Serena Williams,R,175,USA,23.3,200069,11,,Nadia Petrova,R,178,RUS,22.6,6-1 3-6 6-3,3,R16,,5,5,74,39,25,18,,3,7,5,9,90,51,29,16,,10,17,7,3128,13,1985
2005-W-SL-AUS-01A-2005,Australian Open,Hard,128,G,20050117,120,200065,2,,Amelie Mauresmo,R,175,FRA,25.5,201407,,,Evgenia Linetskaya,R,,ISR,18.1,6-2 6-4,3,R16,,,,,,,,,,,,,,,,,,,,2,4320,93,393
2005-W-SL-AUS-01A-2005,Australian Open,Hard,128,G,20050117,121,200128,1,,Lindsay Davenport,R,189,USA,28.6,200008,10,,Alicia Molik,R,182,AUS,23.9,6-4 4-6 9-7,3,QF,,14,11,118,70,55,19,,11,15,14,7,115,59,46,24,,4,9,1,4666,12,2211
2005-W-SL-AUS-01A-2005,Australian Open,Hard,128,G,20050117,122,200109,19,,Nathalie Dechy,R,177,FRA,25.9,200067,12,,Patty Schnyder,L,168,SUI,26.0,5-7 6-1 7-5,3,QF,,3,1,129,95,57,21,,13,15,5,1,90,64,43,14,,2,7,25,1247,14,1842
2005-W-SL-AUS-01A-2005,Australian Open,Hard,128,G,20050117,123,201345,4,,Maria Sharapova,R,188,RUS,17.7,201320,5,,Svetlana Kuznetsova,R,174,RUS,19.5,4-6 6-2 6-2,3,QF,,4,5,98,55,35,17,,6,11,3,4,84,39,21,19,,5,13,4,3536,5,3526
2005-W-SL-AUS-01A-2005,Australian Open,Hard,128,G,20050117,124,200033,7,,Serena Williams,R,175,USA,23.3,200065,2,,Amelie Mauresmo,R,175,FRA,25.5,6-2 6-2,3,QF,,5,0,50,36,24,12,,5,5,1,4,65,40,23,10,,4,8,7,3128,2,4320
2005-W-SL-AUS-01A-2005,Australian Open,Hard,128,G,20050117,125,200128,1,,Lindsay Davenport,R,189,USA,28.6,200109,19,,Nathalie Dechy,R,177,FRA,25.9,2-6 7-6(5) 6-4,3,SF,,11,10,107,72,48,11,,9,15,2,5,101,74,45,10,,3,8,1,4666,25,1247
2005-W-SL-AUS-01A-2005,Australian Open,Hard,128,G,20050117,126,200033,7,,Serena Williams,R,175,USA,23.3,201345,4,,Maria Sharapova,R,188,RUS,17.7,2-6 7-5 8-6,3,SF,,6,4,112,68,45,21,,7,12,4,6,113,71,47,17,,3,8,7,3128,4,3536
2005-W-SL-AUS-01A-2005,Australian Open,Hard,128,G,20050117,127,200033,7,,Serena Williams,R,175,USA,23.3,200128,1,,Lindsay Davenport,R,189,USA,28.6,2-6 6-3 6-0,3,F,,12,5,84,50,38,16,,6,8,7,8,68,43,30,8,,4,8,7,3128,1,4666
2006-W-SL-AUS-01A-2006,Australian Open,Hard,128,G,20060116,1,200128,1,,Lindsay Davenport,R,189,USA,29.6,201348,,WC,Casey Dellacqua,L,165,AUS,20.9,6-2 6-1,3,R128,,3,3,49,23,19,17,,3,3,1,7,57,27,15,12,,6,10,1,3331,180,145
2006-W-SL-AUS-01A-2006,Australian Open,Hard,128,G,20060116,2,201368,,,Karolina Sprem,R,174,CRO,21.2,201416,,,Alona Bondarenko,R,168,UKR,21.4,6-4 6-2,3,R128,,3,3,75,36,24,22,,6,7,0,3,61,35,22,10,,4,8,66,380,82,311
2006-W-SL-AUS-01A-2006,Australian Open,Hard,128,G,20060116,3,201448,,,Galina Voskoboeva,R,183,KAZ,21.0,200022,,,Emmanuelle Gagliardi,R,171,SUI,29.5,6-4 6-3,3,R128,,3,1,59,30,22,17,,3,5,1,2,57,37,26,4,,5,9,105,253,83,309
2006-W-SL-AUS-01A-2006,Australian Open,Hard,128,G,20060116,4,201373,25,,Maria Kirilenko,R,173,RUS,18.9,201407,,,Evgenia Linetskaya,R,,ISR,19.1,6-1 3-1 RET,3,R128,,3,3,34,21,11,6,,4,6,0,8,35,12,2,7,,2,8,25,766,62,391
2006-W-SL-AUS-01A-2006,Australian Open,Hard,128,G,20060116,5,201379,,,Mara Santangelo,R,181,ITA,24.5,201364,24,,Tatiana Golovin,R,175,FRA,17.9,6-4 4-6 6-4,3,R128,,3,5,86,53,35,14,,6,12,2,1,99,67,37,15,,4,11,73,335,24,794
2006-W-SL-AUS-01A-2006,Australian Open,Hard,128,G,20060116,6,200011,,,Katarina Srebotnik,R,180,SLO,24.8,200773,,,Stephanie Foretz Gacon,R,166,FRA,24.7,6-4 6-3,3,R128,,4,3,63,34,25,14,,2,3,3,5,59,35,23,10,,2,6,35,581,87,300
2006-W-SL-AUS-01A-2006,Australian Open,Hard,128,G,20060116,7,201367,,,Arantxa Parra Santonja,R,176,ESP,23.1,200063,,,Tatiana Panova,R,154,RUS,29.4,4-6 7-5 6-1,3,R128,,5,5,104,54,37,23,,7,12,1,11,98,55,31,18,,8,15,102,255,112,232
2006-W-SL-AUS-01A-2006,Australian Open,Hard,128,G,20060116,8,201320,14,,Svetlana Kuznetsova,R,174,RUS,20.5,201449,,WC,Lauren Breadmore,U,,AUS,22.6,6-1 6-3,3,R128,,4,0,41,28,23,10,,0,0,2,4,49,18,11,13,,2,6,11,1260,254,96
2006-W-SL-AUS-01A-2006,Australian Open,Hard,128,G,20060116,9,201450,,,Tsvetana Pironkova,R,180,BUL,18.3,200748,10,,Venus Williams,R,185,USA,25.5,2-6 6-0 9-7,3,R128,,0,1,102,78,42,13,,6,12,1,4,93,62,38,9,,4,12,94,283,10,1724
2006-W-SL-AUS-01A-2006,Australian Open,Hard,128,G,20060116,10,201281,,,Laura Granville,R,175,USA,24.6,201451,,Q,Kathrin Woerle,R,175,GER,21.9,5-7 6-2 6-0,3,R128,,2,1,97,70,46,12,,4,7,1,3,73,44,18,16,,3,10,57,424,169,154
2006-W-SL-AUS-01A-2006,Australian Open,Hard,128,G,20060116,11,200118,,,Virginia Ruano Pascual,R,169,ESP,32.3,201452,,,Lourdes Dominguez Lino,R,163,ESP,24.7,6-2 7-6(1),3,R128,,,,,,,,,,,,,,,,,,,,104,253,64,385
2006-W-SL-AUS-01A-2006,Australian Open,Hard,128,G,20060116,12,200048,18,,Elena Likhovtseva,R,174,RUS,30.3,200020,,,Lisa Raymond,R,165,USA,32.4,7-6(4) 7-6(5),3,R128,,4,6,82,55,37,15,,4,6,3,2,99,68,41,17,,6,8,18,1006,70,352
2006-W-SL-AUS-01A-2006,Australian Open,Hard,128,G,20060116,13,200751,,,Conchita Martinez Granados,R,,ESP,29.9,200085,26,,Ai Sugiyama,R,163,JPN,30.5,6-4 6-3,3,R128,,0,0,67,46,28,10,,4,7,1,6,61,38,22,8,,3,8,106,250,27,690
2006-W-SL-AUS-01A-2006,Australian Open,Hard,128,G,20060116,14,200043,,,Virginie Razzano,R,173,FRA,22.6,200120,,WC,Jelena Dokic,R,175,AUS,22.7,3-6 7-6(6) 6-1,3,R128,,2,2,107,69,37,26,,6,10,1,11,98,58,39,17,,7,11,54,429,370,51
2006-W-SL-AUS-01A-2006,Australian Open,Hard,128,G,20060116,15,201453,,,Hana Sromova,R,168,CZE,27.7,201352,,,Akiko Morigami,R,165,JPN,26.0,3-0 RET,3,R128,,1,1,14,7,6,3,,2,2,0,0,6,2,0,2,,1,2,92,286,45,477
2006-W-SL-AUS-01A-2006,Australian Open,Hard,128,G,20060116,16,200003,8,,Justine Henin,R,167,BEL,23.6,201417,,,Marta Domachowska,R,176,POL,20.0,6-2 6-1,3,R128,,3,4,60,36,25,15,,3,3,0,1,45,22,11,11,,2,6,6,2086,60,414
2006-W-SL-AUS-01A-2006,Australian Open,Hard,128,G,20060116,17,201345,4,,Maria Sharapova,R,188,RUS,18.7,200746,,,Sandra Kloesel,R,173,GER,26.5,6-2 6-1,3,R128,,2,1,42,21,18,16,,1,1,0,2,45,31,18,4,,2,6,4,2780,91,288
2006-W-SL-AUS-01A-2006,Australian Open,Hard,128,G,20060116,18,201315,,Q,Ashley Harkleroad,R,165,USA,20.7,201397,,,Shuai Peng,R,173,CHN,20.0,6-4 6-1,3,R128,,2,1,45,29,25,9,,2,2,0,8,59,28,19,12,,3,7,107,250,53,432
2006-W-SL-AUS-01A-2006,Australian Open,Hard,128,G,20060116,19,200056,,,Jelena Kostanic Tosic,L,168,CRO,24.5,201087,,,Mashona Washington,R,168,USA,29.6,6-1 6-2,3,R128,,,,,,,,,,,,,,,,,,,,71,343,78,323
2006-W-SL-AUS-01A-2006,Australian Open,Hard,128,G,20060116,20,201334,,,Zuzana Ondraskova,R,174,CZE,25.7,201286,28,,Anabel Medina Garrigues,R,169,ESP,23.4,6-3 6-4,3,R128,,1,3,66,35,23,11,,1,5,0,0,62,37,18,11,,4,10,79,321,26,745
2006-W-SL-AUS-01A-2006,Australian Open,Hard,128,G,20060116,21,201290,17,,Daniela Hantuchova,R,181,SVK,22.7,201323,,,Saori Obata,L,165,JPN,27.7,3-6 6-3 6-0,3,R128,,5,1,82,45,25,22,,7,11,4,4,84,54,28,12,,7,14,17,1081,101,256
2006-W-SL-AUS-01A-2006,Australian Open,Hard,128,G,20060116,22,201454,,WC,Akgul Amanmuradova,R,190,UZB,21.5,200720,,,Dally Randriantefy,R,165,MAD,28.8,6-3 2-6 6-1,3,R128,,8,3,71,47,35,9,,2,5,2,5,66,47,30,7,,4,9,185,139,68,374
2006-W-SL-AUS-01A-2006,Australian Open,Hard,128,G,20060116,23,201301,,,Camille Pin,R,162,FRA,24.3,200055,,,Mariana Diaz Oliva,R,172,ARG,29.8,2-6 7-5 6-4,3,R128,,0,4,118,88,51,11,,3,9,3,0,109,76,46,13,,9,15,130,203,50,459
2006-W-SL-AUS-01A-2006,Australian Open,Hard,128,G,20060116,24,200033,13,,Serena Williams,R,175,USA,24.3,201419,,,Na Li,R,172,CHN,23.8,6-3 6-7(1) 6-2,3,R128,,8,5,109,57,46,21,,11,14,2,6,90,64,40,10,,5,11,15,1175,52,439
2006-W-SL-AUS-01A-2006,Australian Open,Hard,128,G,20060116,25,201361,,,Julia Schruff,R,166,GER,23.4,200108,9,,Elena Dementieva,R,180,RUS,24.2,7-5 6-2,3,R128,,,,,,,,,,,,,,,,,,,,80,320,9,1777
2006-W-SL-AUS-01A-2006,Australian Open,Hard,128,G,20060116,26,201455,,,Elena Vesnina,R,176,RUS,19.4,201418,,Q,Ting Li,R,,CHN,26.0,6-2 6-3,3,R128,,2,3,54,33,23,13,,1,2,1,5,61,42,26,5,,7,11,100,256,195,132
2006-W-SL-AUS-01A-2006,Australian Open,Hard,128,G,20060116,27,201456,,Q,Olga Savchuk,R,175,UKR,18.3,200014,,Q,Tzipi Obziler,R,172,ISR,32.7,6-1 3-6 6-4,3,R128,,2,7,122,63,40,29,,15,18,1,3,79,43,29,16,,7,12,188,137,116,227
2006-W-SL-AUS-01A-2006,Australian Open,Hard,128,G,20060116,28,201347,23,,Jelena Jankovic,R,177,SRB,20.8,200754,,,Jill Craybas,R,160,USA,31.5,6-2 4-6 6-4,3,R128,,,,,,,,,,,,,,,,,,,,23,856,51,447
2006-W-SL-AUS-01A-2006,Australian Open,Hard,128,G,20060116,29,201438,,,Ekaterina Bychkova,R,171,RUS,20.6,201344,29,,Klara Koukalova,R,166,CZE,23.8,6-1 5-7 6-2,3,R128,,,,,,,,,,,,,,,,,,,,74,333,31,642
2006-W-SL-AUS-01A-2006,Australian Open,Hard,128,G,20060116,30,201308,,,Maria Elena Camerin,R,164,ITA,23.8,201423,,Q,Yvonne Meusburger,R,175,AUT,22.2,6-4 6-2,3,R128,,,,,,,,,,,,,,,,,,,,113,230,124,210
2006-W-SL-AUS-01A-2006,Australian Open,Hard,128,G,20060116,31,201310,,,Martina Muller,R,165,GER,23.2,201457,,Q,Jarmila Gajdosova,R,174,AUS,18.7,1-6 6-2 6-3,3,R128,,,,,,,,,,,,,,,,,,,,109,244,131,202
2006-W-SL-AUS-01A-2006,Australian Open,Hard,128,G,20060116,32,200069,6,,Nadia Petrova,R,178,RUS,23.6,201388,,WC,Sophie Ferguson,R,177,AUS,19.8,6-2 6-1,3,R128,,5,2,37,19,17,13,,0,1,0,2,44,29,10,6,,4,9,7,1936,222,111
2006-W-SL-AUS-01A-2006,Australian Open,Hard,128,G,20060116,33,200067,7,,Patty Schnyder,L,168,SUI,27.0,201305,,,Eleni Daniilidou,R,182,GRE,23.3,6-4 6-3,3,R128,,6,2,73,46,32,14,,8,9,0,3,51,39,24,5,,4,7,8,1900,99,257
2006-W-SL-AUS-01A-2006,Australian Open,Hard,128,G,20060116,34,201085,,,Shinobu Asagoe,R,170,JPN,29.5,201424,,,Shahar Peer,R,170,ISR,18.7,3-6 6-1 6-4,3,R128,,1,4,89,54,34,14,,8,14,0,10,72,45,20,12,,3,11,39,542,41,510
2006-W-SL-AUS-01A-2006,Australian Open,Hard,128,G,20060116,35,201411,,,Aiko Nakamura,R,163,JPN,22.0,201427,,WC,Alize Cornet,R,173,FRA,15.9,6-2 4-6 6-2,3,R128,,1,2,80,51,33,17,,7,11,3,7,96,52,29,18,,13,20,59,416,330,62
2006-W-SL-AUS-01A-2006,Australian Open,Hard,128,G,20060116,36,201363,31,,Gisela Dulko,R,170,ARG,20.9,201343,,,Maret Ani,R,176,EST,23.9,6-0 7-6(7),3,R128,,0,5,63,45,27,10,,3,6,1,12,63,35,24,5,,0,6,33,608,86,304
2006-W-SL-AUS-01A-2006,Australian Open,Hard,128,G,20060116,37,201336,19,,Dinara Safina,R,185,RUS,19.7,200060,,,Tathiana Garbin,R,172,ITA,28.5,6-0 6-1,3,R128,,1,1,28,17,15,9,,0,0,1,0,44,18,7,9,,6,12,19,995,77,325
2006-W-SL-AUS-01A-2006,Australian Open,Hard,128,G,20060116,38,201387,,,Sofia Arvidsson,R,176,SWE,21.9,200024,,,Maria Vento Kabchi,R,168,VEN,31.6,6-1 6-2,3,R128,,1,2,44,32,23,6,,2,3,0,7,48,26,10,8,,1,7,58,418,69,368
2006-W-SL-AUS-01A-2006,Australian Open,Hard,128,G,20060116,39,201408,,,Jamea Jackson,R,163,USA,19.3,200009,,Q,Tamarine Tanasugarn,R,165,THA,28.6,7-6(5) 6-2,3,R128,,2,6,70,41,26,16,,4,7,1,4,74,44,22,14,,5,10,89,295,137,196
2006-W-SL-AUS-01A-2006,Australian Open,Hard,128,G,20060116,40,200772,12,,Anastasia Myskina,R,174,RUS,24.5,201385,,,Yuliana Fedak,R,166,UKR,22.6,7-6(6) 6-1,3,R128,,,,,,,,,,,,,,,,,,,,14,1182,117,225
2006-W-SL-AUS-01A-2006,Australian Open,Hard,128,G,20060116,41,201400,16,,Nicole Vaidisova,R,181,CZE,16.7,201412,,Q,Anastasia Yakimova,R,165,BLR,19.2,6-1 6-3,3,R128,,2,0,46,28,17,13,,0,2,0,6,56,38,17,5,,5,11,16,1128,110,241
2006-W-SL-AUS-01A-2006,Australian Open,Hard,128,G,20060116,42,201403,,,Anna Chakvetadze,R,172,RUS,18.8,201386,,,Jie Zheng,R,164,CHN,22.5,5-7 6-2 6-4,3,R128,,4,6,97,57,33,19,,7,13,0,7,98,58,30,15,,6,14,36,580,55,428
2006-W-SL-AUS-01A-2006,Australian Open,Hard,128,G,20060116,43,201292,,,Martina Sucha,R,170,SVK,25.1,200040,,,Anna Smashnova,R,157,ISR,29.5,3-6 6-3 6-4,3,R128,,1,2,77,46,22,14,,2,9,0,12,100,68,38,11,,5,13,96,270,40,532
2006-W-SL-AUS-01A-2006,Australian Open,Hard,128,G,20060116,44,201355,20,,Flavia Pennetta,R,172,ITA,23.8,200072,,Q,Cara Black,R,167,ZIM,26.9,6-2 2-6 6-3,3,R128,,3,7,80,36,24,22,,3,7,0,2,72,46,24,13,,3,9,20,961,202,125
2006-W-SL-AUS-01A-2006,Australian Open,Hard,128,G,20060116,45,201420,32,,Sania Mirza,R,153,IND,19.1,201458,,Q,Victoria Azarenka,R,180,BLR,16.4,7-6(6) 6-2,3,R128,,3,2,72,42,29,15,,3,5,1,4,69,39,18,16,,2,6,32,616,156,175
2006-W-SL-AUS-01A-2006,Australian Open,Hard,128,G,20060116,46,201414,,,Michaella Krajicek,R,177,NED,17.0,200062,,,Kristina Brandi,R,168,PUR,28.8,6-4 7-6(1),3,R128,,5,6,77,50,36,10,,4,7,1,5,72,48,27,11,,8,12,43,485,75,329
2006-W-SL-AUS-01A-2006,Australian Open,Hard,128,G,20060116,47,200104,,,Emilie Loit,L,167,FRA,26.6,201445,,,Viktoria Kutuzova,R,170,UKR,17.4,6-2 6-0,3,R128,,0,1,45,33,23,8,,3,3,1,3,45,22,12,8,,2,7,76,328,81,316
2006-W-SL-AUS-01A-2006,Australian Open,Hard,128,G,20060116,48,200065,3,,Amelie Mauresmo,R,175,FRA,26.5,201381,,,Tian Tian Sun,R,175,CHN,24.2,4-6 6-2 6-2,3,R128,,2,3,72,40,30,18,,6,9,0,0,85,65,37,6,,9,15,3,2851,103,254
2006-W-SL-AUS-01A-2006,Australian Open,Hard,128,G,20060116,49,200096,5,,Mary Pierce,R,178,FRA,31.0,200036,,WC,Nicole Pratt,R,163,AUS,32.8,6-1 6-1,3,R128,,1,3,39,24,21,7,,0,0,0,0,39,23,11,4,,2,7,5,2394,119,215
2006-W-SL-AUS-01A-2006,Australian Open,Hard,128,G,20060116,50,201331,,,Iveta Benesova,L,170,CZE,22.9,201429,,,Rika Fujiwara,R,155,JPN,24.3,2-6 6-1 7-5,3,R128,,,,,,,,,,,,,,,,,,,,42,500,108,245
2006-W-SL-AUS-01A-2006,Australian Open,Hard,128,G,20060116,51,201441,,,Emma Laine,L,164,FIN,19.8,201291,,,Nuria Llagostera Vives,R,156,ESP,25.6,6-1 6-1,3,R128,,2,2,46,30,22,9,,1,1,1,2,38,16,7,8,,0,5,85,307,48,470
2006-W-SL-AUS-01A-2006,Australian Open,Hard,128,G,20060116,52,200001,,WC,Martina Hingis,R,170,SUI,25.2,201329,30,,Vera Zvonareva,R,172,RUS,21.3,6-1 6-2,3,R128,,1,0,51,34,25,11,,3,3,2,1,50,26,15,8,,3,7,349,57,29,651
2006-W-SL-AUS-01A-2006,Australian Open,Hard,128,G,20060116,53,201421,21,,Ana Ivanovic,R,184,SRB,18.1,201375,,,Shenay Perry,R,170,USA,21.5,6-4 6-4,3,R128,,1,3,70,36,26,16,,5,7,0,4,70,35,21,16,,8,12,22,912,127,207
2006-W-SL-AUS-01A-2006,Australian Open,Hard,128,G,20060116,54,201325,,,Samantha Stosur,R,172,AUS,21.7,201392,,,Severine Beltrame,R,171,FRA,26.4,6-3 6-4,3,R128,,3,1,47,21,20,20,,0,0,5,4,60,30,21,15,,1,3,98,260,95,270
2006-W-SL-AUS-01A-2006,Australian Open,Hard,128,G,20060116,55,201446,,,Sybille Bammer,L,174,AUT,25.7,201356,,,Eva Birnerova,R,170,CZE,21.4,7-5 6-4,3,R128,,0,0,84,70,38,10,,9,12,1,7,68,41,22,11,,4,9,72,339,111,240
2006-W-SL-AUS-01A-2006,Australian Open,Hard,128,G,20060116,56,201459,,,Zi Yan,R,171,CHN,21.1,200109,11,,Nathalie Dechy,R,177,FRA,26.9,6-7(5) 6-2 6-3,3,R128,,2,4,92,59,34,14,,7,12,2,9,110,70,37,12,,9,18,88,296,13,1193
2006-W-SL-AUS-01A-2006,Australian Open,Hard,128,G,20060116,57,201212,15,,Francesca Schiavone,R,166,ITA,25.5,201321,,,Antonella Serra Zanetti,R,168,ITA,25.4,6-2 7-5,3,R128,,3,6,71,41,29,13,,5,8,0,6,70,48,24,8,,8,14,12,1242,65,384
2006-W-SL-AUS-01A-2006,Australian Open,Hard,128,G,20060116,58,201293,,,Catalina Castano,R,171,COL,26.5,201371,,,Vera Dushevina,R,180,RUS,19.2,5-7 6-3 6-1,3,R128,,1,2,79,49,37,17,,1,3,0,5,82,43,25,20,,3,8,44,481,38,552
2006-W-SL-AUS-01A-2006,Australian Open,Hard,128,G,20060116,59,200035,,,Maria Sanchez Lorenzo,R,171,ESP,28.1,201425,,,Lucie Safarova,L,177,CZE,18.9,6-4 6-3,3,R128,,7,6,77,36,27,20,,6,7,7,6,59,32,19,12,,2,6,93,283,34,601
2006-W-SL-AUS-01A-2006,Australian Open,Hard,128,G,20060116,60,201394,22,,Anna Lena Groenefeld,R,180,GER,20.6,201440,,,Laura Pous Tio,U,173,ESP,21.2,2-6 6-4 7-5,3,R128,,5,6,97,48,27,24,,5,12,1,7,95,64,36,17,,5,12,21,917,84,309
2006-W-SL-AUS-01A-2006,Australian Open,Hard,128,G,20060116,61,201294,27,,Marion Bartoli,R,170,FRA,21.2,200041,,,Amy Frazier,R,175,USA,33.3,6-3 6-2,3,R128,,2,2,65,53,37,5,,3,4,2,5,69,43,19,14,,6,10,28,656,47,473
2006-W-SL-AUS-01A-2006,Australian Open,Hard,128,G,20060116,62,201311,,,Roberta Vinci,R,163,ITA,22.9,200046,,,Meghann Shaughnessy,R,180,USA,26.7,7-5 6-4,3,R128,,1,1,60,39,23,14,,1,4,3,8,74,42,27,12,,7,12,49,470,63,390
2006-W-SL-AUS-01A-2006,Australian Open,Hard,128,G,20060116,63,201460,,Q,Meng Yuan,U,,CHN,19.6,201349,,,Melinda Czink,L,178,HUN,23.2,6-4 6-2,3,R128,,1,2,51,35,26,7,,0,2,0,1,61,51,25,5,,3,8,152,180,114,228
2006-W-SL-AUS-01A-2006,Australian Open,Hard,128,G,20060116,64,200079,2,,Kim Clijsters,R,175,BEL,22.6,201313,,,Yoon Jeong Cho,R,167,KOR,26.7,6-3 6-0,3,R128,,1,4,50,28,20,8,,2,4,0,0,54,35,15,5,,6,12,2,3213,61,402
2006-W-SL-AUS-01A-2006,Australian Open,Hard,128,G,20060116,65,200128,1,,Lindsay Davenport,R,189,USA,29.6,201368,,,Karolina Sprem,R,174,CRO,21.2,7-6(4) 6-3,3,R64,,6,3,60,41,33,15,,2,3,3,9,66,42,29,17,,6,8,1,3331,66,380
2006-W-SL-AUS-01A-2006,Australian Open,Hard,128,G,20060116,66,201373,25,,Maria Kirilenko,R,173,RUS,18.9,201448,,,Galina Voskoboeva,R,183,KAZ,21.0,7-6(1) 6-4,3,R64,,1,7,66,48,36,10,,5,8,1,4,76,47,26,17,,8,12,25,766,105,253
2006-W-SL-AUS-01A-2006,Australian Open,Hard,128,G,20060116,67,201379,,,Mara Santangelo,R,181,ITA,24.5,200011,,,Katarina Srebotnik,R,180,SLO,24.8,7-6(5) 5-7 6-3,3,R64,,2,7,113,72,43,27,,9,15,3,4,117,78,49,17,,10,16,73,335,35,581
2006-W-SL-AUS-01A-2006,Australian Open,Hard,128,G,20060116,68,201320,14,,Svetlana Kuznetsova,R,174,RUS,20.5,201367,,,Arantxa Parra Santonja,R,176,ESP,23.1,6-2 6-7(3) 6-2,3,R64,,3,3,81,42,35,20,,2,4,4,2,104,50,32,24,,12,18,11,1260,102,255
2006-W-SL-AUS-01A-2006,Australian Open,Hard,128,G,20060116,69,201281,,,Laura Granville,R,175,USA,24.6,201450,,,Tsvetana Pironkova,R,180,BUL,18.3,7-5 6-2,3,R64,,0,4,61,40,25,18,,6,7,1,4,59,43,25,7,,1,5,57,424,94,283
2006-W-SL-AUS-01A-2006,Australian Open,Hard,128,G,20060116,70,200118,,,Virginia Ruano Pascual,R,169,ESP,32.3,200048,18,,Elena Likhovtseva,R,174,RUS,30.3,6-4 6-4,3,R64,,,,,,,,,,,,,,,,,,,,104,253,18,1006
2006-W-SL-AUS-01A-2006,Australian Open,Hard,128,G,20060116,71,200043,,,Virginie Razzano,R,173,FRA,22.6,200751,,,Conchita Martinez Granados,R,,ESP,29.9,7-6(3) 6-3,3,R64,,1,3,82,59,33,14,,5,9,0,6,71,45,21,16,,6,12,54,429,106,250
2006-W-SL-AUS-01A-2006,Australian Open,Hard,128,G,20060116,72,200003,8,,Justine Henin,R,167,BEL,23.6,201453,,,Hana Sromova,R,168,CZE,27.7,7-6(2) 6-1,3,R64,,4,9,56,35,23,11,,3,8,1,3,72,45,19,9,,8,15,6,2086,92,286
2006-W-SL-AUS-01A-2006,Australian Open,Hard,128,G,20060116,73,201345,4,,Maria Sharapova,R,188,RUS,18.7,201315,,Q,Ashley Harkleroad,R,165,USA,20.7,6-1 7-5,3,R64,,2,4,53,31,26,14,,3,4,0,3,58,41,25,7,,7,11,4,2780,107,250
2006-W-SL-AUS-01A-2006,Australian Open,Hard,128,G,20060116,74,200056,,,Jelena Kostanic Tosic,L,168,CRO,24.5,201334,,,Zuzana Ondraskova,R,174,CZE,25.7,6-2 6-1,3,R64,,1,0,54,41,30,8,,4,4,0,5,37,20,12,7,,3,7,71,343,79,321
2006-W-SL-AUS-01A-2006,Australian Open,Hard,128,G,20060116,75,201290,17,,Daniela Hantuchova,R,181,SVK,22.7,201454,,WC,Akgul Amanmuradova,R,190,UZB,21.5,6-4 6-1,3,R64,,1,2,51,36,24,10,,3,4,2,3,56,30,16,13,,3,8,17,1081,185,139
2006-W-SL-AUS-01A-2006,Australian Open,Hard,128,G,20060116,76,200033,13,,Serena Williams,R,175,USA,24.3,201301,,,Camille Pin,R,162,FRA,24.3,6-3 6-1,3,R64,,5,4,34,21,17,8,,0,2,0,4,39,29,15,3,,0,6,15,1175,130,203
2006-W-SL-AUS-01A-2006,Australian Open,Hard,128,G,20060116,77,201455,,,Elena Vesnina,R,176,RUS,19.4,201361,,,Julia Schruff,R,166,GER,23.4,6-0 7-5,3,R64,,2,4,52,38,26,8,,1,3,1,1,58,32,16,9,,5,11,100,256,80,320
2006-W-SL-AUS-01A-2006,Australian Open,Hard,128,G,20060116,78,201456,,Q,Olga Savchuk,R,175,UKR,18.3,201347,23,,Jelena Jankovic,R,177,SRB,20.8,6-3 6-4,3,R64,,1,6,56,34,28,11,,5,7,0,3,53,38,23,9,,8,12,188,137,23,856
2006-W-SL-AUS-01A-2006,Australian Open,Hard,128,G,20060116,79,201308,,,Maria Elena Camerin,R,164,ITA,23.8,201438,,,Ekaterina Bychkova,R,171,RUS,20.6,4-6 7-6(7) 6-2,3,R64,,0,4,101,67,43,15,,10,16,4,7,96,58,32,19,,8,15,113,230,74,333
2006-W-SL-AUS-01A-2006,Australian Open,Hard,128,G,20060116,80,200069,6,,Nadia Petrova,R,178,RUS,23.6,201310,,,Martina Muller,R,165,GER,23.2,6-4 6-1,3,R64,,4,4,69,47,29,11,,6,9,0,3,51,37,19,3,,4,10,7,1936,109,244
2006-W-SL-AUS-01A-2006,Australian Open,Hard,128,G,20060116,81,200067,7,,Patty Schnyder,L,168,SUI,27.0,201085,,,Shinobu Asagoe,R,170,JPN,29.5,6-1 7-6(9),3,R64,,7,1,75,50,33,9,,7,11,0,5,76,39,16,18,,11,17,8,1900,39,542
2006-W-SL-AUS-01A-2006,Australian Open,Hard,128,G,20060116,82,201411,,,Aiko Nakamura,R,163,JPN,22.0,201363,31,,Gisela Dulko,R,170,ARG,20.9,6-1 6-1,3,R64,,4,1,37,22,16,10,,2,3,0,5,42,23,10,5,,2,8,59,416,33,608
2006-W-SL-AUS-01A-2006,Australian Open,Hard,128,G,20060116,83,201387,,,Sofia Arvidsson,R,176,SWE,21.9,201336,19,,Dinara Safina,R,185,RUS,19.7,6-4 6-0,3,R64,,0,0,48,34,22,12,,4,5,2,2,50,30,13,11,,6,11,58,418,19,995
2006-W-SL-AUS-01A-2006,Australian Open,Hard,128,G,20060116,84,200772,12,,Anastasia Myskina,R,174,RUS,24.5,201408,,,Jamea Jackson,R,163,USA,19.3,7-6(4) 0-6 6-3,3,R64,,2,7,98,60,35,13,,12,20,0,9,99,54,33,15,,9,15,14,1182,89,295
2006-W-SL-AUS-01A-2006,Australian Open,Hard,128,G,20060116,85,201400,16,,Nicole Vaidisova,R,181,CZE,16.7,201403,,,Anna Chakvetadze,R,172,RUS,18.8,6-2 6-1,3,R64,,4,2,56,31,22,14,,3,4,2,4,46,31,14,6,,4,9,16,1128,36,580
2006-W-SL-AUS-01A-2006,Australian Open,Hard,128,G,20060116,86,201355,20,,Flavia Pennetta,R,172,ITA,23.8,201292,,,Martina Sucha,R,170,SVK,25.1,6-3 6-0,3,R64,,4,0,40,23,16,10,,2,4,0,3,64,42,19,7,,4,11,20,961,96,270
2006-W-SL-AUS-01A-2006,Australian Open,Hard,128,G,20060116,87,201414,,,Michaella Krajicek,R,177,NED,17.0,201420,32,,Sania Mirza,R,153,IND,19.1,6-3 7-5,3,R64,,3,2,70,43,24,16,,3,6,1,5,68,37,22,10,,5,11,43,485,32,616
2006-W-SL-AUS-01A-2006,Australian Open,Hard,128,G,20060116,88,200065,3,,Amelie Mauresmo,R,175,FRA,26.5,200104,,,Emilie Loit,L,167,FRA,26.6,7-6(1) 6-2,3,R64,,3,6,70,40,33,12,,1,2,3,3,87,57,34,12,,9,12,3,2851,76,328
2006-W-SL-AUS-01A-2006,Australian Open,Hard,128,G,20060116,89,201331,,,Iveta Benesova,L,170,CZE,22.9,200096,5,,Mary Pierce,R,178,FRA,31.0,6-3 7-5,3,R64,,,,,,,,,,,,,,,,,,,,42,500,5,2394
2006-W-SL-AUS-01A-2006,Australian Open,Hard,128,G,20060116,90,200001,,WC,Martina Hingis,R,170,SUI,25.2,201441,,,Emma Laine,L,164,FIN,19.8,6-1 6-1,3,R64,,,,,,,,,,,,,,,,,,,,349,57,85,307
2006-W-SL-AUS-01A-2006,Australian Open,Hard,128,G,20060116,91,201325,,,Samantha Stosur,R,172,AUS,21.7,201421,21,,Ana Ivanovic,R,184,SRB,18.1,6-3 7-5,3,R64,,0,4,64,35,24,16,,1,4,1,3,71,35,16,20,,9,14,98,260,22,912
2006-W-SL-AUS-01A-2006,Australian Open,Hard,128,G,20060116,92,201446,,,Sybille Bammer,L,174,AUT,25.7,201459,,,Zi Yan,R,171,CHN,21.1,6-3 6-4,3,R64,,,,,,,,,,,,,,,,,,,,72,339,88,296
2006-W-SL-AUS-01A-2006,Australian Open,Hard,128,G,20060116,93,201212,15,,Francesca Schiavone,R,166,ITA,25.5,201293,,,Catalina Castano,R,171,COL,26.5,6-1 4-6 6-3,3,R64,,3,3,84,49,33,21,,2,4,2,3,82,47,33,10,,4,9,12,1242,44,481
2006-W-SL-AUS-01A-2006,Australian Open,Hard,128,G,20060116,94,200035,,,Maria Sanchez Lorenzo,R,171,ESP,28.1,201394,22,,Anna Lena Groenefeld,R,180,GER,20.6,4-6 6-4 6-1,3,R64,,6,4,85,43,31,22,,5,8,3,9,97,48,32,20,,7,13,93,283,21,917
2006-W-SL-AUS-01A-2006,Australian Open,Hard,128,G,20060116,95,201311,,,Roberta Vinci,R,163,ITA,22.9,201294,27,,Marion Bartoli,R,170,FRA,21.2,6-4 3-6 6-3,3,R64,,4,5,86,49,35,21,,4,6,1,1,78,56,37,14,,4,7,49,470,28,656
2006-W-SL-AUS-01A-2006,Australian Open,Hard,128,G,20060116,96,200079,2,,Kim Clijsters,R,175,BEL,22.6,201460,,Q,Meng Yuan,U,,CHN,19.6,6-4 6-2,3,R64,,,,,,,,,,,,,,,,,,,,2,3213,152,180
2006-W-SL-AUS-01A-2006,Australian Open,Hard,128,G,20060116,97,200128,1,,Lindsay Davenport,R,189,USA,29.6,201373,25,,Maria Kirilenko,R,173,RUS,18.9,6-4 4-6 6-2,3,R32,,1,6,84,45,29,22,,3,7,4,6,97,59,38,14,,5,11,1,3331,25,766
2006-W-SL-AUS-01A-2006,Australian Open,Hard,128,G,20060116,98,201320,14,,Svetlana Kuznetsova,R,174,RUS,20.5,201379,,,Mara Santangelo,R,181,ITA,24.5,6-3 6-1,3,R32,,10,1,42,27,20,11,,2,3,0,6,54,30,15,8,,7,12,11,1260,73,335
2006-W-SL-AUS-01A-2006,Australian Open,Hard,128,G,20060116,99,200118,,,Virginia Ruano Pascual,R,169,ESP,32.3,201281,,,Laura Granville,R,175,USA,24.6,6-3 6-3,3,R32,,1,3,50,40,26,6,,2,4,1,5,78,52,29,9,,9,14,104,253,57,424
2006-W-SL-AUS-01A-2006,Australian Open,Hard,128,G,20060116,100,200003,8,,Justine Henin,R,167,BEL,23.6,200043,,,Virginie Razzano,R,173,FRA,22.6,6-4 6-1,3,R32,,4,4,42,22,18,12,,2,3,0,4,76,56,29,8,,9,14,6,2086,54,429
2006-W-SL-AUS-01A-2006,Australian Open,Hard,128,G,20060116,101,201345,4,,Maria Sharapova,R,188,RUS,18.7,200056,,,Jelena Kostanic Tosic,L,168,CRO,24.5,6-0 6-1,3,R32,,,,,,,,,,,,,,,,,,,,4,2780,71,343
2006-W-SL-AUS-01A-2006,Australian Open,Hard,128,G,20060116,102,201290,17,,Daniela Hantuchova,R,181,SVK,22.7,200033,13,,Serena Williams,R,175,USA,24.3,6-1 7-6(5),3,R32,,4,9,60,32,25,15,,0,1,5,4,84,55,37,9,,12,16,17,1081,15,1175
2006-W-SL-AUS-01A-2006,Australian Open,Hard,128,G,20060116,103,201455,,,Elena Vesnina,R,176,RUS,19.4,201456,,Q,Olga Savchuk,R,175,UKR,18.3,5-7 6-2 6-4,3,R32,,0,5,92,60,44,18,,3,5,1,8,89,52,36,18,,4,8,100,256,188,137
2006-W-SL-AUS-01A-2006,Australian Open,Hard,128,G,20060116,104,200069,6,,Nadia Petrova,R,178,RUS,23.6,201308,,,Maria Elena Camerin,R,164,ITA,23.8,6-1 6-2,3,R32,,,,,,,,,,,,,,,,,,,,7,1936,113,230
2006-W-SL-AUS-01A-2006,Australian Open,Hard,128,G,20060116,105,200067,7,,Patty Schnyder,L,168,SUI,27.0,201411,,,Aiko Nakamura,R,163,JPN,22.0,6-2 6-3,3,R32,,4,2,43,26,17,7,,1,4,0,6,52,21,11,7,,3,10,8,1900,59,416
2006-W-SL-AUS-01A-2006,Australian Open,Hard,128,G,20060116,106,200772,12,,Anastasia Myskina,R,174,RUS,24.5,201387,,,Sofia Arvidsson,R,176,SWE,21.9,6-3 6-1,3,R32,,2,8,62,36,25,13,,6,7,0,4,54,37,17,7,,3,8,14,1182,58,418
2006-W-SL-AUS-01A-2006,Australian Open,Hard,128,G,20060116,107,201400,16,,Nicole Vaidisova,R,181,CZE,16.7,201355,20,,Flavia Pennetta,R,172,ITA,23.8,6-4 6-2,3,R32,,3,4,52,30,21,11,,0,3,4,4,58,32,16,9,,1,7,16,1128,20,961
2006-W-SL-AUS-01A-2006,Australian Open,Hard,128,G,20060116,108,200065,3,,Amelie Mauresmo,R,175,FRA,26.5,201414,,,Michaella Krajicek,R,177,NED,17.0,6-2 RET,3,R32,,1,1,22,12,9,4,,0,1,0,3,30,17,7,6,,4,7,3,2851,43,485
2006-W-SL-AUS-01A-2006,Australian Open,Hard,128,G,20060116,109,200001,,WC,Martina Hingis,R,170,SUI,25.2,201331,,,Iveta Benesova,L,170,CZE,22.9,6-4 6-1,3,R32,,,,,,,,,,,,,,,,,,,,349,57,42,500
2006-W-SL-AUS-01A-2006,Australian Open,Hard,128,G,20060116,110,201325,,,Samantha Stosur,R,172,AUS,21.7,201446,,,Sybille Bammer,L,174,AUT,25.7,7-5 4-6 6-3,3,R32,,,,,,,,,,,,,,,,,,,,98,260,72,339
2006-W-SL-AUS-01A-2006,Australian Open,Hard,128,G,20060116,111,201212,15,,Francesca Schiavone,R,166,ITA,25.5,200035,,,Maria Sanchez Lorenzo,R,171,ESP,28.1,6-0 6-0,3,R32,,4,1,34,17,15,10,,0,0,0,3,35,16,6,3,,1,7,12,1242,93,283
2006-W-SL-AUS-01A-2006,Australian Open,Hard,128,G,20060116,112,200079,2,,Kim Clijsters,R,175,BEL,22.6,201311,,,Roberta Vinci,R,163,ITA,22.9,6-1 6-2,3,R32,,,,,,,,,,,,,,,,,,,,2,3213,49,470
2006-W-SL-AUS-01A-2006,Australian Open,Hard,128,G,20060116,113,200128,1,,Lindsay Davenport,R,189,USA,29.6,201320,14,,Svetlana Kuznetsova,R,174,RUS,20.5,6-2 6-4,3,R16,,2,1,45,23,17,14,,1,3,2,1,52,21,13,11,,2,7,1,3331,11,1260
2006-W-SL-AUS-01A-2006,Australian Open,Hard,128,G,20060116,114,200003,8,,Justine Henin,R,167,BEL,23.6,200118,,,Virginia Ruano Pascual,R,169,ESP,32.3,6-0 6-3,3,R16,,,,,,,,,,,,,,,,,,,,6,2086,104,253
2006-W-SL-AUS-01A-2006,Australian Open,Hard,128,G,20060116,115,201345,4,,Maria Sharapova,R,188,RUS,18.7,201290,17,,Daniela Hantuchova,R,181,SVK,22.7,6-4 6-4,3,R16,,3,2,62,38,24,12,,6,9,3,2,61,43,25,6,,3,8,4,2780,17,1081
2006-W-SL-AUS-01A-2006,Australian Open,Hard,128,G,20060116,116,200069,6,,Nadia Petrova,R,178,RUS,23.6,201455,,,Elena Vesnina,R,176,RUS,19.4,6-3 6-1,3,R16,,4,2,45,29,21,9,,3,5,1,3,52,30,15,6,,3,9,7,1936,100,256
2006-W-SL-AUS-01A-2006,Australian Open,Hard,128,G,20060116,117,200067,7,,Patty Schnyder,L,168,SUI,27.0,200772,12,,Anastasia Myskina,R,174,RUS,24.5,6-2 6-1,3,R16,,0,1,42,29,21,7,,2,4,1,2,52,25,11,9,,8,14,8,1900,14,1182
2006-W-SL-AUS-01A-2006,Australian Open,Hard,128,G,20060116,118,200065,3,,Amelie Mauresmo,R,175,FRA,26.5,201400,16,,Nicole Vaidisova,R,181,CZE,16.7,6-1 6-1,3,R16,,0,1,38,26,21,7,,0,0,2,6,40,14,8,9,,1,6,3,2851,16,1128
2006-W-SL-AUS-01A-2006,Australian Open,Hard,128,G,20060116,119,200001,,WC,Martina Hingis,R,170,SUI,25.2,201325,,,Samantha Stosur,R,172,AUS,21.7,6-1 7-6(8),3,R16,,2,1,82,62,33,11,,7,11,1,2,59,34,18,5,,2,8,349,57,98,260
2006-W-SL-AUS-01A-2006,Australian Open,Hard,128,G,20060116,120,200079,2,,Kim Clijsters,R,175,BEL,22.6,201212,15,,Francesca Schiavone,R,166,ITA,25.5,7-6(5) 6-4,3,R16,,3,4,92,58,36,17,,12,15,0,0,78,46,25,17,,2,6,2,3213,12,1242
2006-W-SL-AUS-01A-2006,Australian Open,Hard,128,G,20060116,121,200003,8,,Justine Henin,R,167,BEL,23.6,200128,1,,Lindsay Davenport,R,189,USA,29.6,2-6 6-2 6-3,3,QF,,5,11,86,45,32,12,,5,11,1,7,89,49,26,16,,7,14,6,2086,1,3331
2006-W-SL-AUS-01A-2006,Australian Open,Hard,128,G,20060116,122,201345,4,,Maria Sharapova,R,188,RUS,18.7,200069,6,,Nadia Petrova,R,178,RUS,23.6,7-6(6) 6-4,3,QF,,4,8,74,42,27,15,,5,9,2,12,81,38,24,16,,8,13,4,2780,7,1936
2006-W-SL-AUS-01A-2006,Australian Open,Hard,128,G,20060116,123,200065,3,,Amelie Mauresmo,R,175,FRA,26.5,200067,7,,Patty Schnyder,L,168,SUI,27.0,6-3 6-0,3,QF,,,,,,,,,,,,,,,,,,,,3,2851,8,1900
2006-W-SL-AUS-01A-2006,Australian Open,Hard,128,G,20060116,124,200079,2,,Kim Clijsters,R,175,BEL,22.6,200001,,WC,Martina Hingis,R,170,SUI,25.2,6-3 2-6 6-4,3,QF,,2,5,94,57,38,15,,6,11,1,6,102,61,37,18,,11,16,2,3213,349,57
2006-W-SL-AUS-01A-2006,Australian Open,Hard,128,G,20060116,125,200003,8,,Justine Henin,R,167,BEL,23.6,201345,4,,Maria Sharapova,R,188,RUS,18.7,4-6 6-1 6-4,3,SF,,1,4,80,43,32,14,,4,8,2,1,91,54,28,19,,6,13,6,2086,4,2780
2006-W-SL-AUS-01A-2006,Australian Open,Hard,128,G,20060116,126,200065,3,,Amelie Mauresmo,R,175,FRA,26.5,200079,2,,Kim Clijsters,R,175,BEL,22.6,5-7 6-2 3-2 RET,3,SF,,2,4,88,59,40,12,,6,9,1,7,88,62,34,12,,4,9,3,2851,2,3213
2006-W-SL-AUS-01A-2006,Australian Open,Hard,128,G,20060116,127,200065,3,,Amelie Mauresmo,R,175,FRA,26.5,200003,8,,Justine Henin,R,167,BEL,23.6,6-1 2-0 RET,3,F,,2,4,72,43,19,13,,10,16,3,3,49,30,23,6,,1,4,3,2851,6,2086
2007-W-SL-AUS-01A-2007,Australian Open,Hard,128,G,20070115,1,201345,1,,Maria Sharapova,R,188,RUS,19.7,201301,,,Camille Pin,R,162,FRA,25.3,6-3 4-6 9-7,3,R128,,8,4,90,54,37,16,,4,10,0,3,129,112,57,7,,8,16,2,3532,62,393
2007-W-SL-AUS-01A-2007,Australian Open,Hard,128,G,20070115,2,201370,,,Anastasia Rodionova,R,167,AUS,24.6,201311,,,Roberta Vinci,R,163,ITA,23.9,6-3 6-1,3,R128,,0,0,49,34,23,12,,1,1,1,1,40,21,13,8,,3,6,100,287,87,320
2007-W-SL-AUS-01A-2007,Australian Open,Hard,128,G,20070115,3,201339,,Q,Renata Voracova,R,,CZE,23.2,200046,,,Meghann Shaughnessy,R,180,USA,27.7,7-5 6-3,3,R128,,0,7,65,44,32,6,,6,9,3,11,70,34,21,12,,4,10,158,176,39,531
2007-W-SL-AUS-01A-2007,Australian Open,Hard,128,G,20070115,4,200060,30,,Tathiana Garbin,R,172,ITA,29.5,200022,,,Emmanuelle Gagliardi,R,171,SUI,30.5,3-6 6-2 6-1,3,R128,,,,,,,,,,,,,,,,,,,,33,582,111,261
2007-W-SL-AUS-01A-2007,Australian Open,Hard,128,G,20070115,5,201329,22,,Vera Zvonareva,R,172,RUS,22.3,200014,,,Tzipi Obziler,R,172,ISR,33.7,6-3 6-4,3,R128,,7,1,52,31,25,11,,2,3,2,1,75,52,28,13,,4,8,24,794,121,243
2007-W-SL-AUS-01A-2007,Australian Open,Hard,128,G,20070115,6,201481,,Q,Tamira Paszek,R,165,AUT,16.1,201392,,,Severine Beltrame,R,171,FRA,27.4,6-1 6-4,3,R128,,1,2,48,36,22,6,,5,8,2,3,54,28,13,10,,8,14,187,143,37,540
2007-W-SL-AUS-01A-2007,Australian Open,Hard,128,G,20070115,7,201474,,,Agnieszka Radwanska,R,170,POL,17.8,201478,,,Varvara Lepchenko,L,180,USA,20.6,5-7 6-3 6-2,3,R128,,2,3,101,60,39,14,,4,10,2,1,86,62,28,13,,6,14,59,399,96,295
2007-W-SL-AUS-01A-2007,Australian Open,Hard,128,G,20070115,8,201421,13,,Ana Ivanovic,R,184,SRB,19.1,201447,,,Vania King,R,165,USA,17.8,6-2 6-0,3,R128,,5,2,43,23,16,12,,1,2,0,4,46,20,7,10,,6,12,14,1108,58,405
2007-W-SL-AUS-01A-2007,Australian Open,Hard,128,G,20070115,9,201403,12,,Anna Chakvetadze,R,172,RUS,19.8,201446,,,Sybille Bammer,L,174,AUT,26.7,6-4 7-5,3,R128,,,,,,,,,,,,,,,,,,,,13,1258,42,464
2007-W-SL-AUS-01A-2007,Australian Open,Hard,128,G,20070115,10,201281,,,Laura Granville,R,175,USA,25.6,201377,,,Yuliya Beygelzimer,R,174,UKR,23.2,6-2 6-3,3,R128,,,,,,,,,,,,,,,,,,,,72,363,107,271
2007-W-SL-AUS-01A-2007,Australian Open,Hard,128,G,20070115,11,200056,,,Jelena Kostanic Tosic,L,168,CRO,25.5,201388,,WC,Sophie Ferguson,R,177,AUS,20.8,7-5 6-3,3,R128,,3,6,65,40,30,15,,2,3,6,0,61,44,30,6,,3,6,67,378,170,163
2007-W-SL-AUS-01A-2007,Australian Open,Hard,128,G,20070115,12,201325,24,,Samantha Stosur,R,172,AUS,22.7,201344,,Q,Klara Koukalova,R,166,CZE,24.8,6-3 6-1,3,R128,,,,,,,,,,,,,,,,,,,,27,714,119,245
2007-W-SL-AUS-01A-2007,Australian Open,Hard,128,G,20070115,13,201466,,,Kaia Kanepi,R,181,EST,21.5,201355,28,,Flavia Pennetta,R,172,ITA,24.8,7-5 7-6(3),3,R128,,3,3,78,47,31,14,,1,5,2,4,90,59,33,14,,6,11,77,344,29,608
2007-W-SL-AUS-01A-2007,Australian Open,Hard,128,G,20070115,14,200008,,WC,Alicia Molik,R,182,AUS,25.9,201442,,,Yung Jan Chan,R,170,TPE,17.4,6-2 7-6(4),3,R128,,12,2,76,40,34,14,,7,10,0,2,65,49,25,8,,1,6,141,198,75,350
2007-W-SL-AUS-01A-2007,Australian Open,Hard,128,G,20070115,15,201397,,,Shuai Peng,R,173,CHN,21.0,201482,,Q,Andreja Klepac,R,,SLO,20.8,6-3 4-6 6-1,3,R128,,2,3,76,50,33,13,,3,7,1,4,91,47,27,16,,9,16,52,433,212,124
2007-W-SL-AUS-01A-2007,Australian Open,Hard,128,G,20070115,16,200067,8,,Patty Schnyder,L,168,SUI,28.0,201483,,WC,Madison Brengle,R,168,USA,16.7,6-3 6-4,3,R128,,2,3,58,37,30,10,,3,4,0,4,88,60,35,13,,13,16,9,1578,496,31
2007-W-SL-AUS-01A-2007,Australian Open,Hard,128,G,20070115,17,200079,4,,Kim Clijsters,R,175,BEL,23.6,201473,,,Vasilisa Bardina,R,,RUS,19.1,6-0 6-0,3,R128,,,,,,,,,,,,,,,,,,,,5,2441,48,445
2007-W-SL-AUS-01A-2007,Australian Open,Hard,128,G,20070115,18,201352,,,Akiko Morigami,R,165,JPN,27.0,201450,,,Tsvetana Pironkova,R,180,BUL,19.3,7-5 2-6 6-4,3,R128,,0,4,110,64,34,23,,18,24,3,2,103,63,38,18,,6,12,86,321,66,382
2007-W-SL-AUS-01A-2007,Australian Open,Hard,128,G,20070115,19,200043,,,Virginie Razzano,R,173,FRA,23.6,200036,,,Nicole Pratt,R,163,AUS,33.8,6-7(8) 6-4 6-0,3,R128,,8,6,112,75,48,18,,7,10,1,3,94,70,38,10,,1,8,78,344,60,397
2007-W-SL-AUS-01A-2007,Australian Open,Hard,128,G,20070115,20,201416,29,,Alona Bondarenko,R,168,UKR,22.4,200770,,Q,Stephanie Cohen Aloro,R,175,FRA,23.8,6-1 7-6(6),3,R128,,1,0,73,49,29,16,,5,8,1,7,75,49,28,7,,8,13,34,576,160,173
2007-W-SL-AUS-01A-2007,Australian Open,Hard,128,G,20070115,21,201394,17,,Anna Lena Groenefeld,R,180,GER,21.6,201484,,Q,Sandra Zahlavova,U,,CZE,21.2,6-4 6-1,3,R128,,5,7,70,39,24,14,,11,14,0,3,60,39,15,8,,2,8,19,922,156,180
2007-W-SL-AUS-01A-2007,Australian Open,Hard,128,G,20070115,22,201315,,,Ashley Harkleroad,R,165,USA,21.7,201460,,,Meng Yuan,U,,CHN,20.6,6-3 6-0,3,R128,,1,4,54,39,26,8,,4,5,1,2,45,32,15,3,,2,7,88,317,114,260
2007-W-SL-AUS-01A-2007,Australian Open,Hard,128,G,20070115,23,200104,,,Emilie Loit,L,167,FRA,27.6,201431,,,Aravane Rezai,R,165,FRA,19.8,6-3 4-6 6-3,3,R128,,4,3,84,50,34,21,,2,4,5,5,102,63,39,19,,8,12,46,447,40,488
2007-W-SL-AUS-01A-2007,Australian Open,Hard,128,G,20070115,24,201290,15,,Daniela Hantuchova,R,181,SVK,23.7,201427,,Q,Alize Cornet,R,173,FRA,16.9,6-4 6-1,3,R128,,3,3,67,43,25,16,,5,7,0,3,53,30,18,6,,4,9,18,944,192,142
2007-W-SL-AUS-01A-2007,Australian Open,Hard,128,G,20070115,25,201336,9,,Dinara Safina,R,185,RUS,20.7,201438,,,Ekaterina Bychkova,R,171,RUS,21.6,7-6(5) 6-1,3,R128,,4,3,66,43,29,9,,5,8,6,4,66,30,21,12,,6,12,10,1475,85,322
2007-W-SL-AUS-01A-2007,Australian Open,Hard,128,G,20070115,26,201430,,WC,Yulia Fedossova,R,,FRA,18.5,201293,,,Catalina Castano,R,171,COL,27.5,7-5 6-4,3,R128,,6,2,73,36,28,20,,6,7,3,3,62,41,28,11,,2,5,148,188,50,436
2007-W-SL-AUS-01A-2007,Australian Open,Hard,128,G,20070115,27,201452,,,Lourdes Dominguez Lino,R,163,ESP,25.7,201475,,Q,Ahsha Rolle,R,172,USA,21.8,6-3 6-4,3,R128,,,,,,,,,,,,,,,,,,,,56,421,137,206
2007-W-SL-AUS-01A-2007,Australian Open,Hard,128,G,20070115,28,201419,19,,Na Li,R,172,CHN,24.8,200764,,SR,Elena Bovina,R,189,RUS,23.8,6-4 6-3,3,R128,,0,1,61,47,30,7,,4,6,3,5,62,37,26,7,,2,7,16,968,1216,4
2007-W-SL-AUS-01A-2007,Australian Open,Hard,128,G,20070115,29,201411,,,Aiko Nakamura,R,163,JPN,23.0,201305,32,,Eleni Daniilidou,R,182,GRE,24.3,6-4 6-0,3,R128,,2,1,50,38,23,6,,4,7,0,13,44,29,13,1,,6,13,65,388,35,556
2007-W-SL-AUS-01A-2007,Australian Open,Hard,128,G,20070115,30,201420,,,Sania Mirza,R,153,IND,20.1,201456,,,Olga Savchuk,R,175,UKR,19.3,6-3 7-5,3,R128,,2,5,66,33,23,19,,7,8,4,10,94,57,35,16,,6,10,53,431,102,282
2007-W-SL-AUS-01A-2007,Australian Open,Hard,128,G,20070115,31,201485,,Q,Alla Kudryavtseva,R,178,RUS,19.2,201441,,,Emma Laine,L,164,FIN,20.8,4-6 6-2 9-7,3,R128,,5,4,97,61,39,18,,3,9,2,1,105,69,39,16,,7,15,134,212,76,347
2007-W-SL-AUS-01A-2007,Australian Open,Hard,128,G,20070115,32,200001,6,,Martina Hingis,R,170,SUI,26.2,200109,,,Nathalie Dechy,R,177,FRA,27.8,6-0 6-2,3,R128,,2,3,41,25,23,8,,2,2,0,2,47,31,16,3,,2,7,7,2063,51,435
2007-W-SL-AUS-01A-2007,Australian Open,Hard,128,G,20070115,33,200069,5,,Nadia Petrova,R,178,RUS,24.6,200009,,,Tamarine Tanasugarn,R,165,THA,29.6,6-3 6-2,3,R128,,10,2,51,28,22,16,,1,1,4,3,61,31,19,14,,2,5,6,2141,71,364
2007-W-SL-AUS-01A-2007,Australian Open,Hard,128,G,20070115,34,201363,,,Gisela Dulko,R,170,ARG,21.9,201381,,,Tian Tian Sun,R,175,CHN,25.2,6-2 6-2,3,R128,,1,5,60,35,25,12,,4,5,0,2,55,35,17,8,,4,9,57,415,79,341
2007-W-SL-AUS-01A-2007,Australian Open,Hard,128,G,20070115,35,200124,,Q,Anne Kremer,R,165,LUX,31.2,201414,,,Michaella Krajicek,R,177,NED,18.0,6-4 6-3,3,R128,,1,5,69,49,30,9,,4,7,1,3,66,39,22,10,,8,13,159,174,45,448
2007-W-SL-AUS-01A-2007,Australian Open,Hard,128,G,20070115,36,200033,,,Serena Williams,R,175,USA,25.3,201379,27,,Mara Santangelo,R,181,ITA,25.5,6-2 6-1,3,R128,,10,3,55,26,23,15,,1,1,1,4,46,24,14,8,,1,5,81,331,32,583
2007-W-SL-AUS-01A-2007,Australian Open,Hard,128,G,20070115,37,201294,18,,Marion Bartoli,R,170,FRA,22.2,201371,,,Vera Dushevina,R,180,RUS,20.2,6-0 6-3,3,R128,,,,,,,,,,,,,,,,,,,,21,881,109,266
2007-W-SL-AUS-01A-2007,Australian Open,Hard,128,G,20070115,38,201458,,,Victoria Azarenka,R,180,BLR,17.4,201385,,,Yuliana Fedak,R,166,UKR,23.6,6-2 5-7 6-4,3,R128,,2,11,117,71,43,18,,9,15,2,6,113,77,41,15,,7,15,94,299,73,351
2007-W-SL-AUS-01A-2007,Australian Open,Hard,128,G,20070115,39,200118,,,Virginia Ruano Pascual,R,169,ESP,33.3,201349,,,Melinda Czink,L,178,HUN,24.2,1-6 6-1 9-7,3,R128,,1,3,107,80,47,15,,5,9,3,5,109,73,44,15,,8,13,69,373,118,255
2007-W-SL-AUS-01A-2007,Australian Open,Hard,128,G,20070115,40,201347,11,,Jelena Jankovic,R,177,SRB,21.8,201486,,,Aleksandra Wozniak,R,175,CAN,19.3,6-3 6-3,3,R128,,0,2,52,35,24,9,,1,3,1,2,56,28,17,9,,5,10,11,1456,92,301
2007-W-SL-AUS-01A-2007,Australian Open,Hard,128,G,20070115,41,201424,16,,Shahar Peer,R,170,ISR,19.7,201472,,,Romina Oprandi,R,172,SUI,20.7,6-1 6-3,3,R128,,,,,,,,,,,,,,,,,,,,17,961,54,429
2007-W-SL-AUS-01A-2007,Australian Open,Hard,128,G,20070115,42,200031,,,Meilen Tu,R,163,USA,28.9,201365,,,Edina Gallovits Hall,R,165,ROU,22.0,2-6 6-4 6-2,3,R128,,0,3,89,66,37,10,,10,16,2,2,84,55,28,14,,6,13,90,315,108,271
2007-W-SL-AUS-01A-2007,Australian Open,Hard,128,G,20070115,43,201334,,,Zuzana Ondraskova,R,174,CZE,26.7,201302,,,Clarisa Fernandez,L,179,ARG,25.3,6-4 6-2,3,R128,,,,,,,,,,,,,,,,,,,,106,272,105,273
2007-W-SL-AUS-01A-2007,Australian Open,Hard,128,G,20070115,44,201364,20,,Tatiana Golovin,R,175,FRA,18.9,200040,,,Anna Smashnova,R,157,ISR,30.4,6-3 6-1,3,R128,,,,,,,,,,,,,,,,,,,,23,862,63,392
2007-W-SL-AUS-01A-2007,Australian Open,Hard,128,G,20070115,45,201373,26,,Maria Kirilenko,R,173,RUS,19.9,201368,,,Karolina Sprem,R,174,CRO,22.2,3-6 6-3 6-1,3,R128,,5,1,82,53,32,17,,3,7,4,11,95,48,28,18,,11,17,28,609,89,316
2007-W-SL-AUS-01A-2007,Australian Open,Hard,128,G,20070115,46,201360,,Q,Julia Vakulenko,R,183,UKR,23.5,200048,,,Elena Likhovtseva,R,174,RUS,31.3,6-0 4-6 6-3,3,R128,,2,1,88,68,40,12,,5,8,1,5,99,65,38,11,,4,11,116,257,43,451
2007-W-SL-AUS-01A-2007,Australian Open,Hard,128,G,20070115,47,201410,,WC,Monique Adamczak,R,170,AUS,23.9,201204,,WC,Iroda Tulyaganova,R,170,UZB,25.0,6-1 6-4,3,R128,,2,3,66,49,31,10,,4,5,3,3,55,25,16,9,,3,8,241,108,131,218
2007-W-SL-AUS-01A-2007,Australian Open,Hard,128,G,20070115,48,201320,3,,Svetlana Kuznetsova,R,174,RUS,21.5,201487,,WC,Jessica Moore,R,167,AUS,16.4,6-2 6-0,3,R128,,9,1,39,26,21,8,,0,0,2,2,62,40,19,8,,7,12,4,2510,914,7
2007-W-SL-AUS-01A-2007,Australian Open,Hard,128,G,20070115,49,200108,7,,Elena Dementieva,R,180,RUS,25.2,200773,,,Stephanie Foretz Gacon,R,166,FRA,25.7,6-1 6-2,3,R128,,3,6,44,19,16,14,,1,2,0,4,57,32,15,9,,5,11,8,1875,112,261
2007-W-SL-AUS-01A-2007,Australian Open,Hard,128,G,20070115,50,201310,,,Martina Muller,R,165,GER,24.2,201488,,Q,Jorgelina Cravero,R,163,ARG,24.9,6-0 6-3,3,R128,,,,,,,,,,,,,,,,,,,,36,545,157,180
2007-W-SL-AUS-01A-2007,Australian Open,Hard,128,G,20070115,51,201308,,,Maria Elena Camerin,R,164,ITA,24.8,201465,,,Kirsten Flipkens,R,165,BEL,21.0,6-2 6-2,3,R128,,,,,,,,,,,,,,,,,,,,55,426,103,277
2007-W-SL-AUS-01A-2007,Australian Open,Hard,128,G,20070115,52,201455,,,Elena Vesnina,R,176,RUS,20.4,201286,25,,Anabel Medina Garrigues,R,169,ESP,24.4,6-7(7) 6-1 6-1,3,R128,,3,3,108,57,37,32,,6,6,1,0,88,59,39,12,,3,8,41,469,30,604
2007-W-SL-AUS-01A-2007,Australian Open,Hard,128,G,20070115,53,200011,21,,Katarina Srebotnik,R,180,SLO,25.8,201348,,WC,Casey Dellacqua,L,165,AUS,21.9,4-6 6-2 7-5,3,R128,,4,3,83,61,42,10,,2,6,3,7,93,60,39,11,,3,9,22,875,169,165
2007-W-SL-AUS-01A-2007,Australian Open,Hard,128,G,20070115,54,201331,,,Iveta Benesova,L,170,CZE,23.9,201448,,,Galina Voskoboeva,R,183,KAZ,22.0,6-7(3) 6-1 6-4,3,R128,,,,,,,,,,,,,,,,,,,,84,324,110,262
2007-W-SL-AUS-01A-2007,Australian Open,Hard,128,G,20070115,55,201328,,,Milagros Sequera,R,165,VEN,26.2,201457,,,Jarmila Gajdosova,R,174,AUS,19.7,6-3 6-4,3,R128,,,,,,,,,,,,,,,,,,,,95,295,74,350
2007-W-SL-AUS-01A-2007,Australian Open,Hard,128,G,20070115,56,201400,10,,Nicole Vaidisova,R,181,CZE,17.7,200754,,,Jill Craybas,R,160,USA,32.5,6-4 5-7 6-1,3,R128,,18,5,95,64,45,15,,8,10,3,3,104,67,43,17,,6,11,12,1428,64,389
2007-W-SL-AUS-01A-2007,Australian Open,Hard,128,G,20070115,57,201212,14,,Francesca Schiavone,R,166,ITA,26.5,200746,,,Sandra Kloesel,R,173,GER,27.5,6-4 6-4,3,R128,,4,6,61,33,27,10,,3,6,2,8,66,31,15,17,,3,8,20,896,93,300
2007-W-SL-AUS-01A-2007,Australian Open,Hard,128,G,20070115,58,201425,,,Lucie Safarova,L,177,CZE,19.9,201462,,,Alberta Brianti,R,165,ITA,26.7,6-3 6-1,3,R128,,2,2,44,29,24,10,,1,1,0,5,62,35,21,9,,2,6,70,370,98,292
2007-W-SL-AUS-01A-2007,Australian Open,Hard,128,G,20070115,59,201412,,,Anastasia Yakimova,R,165,BLR,20.2,201440,,,Laura Pous Tio,U,173,ESP,22.2,6-2 4-6 7-5,3,R128,,1,1,89,58,37,11,,7,14,2,4,101,59,26,20,,6,15,68,375,101,283
2007-W-SL-AUS-01A-2007,Australian Open,Hard,128,G,20070115,60,200085,23,,Ai Sugiyama,R,163,JPN,31.5,201387,,,Sofia Arvidsson,R,176,SWE,22.9,6-3 6-4,3,R128,,1,11,68,39,24,14,,6,9,3,1,53,28,14,8,,3,9,26,730,61,395
2007-W-SL-AUS-01A-2007,Australian Open,Hard,128,G,20070115,61,201361,,,Julia Schruff,R,166,GER,24.4,201386,31,,Jie Zheng,R,164,CHN,23.5,4-6 7-6(1) 6-4,3,R128,,0,2,100,56,33,22,,3,9,1,4,100,75,46,9,,5,10,97,293,31,589
2007-W-SL-AUS-01A-2007,Australian Open,Hard,128,G,20070115,62,201356,,,Eva Birnerova,R,170,CZE,22.4,201292,,,Martina Sucha,R,170,SVK,26.1,7-5 6-3,3,R128,,2,7,72,49,29,12,,4,7,1,3,76,46,23,14,,8,14,83,324,82,325
2007-W-SL-AUS-01A-2007,Australian Open,Hard,128,G,20070115,63,201479,,,Olga Puchkova,R,180,RUS,19.3,201417,,,Marta Domachowska,R,176,POL,20.9,6-2 6-4,3,R128,,,,,,,,,,,,,,,,,,,,38,537,91,313
2007-W-SL-AUS-01A-2007,Australian Open,Hard,128,G,20070115,64,200065,2,,Amelie Mauresmo,R,175,FRA,27.5,201375,,,Shenay Perry,R,170,USA,22.5,6-3 6-4,3,R128,,1,2,58,40,27,11,,2,4,0,2,52,30,19,8,,2,6,3,3460,44,449
2007-W-SL-AUS-01A-2007,Australian Open,Hard,128,G,20070115,65,201345,1,,Maria Sharapova,R,188,RUS,19.7,201370,,,Anastasia Rodionova,R,167,AUS,24.6,6-0 6-3,3,R64,,6,3,44,29,26,8,,1,1,0,3,40,25,13,6,,0,4,2,3532,100,287
2007-W-SL-AUS-01A-2007,Australian Open,Hard,128,G,20070115,66,200060,30,,Tathiana Garbin,R,172,ITA,29.5,201339,,Q,Renata Voracova,R,,CZE,23.2,6-1 7-5,3,R64,,1,1,60,36,21,8,,8,13,0,6,55,38,12,5,,4,13,33,582,158,176
2007-W-SL-AUS-01A-2007,Australian Open,Hard,128,G,20070115,67,201329,22,,Vera Zvonareva,R,172,RUS,22.3,201481,,Q,Tamira Paszek,R,165,AUT,16.1,6-1 6-3,3,R64,,2,1,49,35,26,7,,0,1,0,2,54,32,19,6,,4,9,24,794,187,143
2007-W-SL-AUS-01A-2007,Australian Open,Hard,128,G,20070115,68,201421,13,,Ana Ivanovic,R,184,SRB,19.1,201474,,,Agnieszka Radwanska,R,170,POL,17.8,6-2 3-6 6-2,3,R64,,2,1,69,40,33,12,,2,4,0,2,88,48,26,21,,2,7,14,1108,59,399
2007-W-SL-AUS-01A-2007,Australian Open,Hard,128,G,20070115,69,201403,12,,Anna Chakvetadze,R,172,RUS,19.8,201281,,,Laura Granville,R,175,USA,25.6,6-2 5-7 6-1,3,R64,,5,2,75,44,33,14,,1,4,1,2,90,57,28,17,,4,11,13,1258,72,363
2007-W-SL-AUS-01A-2007,Australian Open,Hard,128,G,20070115,70,200056,,,Jelena Kostanic Tosic,L,168,CRO,25.5,201325,24,,Samantha Stosur,R,172,AUS,22.7,6-4 2-6 6-2,3,R64,,5,3,85,54,37,14,,5,8,10,6,77,47,33,14,,1,5,67,378,27,714
2007-W-SL-AUS-01A-2007,Australian Open,Hard,128,G,20070115,71,200008,,WC,Alicia Molik,R,182,AUS,25.9,201466,,,Kaia Kanepi,R,181,EST,21.5,1-6 6-3 6-2,3,R64,,10,5,77,43,31,19,,3,5,1,5,83,49,31,19,,3,6,141,198,77,344
2007-W-SL-AUS-01A-2007,Australian Open,Hard,128,G,20070115,72,200067,8,,Patty Schnyder,L,168,SUI,28.0,201397,,,Shuai Peng,R,173,CHN,21.0,7-5 6-3,3,R64,,1,0,67,44,32,15,,4,5,2,1,73,47,31,12,,6,9,9,1578,52,433
2007-W-SL-AUS-01A-2007,Australian Open,Hard,128,G,20070115,73,200079,4,,Kim Clijsters,R,175,BEL,23.6,201352,,,Akiko Morigami,R,165,JPN,27.0,6-3 6-0,3,R64,,1,2,43,30,21,5,,0,2,2,1,53,28,15,5,,5,11,5,2441,86,321
2007-W-SL-AUS-01A-2007,Australian Open,Hard,128,G,20070115,74,201416,29,,Alona Bondarenko,R,168,UKR,22.4,200043,,,Virginie Razzano,R,173,FRA,23.6,6-3 6-4,3,R64,,2,2,59,38,21,11,,4,8,3,1,54,34,17,6,,7,13,34,576,78,344
2007-W-SL-AUS-01A-2007,Australian Open,Hard,128,G,20070115,75,201315,,,Ashley Harkleroad,R,165,USA,21.7,201394,17,,Anna Lena Groenefeld,R,180,GER,21.6,6-2 6-2,3,R64,,0,3,55,38,26,11,,3,4,1,4,49,34,19,4,,5,10,88,317,19,922
2007-W-SL-AUS-01A-2007,Australian Open,Hard,128,G,20070115,76,201290,15,,Daniela Hantuchova,R,181,SVK,23.7,200104,,,Emilie Loit,L,167,FRA,27.6,4-6 6-3 6-4,3,R64,,14,2,106,64,44,16,,6,11,3,6,103,65,37,17,,8,14,18,944,46,447
2007-W-SL-AUS-01A-2007,Australian Open,Hard,128,G,20070115,77,201336,9,,Dinara Safina,R,185,RUS,20.7,201430,,WC,Yulia Fedossova,R,,FRA,18.5,6-3 6-2,3,R64,,4,3,51,27,24,13,,0,0,1,5,55,32,20,10,,5,8,10,1475,148,188
2007-W-SL-AUS-01A-2007,Australian Open,Hard,128,G,20070115,78,201419,19,,Na Li,R,172,CHN,24.8,201452,,,Lourdes Dominguez Lino,R,163,ESP,25.7,6-0 6-2,3,R64,,,,,,,,,,,,,,,,,,,,16,968,56,421
2007-W-SL-AUS-01A-2007,Australian Open,Hard,128,G,20070115,79,201411,,,Aiko Nakamura,R,163,JPN,23.0,201420,,,Sania Mirza,R,153,IND,20.1,6-3 6-2,3,R64,,0,1,62,35,21,18,,2,4,3,4,43,23,14,4,,1,6,65,388,53,431
2007-W-SL-AUS-01A-2007,Australian Open,Hard,128,G,20070115,80,200001,6,,Martina Hingis,R,170,SUI,26.2,201485,,Q,Alla Kudryavtseva,R,178,RUS,19.2,6-2 6-2,3,R64,,1,2,52,33,20,8,,3,6,0,6,60,35,14,9,,5,12,7,2063,134,212
2007-W-SL-AUS-01A-2007,Australian Open,Hard,128,G,20070115,81,200069,5,,Nadia Petrova,R,178,RUS,24.6,201363,,,Gisela Dulko,R,170,ARG,21.9,6-1 6-2,3,R64,,2,4,54,36,26,11,,6,7,0,2,36,20,9,4,,0,5,6,2141,57,415
2007-W-SL-AUS-01A-2007,Australian Open,Hard,128,G,20070115,82,200033,,,Serena Williams,R,175,USA,25.3,200124,,Q,Anne Kremer,R,165,LUX,31.2,7-6(4) 6-2,3,R64,,7,2,70,42,32,14,,3,4,3,2,72,47,29,12,,6,9,81,331,159,174
2007-W-SL-AUS-01A-2007,Australian Open,Hard,128,G,20070115,83,201458,,,Victoria Azarenka,R,180,BLR,17.4,201294,18,,Marion Bartoli,R,170,FRA,22.2,6-0 7-5,3,R64,,6,2,59,28,18,19,,3,4,1,3,56,41,24,5,,4,9,94,299,21,881
2007-W-SL-AUS-01A-2007,Australian Open,Hard,128,G,20070115,84,201347,11,,Jelena Jankovic,R,177,SRB,21.8,200118,,,Virginia Ruano Pascual,R,169,ESP,33.3,6-2 6-2,3,R64,,1,1,60,44,31,7,,6,7,0,1,44,28,14,5,,0,5,11,1456,69,373
2007-W-SL-AUS-01A-2007,Australian Open,Hard,128,G,20070115,85,201424,16,,Shahar Peer,R,170,ISR,19.7,200031,,,Meilen Tu,R,163,USA,28.9,6-3 6-0,3,R64,,1,0,48,35,28,8,,0,0,0,6,48,25,15,8,,1,5,17,961,90,315
2007-W-SL-AUS-01A-2007,Australian Open,Hard,128,G,20070115,86,201364,20,,Tatiana Golovin,R,175,FRA,18.9,201334,,,Zuzana Ondraskova,R,174,CZE,26.7,6-2 6-0,3,R64,,,,,,,,,,,,,,,,,,,,23,862,106,272
2007-W-SL-AUS-01A-2007,Australian Open,Hard,128,G,20070115,87,201373,26,,Maria Kirilenko,R,173,RUS,19.9,201360,,Q,Julia Vakulenko,R,183,UKR,23.5,4-6 6-3 6-4,3,R64,,2,2,107,78,52,14,,6,9,6,5,78,47,28,18,,1,5,28,609,116,257
2007-W-SL-AUS-01A-2007,Australian Open,Hard,128,G,20070115,88,201320,3,,Svetlana Kuznetsova,R,174,RUS,21.5,201410,,WC,Monique Adamczak,R,170,AUS,23.9,6-2 6-1,3,R64,,4,2,47,26,22,11,,3,3,1,8,46,21,14,8,,2,6,4,2510,241,108
2007-W-SL-AUS-01A-2007,Australian Open,Hard,128,G,20070115,89,200108,7,,Elena Dementieva,R,180,RUS,25.2,201310,,,Martina Muller,R,165,GER,24.2,7-5 3-6 6-0,3,R64,,,,,,,,,,,,,,,,,,,,8,1875,36,545
2007-W-SL-AUS-01A-2007,Australian Open,Hard,128,G,20070115,90,201308,,,Maria Elena Camerin,R,164,ITA,24.8,201455,,,Elena Vesnina,R,176,RUS,20.4,4-6 6-3 8-6,3,R64,,2,9,138,82,44,25,,11,19,0,3,101,64,38,9,,6,15,55,426,41,469
2007-W-SL-AUS-01A-2007,Australian Open,Hard,128,G,20070115,91,200011,21,,Katarina Srebotnik,R,180,SLO,25.8,201331,,,Iveta Benesova,L,170,CZE,23.9,7-6(0) 6-7(6) 6-1,3,R64,,,,,,,,,,,,,,,,,,,,22,875,84,324
2007-W-SL-AUS-01A-2007,Australian Open,Hard,128,G,20070115,92,201400,10,,Nicole Vaidisova,R,181,CZE,17.7,201328,,,Milagros Sequera,R,165,VEN,26.2,6-2 6-1,3,R64,,6,2,50,30,24,11,,1,1,3,6,42,22,14,5,,4,8,12,1428,95,295
2007-W-SL-AUS-01A-2007,Australian Open,Hard,128,G,20070115,93,201425,,,Lucie Safarova,L,177,CZE,19.9,201212,14,,Francesca Schiavone,R,166,ITA,26.5,6-3 6-3,3,R64,,5,1,58,39,28,10,,4,5,3,6,66,36,25,10,,7,11,70,370,20,896
2007-W-SL-AUS-01A-2007,Australian Open,Hard,128,G,20070115,94,201412,,,Anastasia Yakimova,R,165,BLR,20.2,200085,23,,Ai Sugiyama,R,163,JPN,31.5,6-2 2-6 10-8,3,R64,,,,,,,,,,,,,,,,,,,,68,375,26,730
2007-W-SL-AUS-01A-2007,Australian Open,Hard,128,G,20070115,95,201356,,,Eva Birnerova,R,170,CZE,22.4,201361,,,Julia Schruff,R,166,GER,24.4,6-2 2-6 6-2,3,R64,,3,7,76,44,26,16,,4,8,0,1,82,46,25,16,,7,13,83,324,97,293
2007-W-SL-AUS-01A-2007,Australian Open,Hard,128,G,20070115,96,200065,2,,Amelie Mauresmo,R,175,FRA,27.5,201479,,,Olga Puchkova,R,180,RUS,19.3,6-2 6-2,3,R64,,,,,,,,,,,,,,,,,,,,3,3460,38,537
2007-W-SL-AUS-01A-2007,Australian Open,Hard,128,G,20070115,97,201345,1,,Maria Sharapova,R,188,RUS,19.7,200060,30,,Tathiana Garbin,R,172,ITA,29.5,6-3 6-1,3,R32,,1,3,44,23,18,10,,3,5,0,0,50,37,13,7,,3,9,2,3532,33,582
2007-W-SL-AUS-01A-2007,Australian Open,Hard,128,G,20070115,98,201329,22,,Vera Zvonareva,R,172,RUS,22.3,201421,13,,Ana Ivanovic,R,184,SRB,19.1,6-1 6-2,3,R32,,0,4,47,33,23,7,,4,5,2,5,44,24,10,7,,1,7,24,794,14,1108
2007-W-SL-AUS-01A-2007,Australian Open,Hard,128,G,20070115,99,201403,12,,Anna Chakvetadze,R,172,RUS,19.8,200056,,,Jelena Kostanic Tosic,L,168,CRO,25.5,6-4 6-4,3,R32,,6,0,70,47,33,13,,10,11,1,2,59,37,22,13,,2,5,13,1258,67,378
2007-W-SL-AUS-01A-2007,Australian Open,Hard,128,G,20070115,100,200067,8,,Patty Schnyder,L,168,SUI,28.0,200008,,WC,Alicia Molik,R,182,AUS,25.9,3-6 6-2 6-0,3,R32,,3,1,67,43,32,12,,2,4,6,3,70,48,31,7,,2,8,9,1578,141,198
2007-W-SL-AUS-01A-2007,Australian Open,Hard,128,G,20070115,101,200079,4,,Kim Clijsters,R,175,BEL,23.6,201416,29,,Alona Bondarenko,R,168,UKR,22.4,6-3 6-3,3,R32,,2,4,47,27,21,14,,2,3,2,0,59,42,25,5,,1,5,5,2441,34,576
2007-W-SL-AUS-01A-2007,Australian Open,Hard,128,G,20070115,102,201290,15,,Daniela Hantuchova,R,181,SVK,23.7,201315,,,Ashley Harkleroad,R,165,USA,21.7,6-7(6) 7-5 6-3,3,R32,,4,3,124,78,51,17,,9,15,1,7,112,76,40,14,,11,20,18,944,88,317
2007-W-SL-AUS-01A-2007,Australian Open,Hard,128,G,20070115,103,201419,19,,Na Li,R,172,CHN,24.8,201336,9,,Dinara Safina,R,185,RUS,20.7,6-2 6-2,3,R32,,2,0,48,36,26,8,,1,1,0,1,61,36,17,13,,10,14,16,968,10,1475
2007-W-SL-AUS-01A-2007,Australian Open,Hard,128,G,20070115,104,200001,6,,Martina Hingis,R,170,SUI,26.2,201411,,,Aiko Nakamura,R,163,JPN,23.0,6-2 6-1,3,R32,,2,1,45,29,24,10,,1,1,0,4,54,33,17,9,,4,8,7,2063,65,388
2007-W-SL-AUS-01A-2007,Australian Open,Hard,128,G,20070115,105,200033,,,Serena Williams,R,175,USA,25.3,200069,5,,Nadia Petrova,R,178,RUS,24.6,1-6 7-5 6-3,3,R32,,11,6,92,56,36,14,,6,11,10,6,81,45,30,17,,4,9,81,331,6,2141
2007-W-SL-AUS-01A-2007,Australian Open,Hard,128,G,20070115,106,201347,11,,Jelena Jankovic,R,177,SRB,21.8,201458,,,Victoria Azarenka,R,180,BLR,17.4,6-3 6-4,3,R32,,2,2,72,53,31,10,,5,8,2,6,66,29,19,13,,10,16,11,1456,94,299
2007-W-SL-AUS-01A-2007,Australian Open,Hard,128,G,20070115,107,201424,16,,Shahar Peer,R,170,ISR,19.7,201364,20,,Tatiana Golovin,R,175,FRA,18.9,3-6 7-5 7-5,3,R32,,2,4,100,66,40,16,,5,11,6,4,120,80,50,16,,12,19,17,961,23,862
2007-W-SL-AUS-01A-2007,Australian Open,Hard,128,G,20070115,108,201320,3,,Svetlana Kuznetsova,R,174,RUS,21.5,201373,26,,Maria Kirilenko,R,173,RUS,19.9,6-1 6-4,3,R32,,7,2,46,27,21,11,,4,5,1,4,63,43,24,8,,9,14,4,2510,28,609
2007-W-SL-AUS-01A-2007,Australian Open,Hard,128,G,20070115,109,200108,7,,Elena Dementieva,R,180,RUS,25.2,201308,,,Maria Elena Camerin,R,164,ITA,24.8,6-1 6-3,3,R32,,1,4,46,26,19,11,,0,1,0,3,49,29,12,10,,5,10,8,1875,55,426
2007-W-SL-AUS-01A-2007,Australian Open,Hard,128,G,20070115,110,201400,10,,Nicole Vaidisova,R,181,CZE,17.7,200011,21,,Katarina Srebotnik,R,180,SLO,25.8,6-4 6-4,3,R32,,12,6,58,35,31,9,,4,5,4,2,59,38,24,10,,3,6,12,1428,22,875
2007-W-SL-AUS-01A-2007,Australian Open,Hard,128,G,20070115,111,201425,,,Lucie Safarova,L,177,CZE,19.9,201412,,,Anastasia Yakimova,R,165,BLR,20.2,6-3 RET,3,R32,,3,1,29,18,16,5,,1,1,0,1,30,20,12,6,,3,4,70,370,68,375
2007-W-SL-AUS-01A-2007,Australian Open,Hard,128,G,20070115,112,200065,2,,Amelie Mauresmo,R,175,FRA,27.5,201356,,,Eva Birnerova,R,170,CZE,22.4,6-3 6-1,3,R32,,2,3,50,29,23,13,,2,2,2,3,53,37,21,6,,4,8,3,3460,83,324
2007-W-SL-AUS-01A-2007,Australian Open,Hard,128,G,20070115,113,201345,1,,Maria Sharapova,R,188,RUS,19.7,201329,22,,Vera Zvonareva,R,172,RUS,22.3,7-5 6-4,3,R16,,8,4,69,43,32,15,,3,4,2,5,86,52,36,13,,10,13,2,3532,24,794
2007-W-SL-AUS-01A-2007,Australian Open,Hard,128,G,20070115,114,201403,12,,Anna Chakvetadze,R,172,RUS,19.8,200067,8,,Patty Schnyder,L,168,SUI,28.0,6-4 6-1,3,R16,,0,1,43,26,15,11,,0,2,1,1,65,38,19,10,,8,14,13,1258,9,1578
2007-W-SL-AUS-01A-2007,Australian Open,Hard,128,G,20070115,115,200079,4,,Kim Clijsters,R,175,BEL,23.6,201290,15,,Daniela Hantuchova,R,181,SVK,23.7,6-1 7-5,3,R16,,1,2,45,29,22,12,,2,3,0,3,70,44,25,9,,10,15,5,2441,18,944
2007-W-SL-AUS-01A-2007,Australian Open,Hard,128,G,20070115,116,200001,6,,Martina Hingis,R,170,SUI,26.2,201419,19,,Na Li,R,172,CHN,24.8,4-6 6-3 6-0,3,R16,,0,1,96,64,44,15,,11,14,2,2,85,68,37,5,,6,12,7,2063,16,968
2007-W-SL-AUS-01A-2007,Australian Open,Hard,128,G,20070115,117,200033,,,Serena Williams,R,175,USA,25.3,201347,11,,Jelena Jankovic,R,177,SRB,21.8,6-3 6-2,3,R16,,8,4,70,44,31,12,,4,5,3,2,61,42,21,10,,8,12,81,331,11,1456
2007-W-SL-AUS-01A-2007,Australian Open,Hard,128,G,20070115,118,201424,16,,Shahar Peer,R,170,ISR,19.7,201320,3,,Svetlana Kuznetsova,R,174,RUS,21.5,6-4 6-2,3,R16,,1,1,66,49,30,8,,4,6,1,1,50,30,14,9,,2,7,17,961,4,2510
2007-W-SL-AUS-01A-2007,Australian Open,Hard,128,G,20070115,119,201400,10,,Nicole Vaidisova,R,181,CZE,17.7,200108,7,,Elena Dementieva,R,180,RUS,25.2,6-3 6-3,3,R16,,1,3,47,26,14,11,,1,5,0,7,60,21,11,14,,7,14,12,1428,8,1875
2007-W-SL-AUS-01A-2007,Australian Open,Hard,128,G,20070115,120,201425,,,Lucie Safarova,L,177,CZE,19.9,200065,2,,Amelie Mauresmo,R,175,FRA,27.5,6-4 6-3,3,R16,,3,1,48,26,18,13,,0,2,3,3,77,52,26,11,,7,12,70,370,3,3460
2007-W-SL-AUS-01A-2007,Australian Open,Hard,128,G,20070115,121,201345,1,,Maria Sharapova,R,188,RUS,19.7,201403,12,,Anna Chakvetadze,R,172,RUS,19.8,7-6(5) 7-5,3,QF,,2,6,83,57,32,11,,5,9,1,5,88,55,28,16,,5,10,2,3532,13,1258
2007-W-SL-AUS-01A-2007,Australian Open,Hard,128,G,20070115,122,200079,4,,Kim Clijsters,R,175,BEL,23.6,200001,6,,Martina Hingis,R,170,SUI,26.2,3-6 6-4 6-3,3,QF,,2,9,109,67,39,20,,8,13,0,5,94,64,35,14,,8,13,5,2441,7,2063
2007-W-SL-AUS-01A-2007,Australian Open,Hard,128,G,20070115,123,200033,,,Serena Williams,R,175,USA,25.3,201424,16,,Shahar Peer,R,170,ISR,19.7,3-6 6-2 8-6,3,QF,,11,3,103,60,42,21,,10,13,0,4,106,64,40,22,,1,6,81,331,17,961
2007-W-SL-AUS-01A-2007,Australian Open,Hard,128,G,20070115,124,201400,10,,Nicole Vaidisova,R,181,CZE,17.7,201425,,,Lucie Safarova,L,177,CZE,19.9,6-1 6-4,3,QF,,8,4,62,39,28,12,,3,4,2,2,51,33,19,9,,5,9,12,1428,70,370
2007-W-SL-AUS-01A-2007,Australian Open,Hard,128,G,20070115,125,201345,1,,Maria Sharapova,R,188,RUS,19.7,200079,4,,Kim Clijsters,R,175,BEL,23.6,6-4 6-2,3,SF,,7,8,67,40,28,11,,10,12,1,5,54,29,16,11,,3,8,2,3532,5,2441
2007-W-SL-AUS-01A-2007,Australian Open,Hard,128,G,20070115,126,200033,,,Serena Williams,R,175,USA,25.3,201400,10,,Nicole Vaidisova,R,181,CZE,17.7,7-6(5) 6-4,3,SF,,10,3,80,44,30,15,,4,8,6,7,87,44,27,16,,8,13,81,331,12,1428
2007-W-SL-AUS-01A-2007,Australian Open,Hard,128,G,20070115,127,200033,,,Serena Williams,R,175,USA,25.3,201345,1,,Maria Sharapova,R,188,RUS,19.7,6-1 6-2,3,F,,7,2,49,33,26,10,,2,2,3,6,47,24,16,6,,2,6,81,331,2,3532
2008-W-SL-AUS-01A-2008,Australian Open,Hard,128,G,20080114,1,200003,1,,Justine Henin,R,167,BEL,25.6,201411,,,Aiko Nakamura,R,163,JPN,24.0,6-2 6-2,3,R128,,7,6,61,33,22,12,,4,6,0,2,66,47,25,4,,9,15,1,6430,73,424
2008-W-SL-AUS-01A-2008,Australian Open,Hard,128,G,20080114,2,201479,,,Olga Puchkova,R,180,RUS,20.2,201410,,WC,Monique Adamczak,R,170,AUS,24.9,6-4 6-0,3,R128,,0,6,53,35,21,7,,5,8,1,0,43,25,8,5,,2,9,97,353,149,229
2008-W-SL-AUS-01A-2008,Australian Open,Hard,128,G,20080114,3,201493,,,Angelique Kerber,L,173,GER,19.9,201343,,,Maret Ani,R,176,EST,25.9,0-6 6-3 6-2,3,R128,,1,4,82,51,31,13,,4,8,1,5,76,53,28,12,,5,10,89,378,100,344
2008-W-SL-AUS-01A-2008,Australian Open,Hard,128,G,20080114,4,201212,25,,Francesca Schiavone,R,166,ITA,27.5,200104,,,Emilie Loit,L,167,FRA,28.5,6-3 7-6(5),3,R128,,3,3,87,58,40,13,,4,6,2,6,63,46,30,5,,2,5,24,1101,44,630
2008-W-SL-AUS-01A-2008,Australian Open,Hard,128,G,20080114,5,201446,19,,Sybille Bammer,L,174,AUT,27.7,200009,,Q,Tamarine Tanasugarn,R,165,THA,30.6,6-7(6) 6-4 6-2,3,R128,,6,3,111,69,45,19,,15,19,0,1,106,69,35,21,,6,13,20,1308,117,305
2008-W-SL-AUS-01A-2008,Australian Open,Hard,128,G,20080114,6,201444,,Q,Su Wei Hsieh,R,169,TPE,22.0,201344,,,Klara Koukalova,R,166,CZE,25.8,2-6 6-4 8-6,3,R128,,,,,,,,,,,,,,,,,,,,158,215,63,471
2008-W-SL-AUS-01A-2008,Australian Open,Hard,128,G,20080114,7,201431,,,Aravane Rezai,R,165,FRA,20.8,201435,,,Kateryna Bondarenko,R,175,UKR,21.4,7-6(4) 6-2,3,R128,,1,2,61,32,22,20,,1,2,2,5,67,34,21,17,,2,5,69,449,43,643
2008-W-SL-AUS-01A-2008,Australian Open,Hard,128,G,20080114,8,201364,13,,Tatiana Golovin,R,175,FRA,19.9,200770,,,Stephanie Cohen Aloro,R,175,FRA,24.8,6-1 4-6 6-3,3,R128,,3,2,76,56,42,8,,1,4,3,13,86,51,34,11,,10,16,13,1882,109,323
2008-W-SL-AUS-01A-2008,Australian Open,Hard,128,G,20080114,9,200108,11,,Elena Dementieva,R,180,RUS,26.2,200014,,,Tzipi Obziler,R,172,ISR,34.7,6-2 6-2,3,R128,,,,,,,,,,,,,,,,,,,,11,1985,81,393
2008-W-SL-AUS-01A-2008,Australian Open,Hard,128,G,20080114,10,201286,,,Anabel Medina Garrigues,R,169,ESP,25.4,201508,,,Petra Cetkovska,R,172,CZE,22.9,7-6(1) 6-0,3,R128,,1,0,57,41,28,8,,0,2,0,4,61,38,19,7,,3,8,34,840,103,336
2008-W-SL-AUS-01A-2008,Australian Open,Hard,128,G,20080114,11,201487,,WC,Jessica Moore,R,167,AUS,17.4,201510,,,Julie Ditty,L,168,USA,29.0,6-3 6-2,3,R128,,1,1,48,28,21,10,,1,3,2,4,60,37,19,9,,4,9,376,55,101,343
2008-W-SL-AUS-01A-2008,Australian Open,Hard,128,G,20080114,12,201424,17,,Shahar Peer,R,170,ISR,20.7,201339,,,Renata Voracova,R,,CZE,24.2,6-2 2-6 6-0,3,R128,,2,6,77,51,35,10,,6,9,0,10,75,39,22,15,,5,11,17,1640,107,331
2008-W-SL-AUS-01A-2008,Australian Open,Hard,128,G,20080114,13,201455,,,Elena Vesnina,R,176,RUS,21.4,201360,32,,Julia Vakulenko,R,183,UKR,24.5,6-4 1-6 6-4,3,R128,,3,10,83,48,25,16,,2,9,2,6,83,46,29,14,,5,11,55,519,31,907
2008-W-SL-AUS-01A-2008,Australian Open,Hard,128,G,20080114,14,200754,,,Jill Craybas,R,160,USA,33.5,201442,,,Yung Jan Chan,R,170,TPE,18.4,6-4 6-2,3,R128,,1,2,57,36,22,11,,2,5,0,3,54,36,17,5,,5,11,98,348,68,456
2008-W-SL-AUS-01A-2008,Australian Open,Hard,128,G,20080114,15,200128,,,Lindsay Davenport,R,189,USA,31.6,201506,,,Sara Errani,R,164,ITA,20.7,6-2 3-6 7-5,3,R128,,7,5,88,54,33,18,,2,6,5,2,119,65,41,23,,9,15,51,545,65,464
2008-W-SL-AUS-01A-2008,Australian Open,Hard,128,G,20080114,16,201345,5,,Maria Sharapova,R,188,RUS,20.7,200056,,,Jelena Kostanic Tosic,L,168,CRO,26.5,6-4 6-3,3,R128,,5,5,50,38,34,5,,0,0,1,3,73,48,30,11,,10,13,5,2956,102,341
2008-W-SL-AUS-01A-2008,Australian Open,Hard,128,G,20080114,17,201347,3,,Jelena Jankovic,R,177,SRB,22.8,201481,,,Tamira Paszek,R,165,AUT,17.1,2-6 6-2 12-10,3,R128,,3,14,126,70,40,19,,7,17,0,9,135,89,50,15,,14,25,4,3390,39,768
2008-W-SL-AUS-01A-2008,Australian Open,Hard,128,G,20080114,18,201365,,,Edina Gallovits Hall,R,165,ROU,23.0,201477,,,Stephanie Dubois,R,162,CAN,21.2,7-6(7) 6-3,3,R128,,1,1,102,73,49,14,,5,7,1,2,60,42,30,6,,1,4,76,412,105,334
2008-W-SL-AUS-01A-2008,Australian Open,Hard,128,G,20080114,19,201355,,,Flavia Pennetta,R,172,ITA,25.8,201495,,,Dominika Cibulkova,R,161,SVK,18.6,6-4 5-7 6-4,3,R128,,2,5,119,68,40,19,,10,18,1,5,117,80,38,20,,10,19,37,772,48,589
2008-W-SL-AUS-01A-2008,Australian Open,Hard,128,G,20080114,20,200043,30,,Virginie Razzano,R,173,FRA,24.6,201315,,,Ashley Harkleroad,R,165,USA,22.7,6-3 7-5,3,R128,,3,5,65,38,28,10,,3,7,1,4,68,45,23,8,,6,12,29,954,58,510
2008-W-SL-AUS-01A-2008,Australian Open,Hard,128,G,20080114,21,200065,18,,Amelie Mauresmo,R,175,FRA,28.5,201284,,,Tatiana Poutchek,R,176,BLR,29.0,6-7(6) 6-0 6-0,3,R128,,4,7,84,51,38,13,,4,6,2,4,92,55,27,12,,5,13,18,1503,96,358
2008-W-SL-AUS-01A-2008,Australian Open,Hard,128,G,20080114,22,201468,,,Yaroslava Shvedova,R,180,KAZ,20.3,213583,,,Tatjana Maria,R,172,GER,20.4,6-2 6-2,3,R128,,,,,,,,,,,,,,,,,,,,85,385,83,389
2008-W-SL-AUS-01A-2008,Australian Open,Hard,128,G,20080114,23,201348,,,Casey Dellacqua,L,165,AUS,22.9,201498,,,Karin Knapp,R,180,ITA,20.5,4-6 6-3 8-6,3,R128,,1,7,107,63,40,15,,4,12,0,12,114,56,31,24,,9,18,78,398,50,579
2008-W-SL-AUS-01A-2008,Australian Open,Hard,128,G,20080114,24,200067,15,,Patty Schnyder,L,168,SUI,29.0,200068,,,Lilia Osterloh,R,170,USA,29.7,6-3 6-3,3,R128,,3,0,51,36,23,5,,4,8,3,5,66,42,17,9,,8,15,15,1836,91,372
2008-W-SL-AUS-01A-2008,Australian Open,Hard,128,G,20080114,25,201400,12,,Nicole Vaidisova,R,181,CZE,18.7,201494,,,Raluca Olaru,R,173,ROU,18.8,6-3 6-0,3,R128,,1,1,44,29,25,7,,1,1,1,3,42,21,9,9,,1,6,12,1977,57,511
2008-W-SL-AUS-01A-2008,Australian Open,Hard,128,G,20080114,26,200008,,,Alicia Molik,R,182,AUS,26.9,201466,,,Kaia Kanepi,R,181,EST,22.5,7-6(4) 7-5,3,R128,,8,1,86,55,40,17,,6,8,5,6,91,51,34,20,,5,8,62,485,60,501
2008-W-SL-AUS-01A-2008,Australian Open,Hard,128,G,20080114,27,201309,,,Tatiana Perebiynis,R,173,UKR,25.0,201483,,WC,Madison Brengle,R,168,USA,17.7,7-5 6-2,3,R128,,2,3,69,40,26,16,,8,11,0,4,65,40,19,11,,2,8,93,365,228,123
2008-W-SL-AUS-01A-2008,Australian Open,Hard,128,G,20080114,28,200085,,,Ai Sugiyama,R,163,JPN,32.5,201329,23,,Vera Zvonareva,R,172,RUS,23.3,6-3 1-1 RET,3,R128,,2,2,30,22,17,4,,0,0,3,4,48,36,23,4,,5,7,41,729,22,1146
2008-W-SL-AUS-01A-2008,Australian Open,Hard,128,G,20080114,29,201458,26,,Victoria Azarenka,R,180,BLR,18.4,201454,,,Akgul Amanmuradova,R,190,UZB,23.5,6-2 7-5,3,R128,,4,2,62,47,27,6,,1,5,4,6,78,50,27,8,,10,17,25,1026,95,359
2008-W-SL-AUS-01A-2008,Australian Open,Hard,128,G,20080114,30,200746,,Q,Sandra Kloesel,R,173,GER,28.5,201361,,Q,Julia Schruff,R,166,GER,25.4,6-1 6-7(1) 6-4,3,R128,,1,7,97,67,48,9,,3,7,0,3,97,53,29,21,,6,13,162,191,114,313
2008-W-SL-AUS-01A-2008,Australian Open,Hard,128,G,20080114,31,201460,,Q,Meng Yuan,U,,CHN,21.6,201511,,Q,Ekaterina Ivanova,R,,RUS,20.0,4-6 6-4 6-2,3,R128,,,,,,,,,,,,,,,,,,,,121,291,210,139
2008-W-SL-AUS-01A-2008,Australian Open,Hard,128,G,20080114,32,200033,7,,Serena Williams,R,175,USA,26.2,201457,,WC,Jarmila Gajdosova,R,174,AUS,20.7,6-3 6-3,3,R128,,,,,,,,,,,,,,,,,,,,7,2772,145,243
2008-W-SL-AUS-01A-2008,Australian Open,Hard,128,G,20080114,33,200748,8,,Venus Williams,R,185,USA,27.5,201459,,,Zi Yan,R,171,CHN,23.1,6-2 7-5,3,R128,,7,7,54,37,26,9,,3,5,0,3,62,37,20,11,,3,8,8,2470,61,499
2008-W-SL-AUS-01A-2008,Australian Open,Hard,128,G,20080114,34,201301,,,Camille Pin,R,162,FRA,26.3,201512,,Q,Monica Niculescu,R,168,ROU,20.3,5-7 6-1 6-1,3,R128,,0,4,77,60,35,8,,3,8,3,2,77,55,23,8,,2,11,90,372,155,221
2008-W-SL-AUS-01A-2008,Australian Open,Hard,128,G,20080114,35,201490,,Q,Timea Bacsinszky,R,170,SUI,18.6,201388,,WC,Sophie Ferguson,R,177,AUS,21.8,6-4 6-3,3,R128,,2,3,58,32,22,16,,1,3,1,1,57,44,25,7,,5,9,119,298,174,171
2008-W-SL-AUS-01A-2008,Australian Open,Hard,128,G,20080114,36,201420,31,,Sania Mirza,R,153,IND,21.1,201204,,WC,Iroda Tulyaganova,R,170,UZB,26.0,6-4 6-2,3,R128,,3,4,56,29,22,16,,3,4,5,11,58,29,22,8,,3,7,32,901,317,73
2008-W-SL-AUS-01A-2008,Australian Open,Hard,128,G,20080114,37,201419,24,,Na Li,R,172,CHN,25.8,201392,,,Severine Beltrame,R,171,FRA,28.4,6-2 4-6 6-4,3,R128,,5,5,92,61,41,18,,5,7,5,4,95,51,34,22,,7,11,30,932,115,308
2008-W-SL-AUS-01A-2008,Australian Open,Hard,128,G,20080114,38,201308,,,Maria Elena Camerin,R,164,ITA,25.8,201289,,WC,Christina Wheeler,R,161,AUS,25.7,6-1 6-2,3,R128,,,,,,,,,,,,,,,,,,,,99,347,214,134
2008-W-SL-AUS-01A-2008,Australian Open,Hard,128,G,20080114,39,201417,,Q,Marta Domachowska,R,176,POL,21.9,201428,,WC,Mathilde Johansson,R,173,FRA,22.7,6-1 6-1,3,R128,,2,3,44,21,12,17,,1,2,1,3,42,29,12,2,,5,11,146,236,134,260
2008-W-SL-AUS-01A-2008,Australian Open,Hard,128,G,20080114,40,201387,,,Sofia Arvidsson,R,176,SWE,23.9,201294,10,,Marion Bartoli,R,170,FRA,23.2,6-7(3) 6-4 6-3,3,R128,,1,5,103,70,45,12,,5,10,3,6,105,69,43,11,,9,16,80,396,10,2191
2008-W-SL-AUS-01A-2008,Australian Open,Hard,128,G,20080114,41,201513,,Q,Sabine Lisicki,R,178,GER,18.3,201336,16,,Dinara Safina,R,185,RUS,21.7,7-6(4) 4-6 6-2,3,R128,,2,9,114,71,46,17,,8,13,2,9,103,62,35,18,,7,13,194,152,16,1750
2008-W-SL-AUS-01A-2008,Australian Open,Hard,128,G,20080114,42,201489,,,Mariya Koryttseva,R,172,UKR,22.6,201300,,,Maria Emilia Salerni,R,174,ARG,24.6,6-2 6-3,3,R128,,0,3,55,36,26,13,,4,4,1,2,63,41,21,13,,4,7,104,336,88,379
2008-W-SL-AUS-01A-2008,Australian Open,Hard,128,G,20080114,43,201496,,,Caroline Wozniacki,R,177,DEN,17.5,201363,,,Gisela Dulko,R,170,ARG,22.9,6-1 6-1,3,R128,,1,0,35,28,23,6,,0,0,2,3,51,32,16,6,,10,15,64,464,38,770
2008-W-SL-AUS-01A-2008,Australian Open,Hard,128,G,20080114,44,201416,21,,Alona Bondarenko,R,168,UKR,23.4,201485,,,Alla Kudryavtseva,R,178,RUS,20.1,6-4 7-6(4),3,R128,,1,4,99,56,29,17,,14,20,1,4,89,52,29,17,,6,11,21,1171,75,413
2008-W-SL-AUS-01A-2008,Australian Open,Hard,128,G,20080114,45,200011,28,,Katarina Srebotnik,R,180,SLO,26.8,201452,,,Lourdes Dominguez Lino,R,163,ESP,26.7,4-6 6-0 9-7,3,R128,,,,,,,,,,,,,,,,,,,,27,971,71,439
2008-W-SL-AUS-01A-2008,Australian Open,Hard,128,G,20080114,46,201370,,,Anastasia Rodionova,R,167,AUS,25.6,200776,,Q,Angelika Bachmann,R,,GER,28.6,7-6(3) 6-4,3,R128,,1,3,91,65,39,12,,7,11,1,6,77,50,29,10,,6,11,79,397,159,203
2008-W-SL-AUS-01A-2008,Australian Open,Hard,128,G,20080114,47,200060,,,Tathiana Garbin,R,172,ITA,30.5,201305,,,Eleni Daniilidou,R,182,GRE,25.3,6-2 6-2,3,R128,,1,0,47,33,23,7,,0,2,0,6,50,33,16,4,,6,12,40,741,36,795
2008-W-SL-AUS-01A-2008,Australian Open,Hard,128,G,20080114,48,201421,4,,Ana Ivanovic,R,184,SRB,20.1,201514,,,Sorana Cirstea,R,176,ROU,17.7,7-5 6-3,3,R128,,1,2,74,44,27,14,,5,9,0,7,80,47,26,12,,6,12,3,3516,106,333
2008-W-SL-AUS-01A-2008,Australian Open,Hard,128,G,20080114,49,201403,6,,Anna Chakvetadze,R,172,RUS,20.8,201492,,,Andrea Petkovic,R,180,GER,20.3,0-0 RET,3,R128,,0,0,0,0,0,0,,0,0,0,1,6,3,2,1,,0,0,6,2880,92,368
2008-W-SL-AUS-01A-2008,Australian Open,Hard,128,G,20080114,50,201515,,Q,Alisa Kleybanova,R,181,RUS,18.4,201397,,,Shuai Peng,R,173,CHN,22.0,7-5 4-6 9-7,3,R128,,3,5,117,68,46,23,,4,9,7,9,117,69,45,23,,4,10,154,224,45,614
2008-W-SL-AUS-01A-2008,Australian Open,Hard,128,G,20080114,51,201352,,,Akiko Morigami,R,165,JPN,28.0,201414,,,Michaella Krajicek,R,177,NED,19.0,6-2 6-2,3,R128,,1,3,44,29,20,9,,1,2,1,4,44,25,13,5,,1,6,49,588,33,864
2008-W-SL-AUS-01A-2008,Australian Open,Hard,128,G,20080114,52,201373,27,,Maria Kirilenko,R,173,RUS,20.9,200031,,,Meilen Tu,R,163,USA,29.9,6-4 4-6 6-3,3,R128,,11,4,96,69,46,14,,7,10,1,3,94,74,44,10,,8,12,26,973,46,607
2008-W-SL-AUS-01A-2008,Australian Open,Hard,128,G,20080114,53,201293,,,Catalina Castano,R,171,COL,28.5,201425,22,,Lucie Safarova,L,177,CZE,20.9,6-1 6-4,3,R128,,3,2,58,39,27,13,,2,2,6,2,47,28,20,8,,5,8,139,252,23,1132
2008-W-SL-AUS-01A-2008,Australian Open,Hard,128,G,20080114,54,200118,,,Virginia Ruano Pascual,R,169,ESP,34.3,201311,,,Roberta Vinci,R,163,ITA,24.9,6-4 6-4,3,R128,,1,2,62,49,31,2,,1,5,1,4,61,39,20,7,,0,6,82,389,74,419
2008-W-SL-AUS-01A-2008,Australian Open,Hard,128,G,20080114,55,201427,,,Alize Cornet,R,173,FRA,17.9,201302,,,Clarisa Fernandez,L,179,ARG,26.3,6-3 6-3,3,R128,,2,1,66,44,31,7,,9,11,0,1,73,44,24,10,,7,12,59,506,400,48
2008-W-SL-AUS-01A-2008,Australian Open,Hard,128,G,20080114,56,201290,9,,Daniela Hantuchova,R,181,SVK,24.7,201447,,,Vania King,R,165,USA,18.8,6-3 7-5,3,R128,,5,0,61,35,26,14,,2,4,0,1,93,62,32,16,,9,14,9,2367,108,328
2008-W-SL-AUS-01A-2008,Australian Open,Hard,128,G,20080114,57,200069,14,,Nadia Petrova,R,178,RUS,25.6,200036,,,Nicole Pratt,R,163,AUS,34.8,6-1 6-3,3,R128,,3,8,55,30,23,8,,3,5,0,5,55,36,16,6,,4,10,14,1862,87,380
2008-W-SL-AUS-01A-2008,Australian Open,Hard,128,G,20080114,58,200124,,,Anne Kremer,R,165,LUX,32.2,201407,,,Evgenia Linetskaya,R,,ISR,21.1,7-6(8) 6-0,3,R128,,2,4,77,46,30,13,,6,9,0,2,59,42,23,3,,3,9,84,388,584,23
2008-W-SL-AUS-01A-2008,Australian Open,Hard,128,G,20080114,59,201423,,,Yvonne Meusburger,R,175,AUT,24.2,201281,,,Laura Granville,R,175,USA,26.6,6-1 6-4,3,R128,,0,1,58,42,29,9,,4,5,1,1,52,38,21,5,,3,7,70,442,72,437
2008-W-SL-AUS-01A-2008,Australian Open,Hard,128,G,20080114,60,201505,,,Kate Makarova,L,178,RUS,19.6,201497,20,,Agnes Szavay,R,168,HUN,19.0,3-6 6-4 7-5,3,R128,,1,2,88,55,33,17,,6,12,2,12,109,65,39,20,,5,12,110,321,19,1316
2008-W-SL-AUS-01A-2008,Australian Open,Hard,128,G,20080114,61,201474,29,,Agnieszka Radwanska,R,170,POL,18.8,201456,,,Olga Savchuk,R,175,UKR,20.3,6-0 6-1,3,R128,,1,3,53,30,18,14,,2,3,0,4,48,25,14,4,,3,9,28,962,86,383
2008-W-SL-AUS-01A-2008,Australian Open,Hard,128,G,20080114,62,201426,,,Pauline Parmentier,R,175,FRA,21.9,201310,,,Martina Muller,R,165,GER,25.2,7-5 6-3,3,R128,,6,4,80,44,31,16,,9,11,1,6,79,54,33,8,,5,10,56,513,54,540
2008-W-SL-AUS-01A-2008,Australian Open,Hard,128,G,20080114,63,201450,,,Tsvetana Pironkova,R,180,BUL,20.3,201501,,,Olga Govortsova,R,182,BLR,19.3,6-1 6-1,3,R128,,2,0,45,20,17,13,,7,8,0,3,36,27,9,3,,2,8,94,365,47,597
2008-W-SL-AUS-01A-2008,Australian Open,Hard,128,G,20080114,64,201320,2,,Svetlana Kuznetsova,R,174,RUS,22.5,200109,,,Nathalie Dechy,R,177,FRA,28.8,6-3 6-1,3,R128,,1,2,51,27,21,12,,2,3,1,7,51,34,18,6,,2,7,2,3810,67,456
2008-W-SL-AUS-01A-2008,Australian Open,Hard,128,G,20080114,65,200003,1,,Justine Henin,R,167,BEL,25.6,201479,,,Olga Puchkova,R,180,RUS,20.2,6-1 7-5,3,R64,,3,7,56,33,20,13,,8,11,0,8,64,38,20,7,,6,13,1,6430,97,353
2008-W-SL-AUS-01A-2008,Australian Open,Hard,128,G,20080114,66,201212,25,,Francesca Schiavone,R,166,ITA,27.5,201493,,,Angelique Kerber,L,173,GER,19.9,6-2 6-3,3,R64,,1,0,57,34,23,12,,4,6,1,3,52,31,14,8,,4,9,24,1101,89,378
2008-W-SL-AUS-01A-2008,Australian Open,Hard,128,G,20080114,67,201444,,Q,Su Wei Hsieh,R,169,TPE,22.0,201446,19,,Sybille Bammer,L,174,AUT,27.7,6-2 6-0,3,R64,,0,3,47,27,23,10,,5,5,1,2,59,32,13,13,,9,14,158,215,20,1308
2008-W-SL-AUS-01A-2008,Australian Open,Hard,128,G,20080114,68,201431,,,Aravane Rezai,R,165,FRA,20.8,201364,13,,Tatiana Golovin,R,175,FRA,19.9,6-3 3-6 6-3,3,R64,,1,4,83,47,31,16,,11,16,1,4,92,58,33,13,,5,12,69,449,13,1882
2008-W-SL-AUS-01A-2008,Australian Open,Hard,128,G,20080114,69,200108,11,,Elena Dementieva,R,180,RUS,26.2,201286,,,Anabel Medina Garrigues,R,169,ESP,25.4,5-7 6-2 6-3,3,R64,,3,0,89,75,47,4,,5,10,1,1,90,65,33,11,,2,9,11,1985,34,840
2008-W-SL-AUS-01A-2008,Australian Open,Hard,128,G,20080114,70,201424,17,,Shahar Peer,R,170,ISR,20.7,201487,,WC,Jessica Moore,R,167,AUS,17.4,6-0 7-5,3,R64,,1,1,61,41,25,14,,5,6,0,0,55,34,18,8,,2,7,17,1640,376,55
2008-W-SL-AUS-01A-2008,Australian Open,Hard,128,G,20080114,71,201455,,,Elena Vesnina,R,176,RUS,21.4,200754,,,Jill Craybas,R,160,USA,33.5,6-2 6-4,3,R64,,2,5,79,51,30,12,,14,18,0,1,48,34,11,6,,4,11,55,519,98,348
2008-W-SL-AUS-01A-2008,Australian Open,Hard,128,G,20080114,72,201345,5,,Maria Sharapova,R,188,RUS,20.7,200128,,,Lindsay Davenport,R,189,USA,31.6,6-1 6-3,3,R64,,4,1,42,28,24,8,,0,0,1,3,55,37,23,4,,6,10,5,2956,51,545
2008-W-SL-AUS-01A-2008,Australian Open,Hard,128,G,20080114,73,201347,3,,Jelena Jankovic,R,177,SRB,22.8,201365,,,Edina Gallovits Hall,R,165,ROU,23.0,6-2 7-5,3,R64,,,,,,,,,,,,,,,,,,,,4,3390,76,412
2008-W-SL-AUS-01A-2008,Australian Open,Hard,128,G,20080114,74,200043,30,,Virginie Razzano,R,173,FRA,24.6,201355,,,Flavia Pennetta,R,172,ITA,25.8,6-2 5-7 6-3,3,R64,,4,7,118,87,55,15,,10,14,0,1,73,38,23,17,,2,8,29,954,37,772
2008-W-SL-AUS-01A-2008,Australian Open,Hard,128,G,20080114,75,200065,18,,Amelie Mauresmo,R,175,FRA,28.5,201468,,,Yaroslava Shvedova,R,180,KAZ,20.3,6-4 7-6(5),3,R64,,2,8,81,58,41,9,,3,5,3,2,75,47,27,15,,4,7,18,1503,85,385
2008-W-SL-AUS-01A-2008,Australian Open,Hard,128,G,20080114,76,201348,,,Casey Dellacqua,L,165,AUS,22.9,200067,15,,Patty Schnyder,L,168,SUI,29.0,4-6 7-5 8-6,3,R64,,3,5,120,74,48,24,,5,9,6,5,101,62,44,18,,8,13,78,398,15,1836
2008-W-SL-AUS-01A-2008,Australian Open,Hard,128,G,20080114,77,201400,12,,Nicole Vaidisova,R,181,CZE,18.7,200008,,,Alicia Molik,R,182,AUS,26.9,6-2 6-3,3,R64,,11,3,47,35,28,8,,0,0,4,6,59,33,22,10,,7,10,12,1977,62,485
2008-W-SL-AUS-01A-2008,Australian Open,Hard,128,G,20080114,78,200085,,,Ai Sugiyama,R,163,JPN,32.5,201309,,,Tatiana Perebiynis,R,173,UKR,25.0,6-4 6-4,3,R64,,2,3,58,48,31,4,,3,6,2,1,67,41,27,7,,1,6,41,729,93,365
2008-W-SL-AUS-01A-2008,Australian Open,Hard,128,G,20080114,79,201458,26,,Victoria Azarenka,R,180,BLR,18.4,200746,,Q,Sandra Kloesel,R,173,GER,28.5,6-1 6-1,3,R64,,,,,,,,,,,,,,,,,,,,25,1026,162,191
2008-W-SL-AUS-01A-2008,Australian Open,Hard,128,G,20080114,80,200033,7,,Serena Williams,R,175,USA,26.2,201460,,Q,Meng Yuan,U,,CHN,21.6,6-3 6-1,3,R64,,4,4,47,24,20,10,,2,4,1,1,56,37,18,4,,2,8,7,2772,121,291
2008-W-SL-AUS-01A-2008,Australian Open,Hard,128,G,20080114,81,200748,8,,Venus Williams,R,185,USA,27.5,201301,,,Camille Pin,R,162,FRA,26.3,7-5 6-4,3,R64,,2,6,71,43,25,9,,3,9,0,1,65,48,23,3,,3,11,8,2470,90,372
2008-W-SL-AUS-01A-2008,Australian Open,Hard,128,G,20080114,82,201420,31,,Sania Mirza,R,153,IND,21.1,201490,,Q,Timea Bacsinszky,R,170,SUI,18.6,6-1 4-6 7-5,3,R64,,0,6,91,52,35,19,,2,6,4,1,87,42,22,20,,2,9,32,901,119,298
2008-W-SL-AUS-01A-2008,Australian Open,Hard,128,G,20080114,83,201419,24,,Na Li,R,172,CHN,25.8,201308,,,Maria Elena Camerin,R,164,ITA,25.8,6-4 6-3,3,R64,,1,2,77,54,32,15,,3,5,0,5,52,33,19,8,,1,5,30,932,99,347
2008-W-SL-AUS-01A-2008,Australian Open,Hard,128,G,20080114,84,201417,,Q,Marta Domachowska,R,176,POL,21.9,201387,,,Sofia Arvidsson,R,176,SWE,23.9,7-5 1-6 6-1,3,R64,,3,7,94,56,36,14,,12,18,1,2,102,77,42,9,,11,18,146,236,80,396
2008-W-SL-AUS-01A-2008,Australian Open,Hard,128,G,20080114,85,201513,,Q,Sabine Lisicki,R,178,GER,18.3,201489,,,Mariya Koryttseva,R,172,UKR,22.6,6-1 7-5,3,R64,,7,5,61,34,25,11,,7,10,0,3,70,46,19,12,,6,12,194,152,104,336
2008-W-SL-AUS-01A-2008,Australian Open,Hard,128,G,20080114,86,201496,,,Caroline Wozniacki,R,177,DEN,17.5,201416,21,,Alona Bondarenko,R,168,UKR,23.4,7-6(4) 6-1,3,R64,,,,,,,,,,,,,,,,,,,,64,464,21,1171
2008-W-SL-AUS-01A-2008,Australian Open,Hard,128,G,20080114,87,200011,28,,Katarina Srebotnik,R,180,SLO,26.8,201370,,,Anastasia Rodionova,R,167,AUS,25.6,6-4 6-1,3,R64,,0,0,42,27,18,12,,0,2,1,3,59,42,21,5,,6,11,27,971,79,397
2008-W-SL-AUS-01A-2008,Australian Open,Hard,128,G,20080114,88,201421,4,,Ana Ivanovic,R,184,SRB,20.1,200060,,,Tathiana Garbin,R,172,ITA,30.5,6-0 6-3,3,R64,,1,1,48,36,26,6,,3,4,1,1,45,26,10,8,,4,9,3,3516,40,741
2008-W-SL-AUS-01A-2008,Australian Open,Hard,128,G,20080114,89,201403,6,,Anna Chakvetadze,R,172,RUS,20.8,201515,,Q,Alisa Kleybanova,R,181,RUS,18.4,6-3 6-4,3,R64,,8,4,70,41,28,14,,6,8,1,4,69,29,20,16,,5,10,6,2880,154,224
2008-W-SL-AUS-01A-2008,Australian Open,Hard,128,G,20080114,90,201373,27,,Maria Kirilenko,R,173,RUS,20.9,201352,,,Akiko Morigami,R,165,JPN,28.0,6-1 6-1,3,R64,,1,2,39,27,21,8,,3,3,0,1,45,28,10,9,,6,11,26,973,49,588
2008-W-SL-AUS-01A-2008,Australian Open,Hard,128,G,20080114,91,200118,,,Virginia Ruano Pascual,R,169,ESP,34.3,201293,,,Catalina Castano,R,171,COL,28.5,6-2 6-4,3,R64,,,,,,,,,,,,,,,,,,,,82,389,139,252
2008-W-SL-AUS-01A-2008,Australian Open,Hard,128,G,20080114,92,201290,9,,Daniela Hantuchova,R,181,SVK,24.7,201427,,,Alize Cornet,R,173,FRA,17.9,6-2 7-5,3,R64,,0,0,54,31,20,16,,1,3,3,7,63,36,23,9,,5,10,9,2367,59,506
2008-W-SL-AUS-01A-2008,Australian Open,Hard,128,G,20080114,93,200069,14,,Nadia Petrova,R,178,RUS,25.6,200124,,,Anne Kremer,R,165,LUX,32.2,7-5 7-5,3,R64,,4,2,71,41,31,12,,2,5,2,2,84,50,28,16,,4,9,14,1862,84,388
2008-W-SL-AUS-01A-2008,Australian Open,Hard,128,G,20080114,94,201505,,,Kate Makarova,L,178,RUS,19.6,201423,,,Yvonne Meusburger,R,175,AUT,24.2,6-3 6-1,3,R64,,,,,,,,,,,,,,,,,,,,110,321,70,442
2008-W-SL-AUS-01A-2008,Australian Open,Hard,128,G,20080114,95,201474,29,,Agnieszka Radwanska,R,170,POL,18.8,201426,,,Pauline Parmentier,R,175,FRA,21.9,7-5 6-4,3,R64,,1,4,66,37,19,18,,4,8,1,9,83,41,24,17,,6,12,28,962,56,513
2008-W-SL-AUS-01A-2008,Australian Open,Hard,128,G,20080114,96,201320,2,,Svetlana Kuznetsova,R,174,RUS,22.5,201450,,,Tsvetana Pironkova,R,180,BUL,20.3,7-6(0) 6-2,3,R64,,3,1,55,33,23,9,,1,5,0,3,67,36,20,10,,4,10,2,3810,94,365
2008-W-SL-AUS-01A-2008,Australian Open,Hard,128,G,20080114,97,200003,1,,Justine Henin,R,167,BEL,25.6,201212,25,,Francesca Schiavone,R,166,ITA,27.5,7-5 6-4,3,R32,,2,4,64,31,22,17,,3,6,0,4,66,37,21,12,,2,7,1,6430,24,1101
2008-W-SL-AUS-01A-2008,Australian Open,Hard,128,G,20080114,98,201444,,Q,Su Wei Hsieh,R,169,TPE,22.0,201431,,,Aravane Rezai,R,165,FRA,20.8,6-2 6-7(3) 6-4,3,R32,,1,1,111,67,40,22,,10,15,2,4,92,46,28,18,,7,15,158,215,69,449
2008-W-SL-AUS-01A-2008,Australian Open,Hard,128,G,20080114,99,200108,11,,Elena Dementieva,R,180,RUS,26.2,201424,17,,Shahar Peer,R,170,ISR,20.7,6-2 6-0,3,R32,,0,1,46,35,25,7,,5,5,2,3,45,30,14,5,,2,7,11,1985,17,1640
2008-W-SL-AUS-01A-2008,Australian Open,Hard,128,G,20080114,100,201345,5,,Maria Sharapova,R,188,RUS,20.7,201455,,,Elena Vesnina,R,176,RUS,21.4,6-3 6-0,3,R32,,4,2,59,39,24,10,,5,7,0,3,54,31,12,7,,10,17,5,2956,55,519
2008-W-SL-AUS-01A-2008,Australian Open,Hard,128,G,20080114,101,201347,3,,Jelena Jankovic,R,177,SRB,22.8,200043,30,,Virginie Razzano,R,173,FRA,24.6,6-2 4-6 6-1,3,R32,,3,1,76,53,30,16,,3,6,2,2,79,52,29,10,,2,9,4,3390,29,954
2008-W-SL-AUS-01A-2008,Australian Open,Hard,128,G,20080114,102,201348,,,Casey Dellacqua,L,165,AUS,22.9,200065,18,,Amelie Mauresmo,R,175,FRA,28.5,3-6 6-4 6-4,3,R32,,1,1,87,45,25,24,,7,12,6,10,94,55,37,13,,2,8,78,398,18,1503
2008-W-SL-AUS-01A-2008,Australian Open,Hard,128,G,20080114,103,201400,12,,Nicole Vaidisova,R,181,CZE,18.7,200085,,,Ai Sugiyama,R,163,JPN,32.5,6-3 6-4,3,R32,,6,2,79,51,39,12,,7,7,0,6,55,37,26,8,,3,5,12,1977,41,729
2008-W-SL-AUS-01A-2008,Australian Open,Hard,128,G,20080114,104,200033,7,,Serena Williams,R,175,USA,26.2,201458,26,,Victoria Azarenka,R,180,BLR,18.4,6-3 6-4,3,R32,,15,2,59,38,34,10,,1,1,1,2,60,42,28,9,,2,4,7,2772,25,1026
2008-W-SL-AUS-01A-2008,Australian Open,Hard,128,G,20080114,105,200748,8,,Venus Williams,R,185,USA,27.5,201420,31,,Sania Mirza,R,153,IND,21.1,7-6(0) 6-4,3,R32,,7,1,66,45,34,13,,0,1,1,4,76,47,30,14,,4,6,8,2470,32,901
2008-W-SL-AUS-01A-2008,Australian Open,Hard,128,G,20080114,106,201417,,Q,Marta Domachowska,R,176,POL,21.9,201419,24,,Na Li,R,172,CHN,25.8,2-6 6-2 6-4,3,R32,,8,2,92,51,34,21,,8,11,1,3,83,58,30,20,,9,13,146,236,30,932
2008-W-SL-AUS-01A-2008,Australian Open,Hard,128,G,20080114,107,201496,,,Caroline Wozniacki,R,177,DEN,17.5,201513,,Q,Sabine Lisicki,R,178,GER,18.3,4-6 6-4 6-3,3,R32,,4,1,90,62,36,13,,1,7,4,8,116,72,41,15,,12,20,64,464,194,152
2008-W-SL-AUS-01A-2008,Australian Open,Hard,128,G,20080114,108,201421,4,,Ana Ivanovic,R,184,SRB,20.1,200011,28,,Katarina Srebotnik,R,180,SLO,26.8,6-3 6-4,3,R32,,7,0,70,46,32,16,,4,4,1,3,57,43,32,3,,4,6,3,3516,27,971
2008-W-SL-AUS-01A-2008,Australian Open,Hard,128,G,20080114,109,201373,27,,Maria Kirilenko,R,173,RUS,20.9,201403,6,,Anna Chakvetadze,R,172,RUS,20.8,6-7(6) 6-1 6-2,3,R32,,1,4,84,55,38,17,,2,3,6,9,99,61,38,16,,9,15,26,973,6,2880
2008-W-SL-AUS-01A-2008,Australian Open,Hard,128,G,20080114,110,201290,9,,Daniela Hantuchova,R,181,SVK,24.7,200118,,,Virginia Ruano Pascual,R,169,ESP,34.3,6-2 6-3,3,R32,,2,,48,33,23,12,,2,3,0,,49,42,23,3,,4,8,9,2367,82,389
2008-W-SL-AUS-01A-2008,Australian Open,Hard,128,G,20080114,111,200069,14,,Nadia Petrova,R,178,RUS,25.6,201505,,,Kate Makarova,L,178,RUS,19.6,6-1 7-6(8),3,R32,,8,10,78,37,25,17,,6,10,0,5,68,39,20,9,,6,12,14,1862,110,321
2008-W-SL-AUS-01A-2008,Australian Open,Hard,128,G,20080114,112,201474,29,,Agnieszka Radwanska,R,170,POL,18.8,201320,2,,Svetlana Kuznetsova,R,174,RUS,22.5,6-3 6-4,3,R32,,1,2,52,30,23,11,,2,4,3,3,67,38,25,11,,7,11,28,962,2,3810
2008-W-SL-AUS-01A-2008,Australian Open,Hard,128,G,20080114,113,200003,1,,Justine Henin,R,167,BEL,25.6,201444,,Q,Su Wei Hsieh,R,169,TPE,22.0,6-2 6-2,3,R16,,0,1,50,29,8,13,,3,9,2,4,63,30,20,15,,3,5,1,6430,158,215
2008-W-SL-AUS-01A-2008,Australian Open,Hard,128,G,20080114,114,201345,5,,Maria Sharapova,R,188,RUS,20.7,200108,11,,Elena Dementieva,R,180,RUS,26.2,6-2 6-0,3,R16,,2,0,48,27,18,13,,4,5,0,1,37,30,11,0,,1,7,5,2956,11,1985
2008-W-SL-AUS-01A-2008,Australian Open,Hard,128,G,20080114,115,201347,3,,Jelena Jankovic,R,177,SRB,22.8,201348,,,Casey Dellacqua,L,165,AUS,22.9,7-6(3) 6-1,3,R16,,2,3,75,61,38,7,,2,5,3,0,61,36,17,14,,2,7,4,3390,78,398
2008-W-SL-AUS-01A-2008,Australian Open,Hard,128,G,20080114,116,200033,7,,Serena Williams,R,175,USA,26.2,201400,12,,Nicole Vaidisova,R,181,CZE,18.7,6-3 6-4,3,R16,,9,2,66,32,28,17,,3,4,5,3,59,39,28,6,,1,4,7,2772,12,1977
2008-W-SL-AUS-01A-2008,Australian Open,Hard,128,G,20080114,117,200748,8,,Venus Williams,R,185,USA,27.5,201417,,Q,Marta Domachowska,R,176,POL,21.9,6-4 6-4,3,R16,,1,1,59,39,24,13,,5,8,4,4,58,31,17,12,,1,6,8,2470,146,236
2008-W-SL-AUS-01A-2008,Australian Open,Hard,128,G,20080114,118,201421,4,,Ana Ivanovic,R,184,SRB,20.1,201496,,,Caroline Wozniacki,R,177,DEN,17.5,6-1 7-6(2),3,R16,,4,3,67,41,32,13,,6,7,1,1,67,45,27,11,,5,9,3,3516,64,464
2008-W-SL-AUS-01A-2008,Australian Open,Hard,128,G,20080114,119,201290,9,,Daniela Hantuchova,R,181,SVK,24.7,201373,27,,Maria Kirilenko,R,173,RUS,20.9,1-6 6-4 6-4,3,R16,,5,1,100,68,43,12,,6,12,3,4,74,56,39,4,,3,8,9,2367,26,973
2008-W-SL-AUS-01A-2008,Australian Open,Hard,128,G,20080114,120,201474,29,,Agnieszka Radwanska,R,170,POL,18.8,200069,14,,Nadia Petrova,R,178,RUS,25.6,1-6 7-5 6-0,3,R16,,1,1,71,38,30,15,,1,5,0,4,69,43,23,13,,5,10,28,962,14,1862
2008-W-SL-AUS-01A-2008,Australian Open,Hard,128,G,20080114,121,201345,5,,Maria Sharapova,R,188,RUS,20.7,200003,1,,Justine Henin,R,167,BEL,25.6,6-4 6-0,3,QF,,2,1,48,31,21,12,,3,4,0,5,66,32,18,12,,5,10,5,2956,1,6430
2008-W-SL-AUS-01A-2008,Australian Open,Hard,128,G,20080114,122,201347,3,,Jelena Jankovic,R,177,SRB,22.8,200033,7,,Serena Williams,R,175,USA,26.2,6-3 6-4,3,QF,,2,0,65,41,22,12,,7,11,4,5,79,47,26,8,,8,15,4,3390,7,2772
2008-W-SL-AUS-01A-2008,Australian Open,Hard,128,G,20080114,123,201421,4,,Ana Ivanovic,R,184,SRB,20.1,200748,8,,Venus Williams,R,185,USA,27.5,7-6(3) 6-4,3,QF,,2,4,75,42,26,15,,4,8,1,5,71,42,26,9,,5,10,3,3516,8,2470
2008-W-SL-AUS-01A-2008,Australian Open,Hard,128,G,20080114,124,201290,9,,Daniela Hantuchova,R,181,SVK,24.7,201474,29,,Agnieszka Radwanska,R,170,POL,18.8,6-2 6-2,3,QF,,1,1,62,37,25,12,,4,6,3,0,64,40,19,8,,8,14,9,2367,28,962
2008-W-SL-AUS-01A-2008,Australian Open,Hard,128,G,20080114,125,201345,5,,Maria Sharapova,R,188,RUS,20.7,201347,3,,Jelena Jankovic,R,177,SRB,22.8,6-3 6-1,3,SF,,8,5,44,24,20,10,,0,1,0,5,64,47,24,5,,7,12,5,2956,4,3390
2008-W-SL-AUS-01A-2008,Australian Open,Hard,128,G,20080114,126,201421,4,,Ana Ivanovic,R,184,SRB,20.1,201290,9,,Daniela Hantuchova,R,181,SVK,24.7,0-6 6-3 6-4,3,SF,,5,2,97,58,41,15,,3,7,1,5,66,42,33,9,,4,7,3,3516,9,2367
2008-W-SL-AUS-01A-2008,Australian Open,Hard,128,G,20080114,127,201345,5,,Maria Sharapova,R,188,RUS,20.7,201421,4,,Ana Ivanovic,R,184,SRB,20.1,7-5 6-3,3,F,,1,3,50,27,24,16,,1,2,3,4,70,42,26,14,,5,9,5,2956,3,3516
2009-W-SL-AUS-01A-2009,Australian Open,Hard,128,G,20090119,1,201347,1,,Jelena Jankovic,R,177,SRB,23.8,201423,,,Yvonne Meusburger,R,175,AUT,25.2,6-1 6-3,3,R128,,2,3,44,32,22,5,,1,3,1,5,57,38,19,5,,8,14,1,9200,104,664
2009-W-SL-AUS-01A-2009,Australian Open,Hard,128,G,20090119,2,201465,,,Kirsten Flipkens,R,165,BEL,23.0,200709,,,Rossana De Los Rios,R,170,PAR,33.3,6-3 6-2,3,R128,,4,1,57,34,26,11,,3,5,0,4,69,44,22,10,,7,12,110,612,98,724
2009-W-SL-AUS-01A-2009,Australian Open,Hard,128,G,20090119,3,200109,,,Nathalie Dechy,R,177,FRA,29.9,201445,,Q,Viktoria Kutuzova,R,170,UKR,20.4,6-3 6-0,3,R128,,4,2,59,37,26,13,,3,3,0,6,49,33,17,7,,4,8,69,908,147,428
2009-W-SL-AUS-01A-2009,Australian Open,Hard,128,G,20090119,4,200085,26,,Ai Sugiyama,R,163,JPN,33.5,201477,,Q,Stephanie Dubois,R,162,CAN,22.2,6-0 7-6(5),3,R128,,2,9,70,41,31,8,,4,7,0,8,72,37,19,12,,6,12,26,2050,128,518
2009-W-SL-AUS-01A-2009,Australian Open,Hard,128,G,20090119,5,201425,,,Lucie Safarova,L,177,CZE,21.9,201446,24,,Sybille Bammer,L,174,AUT,28.7,6-3 6-1,3,R128,,2,1,58,37,30,9,,5,5,2,1,51,34,21,6,,2,6,60,1010,27,2014
2009-W-SL-AUS-01A-2009,Australian Open,Hard,128,G,20090119,6,201523,,,Marina Erakovic,R,174,NZL,20.8,201508,,,Petra Cetkovska,R,172,CZE,23.9,6-4 7-5,3,R128,,3,7,71,43,31,9,,3,7,0,9,83,49,23,17,,10,16,68,926,85,810
2009-W-SL-AUS-01A-2009,Australian Open,Hard,128,G,20090119,7,201450,,,Tsvetana Pironkova,R,180,BUL,21.3,201368,,Q,Karolina Sprem,R,174,CRO,24.2,6-0 6-4,3,R128,,1,2,63,38,21,18,,7,8,1,9,49,24,15,7,,5,10,44,1256,167,368
2009-W-SL-AUS-01A-2009,Australian Open,Hard,128,G,20090119,8,201294,16,,Marion Bartoli,R,170,FRA,24.2,201469,,,Melanie South,R,175,GBR,22.7,6-2 6-4,3,R128,,3,7,61,33,21,14,,5,8,1,5,58,32,19,8,,5,10,17,2820,102,672
2009-W-SL-AUS-01A-2009,Australian Open,Hard,128,G,20090119,9,200069,10,,Nadia Petrova,R,178,RUS,26.6,201468,,,Yaroslava Shvedova,R,180,KAZ,21.3,6-3 7-6(3),3,R128,,6,2,65,44,34,13,,0,1,3,2,65,33,26,13,,3,5,11,3882,91,762
2009-W-SL-AUS-01A-2009,Australian Open,Hard,128,G,20090119,10,201420,,,Sania Mirza,R,153,IND,22.1,201417,,,Marta Domachowska,R,176,POL,23.0,6-1 6-4,3,R128,,0,3,51,24,15,15,,0,2,3,10,58,26,17,7,,4,10,108,628,61,1002
2009-W-SL-AUS-01A-2009,Australian Open,Hard,128,G,20090119,11,201498,,,Karin Knapp,R,180,ITA,21.5,201536,,WC,Monika Wejnert,U,,AUS,16.7,7-6(6) 6-4,3,R128,,0,5,77,39,28,20,,5,7,1,12,93,52,37,13,,10,13,81,840,522,67
2009-W-SL-AUS-01A-2009,Australian Open,Hard,128,G,20090119,12,201448,,,Galina Voskoboeva,R,183,KAZ,24.0,201497,23,,Agnes Szavay,R,168,HUN,20.0,6-3 3-6 6-4,3,R128,,4,5,85,49,35,16,,4,8,1,10,79,39,23,23,,2,7,95,736,25,2058
2009-W-SL-AUS-01A-2009,Australian Open,Hard,128,G,20090119,13,201506,,,Sara Errani,R,164,ITA,21.7,201373,27,,Maria Kirilenko,R,173,RUS,21.9,6-0 6-4,3,R128,,2,,48,35,25,8,,0,0,1,,49,38,20,6,,2,6,39,1462,30,1820
2009-W-SL-AUS-01A-2009,Australian Open,Hard,128,G,20090119,14,201512,,,Monica Niculescu,R,168,ROU,21.3,201396,,Q,Katie Obrien,R,167,GBR,22.7,6-4 6-4,3,R128,,2,0,70,51,29,11,,8,11,0,8,78,45,30,8,,8,13,51,1166,160,386
2009-W-SL-AUS-01A-2009,Australian Open,Hard,128,G,20090119,15,201365,,,Edina Gallovits Hall,R,165,ROU,24.1,201308,,,Maria Elena Camerin,R,164,ITA,26.8,6-3 2-6 6-3,3,R128,,,,,,,,,,,,,,,,,,,,76,868,101,678
2009-W-SL-AUS-01A-2009,Australian Open,Hard,128,G,20090119,16,201329,7,,Vera Zvonareva,R,172,RUS,24.3,201517,,,Magdalena Rybarikova,R,180,SVK,20.2,7-6(2) 6-0,3,R128,,6,5,64,39,27,12,,5,7,3,7,75,41,26,8,,9,14,7,5744,50,1174
2009-W-SL-AUS-01A-2009,Australian Open,Hard,128,G,20090119,17,201336,3,,Dinara Safina,R,185,RUS,22.7,201485,,,Alla Kudryavtseva,R,178,RUS,21.2,6-3 6-4,3,R128,,0,6,64,35,22,15,,2,6,1,4,68,33,13,17,,8,14,3,7754,70,896
2009-W-SL-AUS-01A-2009,Australian Open,Hard,128,G,20090119,18,201505,,,Kate Makarova,L,178,RUS,20.6,201431,,,Aravane Rezai,R,165,FRA,21.8,1-6 7-5 6-4,3,R128,,2,7,104,76,46,10,,11,18,0,6,85,61,35,10,,4,10,49,1186,83,834
2009-W-SL-AUS-01A-2009,Australian Open,Hard,128,G,20090119,19,201537,,,Patricia Mayr Achleitner,R,169,AUT,22.1,201361,,Q,Julia Schruff,R,166,GER,26.4,6-4 6-1,3,R128,,,,,,,,,,,,,,,,,,,,111,602,138,454
2009-W-SL-AUS-01A-2009,Australian Open,Hard,128,G,20090119,20,201466,25,,Kaia Kanepi,R,181,EST,23.6,200617,,Q,Kimiko Date Krumm,R,163,JPN,38.3,6-4 4-6 8-6,3,R128,,5,7,109,60,37,27,,4,10,0,10,120,81,49,15,,12,19,28,1934,184,317
2009-W-SL-AUS-01A-2009,Australian Open,Hard,128,G,20090119,21,201290,19,,Daniela Hantuchova,R,181,SVK,25.7,201348,,,Casey Dellacqua,L,165,AUS,23.9,7-6(11) 6-4,3,R128,,7,2,81,45,28,19,,8,11,2,5,89,52,31,15,,2,6,21,2372,57,1088
2009-W-SL-AUS-01A-2009,Australian Open,Hard,128,G,20090119,22,201428,,,Mathilde Johansson,R,173,FRA,23.7,200754,,,Jill Craybas,R,160,USA,34.5,6-2 1-6 7-5,3,R128,,1,7,90,59,32,11,,9,16,0,3,85,58,30,10,,3,11,87,778,65,974
2009-W-SL-AUS-01A-2009,Australian Open,Hard,128,G,20090119,23,201492,,SR,Andrea Petkovic,R,180,GER,21.3,201451,,Q,Kathrin Woerle,R,175,GER,24.9,5-7 7-6(0) 4-0 RET,3,R128,,5,1,89,64,39,13,,4,10,2,1,94,54,29,15,,5,12,385,114,162,382
2009-W-SL-AUS-01A-2009,Australian Open,Hard,128,G,20090119,24,201427,15,,Alize Cornet,R,173,FRA,18.9,201489,,,Mariya Koryttseva,R,172,UKR,23.6,6-3 6-4,3,R128,,2,8,74,41,24,12,,9,14,1,6,61,41,18,5,,3,11,16,3032,66,944
2009-W-SL-AUS-01A-2009,Australian Open,Hard,128,G,20090119,25,201496,11,,Caroline Wozniacki,R,177,DEN,18.5,201424,,,Shahar Peer,R,170,ISR,21.7,6-3 6-2,3,R128,,3,2,81,50,33,13,,16,18,3,3,46,33,16,6,,1,6,12,3350,42,1376
2009-W-SL-AUS-01A-2009,Australian Open,Hard,128,G,20090119,26,200118,,,Virginia Ruano Pascual,R,169,ESP,35.3,201531,,,Mariana Duque Marino,R,169,COL,19.4,6-3 6-2,3,R128,,1,2,52,30,18,13,,4,7,1,7,63,36,17,8,,5,12,105,659,109,626
2009-W-SL-AUS-01A-2009,Australian Open,Hard,128,G,20090119,27,200120,,WC,Jelena Dokic,R,175,AUS,25.7,201481,,,Tamira Paszek,R,165,AUT,18.1,6-2 3-6 6-4,3,R128,,10,9,91,61,44,12,,11,15,0,7,79,45,31,16,,4,9,187,307,80,844
2009-W-SL-AUS-01A-2009,Australian Open,Hard,128,G,20090119,28,201403,17,,Anna Chakvetadze,R,172,RUS,21.8,201303,,,Anne Keothavong,R,175,GBR,25.3,6-1 6-7(4) 6-1,3,R128,,1,8,89,64,46,13,,1,2,0,5,106,68,38,16,,6,12,18,2724,53,1140
2009-W-SL-AUS-01A-2009,Australian Open,Hard,128,G,20090119,29,201515,29,,Alisa Kleybanova,R,181,RUS,19.5,201387,,,Sofia Arvidsson,R,176,SWE,24.9,7-5 7-5,3,R128,,3,6,67,37,23,13,,5,10,1,3,100,73,37,11,,16,23,31,1732,64,978
2009-W-SL-AUS-01A-2009,Australian Open,Hard,128,G,20090119,30,200770,,,Stephanie Cohen Aloro,R,175,FRA,25.8,201366,,,Barbora Strycova,R,164,CZE,22.8,6-3 6-4,3,R128,,3,3,53,34,23,8,,0,3,1,3,70,45,23,10,,0,5,106,654,74,876
2009-W-SL-AUS-01A-2009,Australian Open,Hard,128,G,20090119,31,201462,,Q,Alberta Brianti,R,165,ITA,28.7,201518,,,Yanina Wickmayer,R,182,BEL,19.2,6-4 6-2,3,R128,,4,5,78,61,37,8,,12,14,2,8,56,38,22,3,,6,11,169,364,73,882
2009-W-SL-AUS-01A-2009,Australian Open,Hard,128,G,20090119,32,201421,5,,Ana Ivanovic,R,184,SRB,21.2,201504,,,Julia Goerges,R,180,GER,20.2,7-5 6-3,3,R128,,3,6,76,39,25,22,,5,7,0,3,67,44,25,11,,5,9,5,6732,107,636
2009-W-SL-AUS-01A-2009,Australian Open,Hard,128,G,20090119,33,200748,6,,Venus Williams,R,185,USA,28.5,201493,,,Angelique Kerber,L,173,GER,21.0,6-3 6-3,3,R128,,7,2,47,31,22,9,,0,2,0,3,73,42,22,13,,6,11,6,6544,100,708
2009-W-SL-AUS-01A-2009,Australian Open,Hard,128,G,20090119,34,201521,,,Carla Suarez Navarro,R,162,ESP,20.3,201311,,,Roberta Vinci,R,163,ITA,25.9,7-5 6-4,3,R128,,1,2,67,53,28,7,,3,7,1,2,58,36,17,10,,2,8,46,1222,79,846
2009-W-SL-AUS-01A-2009,Australian Open,Hard,128,G,20090119,35,201454,,,Akgul Amanmuradova,R,190,UZB,24.5,201528,,Q,Melanie Oudin,R,168,USA,17.3,6-1 6-4,3,R128,,3,2,62,38,24,11,,2,5,1,5,61,32,21,6,,9,15,84,814,173,352
2009-W-SL-AUS-01A-2009,Australian Open,Hard,128,G,20090119,36,201287,,,Maria Jose Martinez Sanchez,L,176,ESP,26.4,200009,32,,Tamarine Tanasugarn,R,165,THA,31.6,7-5 6-3,3,R128,,6,1,73,37,17,22,,6,11,1,2,64,43,22,6,,8,15,92,754,36,1508
2009-W-SL-AUS-01A-2009,Australian Open,Hard,128,G,20090119,37,201286,21,,Anabel Medina Garrigues,R,169,ESP,26.4,201538,,WC,Isabella Holland,R,,AUS,17.0,6-1 7-5,3,R128,,1,2,62,49,36,4,,4,5,0,2,99,60,29,20,,17,22,23,2172,580,51
2009-W-SL-AUS-01A-2009,Australian Open,Hard,128,G,20090119,38,201526,,,Julie Coin,R,172,FRA,26.1,201455,,,Elena Vesnina,R,176,RUS,22.4,6-4 4-6 6-1,3,R128,,4,3,91,43,30,23,,4,8,2,7,84,59,36,7,,9,15,93,752,63,990
2009-W-SL-AUS-01A-2009,Australian Open,Hard,128,G,20090119,39,201487,,WC,Jessica Moore,R,167,AUS,18.4,201539,,WC,Christina Mchale,R,170,USA,16.6,1-6 6-3 9-7,3,R128,,2,5,94,56,33,20,,11,18,6,3,110,64,39,20,,10,17,136,467,374,118
2009-W-SL-AUS-01A-2009,Australian Open,Hard,128,G,20090119,40,201355,12,,Flavia Pennetta,R,172,ITA,26.8,201379,,SR,Mara Santangelo,R,181,ITA,27.5,6-2 5-7 6-2,3,R128,,8,7,86,43,32,21,,5,8,2,10,89,55,36,10,,6,12,13,3240,125,522
2009-W-SL-AUS-01A-2009,Australian Open,Hard,128,G,20090119,41,200067,14,,Patty Schnyder,L,168,SUI,30.0,201540,,WC,Kristina Mladenovic,R,184,FRA,15.6,2-6 6-4 6-2,3,R128,,1,4,81,54,32,12,,2,7,2,12,86,48,29,16,,6,12,15,3050,999,10
2009-W-SL-AUS-01A-2009,Australian Open,Hard,128,G,20090119,42,200043,,,Virginie Razzano,R,173,FRA,25.6,201457,,,Jarmila Gajdosova,R,174,AUS,21.7,6-1 6-7(2) 6-4,3,R128,,,,,,,,,,,,,,,,,,,,56,1124,86,780
2009-W-SL-AUS-01A-2009,Australian Open,Hard,128,G,20090119,43,201442,,,Yung Jan Chan,R,170,TPE,19.4,201444,,,Su Wei Hsieh,R,169,TPE,23.0,6-3 6-3,3,R128,,3,4,60,35,22,12,,4,7,0,4,66,33,15,14,,0,6,75,872,82,838
2009-W-SL-AUS-01A-2009,Australian Open,Hard,128,G,20090119,44,201495,18,,Dominika Cibulkova,R,161,SVK,19.7,201541,,Q,Chanelle Scheepers,R,176,RSA,24.8,6-0 6-0,3,R128,,1,1,35,19,13,13,,0,0,1,2,37,21,7,3,,2,8,19,2604,186,310
2009-W-SL-AUS-01A-2009,Australian Open,Hard,128,G,20090119,45,201513,,,Sabine Lisicki,R,178,GER,19.3,201486,30,,Aleksandra Wozniak,R,175,CAN,21.3,6-4 6-3,3,R128,,7,2,51,28,22,13,,0,1,2,8,64,39,21,13,,2,6,58,1072,33,1652
2009-W-SL-AUS-01A-2009,Australian Open,Hard,128,G,20090119,46,201325,,,Samantha Stosur,R,172,AUS,24.8,201344,,,Klara Koukalova,R,166,CZE,26.9,7-6(5) 7-6(0),3,R128,,,,,,,,,,,,,,,,,,,,48,1188,72,884
2009-W-SL-AUS-01A-2009,Australian Open,Hard,128,G,20090119,47,201331,,,Iveta Benesova,L,170,CZE,25.9,201371,,,Vera Dushevina,R,180,RUS,22.2,6-4 0-6 6-2,3,R128,,,,,,,,,,,,,,,,,,,,35,1510,78,850
2009-W-SL-AUS-01A-2009,Australian Open,Hard,128,G,20090119,48,200108,4,,Elena Dementieva,R,180,RUS,27.2,201470,,,Kristina Barrois,R,183,GER,27.3,7-6(4) 2-6 6-1,3,R128,,5,9,86,47,36,16,,6,11,5,6,98,58,37,17,,10,16,4,7596,88,768
2009-W-SL-AUS-01A-2009,Australian Open,Hard,128,G,20090119,49,201320,8,,Svetlana Kuznetsova,R,174,RUS,23.5,201370,,,Anastasia Rodionova,R,167,AUS,26.6,6-2 3-6 6-3,3,R128,,3,1,76,54,38,9,,2,5,1,1,75,50,28,11,,1,6,8,5190,99,708
2009-W-SL-AUS-01A-2009,Australian Open,Hard,128,G,20090119,50,213583,,SR,Tatjana Maria,R,172,GER,21.4,201503,,,Ayumi Morita,R,163,JPN,18.8,7-6(4) 6-2,3,R128,,,,,,,,,,,,,,,,,,,,239,224,77,868
2009-W-SL-AUS-01A-2009,Australian Open,Hard,128,G,20090119,51,201392,,,Severine Beltrame,R,171,FRA,29.4,201400,,,Nicole Vaidisova,R,181,CZE,19.7,6-2 6-1,3,R128,,9,6,54,34,25,8,,4,6,0,4,63,41,19,6,,9,16,96,730,52,1140
2009-W-SL-AUS-01A-2009,Australian Open,Hard,128,G,20090119,52,201416,31,,Alona Bondarenko,R,168,UKR,24.4,201542,,WC,Olivia Rogowska,R,175,AUS,17.6,5-7 6-3 6-2,3,R128,,1,6,87,66,41,10,,3,8,3,12,100,59,36,14,,3,10,34,1626,367,121
2009-W-SL-AUS-01A-2009,Australian Open,Hard,128,G,20090119,53,201386,22,,Jie Zheng,R,164,CHN,25.5,201301,,,Camille Pin,R,162,FRA,27.4,6-3 6-3,3,R128,,1,4,59,41,28,6,,4,7,0,1,59,39,17,9,,4,10,24,2108,97,730
2009-W-SL-AUS-01A-2009,Australian Open,Hard,128,G,20090119,54,201349,,,Melinda Czink,L,178,HUN,26.2,201514,,,Sorana Cirstea,R,176,ROU,18.7,6-2 6-2,3,R128,,1,3,42,24,16,12,,0,1,7,6,52,33,21,2,,5,10,89,766,37,1506
2009-W-SL-AUS-01A-2009,Australian Open,Hard,128,G,20090119,55,201452,,,Lourdes Dominguez Lino,R,163,ESP,27.8,201438,,,Ekaterina Bychkova,R,171,RUS,23.6,6-3 6-0,3,R128,,,,,,,,,,,,,,,,,,,,90,764,113,588
2009-W-SL-AUS-01A-2009,Australian Open,Hard,128,G,20090119,56,201435,,,Kateryna Bondarenko,R,175,UKR,22.4,201474,9,,Agnieszka Radwanska,R,170,POL,19.8,7-6(7) 4-6 6-1,3,R128,,2,4,107,60,42,21,,7,11,1,2,107,72,40,15,,10,16,59,1028,10,4472
2009-W-SL-AUS-01A-2009,Australian Open,Hard,128,G,20090119,57,201458,13,,Victoria Azarenka,R,180,BLR,19.4,201520,,,Petra Kvitova,L,183,CZE,18.8,6-2 6-1,3,R128,,,,,,,,,,,,,,,,,,,,14,3066,40,1440
2009-W-SL-AUS-01A-2009,Australian Open,Hard,128,G,20090119,58,200060,,,Tathiana Garbin,R,172,ITA,31.5,201499,,,Anastasia Pavlyuchenkova,R,177,RUS,17.5,6-4 2-6 7-5,3,R128,,1,3,86,51,31,16,,2,8,1,16,98,62,44,9,,6,12,54,1140,43,1320
2009-W-SL-AUS-01A-2009,Australian Open,Hard,128,G,20090119,59,201304,,Q,Elena Baltacha,R,175,GBR,25.4,201394,,,Anna Lena Groenefeld,R,180,GER,23.6,6-1 6-4,3,R128,,4,2,49,33,26,10,,2,3,0,5,50,32,18,7,,1,5,134,476,71,892
2009-W-SL-AUS-01A-2009,Australian Open,Hard,128,G,20090119,60,200065,20,,Amelie Mauresmo,R,175,FRA,29.5,201501,,,Olga Govortsova,R,182,BLR,20.4,6-4 6-3,3,R128,,6,3,62,40,25,10,,6,8,1,1,64,52,26,5,,5,10,22,2220,47,1190
2009-W-SL-AUS-01A-2009,Australian Open,Hard,128,G,20090119,61,201397,,,Shuai Peng,R,173,CHN,23.0,201212,28,,Francesca Schiavone,R,166,ITA,28.5,7-6(4) 6-1,3,R128,,2,0,66,44,28,14,,2,4,0,3,62,35,21,10,,3,7,41,1410,32,1704
2009-W-SL-AUS-01A-2009,Australian Open,Hard,128,G,20090119,62,201402,,Q,Sesil Karatantcheva,R,171,KAZ,19.4,201291,,,Nuria Llagostera Vives,R,156,ESP,28.6,2-6 6-1 6-2,3,R128,,1,5,80,63,31,7,,4,10,0,9,79,40,23,11,,6,14,135,468,67,940
2009-W-SL-AUS-01A-2009,Australian Open,Hard,128,G,20090119,63,201363,,,Gisela Dulko,R,170,ARG,23.9,201412,,,Anastasia Yakimova,R,165,BLR,22.2,6-3 5-7 6-3,3,R128,,3,4,98,74,40,13,,12,17,0,2,99,63,37,13,,7,14,45,1230,103,668
2009-W-SL-AUS-01A-2009,Australian Open,Hard,128,G,20090119,64,200033,2,,Serena Williams,R,175,USA,27.3,201460,,WC,Meng Yuan,U,,CHN,22.6,6-3 6-2,3,R128,,3,4,52,32,27,11,,2,2,2,1,53,30,17,11,,4,7,2,7932,123,528
2009-W-SL-AUS-01A-2009,Australian Open,Hard,128,G,20090119,65,201347,1,,Jelena Jankovic,R,177,SRB,23.8,201465,,,Kirsten Flipkens,R,165,BEL,23.0,6-4 7-5,3,R64,,1,,70,57,38,6,,5,8,1,,75,50,29,9,,3,8,1,9200,110,612
2009-W-SL-AUS-01A-2009,Australian Open,Hard,128,G,20090119,66,200085,26,,Ai Sugiyama,R,163,JPN,33.5,200109,,,Nathalie Dechy,R,177,FRA,29.9,1-6 6-1 6-3,3,R64,,0,6,64,40,26,13,,4,7,1,5,88,65,39,8,,5,10,26,2050,69,908
2009-W-SL-AUS-01A-2009,Australian Open,Hard,128,G,20090119,67,201425,,,Lucie Safarova,L,177,CZE,21.9,201523,,,Marina Erakovic,R,174,NZL,20.8,6-1 3-6 9-7,3,R64,,7,5,91,57,45,18,,4,6,8,4,112,62,44,24,,9,13,60,1010,68,926
2009-W-SL-AUS-01A-2009,Australian Open,Hard,128,G,20090119,68,201294,16,,Marion Bartoli,R,170,FRA,24.2,201450,,,Tsvetana Pironkova,R,180,BUL,21.3,7-5 6-2,3,R64,,1,5,64,35,24,16,,4,6,0,3,64,37,25,8,,2,7,17,2820,44,1256
2009-W-SL-AUS-01A-2009,Australian Open,Hard,128,G,20090119,69,200069,10,,Nadia Petrova,R,178,RUS,26.6,201420,,,Sania Mirza,R,153,IND,22.1,6-3 6-2,3,R64,,7,1,55,37,30,9,,3,3,2,3,46,24,15,11,,1,4,11,3882,108,628
2009-W-SL-AUS-01A-2009,Australian Open,Hard,128,G,20090119,70,201448,,,Galina Voskoboeva,R,183,KAZ,24.0,201498,,,Karin Knapp,R,180,ITA,21.5,6-4 6-1,3,R64,,0,4,40,22,17,9,,0,2,1,5,58,29,16,9,,0,6,95,736,81,840
2009-W-SL-AUS-01A-2009,Australian Open,Hard,128,G,20090119,71,201506,,,Sara Errani,R,164,ITA,21.7,201512,,,Monica Niculescu,R,168,ROU,21.3,6-2 6-3,3,R64,,0,0,47,36,24,5,,2,4,1,1,70,45,22,10,,7,13,39,1462,51,1166
2009-W-SL-AUS-01A-2009,Australian Open,Hard,128,G,20090119,72,201329,7,,Vera Zvonareva,R,172,RUS,24.3,201365,,,Edina Gallovits Hall,R,165,ROU,24.1,6-0 6-0,3,R64,,,,,,,,,,,,,,,,,,,,7,5744,76,868
2009-W-SL-AUS-01A-2009,Australian Open,Hard,128,G,20090119,73,201336,3,,Dinara Safina,R,185,RUS,22.7,201505,,,Kate Makarova,L,178,RUS,20.6,6-7(3) 6-3 6-0,3,R64,,4,8,89,63,48,7,,6,8,1,5,95,56,31,17,,3,10,3,7754,49,1186
2009-W-SL-AUS-01A-2009,Australian Open,Hard,128,G,20090119,74,201466,25,,Kaia Kanepi,R,181,EST,23.6,201537,,,Patricia Mayr Achleitner,R,169,AUT,22.1,6-3 6-1,3,R64,,,,,,,,,,,,,,,,,,,,28,1934,111,602
2009-W-SL-AUS-01A-2009,Australian Open,Hard,128,G,20090119,75,201290,19,,Daniela Hantuchova,R,181,SVK,25.7,201428,,,Mathilde Johansson,R,173,FRA,23.7,6-3 4-6 6-3,3,R64,,3,5,86,50,31,21,,3,7,1,5,82,45,24,17,,2,8,21,2372,87,778
2009-W-SL-AUS-01A-2009,Australian Open,Hard,128,G,20090119,76,201427,15,,Alize Cornet,R,173,FRA,18.9,201492,,SR,Andrea Petkovic,R,180,GER,21.3,6-1 6-0,3,R64,,3,2,39,20,16,12,,4,5,0,1,45,35,12,4,,5,11,16,3032,385,114
2009-W-SL-AUS-01A-2009,Australian Open,Hard,128,G,20090119,77,201496,11,,Caroline Wozniacki,R,177,DEN,18.5,200118,,,Virginia Ruano Pascual,R,169,ESP,35.3,6-3 6-3,3,R64,,1,3,55,37,24,10,,2,4,0,5,59,45,23,5,,6,11,12,3350,105,659
2009-W-SL-AUS-01A-2009,Australian Open,Hard,128,G,20090119,78,200120,,WC,Jelena Dokic,R,175,AUS,25.7,201403,17,,Anna Chakvetadze,R,172,RUS,21.8,6-4 6-7(4) 6-3,3,R64,,3,9,104,71,50,15,,4,7,5,16,118,79,52,13,,9,15,187,307,18,2724
2009-W-SL-AUS-01A-2009,Australian Open,Hard,128,G,20090119,79,201515,29,,Alisa Kleybanova,R,181,RUS,19.5,200770,,,Stephanie Cohen Aloro,R,175,FRA,25.8,6-1 3-6 6-2,3,R64,,4,2,67,40,28,14,,0,3,2,3,83,40,19,23,,14,20,31,1732,106,654
2009-W-SL-AUS-01A-2009,Australian Open,Hard,128,G,20090119,80,201421,5,,Ana Ivanovic,R,184,SRB,21.2,201462,,Q,Alberta Brianti,R,165,ITA,28.7,6-3 6-2,3,R64,,5,3,50,30,19,14,,0,2,0,6,68,44,23,7,,6,11,5,6732,169,364
2009-W-SL-AUS-01A-2009,Australian Open,Hard,128,G,20090119,81,201521,,,Carla Suarez Navarro,R,162,ESP,20.3,200748,6,,Venus Williams,R,185,USA,28.5,2-6 6-3 7-5,3,R64,,1,5,96,60,39,18,,4,8,4,5,81,49,33,17,,2,6,46,1222,6,6544
2009-W-SL-AUS-01A-2009,Australian Open,Hard,128,G,20090119,82,201287,,,Maria Jose Martinez Sanchez,L,176,ESP,26.4,201454,,,Akgul Amanmuradova,R,190,UZB,24.5,6-2 6-4,3,R64,,1,4,52,29,24,13,,3,4,5,5,58,34,24,7,,7,11,92,754,84,814
2009-W-SL-AUS-01A-2009,Australian Open,Hard,128,G,20090119,83,201286,21,,Anabel Medina Garrigues,R,169,ESP,26.4,201526,,,Julie Coin,R,172,FRA,26.1,6-1 6-4,3,R64,,2,0,47,33,26,9,,0,1,0,2,44,23,13,8,,1,5,23,2172,93,752
2009-W-SL-AUS-01A-2009,Australian Open,Hard,128,G,20090119,84,201355,12,,Flavia Pennetta,R,172,ITA,26.8,201487,,WC,Jessica Moore,R,167,AUS,18.4,6-4 6-1,3,R64,,4,0,61,34,26,15,,4,5,2,3,50,27,16,8,,4,8,13,3240,136,467
2009-W-SL-AUS-01A-2009,Australian Open,Hard,128,G,20090119,85,200043,,,Virginie Razzano,R,173,FRA,25.6,200067,14,,Patty Schnyder,L,168,SUI,30.0,6-3 6-1,3,R64,,1,3,51,29,21,15,,0,0,2,1,53,31,17,10,,4,8,56,1124,15,3050
2009-W-SL-AUS-01A-2009,Australian Open,Hard,128,G,20090119,86,201495,18,,Dominika Cibulkova,R,161,SVK,19.7,201442,,,Yung Jan Chan,R,170,TPE,19.4,6-0 6-2,3,R64,,0,1,38,29,19,6,,0,1,1,2,62,35,15,11,,8,14,19,2604,75,872
2009-W-SL-AUS-01A-2009,Australian Open,Hard,128,G,20090119,87,201325,,,Samantha Stosur,R,172,AUS,24.8,201513,,,Sabine Lisicki,R,178,GER,19.3,6-3 6-4,3,R64,,5,1,72,47,32,15,,7,8,4,5,53,26,21,9,,2,5,48,1188,58,1072
2009-W-SL-AUS-01A-2009,Australian Open,Hard,128,G,20090119,88,200108,4,,Elena Dementieva,R,180,RUS,27.2,201331,,,Iveta Benesova,L,170,CZE,25.9,6-4 6-1,3,R64,,,,,,,,,,,,,,,,,,,,4,7596,35,1510
2009-W-SL-AUS-01A-2009,Australian Open,Hard,128,G,20090119,89,201320,8,,Svetlana Kuznetsova,R,174,RUS,23.5,213583,,SR,Tatjana Maria,R,172,GER,21.4,6-2 6-2,3,R64,,,,,,,,,,,,,,,,,,,,8,5190,239,224
2009-W-SL-AUS-01A-2009,Australian Open,Hard,128,G,20090119,90,201416,31,,Alona Bondarenko,R,168,UKR,24.4,201392,,,Severine Beltrame,R,171,FRA,29.4,7-6(1) 1-6 6-2,3,R64,,1,5,92,66,41,14,,5,9,3,5,86,51,37,12,,3,7,34,1626,96,730
2009-W-SL-AUS-01A-2009,Australian Open,Hard,128,G,20090119,91,201386,22,,Jie Zheng,R,164,CHN,25.5,201349,,,Melinda Czink,L,178,HUN,26.2,7-6(0) 5-7 6-3,3,R64,,3,4,118,80,43,21,,8,15,1,4,91,66,38,12,,3,10,24,2108,89,766
2009-W-SL-AUS-01A-2009,Australian Open,Hard,128,G,20090119,92,201435,,,Kateryna Bondarenko,R,175,UKR,22.4,201452,,,Lourdes Dominguez Lino,R,163,ESP,27.8,7-5 7-5,3,R64,,,,,,,,,,,,,,,,,,,,59,1028,90,764
2009-W-SL-AUS-01A-2009,Australian Open,Hard,128,G,20090119,93,201458,13,,Victoria Azarenka,R,180,BLR,19.4,200060,,,Tathiana Garbin,R,172,ITA,31.5,4-1 RET,3,R64,,2,1,18,14,8,1,,2,3,0,0,14,10,2,0,,1,4,14,3066,54,1140
2009-W-SL-AUS-01A-2009,Australian Open,Hard,128,G,20090119,94,200065,20,,Amelie Mauresmo,R,175,FRA,29.5,201304,,Q,Elena Baltacha,R,175,GBR,25.4,4-6 6-3 6-2,3,R64,,4,6,81,44,32,17,,7,11,5,5,93,46,31,16,,3,10,22,2220,134,476
2009-W-SL-AUS-01A-2009,Australian Open,Hard,128,G,20090119,95,201397,,,Shuai Peng,R,173,CHN,23.0,201402,,Q,Sesil Karatantcheva,R,171,KAZ,19.4,6-4 6-0,3,R64,,1,2,44,27,19,6,,0,3,1,2,44,28,8,6,,4,11,41,1410,135,468
2009-W-SL-AUS-01A-2009,Australian Open,Hard,128,G,20090119,96,200033,2,,Serena Williams,R,175,USA,27.3,201363,,,Gisela Dulko,R,170,ARG,23.9,6-3 7-5,3,R64,,8,1,59,38,33,8,,0,2,0,1,98,59,37,15,,14,18,2,7932,45,1230
2009-W-SL-AUS-01A-2009,Australian Open,Hard,128,G,20090119,97,201347,1,,Jelena Jankovic,R,177,SRB,23.8,200085,26,,Ai Sugiyama,R,163,JPN,33.5,6-4 6-4,3,R32,,0,4,60,42,31,9,,3,4,1,6,75,50,32,11,,1,4,1,9200,26,2050
2009-W-SL-AUS-01A-2009,Australian Open,Hard,128,G,20090119,98,201294,16,,Marion Bartoli,R,170,FRA,24.2,201425,,,Lucie Safarova,L,177,CZE,21.9,3-6 6-2 6-1,3,R32,,2,2,66,39,26,12,,1,5,1,10,78,49,28,8,,6,13,17,2820,60,1010
2009-W-SL-AUS-01A-2009,Australian Open,Hard,128,G,20090119,99,200069,10,,Nadia Petrova,R,178,RUS,26.6,201448,,,Galina Voskoboeva,R,183,KAZ,24.0,6-1 RET,3,R32,,1,0,23,14,9,4,,2,3,0,1,26,8,4,4,,2,6,11,3882,95,736
2009-W-SL-AUS-01A-2009,Australian Open,Hard,128,G,20090119,100,201329,7,,Vera Zvonareva,R,172,RUS,24.3,201506,,,Sara Errani,R,164,ITA,21.7,6-4 6-1,3,R32,,1,1,61,38,28,12,,6,7,0,5,49,30,15,8,,3,7,7,5744,39,1462
2009-W-SL-AUS-01A-2009,Australian Open,Hard,128,G,20090119,101,201336,3,,Dinara Safina,R,185,RUS,22.7,201466,25,,Kaia Kanepi,R,181,EST,23.6,6-2 6-2,3,R32,,0,2,49,27,22,13,,3,3,2,2,48,19,12,11,,2,6,3,7754,28,1934
2009-W-SL-AUS-01A-2009,Australian Open,Hard,128,G,20090119,102,201427,15,,Alize Cornet,R,173,FRA,18.9,201290,19,,Daniela Hantuchova,R,181,SVK,25.7,4-6 6-4 6-2,3,R32,,6,5,87,45,34,18,,5,9,2,3,79,48,31,13,,1,7,16,3032,21,2372
2009-W-SL-AUS-01A-2009,Australian Open,Hard,128,G,20090119,103,200120,,WC,Jelena Dokic,R,175,AUS,25.7,201496,11,,Caroline Wozniacki,R,177,DEN,18.5,3-6 6-1 6-2,3,R32,,2,5,81,53,34,17,,3,5,7,1,80,56,32,10,,8,13,187,307,12,3350
2009-W-SL-AUS-01A-2009,Australian Open,Hard,128,G,20090119,104,201515,29,,Alisa Kleybanova,R,181,RUS,19.5,201421,5,,Ana Ivanovic,R,184,SRB,21.2,7-5 6-7(5) 6-2,3,R32,,1,5,88,56,31,18,,1,7,3,7,115,69,40,17,,11,20,31,1732,5,6732
2009-W-SL-AUS-01A-2009,Australian Open,Hard,128,G,20090119,105,201521,,,Carla Suarez Navarro,R,162,ESP,20.3,201287,,,Maria Jose Martinez Sanchez,L,176,ESP,26.4,6-1 6-4,3,R32,,0,,60,32,17,22,,5,6,1,,55,32,19,9,,3,7,46,1222,92,754
2009-W-SL-AUS-01A-2009,Australian Open,Hard,128,G,20090119,106,201286,21,,Anabel Medina Garrigues,R,169,ESP,26.4,201355,12,,Flavia Pennetta,R,172,ITA,26.8,6-4 6-1,3,R32,,6,2,50,36,27,8,,1,1,0,5,62,29,19,13,,7,11,23,2172,13,3240
2009-W-SL-AUS-01A-2009,Australian Open,Hard,128,G,20090119,107,201495,18,,Dominika Cibulkova,R,161,SVK,19.7,200043,,,Virginie Razzano,R,173,FRA,25.6,7-5 7-5,3,R32,,1,0,57,43,29,11,,2,5,3,6,86,52,29,18,,5,10,19,2604,56,1124
2009-W-SL-AUS-01A-2009,Australian Open,Hard,128,G,20090119,108,200108,4,,Elena Dementieva,R,180,RUS,27.2,201325,,,Samantha Stosur,R,172,AUS,24.8,7-6(6) 6-4,3,R32,,2,4,64,42,24,11,,0,5,4,6,79,42,25,12,,10,16,4,7596,48,1188
2009-W-SL-AUS-01A-2009,Australian Open,Hard,128,G,20090119,109,201320,8,,Svetlana Kuznetsova,R,174,RUS,23.5,201416,31,,Alona Bondarenko,R,168,UKR,24.4,7-6(7) 6-4,3,R32,,,,,,,,,,,,,,,,,,,,8,5190,34,1626
2009-W-SL-AUS-01A-2009,Australian Open,Hard,128,G,20090119,110,201386,22,,Jie Zheng,R,164,CHN,25.5,201435,,,Kateryna Bondarenko,R,175,UKR,22.4,6-2 6-2,3,R32,,2,2,56,36,24,11,,4,5,0,4,51,35,17,7,,2,7,24,2108,59,1028
2009-W-SL-AUS-01A-2009,Australian Open,Hard,128,G,20090119,111,201458,13,,Victoria Azarenka,R,180,BLR,19.4,200065,20,,Amelie Mauresmo,R,175,FRA,29.5,6-4 6-2,3,R32,,1,0,61,42,24,10,,2,5,2,5,65,44,22,7,,8,14,14,3066,22,2220
2009-W-SL-AUS-01A-2009,Australian Open,Hard,128,G,20090119,112,200033,2,,Serena Williams,R,175,USA,27.3,201397,,,Shuai Peng,R,173,CHN,23.0,6-1 6-4,3,R32,,10,1,58,34,23,13,,4,6,0,4,62,36,21,6,,6,12,2,7932,41,1410
2009-W-SL-AUS-01A-2009,Australian Open,Hard,128,G,20090119,113,201294,16,,Marion Bartoli,R,170,FRA,24.2,201347,1,,Jelena Jankovic,R,177,SRB,23.8,6-1 6-4,3,R16,,3,3,49,31,25,6,,4,6,0,3,74,50,28,7,,7,12,17,2820,1,9200
2009-W-SL-AUS-01A-2009,Australian Open,Hard,128,G,20090119,114,201329,7,,Vera Zvonareva,R,172,RUS,24.3,200069,10,,Nadia Petrova,R,178,RUS,26.6,7-5 6-4,3,R16,,2,4,59,35,25,17,,0,1,5,6,97,58,37,17,,15,18,7,5744,11,3882
2009-W-SL-AUS-01A-2009,Australian Open,Hard,128,G,20090119,115,201336,3,,Dinara Safina,R,185,RUS,22.7,201427,15,,Alize Cornet,R,173,FRA,18.9,6-2 2-6 7-5,3,R16,,1,8,80,47,32,12,,3,9,2,4,102,51,26,24,,7,14,3,7754,16,3032
2009-W-SL-AUS-01A-2009,Australian Open,Hard,128,G,20090119,116,200120,,WC,Jelena Dokic,R,175,AUS,25.7,201515,29,,Alisa Kleybanova,R,181,RUS,19.5,7-5 5-7 8-6,3,R16,,5,11,110,65,45,20,,2,8,5,3,135,80,52,23,,10,17,187,307,31,1732
2009-W-SL-AUS-01A-2009,Australian Open,Hard,128,G,20090119,117,201521,,,Carla Suarez Navarro,R,162,ESP,20.3,201286,21,,Anabel Medina Garrigues,R,169,ESP,26.4,6-3 6-2,3,R16,,,,,,,,,,,,,,,,,,,,46,1222,23,2172
2009-W-SL-AUS-01A-2009,Australian Open,Hard,128,G,20090119,118,200108,4,,Elena Dementieva,R,180,RUS,27.2,201495,18,,Dominika Cibulkova,R,161,SVK,19.7,6-2 6-2,3,R16,,3,2,56,37,22,10,,3,5,0,6,48,35,17,3,,5,11,4,7596,19,2604
2009-W-SL-AUS-01A-2009,Australian Open,Hard,128,G,20090119,119,201320,8,,Svetlana Kuznetsova,R,174,RUS,23.5,201386,22,,Jie Zheng,R,164,CHN,25.5,4-1 RET,3,R16,,0,,18,13,8,5,,0,0,1,,25,19,10,3,,3,4,8,5190,24,2108
2009-W-SL-AUS-01A-2009,Australian Open,Hard,128,G,20090119,120,200033,2,,Serena Williams,R,175,USA,27.3,201458,13,,Victoria Azarenka,R,180,BLR,19.4,3-6 4-2 RET,3,R16,,2,4,68,38,24,14,,6,8,1,0,46,33,24,6,,1,2,2,7932,14,3066
2009-W-SL-AUS-01A-2009,Australian Open,Hard,128,G,20090119,121,201329,7,,Vera Zvonareva,R,172,RUS,24.3,201294,16,,Marion Bartoli,R,170,FRA,24.2,6-3 6-0,3,QF,,1,3,44,23,17,12,,2,4,1,4,54,34,17,5,,7,13,7,5744,17,2820
2009-W-SL-AUS-01A-2009,Australian Open,Hard,128,G,20090119,122,201336,3,,Dinara Safina,R,185,RUS,22.7,200120,,WC,Jelena Dokic,R,175,AUS,25.7,6-4 4-6 6-4,3,QF,,5,11,99,60,43,15,,7,12,4,8,117,75,42,21,,13,19,3,7754,187,307
2009-W-SL-AUS-01A-2009,Australian Open,Hard,128,G,20090119,123,200108,4,,Elena Dementieva,R,180,RUS,27.2,201521,,,Carla Suarez Navarro,R,162,ESP,20.3,6-2 6-2,3,QF,,,,,,,,,,,,,,,,,,,,4,7596,46,1222
2009-W-SL-AUS-01A-2009,Australian Open,Hard,128,G,20090119,124,200033,2,,Serena Williams,R,175,USA,27.3,201320,8,,Svetlana Kuznetsova,R,174,RUS,23.5,5-7 7-5 6-1,3,QF,,5,4,93,55,38,19,,6,10,5,7,91,58,38,12,,5,11,2,7932,8,5190
2009-W-SL-AUS-01A-2009,Australian Open,Hard,128,G,20090119,125,201336,3,,Dinara Safina,R,185,RUS,22.7,201329,7,,Vera Zvonareva,R,172,RUS,24.3,6-3 7-6(4),3,SF,,4,5,79,44,29,15,,6,9,2,4,76,47,28,9,,6,11,3,7754,7,5744
2009-W-SL-AUS-01A-2009,Australian Open,Hard,128,G,20090119,126,200033,2,,Serena Williams,R,175,USA,27.3,200108,4,,Elena Dementieva,R,180,RUS,27.2,6-3 6-4,3,SF,,10,0,70,37,29,15,,4,6,3,8,74,42,22,17,,6,10,2,7932,4,7596
2009-W-SL-AUS-01A-2009,Australian Open,Hard,128,G,20090119,127,200033,2,,Serena Williams,R,175,USA,27.3,201336,3,,Dinara Safina,R,185,RUS,22.7,6-0 6-3,3,F,,4,0,37,21,20,10,,0,1,3,5,49,29,15,6,,1,6,2,7932,3,7754
2010-W-SL-AUS-01A-2010,Australian Open,Hard,128,G,20100118,1,200033,1,,Serena Williams,R,175,USA,28.3,201524,,,Urszula Radwanska,R,177,POL,19.1,6-2 6-1,3,R128,,3,2,50,28,24,10,,1,1,1,1,63,38,14,15,,5,10,1,9195,72,880
2010-W-SL-AUS-01A-2010,Australian Open,Hard,128,G,20100118,2,201520,,,Petra Kvitova,L,183,CZE,19.8,200754,,,Jill Craybas,R,160,USA,35.5,6-1 7-5,3,R128,,1,3,55,41,27,5,,2,5,0,2,63,42,20,7,,2,9,77,817,78,815
2010-W-SL-AUS-01A-2010,Australian Open,Hard,128,G,20100118,3,201492,,,Andrea Petkovic,R,180,GER,22.3,201339,,Q,Renata Voracova,R,,CZE,26.2,6-2 6-4,3,R128,,3,3,65,43,27,12,,5,7,1,5,68,46,23,10,,7,12,49,1287,124,500
2010-W-SL-AUS-01A-2010,Australian Open,Hard,128,G,20100118,4,201521,32,,Carla Suarez Navarro,R,162,ESP,21.3,201503,,,Ayumi Morita,R,163,JPN,19.8,7-5 6-4,3,R128,,,,,,,,,,,,,,,,,,,,33,1715,91,678
2010-W-SL-AUS-01A-2010,Australian Open,Hard,128,G,20100118,5,201513,21,,Sabine Lisicki,R,178,GER,20.3,201549,,,Petra Martic,R,181,CRO,18.9,6-1 6-4,3,R128,,4,4,59,28,21,18,,7,8,0,5,68,37,20,16,,7,11,24,2035,82,787
2010-W-SL-AUS-01A-2010,Australian Open,Hard,128,G,20100118,6,201462,,,Alberta Brianti,R,165,ITA,29.7,201478,,,Varvara Lepchenko,L,180,USA,23.6,6-0 3-6 6-1,3,R128,,0,3,69,41,24,14,,2,7,2,7,77,52,23,7,,4,13,73,877,100,632
2010-W-SL-AUS-01A-2010,Australian Open,Hard,128,G,20100118,7,201470,,,Kristina Barrois,R,183,GER,28.3,201454,,,Akgul Amanmuradova,R,190,UZB,25.5,6-0 7-6(6),3,R128,,3,0,58,38,31,12,,1,1,6,2,53,31,21,10,,2,5,81,798,84,753
2010-W-SL-AUS-01A-2010,Australian Open,Hard,128,G,20100118,8,201325,13,,Samantha Stosur,R,172,AUS,25.8,201580,,Q,Xinyun Han,L,172,CHN,19.6,6-1 3-6 6-2,3,R128,,6,3,69,38,30,11,,5,9,0,7,68,40,20,10,,2,9,13,3045,191,292
2010-W-SL-AUS-01A-2010,Australian Open,Hard,128,G,20100118,9,201329,9,,Vera Zvonareva,R,172,RUS,25.3,201568,,,Kristina Kucova,R,163,SVK,19.6,6-2 6-0,3,R128,,6,5,42,27,23,5,,3,4,0,4,41,22,10,3,,3,9,9,3560,108,574
2010-W-SL-AUS-01A-2010,Australian Open,Hard,128,G,20100118,10,201331,,,Iveta Benesova,L,170,CZE,26.9,201578,,,Kai Chen Chang,R,167,TPE,19.0,7-5 6-2,3,R128,,,,,,,,,,,,,,,,,,,,45,1370,94,668
2010-W-SL-AUS-01A-2010,Australian Open,Hard,128,G,20100118,11,201363,,,Gisela Dulko,R,170,ARG,24.9,201389,,Q,Zuzana Kucova,R,,SVK,27.5,6-0 5-7 7-5,3,R128,,7,6,95,60,35,16,,11,17,1,6,121,89,47,10,,13,22,36,1605,138,435
2010-W-SL-AUS-01A-2010,Australian Open,Hard,128,G,20100118,12,201421,20,,Ana Ivanovic,R,184,SRB,22.2,201375,,Q,Shenay Perry,R,170,USA,25.5,6-2 6-3,3,R128,,3,5,54,32,26,10,,7,9,0,4,61,30,19,10,,6,11,21,2127,107,576
2010-W-SL-AUS-01A-2010,Australian Open,Hard,128,G,20100118,13,200060,,,Tathiana Garbin,R,172,ITA,32.5,201455,28,,Elena Vesnina,R,176,RUS,23.4,7-6(5) 6-4,3,R128,,2,0,68,43,27,13,,3,7,0,1,79,47,30,14,,10,15,62,1045,29,1900
2010-W-SL-AUS-01A-2010,Australian Open,Hard,128,G,20100118,14,201468,,,Yaroslava Shvedova,R,180,KAZ,22.3,200617,,,Kimiko Date Krumm,R,163,JPN,39.3,6-4 6-2,3,R128,,2,5,58,36,30,8,,2,4,1,2,66,44,21,10,,7,12,52,1229,61,1063
2010-W-SL-AUS-01A-2010,Australian Open,Hard,128,G,20100118,15,201527,,,Stefanie Voegele,R,170,SUI,19.8,201349,,,Melinda Czink,L,178,HUN,27.2,7-5 6-7(5) 9-7,3,R128,,7,4,137,77,52,27,,4,10,9,17,160,97,64,20,,12,21,74,853,38,1515
2010-W-SL-AUS-01A-2010,Australian Open,Hard,128,G,20100118,16,201458,7,,Victoria Azarenka,R,180,BLR,20.4,200770,,WC,Stephanie Cohen Aloro,R,175,FRA,26.8,6-2 6-0,3,R128,,2,1,38,29,24,5,,0,0,0,3,51,36,20,2,,6,11,7,4740,116,525
2010-W-SL-AUS-01A-2010,Australian Open,Hard,128,G,20100118,17,201496,4,,Caroline Wozniacki,R,177,DEN,19.5,201486,,,Aleksandra Wozniak,R,175,CAN,22.3,6-4 6-2,3,R128,,1,2,49,32,20,9,,0,2,1,9,77,44,25,12,,10,15,4,5875,34,1645
2010-W-SL-AUS-01A-2010,Australian Open,Hard,128,G,20100118,18,201504,,,Julia Goerges,R,180,GER,21.2,201481,,,Tamira Paszek,R,165,AUT,19.1,6-0 3-6 6-3,3,R128,,12,1,72,46,32,13,,3,6,1,5,74,44,24,15,,4,10,76,818,170,337
2010-W-SL-AUS-01A-2010,Australian Open,Hard,128,G,20100118,19,201450,,,Tsvetana Pironkova,R,180,BUL,22.3,201448,,,Galina Voskoboeva,R,183,KAZ,25.0,6-4 6-4,3,R128,,2,3,63,31,20,21,,1,2,2,4,70,34,24,17,,5,8,111,558,102,625
2010-W-SL-AUS-01A-2010,Australian Open,Hard,128,G,20100118,20,201424,29,,Shahar Peer,R,170,ISR,22.7,201556,,,Lucie Hradecka,R,177,CZE,24.6,6-7(5) 6-2 6-1,3,R128,,0,3,90,58,41,19,,3,5,9,8,85,46,33,13,,3,9,28,1930,64,976
2010-W-SL-AUS-01A-2010,Australian Open,Hard,128,G,20100118,21,201290,22,,Daniela Hantuchova,R,181,SVK,26.7,201445,,,Viktoria Kutuzova,R,170,UKR,21.4,3-6 6-1 7-5,3,R128,,1,1,100,66,39,19,,8,12,0,4,116,89,47,12,,9,15,25,1985,86,729
2010-W-SL-AUS-01A-2010,Australian Open,Hard,128,G,20100118,22,201387,,Q,Sofia Arvidsson,R,176,SWE,25.9,201457,,WC,Jarmila Gajdosova,R,174,AUS,22.7,6-2 4-6 6-4,3,R128,,,,,,,,,,,,,,,,,,,,139,435,123,501
2010-W-SL-AUS-01A-2010,Australian Open,Hard,128,G,20100118,23,201497,,,Agnes Szavay,R,168,HUN,21.0,201477,,,Stephanie Dubois,R,162,CAN,23.2,6-3 6-2,3,R128,,1,1,56,41,27,6,,5,7,0,3,51,30,14,7,,2,8,37,1570,103,623
2010-W-SL-AUS-01A-2010,Australian Open,Hard,128,G,20100118,24,201419,16,,Na Li,R,172,CHN,27.8,201523,,,Marina Erakovic,R,174,NZL,21.8,6-2 6-0,3,R128,,0,1,39,31,20,5,,0,1,1,0,39,22,8,5,,1,7,17,2600,253,197
2010-W-SL-AUS-01A-2010,Australian Open,Hard,128,G,20100118,25,201474,10,,Agnieszka Radwanska,R,170,POL,20.8,213583,,,Tatjana Maria,R,172,GER,22.4,6-1 6-0,3,R128,,,,,,,,,,,,,,,,,,,,10,3450,70,901
2010-W-SL-AUS-01A-2010,Australian Open,Hard,128,G,20100118,26,201485,,,Alla Kudryavtseva,R,178,RUS,22.2,201528,,,Melanie Oudin,R,168,USA,18.3,2-6 7-5 7-5,3,R128,,2,8,118,66,46,17,,7,13,1,6,101,70,42,15,,9,15,88,726,48,1303
2010-W-SL-AUS-01A-2010,Australian Open,Hard,128,G,20100118,27,201526,,,Julie Coin,R,172,FRA,27.1,200008,,WC,Alicia Molik,R,182,AUS,28.9,3-6 7-6(4) 6-3,3,R128,,4,6,115,53,33,31,,6,12,5,1,91,63,43,11,,7,12,75,833,173,336
2010-W-SL-AUS-01A-2010,Australian Open,Hard,128,G,20100118,28,201212,17,,Francesca Schiavone,R,166,ITA,29.5,201427,,,Alize Cornet,R,173,FRA,19.9,0-6 7-5 6-0,3,R128,,0,1,77,43,25,19,,5,10,4,5,92,49,23,22,,6,12,18,2445,51,1235
2010-W-SL-AUS-01A-2010,Australian Open,Hard,128,G,20100118,29,201368,,,Karolina Sprem,R,174,CRO,25.2,201286,25,,Anabel Medina Garrigues,R,169,ESP,27.4,6-3 6-2,3,R128,,1,2,53,31,22,15,,2,3,1,2,48,31,16,8,,1,5,92,673,26,1980
2010-W-SL-AUS-01A-2010,Australian Open,Hard,128,G,20100118,30,201348,,WC,Casey Dellacqua,L,165,AUS,24.9,201412,,,Anastasia Yakimova,R,165,BLR,23.2,6-2 3-6 6-4,3,R128,,1,4,96,53,28,23,,6,12,0,7,112,68,34,19,,17,24,980,8,106,577
2010-W-SL-AUS-01A-2010,Australian Open,Hard,128,G,20100118,31,201446,,,Sybille Bammer,L,174,AUT,29.7,201367,,,Arantxa Parra Santonja,R,176,ESP,27.1,6-3 6-2,3,R128,,0,4,57,44,31,3,,4,6,2,2,68,24,12,18,,6,12,55,1190,93,669
2010-W-SL-AUS-01A-2010,Australian Open,Hard,128,G,20100118,32,200748,6,,Venus Williams,R,185,USA,29.5,201425,,,Lucie Safarova,L,177,CZE,22.9,6-2 6-2,3,R128,,2,3,53,25,19,16,,4,5,1,6,46,22,13,6,,6,11,6,5126,41,1480
2010-W-SL-AUS-01A-2010,Australian Open,Hard,128,G,20100118,33,200108,5,,Elena Dementieva,R,180,RUS,28.2,201371,,,Vera Dushevina,R,180,RUS,23.2,6-2 6-1,3,R128,,1,1,47,31,21,9,,0,1,1,6,50,25,14,5,,8,14,5,5505,40,1490
2010-W-SL-AUS-01A-2010,Australian Open,Hard,128,G,20100118,34,200003,,WC,Justine Henin,R,167,BEL,27.6,201465,,,Kirsten Flipkens,R,165,BEL,24.0,6-4 6-3,3,R128,,1,5,45,23,18,14,,2,4,2,2,72,45,22,13,,7,12,,,71,886
2010-W-SL-AUS-01A-2010,Australian Open,Hard,128,G,20100118,35,201514,,,Sorana Cirstea,R,176,ROU,19.7,201542,,WC,Olivia Rogowska,R,175,AUS,18.6,6-3 2-6 6-2,3,R128,,8,2,81,49,31,15,,10,14,2,6,82,59,34,9,,4,10,44,1417,146,400
2010-W-SL-AUS-01A-2010,Australian Open,Hard,128,G,20100118,36,201515,27,,Alisa Kleybanova,R,181,RUS,20.5,200120,,,Jelena Dokic,R,175,AUS,26.7,6-1 7-5,3,R128,,11,10,76,32,27,19,,5,6,5,7,61,35,19,12,,5,9,31,1870,56,1153
2010-W-SL-AUS-01A-2010,Australian Open,Hard,128,G,20100118,37,201505,,,Kate Makarova,L,178,RUS,21.6,200043,18,,Virginie Razzano,R,173,FRA,26.6,6-2 6-3,3,R128,,4,0,54,33,24,9,,2,4,1,4,55,38,19,6,,3,9,59,1094,20,2200
2010-W-SL-AUS-01A-2010,Australian Open,Hard,128,G,20100118,38,201506,,,Sara Errani,R,164,ITA,22.7,201344,,,Klara Koukalova,R,166,CZE,27.8,6-2 7-6(5),3,R128,,,,,,,,,,,,,,,,,,,,46,1340,89,682
2010-W-SL-AUS-01A-2010,Australian Open,Hard,128,G,20100118,39,201518,,Q,Yanina Wickmayer,R,182,BEL,20.2,201567,,,Alexandra Dulgheru,R,172,ROU,20.6,1-6 7-5 10-8,3,R128,,1,8,121,76,45,17,,6,15,1,3,113,79,41,18,,4,12,16,2605,53,1228
2010-W-SL-AUS-01A-2010,Australian Open,Hard,128,G,20100118,40,201355,12,,Flavia Pennetta,R,172,ITA,27.8,201403,,,Anna Chakvetadze,R,172,RUS,22.8,6-3 3-6 6-2,3,R128,,3,3,72,43,30,14,,4,7,3,5,88,53,31,17,,6,11,12,3220,66,933
2010-W-SL-AUS-01A-2010,Australian Open,Hard,128,G,20100118,41,200079,15,,Kim Clijsters,R,175,BEL,26.6,201576,,Q,Valerie Tetreault,R,170,CAN,21.9,6-0 6-4,3,R128,,6,2,43,29,24,8,,0,0,1,1,56,41,22,6,,6,10,15,2620,134,458
2010-W-SL-AUS-01A-2010,Australian Open,Hard,128,G,20100118,42,200009,,,Tamarine Tanasugarn,R,165,THA,32.6,201402,,WC,Sesil Karatantcheva,R,171,KAZ,20.4,6-1 7-6(0),3,R128,,0,4,77,56,35,14,,4,6,2,4,62,38,21,10,,7,11,99,633,132,462
2010-W-SL-AUS-01A-2010,Australian Open,Hard,128,G,20100118,43,201466,,,Kaia Kanepi,R,181,EST,24.6,201442,,,Yung Jan Chan,R,170,TPE,20.4,7-6(4) 6-2,3,R128,,2,5,59,31,24,18,,1,2,0,3,81,62,37,9,,5,8,60,1071,85,739
2010-W-SL-AUS-01A-2010,Australian Open,Hard,128,G,20100118,44,200069,19,,Nadia Petrova,R,178,RUS,27.6,201365,,,Edina Gallovits Hall,R,165,ROU,25.1,6-3 6-4,3,R128,,4,2,48,27,19,15,,1,3,0,3,69,41,23,11,,4,8,19,2220,110,563
2010-W-SL-AUS-01A-2010,Australian Open,Hard,128,G,20100118,45,201431,26,,Aravane Rezai,R,165,FRA,22.8,201420,,,Sania Mirza,R,153,IND,23.1,6-4 6-2,3,R128,,1,4,67,38,27,16,,7,8,3,5,58,31,20,12,,5,9,23,2055,57,1148
2010-W-SL-AUS-01A-2010,Australian Open,Hard,128,G,20100118,46,201493,,Q,Angelique Kerber,L,173,GER,22.0,201501,,,Olga Govortsova,R,182,BLR,21.4,6-3 6-3,3,R128,,,,,,,,,,,,,,,,,,,,118,522,54,1195
2010-W-SL-AUS-01A-2010,Australian Open,Hard,128,G,20100118,47,201499,,,Anastasia Pavlyuchenkova,R,177,RUS,18.5,201545,,,Anastasija Sevastova,R,169,LAT,19.7,6-2 6-4,3,R128,,3,6,76,49,33,11,,9,11,1,4,82,50,31,9,,11,16,39,1505,80,802
2010-W-SL-AUS-01A-2010,Australian Open,Hard,128,G,20100118,48,201320,3,,Svetlana Kuznetsova,R,174,RUS,24.5,201370,,,Anastasia Rodionova,R,167,AUS,27.6,6-1 6-2,3,R128,,8,1,46,23,20,14,,0,0,1,3,48,34,22,2,,4,8,3,6081,95,657
2010-W-SL-AUS-01A-2010,Australian Open,Hard,128,G,20100118,49,201347,8,,Jelena Jankovic,R,177,SRB,24.8,201512,,,Monica Niculescu,R,168,ROU,22.3,6-4 6-0,3,R128,,3,4,62,44,28,7,,5,8,0,0,47,32,9,7,,0,7,8,3965,101,626
2010-W-SL-AUS-01A-2010,Australian Open,Hard,128,G,20100118,50,201396,,,Katie Obrien,R,167,GBR,23.7,201537,,,Patricia Mayr Achleitner,R,169,AUT,23.1,6-3 6-3,3,R128,,,,,,,,,,,,,,,,,,,,87,729,90,680
2010-W-SL-AUS-01A-2010,Australian Open,Hard,128,G,20100118,51,201555,,,Polona Hercog,R,182,SLO,18.9,201385,,Q,Yuliana Fedak,R,166,UKR,26.6,6-4 6-0,3,R128,,2,2,54,38,28,6,,4,6,1,8,93,53,26,16,,14,20,69,916,168,340
2010-W-SL-AUS-01A-2010,Australian Open,Hard,128,G,20100118,52,201416,31,,Alona Bondarenko,R,168,UKR,25.4,201451,,Q,Kathrin Woerle,R,175,GER,25.9,6-2 6-2,3,R128,,0,1,52,35,21,8,,3,6,2,2,56,23,12,8,,5,12,30,1900,121,506
2010-W-SL-AUS-01A-2010,Australian Open,Hard,128,G,20100118,53,201287,24,,Maria Jose Martinez Sanchez,L,176,ESP,27.4,201516,,,Evgeniya Rodina,R,170,RUS,20.9,6-0 6-0,3,R128,,2,1,33,16,14,11,,0,0,0,5,47,27,7,10,,4,9,27,1970,98,646
2010-W-SL-AUS-01A-2010,Australian Open,Hard,128,G,20100118,54,201386,,,Jie Zheng,R,164,CHN,26.5,201397,,,Shuai Peng,R,173,CHN,24.0,0-6 6-1 6-2,3,R128,,,,,,,,,,,,,,,,,,,,35,1640,43,1425
2010-W-SL-AUS-01A-2010,Australian Open,Hard,128,G,20100118,55,201484,,,Sandra Zahlavova,U,,CZE,24.2,201535,,WC,Coco Vandeweghe,R,185,USA,18.1,6-0 6-1,3,R128,,1,2,44,35,28,5,,2,2,1,6,52,27,15,6,,5,10,96,652,322,125
2010-W-SL-AUS-01A-2010,Australian Open,Hard,128,G,20100118,56,201294,11,,Marion Bartoli,R,170,FRA,25.2,200709,,,Rossana De Los Rios,R,170,PAR,34.3,6-4 6-1,3,R128,,,,,,,,,,,,,,,,,,,,11,3325,97,647
2010-W-SL-AUS-01A-2010,Australian Open,Hard,128,G,20100118,57,201373,,,Maria Kirilenko,R,173,RUS,22.9,201345,14,,Maria Sharapova,R,188,RUS,22.7,7-6(4) 3-6 6-4,3,R128,,1,4,127,82,51,21,,11,16,9,11,108,66,46,17,,8,13,58,1115,14,2820
2010-W-SL-AUS-01A-2010,Australian Open,Hard,128,G,20100118,58,201423,,Q,Yvonne Meusburger,R,175,AUT,26.2,201490,,,Timea Bacsinszky,R,170,SUI,20.6,6-4 4-6 6-2,3,R128,,0,3,90,72,44,6,,4,9,1,3,75,55,28,8,,1,8,114,541,50,1247
2010-W-SL-AUS-01A-2010,Australian Open,Hard,128,G,20100118,59,201311,,,Roberta Vinci,R,163,ITA,26.9,201394,,,Anna Lena Groenefeld,R,180,GER,24.6,7-5 6-4,3,R128,,1,3,64,32,20,18,,2,6,0,9,68,38,20,11,,4,10,63,1020,65,950
2010-W-SL-AUS-01A-2010,Australian Open,Hard,128,G,20100118,60,201447,,,Vania King,R,165,USA,20.8,201495,23,,Dominika Cibulkova,R,161,SVK,20.7,6-3 6-7(5) 7-5,3,R128,,,,,,,,,,,,,,,,,,,,79,811,22,2063
2010-W-SL-AUS-01A-2010,Australian Open,Hard,128,G,20100118,61,201435,30,,Kateryna Bondarenko,R,175,UKR,23.4,201494,,,Raluca Olaru,R,173,ROU,20.8,6-2 7-6(6),3,R128,,,,,,,,,,,,,,,,,,,,32,1740,68,928
2010-W-SL-AUS-01A-2010,Australian Open,Hard,128,G,20100118,62,201304,,,Elena Baltacha,R,175,GBR,26.4,201426,,,Pauline Parmentier,R,175,FRA,23.9,6-4 3-6 7-5,3,R128,,1,3,96,58,37,26,,3,5,13,3,106,69,53,16,,4,7,83,775,105,591
2010-W-SL-AUS-01A-2010,Australian Open,Hard,128,G,20100118,63,201366,,,Barbora Strycova,R,164,CZE,23.8,201572,,Q,Regina Kulikova,R,183,RUS,20.9,7-6(5) 6-7(10) 6-3,3,R128,249,1,3,146,99,57,28,,15,21,0,5,137,79,46,31,,14,20,67,932,104,597
2010-W-SL-AUS-01A-2010,Australian Open,Hard,128,G,20100118,64,201336,2,,Dinara Safina,R,185,RUS,23.7,201517,,,Magdalena Rybarikova,R,180,SVK,21.2,6-4 6-4,3,R128,,2,9,71,46,34,9,,4,6,1,3,65,42,24,11,,2,6,2,7600,47,1325
2010-W-SL-AUS-01A-2010,Australian Open,Hard,128,G,20100118,65,200033,1,,Serena Williams,R,175,USA,28.3,201520,,,Petra Kvitova,L,183,CZE,19.8,6-2 6-1,3,R64,,8,2,50,33,30,7,,2,2,2,6,65,44,25,7,,7,11,1,9195,77,817
2010-W-SL-AUS-01A-2010,Australian Open,Hard,128,G,20100118,66,201521,32,,Carla Suarez Navarro,R,162,ESP,21.3,201492,,,Andrea Petkovic,R,180,GER,22.3,6-1 6-4,3,R64,,1,2,59,40,27,10,,5,6,1,2,74,54,26,9,,10,15,33,1715,49,1287
2010-W-SL-AUS-01A-2010,Australian Open,Hard,128,G,20100118,67,201462,,,Alberta Brianti,R,165,ITA,29.7,201513,21,,Sabine Lisicki,R,178,GER,20.3,2-6 6-4 6-4,3,R64,,0,6,117,83,53,16,,15,18,9,7,87,40,27,27,,6,9,73,877,24,2035
2010-W-SL-AUS-01A-2010,Australian Open,Hard,128,G,20100118,68,201325,13,,Samantha Stosur,R,172,AUS,25.8,201470,,,Kristina Barrois,R,183,GER,28.3,7-5 6-3,3,R64,,6,4,63,38,28,15,,3,5,4,2,61,36,23,12,,1,5,13,3045,81,798
2010-W-SL-AUS-01A-2010,Australian Open,Hard,128,G,20100118,69,201329,9,,Vera Zvonareva,R,172,RUS,25.3,201331,,,Iveta Benesova,L,170,CZE,26.9,6-0 6-3,3,R64,,,,,,,,,,,,,,,,,,,,9,3560,45,1370
2010-W-SL-AUS-01A-2010,Australian Open,Hard,128,G,20100118,70,201363,,,Gisela Dulko,R,170,ARG,24.9,201421,20,,Ana Ivanovic,R,184,SRB,22.2,6-7(6) 7-5 6-4,3,R64,,0,10,117,70,42,15,,6,13,4,11,133,78,46,21,,19,28,36,1605,21,2127
2010-W-SL-AUS-01A-2010,Australian Open,Hard,128,G,20100118,71,200060,,,Tathiana Garbin,R,172,ITA,32.5,201468,,,Yaroslava Shvedova,R,180,KAZ,22.3,6-7(5) 6-2 6-0,3,R64,,1,0,87,55,40,20,,3,5,2,4,109,75,40,15,,11,18,62,1045,52,1229
2010-W-SL-AUS-01A-2010,Australian Open,Hard,128,G,20100118,72,201458,7,,Victoria Azarenka,R,180,BLR,20.4,201527,,,Stefanie Voegele,R,170,SUI,19.8,6-4 6-0,3,R64,,1,1,72,52,33,10,,10,11,1,0,60,32,17,11,,4,9,7,4740,74,853
2010-W-SL-AUS-01A-2010,Australian Open,Hard,128,G,20100118,73,201496,4,,Caroline Wozniacki,R,177,DEN,19.5,201504,,,Julia Goerges,R,180,GER,21.2,6-3 6-1,3,R64,,3,1,52,32,22,14,,2,2,2,1,45,29,15,8,,1,5,4,5875,76,818
2010-W-SL-AUS-01A-2010,Australian Open,Hard,128,G,20100118,74,201424,29,,Shahar Peer,R,170,ISR,22.7,201450,,,Tsvetana Pironkova,R,180,BUL,22.3,6-1 6-4,3,R64,,,,,,,,,,,,,,,,,,,,28,1930,111,558
2010-W-SL-AUS-01A-2010,Australian Open,Hard,128,G,20100118,75,201290,22,,Daniela Hantuchova,R,181,SVK,26.7,201387,,Q,Sofia Arvidsson,R,176,SWE,25.9,6-4 6-1,3,R64,,1,,47,21,18,20,,1,1,2,,48,34,20,7,,2,5,25,1985,139,435
2010-W-SL-AUS-01A-2010,Australian Open,Hard,128,G,20100118,76,201419,16,,Na Li,R,172,CHN,27.8,201497,,,Agnes Szavay,R,168,HUN,21.0,3-6 7-5 6-2,3,R64,,0,0,98,68,44,14,,5,10,3,5,107,81,46,9,,4,10,17,2600,37,1570
2010-W-SL-AUS-01A-2010,Australian Open,Hard,128,G,20100118,77,201474,10,,Agnieszka Radwanska,R,170,POL,20.8,201485,,,Alla Kudryavtseva,R,178,RUS,22.2,6-0 6-2,3,R64,,3,1,53,33,23,10,,5,6,0,0,48,28,9,10,,4,10,10,3450,88,726
2010-W-SL-AUS-01A-2010,Australian Open,Hard,128,G,20100118,78,201212,17,,Francesca Schiavone,R,166,ITA,29.5,201526,,,Julie Coin,R,172,FRA,27.1,6-3 6-4,3,R64,,0,5,60,32,21,15,,2,4,2,2,51,20,14,15,,2,6,18,2445,75,833
2010-W-SL-AUS-01A-2010,Australian Open,Hard,128,G,20100118,79,201348,,WC,Casey Dellacqua,L,165,AUS,24.9,201368,,,Karolina Sprem,R,174,CRO,25.2,7-6(4) 7-6(6),3,R64,,3,6,94,56,39,18,,6,9,2,12,96,42,31,24,,7,10,980,8,92,673
2010-W-SL-AUS-01A-2010,Australian Open,Hard,128,G,20100118,80,200748,6,,Venus Williams,R,185,USA,29.5,201446,,,Sybille Bammer,L,174,AUT,29.7,6-2 7-5,3,R64,,7,1,74,42,31,15,,5,7,0,4,53,38,20,6,,1,6,6,5126,55,1190
2010-W-SL-AUS-01A-2010,Australian Open,Hard,128,G,20100118,81,200003,,WC,Justine Henin,R,167,BEL,27.6,200108,5,,Elena Dementieva,R,180,RUS,28.2,7-5 7-6(6),3,R64,,2,8,112,54,28,28,,13,19,0,7,97,63,30,14,,8,15,,,5,5505
2010-W-SL-AUS-01A-2010,Australian Open,Hard,128,G,20100118,82,201515,27,,Alisa Kleybanova,R,181,RUS,20.5,201514,,,Sorana Cirstea,R,176,ROU,19.7,6-4 6-3,3,R64,,6,3,64,28,20,19,,8,11,2,5,75,34,24,12,,6,11,31,1870,44,1417
2010-W-SL-AUS-01A-2010,Australian Open,Hard,128,G,20100118,83,201506,,,Sara Errani,R,164,ITA,22.7,201505,,,Kate Makarova,L,178,RUS,21.6,6-2 6-3,3,R64,,,,,,,,,,,,,,,,,,,,46,1340,59,1094
2010-W-SL-AUS-01A-2010,Australian Open,Hard,128,G,20100118,84,201518,,Q,Yanina Wickmayer,R,182,BEL,20.2,201355,12,,Flavia Pennetta,R,172,ITA,27.8,7-6(2) 6-1,3,R64,,1,2,58,33,21,13,,2,5,3,7,67,26,16,14,,2,8,16,2605,12,3220
2010-W-SL-AUS-01A-2010,Australian Open,Hard,128,G,20100118,85,200079,15,,Kim Clijsters,R,175,BEL,26.6,200009,,,Tamarine Tanasugarn,R,165,THA,32.6,6-3 6-3,3,R64,,6,4,72,36,25,18,,7,9,0,3,70,47,23,11,,8,13,15,2620,99,633
2010-W-SL-AUS-01A-2010,Australian Open,Hard,128,G,20100118,86,200069,19,,Nadia Petrova,R,178,RUS,27.6,201466,,,Kaia Kanepi,R,181,EST,24.6,6-4 6-4,3,R64,,7,2,95,39,28,25,,14,17,5,6,69,38,26,7,,6,11,19,2220,60,1071
2010-W-SL-AUS-01A-2010,Australian Open,Hard,128,G,20100118,87,201493,,Q,Angelique Kerber,L,173,GER,22.0,201431,26,,Aravane Rezai,R,165,FRA,22.8,6-2 6-3,3,R64,,,,,,,,,,,,,,,,,,,,118,522,23,2055
2010-W-SL-AUS-01A-2010,Australian Open,Hard,128,G,20100118,88,201320,3,,Svetlana Kuznetsova,R,174,RUS,24.5,201499,,,Anastasia Pavlyuchenkova,R,177,RUS,18.5,6-2 6-2,3,R64,,2,1,52,27,20,13,,2,4,0,6,53,30,15,6,,7,13,3,6081,39,1505
2010-W-SL-AUS-01A-2010,Australian Open,Hard,128,G,20100118,89,201347,8,,Jelena Jankovic,R,177,SRB,24.8,201396,,,Katie Obrien,R,167,GBR,23.7,6-2 6-2,3,R64,,3,0,39,28,23,7,,1,2,0,8,67,35,14,17,,7,12,8,3965,87,729
2010-W-SL-AUS-01A-2010,Australian Open,Hard,128,G,20100118,90,201416,31,,Alona Bondarenko,R,168,UKR,25.4,201555,,,Polona Hercog,R,182,SLO,18.9,6-4 7-5,3,R64,,0,2,76,58,37,10,,7,9,7,8,77,38,28,14,,6,10,30,1900,69,916
2010-W-SL-AUS-01A-2010,Australian Open,Hard,128,G,20100118,91,201386,,,Jie Zheng,R,164,CHN,26.5,201287,24,,Maria Jose Martinez Sanchez,L,176,ESP,27.4,2-6 6-2 6-3,3,R64,,0,4,95,75,49,11,,7,9,1,4,89,47,33,19,,9,12,35,1640,27,1970
2010-W-SL-AUS-01A-2010,Australian Open,Hard,128,G,20100118,92,201294,11,,Marion Bartoli,R,170,FRA,25.2,201484,,,Sandra Zahlavova,U,,CZE,24.2,6-4 6-4,3,R64,,3,3,52,31,23,12,,0,2,1,3,67,39,26,10,,8,12,11,3325,96,652
2010-W-SL-AUS-01A-2010,Australian Open,Hard,128,G,20100118,93,201373,,,Maria Kirilenko,R,173,RUS,22.9,201423,,Q,Yvonne Meusburger,R,175,AUT,26.2,6-3 6-1,3,R64,,2,3,55,38,26,7,,3,5,0,1,67,45,18,9,,11,17,58,1115,114,541
2010-W-SL-AUS-01A-2010,Australian Open,Hard,128,G,20100118,94,201311,,,Roberta Vinci,R,163,ITA,26.9,201447,,,Vania King,R,165,USA,20.8,7-6(7) 7-5,3,R64,,7,1,119,66,43,23,,15,19,1,3,87,53,33,13,,7,12,63,1020,79,811
2010-W-SL-AUS-01A-2010,Australian Open,Hard,128,G,20100118,95,201304,,,Elena Baltacha,R,175,GBR,26.4,201435,30,,Kateryna Bondarenko,R,175,UKR,23.4,6-2 7-5,3,R64,,5,5,75,49,29,13,,8,11,2,5,53,36,19,5,,5,11,83,775,32,1740
2010-W-SL-AUS-01A-2010,Australian Open,Hard,128,G,20100118,96,201336,2,,Dinara Safina,R,185,RUS,23.7,201366,,,Barbora Strycova,R,164,CZE,23.8,6-3 6-4,3,R64,,3,5,76,56,40,9,,9,9,0,3,64,37,23,15,,4,6,2,7600,67,932
2010-W-SL-AUS-01A-2010,Australian Open,Hard,128,G,20100118,97,200033,1,,Serena Williams,R,175,USA,28.3,201521,32,,Carla Suarez Navarro,R,162,ESP,21.3,6-0 6-3,3,R32,,3,1,64,41,31,11,,6,6,2,1,52,25,13,9,,5,10,1,9195,33,1715
2010-W-SL-AUS-01A-2010,Australian Open,Hard,128,G,20100118,98,201325,13,,Samantha Stosur,R,172,AUS,25.8,201462,,,Alberta Brianti,R,165,ITA,29.7,6-4 6-1,3,R32,,11,2,60,46,35,5,,5,6,0,2,43,28,16,5,,1,5,13,3045,73,877
2010-W-SL-AUS-01A-2010,Australian Open,Hard,128,G,20100118,99,201329,9,,Vera Zvonareva,R,172,RUS,25.3,201363,,,Gisela Dulko,R,170,ARG,24.9,6-1 7-5,3,R32,,1,5,58,30,21,17,,2,4,2,8,70,40,21,11,,5,10,9,3560,36,1605
2010-W-SL-AUS-01A-2010,Australian Open,Hard,128,G,20100118,100,201458,7,,Victoria Azarenka,R,180,BLR,20.4,200060,,,Tathiana Garbin,R,172,ITA,32.5,6-0 6-2,3,R32,,,,,,,,,,,,,,,,,,,,7,4740,62,1045
2010-W-SL-AUS-01A-2010,Australian Open,Hard,128,G,20100118,101,201496,4,,Caroline Wozniacki,R,177,DEN,19.5,201424,29,,Shahar Peer,R,170,ISR,22.7,6-4 6-0,3,R32,,,,,,,,,,,,,,,,,,,,4,5875,28,1930
2010-W-SL-AUS-01A-2010,Australian Open,Hard,128,G,20100118,102,201419,16,,Na Li,R,172,CHN,27.8,201290,22,,Daniela Hantuchova,R,181,SVK,26.7,7-5 3-6 6-2,3,R32,,1,3,88,68,47,9,,4,7,2,4,94,64,40,14,,3,8,17,2600,25,1985
2010-W-SL-AUS-01A-2010,Australian Open,Hard,128,G,20100118,103,201212,17,,Francesca Schiavone,R,166,ITA,29.5,201474,10,,Agnieszka Radwanska,R,170,POL,20.8,6-2 6-2,3,R32,,0,2,47,27,21,13,,1,1,1,1,53,28,18,10,,3,7,18,2445,10,3450
2010-W-SL-AUS-01A-2010,Australian Open,Hard,128,G,20100118,104,200748,6,,Venus Williams,R,185,USA,29.5,201348,,WC,Casey Dellacqua,L,165,AUS,24.9,6-1 7-6(4),3,R32,,7,7,87,49,39,16,,7,8,0,3,75,39,24,16,,10,13,6,5126,980,8
2010-W-SL-AUS-01A-2010,Australian Open,Hard,128,G,20100118,105,200003,,WC,Justine Henin,R,167,BEL,27.6,201515,27,,Alisa Kleybanova,R,181,RUS,20.5,3-6 6-4 6-2,3,R32,,7,6,95,55,37,19,,10,13,2,4,91,41,29,22,,2,7,,,31,1870
2010-W-SL-AUS-01A-2010,Australian Open,Hard,128,G,20100118,106,201518,,Q,Yanina Wickmayer,R,182,BEL,20.2,201506,,,Sara Errani,R,164,ITA,22.7,6-1 6-7(4) 6-3,3,R32,,9,2,107,69,51,18,,9,11,0,0,100,68,35,19,,10,15,16,2605,46,1340
2010-W-SL-AUS-01A-2010,Australian Open,Hard,128,G,20100118,107,200069,19,,Nadia Petrova,R,178,RUS,27.6,200079,15,,Kim Clijsters,R,175,BEL,26.6,6-0 6-1,3,R32,,5,0,41,24,22,9,,1,1,2,4,33,19,9,3,,1,6,19,2220,15,2620
2010-W-SL-AUS-01A-2010,Australian Open,Hard,128,G,20100118,108,201320,3,,Svetlana Kuznetsova,R,174,RUS,24.5,201493,,Q,Angelique Kerber,L,173,GER,22.0,3-6 7-5 6-4,3,R32,,,,,,,,,,,,,,,,,,,,3,6081,118,522
2010-W-SL-AUS-01A-2010,Australian Open,Hard,128,G,20100118,109,201416,31,,Alona Bondarenko,R,168,UKR,25.4,201347,8,,Jelena Jankovic,R,177,SRB,24.8,6-2 6-3,3,R32,,1,2,59,48,29,5,,4,6,1,4,66,41,21,8,,7,13,30,1900,8,3965
2010-W-SL-AUS-01A-2010,Australian Open,Hard,128,G,20100118,110,201386,,,Jie Zheng,R,164,CHN,26.5,201294,11,,Marion Bartoli,R,170,FRA,25.2,5-7 6-3 6-0,3,R32,,0,3,88,67,42,10,,5,9,4,7,80,43,26,13,,2,9,35,1640,11,3325
2010-W-SL-AUS-01A-2010,Australian Open,Hard,128,G,20100118,111,201373,,,Maria Kirilenko,R,173,RUS,22.9,201311,,,Roberta Vinci,R,163,ITA,26.9,7-5 7-6(4),3,R32,,4,3,85,52,40,16,,5,6,1,2,91,59,38,17,,13,15,58,1115,63,1020
2010-W-SL-AUS-01A-2010,Australian Open,Hard,128,G,20100118,112,201336,2,,Dinara Safina,R,185,RUS,23.7,201304,,,Elena Baltacha,R,175,GBR,26.4,6-1 6-2,3,R32,,4,3,44,28,21,10,,0,1,0,4,38,22,11,5,,2,7,2,7600,83,775
2010-W-SL-AUS-01A-2010,Australian Open,Hard,128,G,20100118,113,200033,1,,Serena Williams,R,175,USA,28.3,201325,13,,Samantha Stosur,R,172,AUS,25.8,6-4 6-2,3,R16,,10,1,45,29,25,13,,3,3,4,2,55,35,23,8,,1,4,1,9195,13,3045
2010-W-SL-AUS-01A-2010,Australian Open,Hard,128,G,20100118,114,201458,7,,Victoria Azarenka,R,180,BLR,20.4,201329,9,,Vera Zvonareva,R,172,RUS,25.3,4-6 6-4 6-0,3,R16,,2,4,87,67,41,10,,2,5,4,8,112,62,42,15,,14,20,7,4740,9,3560
2010-W-SL-AUS-01A-2010,Australian Open,Hard,128,G,20100118,115,201419,16,,Na Li,R,172,CHN,27.8,201496,4,,Caroline Wozniacki,R,177,DEN,19.5,6-4 6-3,3,R16,,,,,,,,,,,,,,,,,,,,17,2600,4,5875
2010-W-SL-AUS-01A-2010,Australian Open,Hard,128,G,20100118,116,200748,6,,Venus Williams,R,185,USA,29.5,201212,17,,Francesca Schiavone,R,166,ITA,29.5,3-6 6-2 6-1,3,R16,,0,5,61,32,19,14,,1,6,5,4,80,50,23,11,,7,15,6,5126,18,2445
2010-W-SL-AUS-01A-2010,Australian Open,Hard,128,G,20100118,117,200003,,WC,Justine Henin,R,167,BEL,27.6,201518,,Q,Yanina Wickmayer,R,182,BEL,20.2,7-6(3) 1-6 6-3,3,R16,,4,6,99,62,40,19,,5,9,4,5,90,62,43,13,,2,5,,,16,2605
2010-W-SL-AUS-01A-2010,Australian Open,Hard,128,G,20100118,118,200069,19,,Nadia Petrova,R,178,RUS,27.6,201320,3,,Svetlana Kuznetsova,R,174,RUS,24.5,6-3 3-6 6-1,3,R16,,6,3,92,51,34,20,,6,9,2,3,97,66,44,7,,6,11,19,2220,3,6081
2010-W-SL-AUS-01A-2010,Australian Open,Hard,128,G,20100118,119,201386,,,Jie Zheng,R,164,CHN,26.5,201416,31,,Alona Bondarenko,R,168,UKR,25.4,7-6(5) 6-4,3,R16,,,,,,,,,,,,,,,,,,,,35,1640,30,1900
2010-W-SL-AUS-01A-2010,Australian Open,Hard,128,G,20100118,120,201373,,,Maria Kirilenko,R,173,RUS,22.9,201336,2,,Dinara Safina,R,185,RUS,23.7,5-4 RET,3,R16,,1,1,33,20,11,9,,2,3,0,2,43,26,15,7,,6,7,58,1115,2,7600
2010-W-SL-AUS-01A-2010,Australian Open,Hard,128,G,20100118,121,200033,1,,Serena Williams,R,175,USA,28.3,201458,7,,Victoria Azarenka,R,180,BLR,20.4,4-6 7-6(4) 6-2,3,QF,,17,1,102,51,34,24,,8,13,1,5,105,81,46,12,,7,13,1,9195,7,4740
2010-W-SL-AUS-01A-2010,Australian Open,Hard,128,G,20100118,122,201419,16,,Na Li,R,172,CHN,27.8,200748,6,,Venus Williams,R,185,USA,29.5,2-6 7-6(4) 7-5,3,QF,,1,5,110,65,33,16,,7,16,5,11,105,59,36,15,,7,15,17,2600,6,5126
2010-W-SL-AUS-01A-2010,Australian Open,Hard,128,G,20100118,123,200003,,WC,Justine Henin,R,167,BEL,27.6,200069,19,,Nadia Petrova,R,178,RUS,27.6,7-6(3) 7-5,3,QF,,4,5,69,31,25,20,,2,6,7,6,90,50,36,13,,7,12,,,19,2220
2010-W-SL-AUS-01A-2010,Australian Open,Hard,128,G,20100118,124,201386,,,Jie Zheng,R,164,CHN,26.5,201373,,,Maria Kirilenko,R,173,RUS,22.9,6-1 6-3,3,QF,,0,2,52,41,29,7,,5,5,2,3,47,29,18,6,,2,6,35,1640,58,1115
2010-W-SL-AUS-01A-2010,Australian Open,Hard,128,G,20100118,125,200033,1,,Serena Williams,R,175,USA,28.3,201419,16,,Na Li,R,172,CHN,27.8,7-6(4) 7-6(1),3,SF,,12,2,82,49,42,15,,3,4,1,6,99,68,46,14,,8,9,1,9195,17,2600
2010-W-SL-AUS-01A-2010,Australian Open,Hard,128,G,20100118,126,200003,,WC,Justine Henin,R,167,BEL,27.6,201386,,,Jie Zheng,R,164,CHN,26.5,6-1 6-0,3,SF,,5,3,36,19,16,10,,3,3,0,1,42,34,12,2,,5,11,,,35,1640
2010-W-SL-AUS-01A-2010,Australian Open,Hard,128,G,20100118,127,200033,1,,Serena Williams,R,175,USA,28.3,200003,,WC,Justine Henin,R,167,BEL,27.6,6-4 3-6 6-2,3,F,,12,3,99,63,37,17,,11,16,4,6,76,38,23,17,,5,11,1,9195,,
2011-W-SL-AUS-01A-2011,Australian Open,Hard,128,G,20110117,1,201496,1,,Caroline Wozniacki,R,177,DEN,20.5,201363,,,Gisela Dulko,R,170,ARG,25.9,6-3 6-4,3,R128,,0,3,74,47,34,14,,7,8,2,4,71,47,29,10,,5,8,1,8035,52,1144
2011-W-SL-AUS-01A-2011,Australian Open,Hard,128,G,20110117,2,201447,,,Vania King,R,165,USA,21.8,201481,,,Tamira Paszek,R,165,AUT,20.1,6-7(4) 6-0 6-3,3,R128,,3,3,85,57,35,16,,5,8,6,7,99,47,28,21,,10,18,88,751,90,744
2011-W-SL-AUS-01A-2011,Australian Open,Hard,128,G,20110117,3,201462,,,Alberta Brianti,R,165,ITA,30.7,201556,,,Lucie Hradecka,R,177,CZE,25.6,6-4 7-5,3,R128,,0,8,82,43,29,16,,9,13,5,6,81,44,26,13,,6,12,87,756,111,636
2011-W-SL-AUS-01A-2011,Australian Open,Hard,128,G,20110117,4,201495,29,,Dominika Cibulkova,R,161,SVK,21.7,201493,,,Angelique Kerber,L,173,GER,22.9,6-2 6-7(4) 6-4,3,R128,,0,5,126,83,48,15,,12,19,1,6,102,61,33,12,,9,18,32,1905,45,1346
2011-W-SL-AUS-01A-2011,Australian Open,Hard,128,G,20110117,5,201518,21,,Yanina Wickmayer,R,182,BEL,21.2,201457,,,Jarmila Gajdosova,R,174,AUS,23.7,6-3 2-6 6-4,3,R128,,,,,,,,,,,,,,,,,,,,24,2370,34,1798
2011-W-SL-AUS-01A-2011,Australian Open,Hard,128,G,20110117,6,201545,,,Anastasija Sevastova,R,169,LAT,20.7,201555,,,Polona Hercog,R,182,SLO,19.9,6-4 7-6(5),3,R128,,1,2,69,42,33,11,,0,3,5,6,83,50,31,15,,5,9,46,1335,47,1275
2011-W-SL-AUS-01A-2011,Australian Open,Hard,128,G,20110117,7,201570,,Q,Vesna Dolonc,R,170,SRB,21.4,201440,,,Laura Pous Tio,U,173,ESP,26.2,7-5 6-2,3,R128,,,,,,,,,,,,,,,,,,,,146,437,109,649
2011-W-SL-AUS-01A-2011,Australian Open,Hard,128,G,20110117,8,201294,15,,Marion Bartoli,R,170,FRA,26.2,200060,,,Tathiana Garbin,R,172,ITA,33.5,6-0 6-0,3,R128,,4,3,34,22,19,7,,3,3,3,0,35,19,6,3,,1,7,17,2655,86,756
2011-W-SL-AUS-01A-2011,Australian Open,Hard,128,G,20110117,9,200003,11,,Justine Henin,R,167,BEL,28.6,201420,,Q,Sania Mirza,R,153,IND,24.1,5-7 6-3 6-1,3,R128,,4,4,89,45,29,24,,5,10,1,9,86,48,25,16,,4,12,13,3215,145,445
2011-W-SL-AUS-01A-2011,Australian Open,Hard,128,G,20110117,10,201304,,,Elena Baltacha,R,175,GBR,27.4,201600,,Q,Jamie Hampton,R,173,USA,21.0,3-6 6-4 7-5,3,R128,,1,0,102,66,45,16,,3,7,6,2,82,56,35,15,,2,6,55,1090,132,506
2011-W-SL-AUS-01A-2011,Australian Open,Hard,128,G,20110117,11,201551,,Q,Arantxa Rus,L,180,NED,20.0,201318,,,Bethanie Mattek Sands,R,168,USA,25.8,6-1 3-6 7-5,3,R128,,2,2,107,71,41,20,,9,13,3,4,89,61,35,12,,5,11,139,476,48,1209
2011-W-SL-AUS-01A-2011,Australian Open,Hard,128,G,20110117,12,201320,23,,Svetlana Kuznetsova,R,174,RUS,25.5,201590,,,Alison Riske Amritraj,R,173,USA,20.5,6-3 6-2,3,R128,,2,5,52,20,17,14,,2,5,0,3,60,47,21,4,,5,11,26,2310,115,605
2011-W-SL-AUS-01A-2011,Australian Open,Hard,128,G,20110117,13,201450,32,,Tsvetana Pironkova,R,180,BUL,23.3,201426,,,Pauline Parmentier,R,175,FRA,24.9,6-4 3-6 6-3,3,R128,,2,1,82,41,31,19,,4,8,2,2,77,48,33,11,,2,7,36,1722,105,661
2011-W-SL-AUS-01A-2011,Australian Open,Hard,128,G,20110117,14,201512,,,Monica Niculescu,R,168,ROU,23.3,201490,,,Timea Bacsinszky,R,170,SUI,21.6,6-0 6-3,3,R128,,,,,,,,,,,,,,,,,,,,85,771,50,1190
2011-W-SL-AUS-01A-2011,Australian Open,Hard,128,G,20110117,15,201606,,,Rebecca Marino,R,183,CAN,20.0,201612,,,Junri Namigata,R,170,JPN,28.5,6-2 4-6 6-3,3,R128,,6,7,84,43,31,19,,0,4,2,4,84,51,28,15,,4,10,104,662,113,632
2011-W-SL-AUS-01A-2011,Australian Open,Hard,128,G,20110117,16,201212,6,,Francesca Schiavone,R,166,ITA,30.5,201367,,,Arantxa Parra Santonja,R,176,ESP,28.1,6-7(4) 6-2 6-4,3,R128,,3,4,103,63,48,19,,7,9,4,7,99,35,29,30,,9,14,7,4835,68,972
2011-W-SL-AUS-01A-2011,Australian Open,Hard,128,G,20110117,17,200748,4,,Venus Williams,R,185,USA,30.5,201506,,,Sara Errani,R,164,ITA,23.7,6-3 6-2,3,R128,,8,1,60,33,24,14,,5,7,0,4,48,35,18,2,,4,9,5,4985,42,1400
2011-W-SL-AUS-01A-2011,Australian Open,Hard,128,G,20110117,18,201484,,,Sandra Zahlavova,U,,CZE,25.2,201339,,,Renata Voracova,R,,CZE,27.2,6-3 6-1,3,R128,,2,0,57,33,18,15,,4,6,2,3,49,35,16,5,,3,9,97,701,80,810
2011-W-SL-AUS-01A-2011,Australian Open,Hard,128,G,20110117,19,201303,,Q,Anne Keothavong,R,175,GBR,27.3,201613,,Q,Arina Rodionova,R,168,AUS,21.0,7-5 6-4,3,R128,,2,2,57,37,25,11,,1,4,0,1,67,53,30,5,,2,7,118,577,185,318
2011-W-SL-AUS-01A-2011,Australian Open,Hard,128,G,20110117,20,201492,30,,Andrea Petkovic,R,180,GER,23.3,200754,,,Jill Craybas,R,160,USA,36.5,6-1 6-2,3,R128,,3,1,50,39,28,7,,2,2,0,1,45,33,19,5,,4,8,33,1890,101,673
2011-W-SL-AUS-01A-2011,Australian Open,Hard,128,G,20110117,21,201466,20,,Kaia Kanepi,R,181,EST,25.6,201517,,,Magdalena Rybarikova,R,180,SVK,22.2,2-6 6-4 6-3,3,R128,,3,4,103,62,37,24,,5,8,4,6,91,53,38,15,,2,5,21,2460,106,661
2011-W-SL-AUS-01A-2011,Australian Open,Hard,128,G,20110117,22,201504,,,Julia Goerges,R,180,GER,22.2,201365,,,Edina Gallovits Hall,R,165,ROU,26.1,6-3 4-6 6-3,3,R128,,7,3,84,53,39,17,,1,3,2,6,118,83,47,18,,10,14,38,1625,78,823
2011-W-SL-AUS-01A-2011,Australian Open,Hard,128,G,20110117,23,200043,,,Virginie Razzano,R,173,FRA,27.6,201455,,,Elena Vesnina,R,176,RUS,24.4,4-6 6-3 6-3,3,R128,,1,5,86,60,39,14,,2,5,1,6,76,50,29,12,,3,8,100,676,53,1110
2011-W-SL-AUS-01A-2011,Australian Open,Hard,128,G,20110117,24,201345,14,,Maria Sharapova,R,188,RUS,23.7,200009,,,Tamarine Tanasugarn,R,165,THA,33.6,6-1 6-3,3,R128,,5,10,42,24,18,5,,0,3,0,2,58,34,12,8,,3,10,16,2661,65,996
2011-W-SL-AUS-01A-2011,Australian Open,Hard,128,G,20110117,25,201419,9,,Na Li,R,172,CHN,28.8,201387,,,Sofia Arvidsson,R,176,SWE,26.9,6-1 7-5,3,R128,,2,1,69,50,31,10,,8,11,0,3,66,47,21,10,,7,13,11,3950,51,1166
2011-W-SL-AUS-01A-2011,Australian Open,Hard,128,G,20110117,26,201516,,,Evgeniya Rodina,R,170,RUS,21.9,201542,,WC,Olivia Rogowska,R,175,AUS,19.6,6-3 6-1,3,R128,,,,,,,,,,,,,,,,,,,,108,649,259,209
2011-W-SL-AUS-01A-2011,Australian Open,Hard,128,G,20110117,27,200120,,WC,Jelena Dokic,R,175,AUS,27.7,201334,,,Zuzana Ondraskova,R,174,CZE,30.7,6-3 6-2,3,R128,,0,7,56,29,21,15,,1,2,3,3,43,31,18,4,,2,6,137,485,82,778
2011-W-SL-AUS-01A-2011,Australian Open,Hard,128,G,20110117,28,201366,,,Barbora Strycova,R,164,CZE,24.8,201431,17,,Aravane Rezai,R,165,FRA,23.8,6-0 3-6 7-5,3,R128,,5,0,78,52,36,16,,1,3,2,5,91,53,35,19,,4,9,63,1000,22,2445
2011-W-SL-AUS-01A-2011,Australian Open,Hard,128,G,20110117,29,201572,,,Regina Kulikova,R,183,RUS,21.9,201290,28,,Daniela Hantuchova,R,181,SVK,27.7,7-6(3) 3-6 9-7,3,R128,,2,5,147,88,51,30,,14,20,8,6,128,81,51,23,,11,16,114,608,31,1945
2011-W-SL-AUS-01A-2011,Australian Open,Hard,128,G,20110117,30,201541,,,Chanelle Scheepers,R,176,RSA,26.8,201368,,,Karolina Sprem,R,174,CRO,26.2,4-6 6-4 6-2,3,R128,,0,7,82,63,40,7,,6,11,8,11,98,53,36,14,,12,18,107,649,95,708
2011-W-SL-AUS-01A-2011,Australian Open,Hard,128,G,20110117,31,201599,,,Andrea Hlavackova,R,174,CZE,24.4,201537,,,Patricia Mayr Achleitner,R,169,AUT,24.1,7-5 6-4,3,R128,,,,,,,,,,,,,,,,,,,,99,687,102,669
2011-W-SL-AUS-01A-2011,Australian Open,Hard,128,G,20110117,32,201458,8,,Victoria Azarenka,R,180,BLR,21.4,201451,,Q,Kathrin Woerle,R,175,GER,26.9,6-0 6-2,3,R128,,1,0,37,23,17,10,,1,2,1,1,45,27,11,6,,2,8,9,4155,166,364
2011-W-SL-AUS-01A-2011,Australian Open,Hard,128,G,20110117,33,201347,7,,Jelena Jankovic,R,177,SRB,25.8,201485,,,Alla Kudryavtseva,R,178,RUS,23.2,6-0 7-6(5),3,R128,,10,2,65,45,29,10,,2,4,1,1,64,39,21,11,,4,9,8,4445,66,990
2011-W-SL-AUS-01A-2011,Australian Open,Hard,128,G,20110117,34,201397,,,Shuai Peng,R,173,CHN,25.0,201435,,,Kateryna Bondarenko,R,175,UKR,24.4,2-6 6-3 8-6,3,R128,,1,2,94,59,38,16,,5,11,4,7,105,69,41,13,,7,13,54,1101,92,726
2011-W-SL-AUS-01A-2011,Australian Open,Hard,128,G,20110117,35,201614,,WC,Caroline Garcia,R,177,FRA,17.2,201478,,,Varvara Lepchenko,L,180,USA,24.6,7-5 4-6 6-3,3,R128,,3,4,91,44,25,24,,5,11,1,5,102,72,36,16,,6,14,275,187,76,851
2011-W-SL-AUS-01A-2011,Australian Open,Hard,128,G,20110117,36,201503,,,Ayumi Morita,R,163,JPN,20.8,201567,27,,Alexandra Dulgheru,R,172,ROU,21.6,6-4 6-4,3,R128,,0,0,61,45,32,8,,2,4,2,4,63,43,25,10,,2,6,74,873,30,2000
2011-W-SL-AUS-01A-2011,Australian Open,Hard,128,G,20110117,37,201515,24,,Alisa Kleybanova,R,181,RUS,21.5,201604,,Q,Irina Falconi,R,163,USA,20.7,6-1 6-0,3,R128,,2,2,35,20,17,10,,1,2,0,3,36,23,7,2,,3,9,23,2390,184,319
2011-W-SL-AUS-01A-2011,Australian Open,Hard,128,G,20110117,38,201594,,,Simona Halep,R,168,ROU,19.3,200124,,Q,Anne Kremer,R,165,LUX,35.2,6-3 3-6 6-2,3,R128,,1,4,80,52,36,12,,1,4,0,3,79,57,35,10,,3,8,77,837,196,297
2011-W-SL-AUS-01A-2011,Australian Open,Hard,128,G,20110117,39,201549,,Q,Petra Martic,R,181,CRO,19.9,201388,,WC,Sophie Ferguson,R,177,AUS,24.8,7-6(6) 0-6 6-3,3,R128,,2,6,92,62,39,15,,5,9,6,9,108,80,56,10,,7,9,140,473,123,565
2011-W-SL-AUS-01A-2011,Australian Open,Hard,128,G,20110117,40,201474,12,,Agnieszka Radwanska,R,170,POL,21.8,200617,,,Kimiko Date Krumm,R,163,JPN,40.3,6-4 4-6 7-5,3,R128,,4,0,99,67,36,16,,7,15,1,8,117,70,36,19,,10,19,14,3000,56,1061
2011-W-SL-AUS-01A-2011,Australian Open,Hard,128,G,20110117,41,200069,13,,Nadia Petrova,R,178,RUS,28.6,201584,,,Ksenia Pervak,L,170,KAZ,19.6,6-2 6-1,3,R128,,6,1,47,27,21,15,,1,1,0,3,52,33,19,7,,2,6,15,2702,96,701
2011-W-SL-AUS-01A-2011,Australian Open,Hard,128,G,20110117,42,200008,,WC,Alicia Molik,R,182,AUS,29.9,201311,,,Roberta Vinci,R,163,ITA,27.9,1-6 6-3 8-6,3,R128,,5,4,104,59,38,19,,6,11,2,2,100,66,43,15,,7,12,134,497,37,1630
2011-W-SL-AUS-01A-2011,Australian Open,Hard,128,G,20110117,43,201615,,Q,Lesia Tsurenko,R,174,UKR,21.6,200067,,,Patty Schnyder,L,168,SUI,32.0,6-2 6-3,3,R128,,4,1,62,41,26,12,,4,6,0,0,53,34,15,7,,0,6,157,378,44,1350
2011-W-SL-AUS-01A-2011,Australian Open,Hard,128,G,20110117,44,201505,,,Kate Makarova,L,178,RUS,22.6,201421,19,,Ana Ivanovic,R,184,SRB,23.1,3-6 6-4 10-8,3,R128,,4,2,124,80,49,23,,8,13,4,5,125,75,51,20,,10,16,49,1191,20,2500
2011-W-SL-AUS-01A-2011,Australian Open,Hard,128,G,20110117,45,201287,26,,Maria Jose Martinez Sanchez,L,176,ESP,28.4,201086,,,Greta Arn,R,180,HUN,31.7,6-3 4-6 6-2,3,R128,,2,3,74,41,30,18,,3,6,2,2,105,60,36,19,,6,12,29,2010,59,1029
2011-W-SL-AUS-01A-2011,Australian Open,Hard,128,G,20110117,46,201427,,,Alize Cornet,R,173,FRA,20.9,201535,,Q,Coco Vandeweghe,R,185,USA,19.1,6-2 6-1,3,R128,,4,3,44,23,20,10,,4,4,1,6,63,33,17,13,,8,13,83,775,116,600
2011-W-SL-AUS-01A-2011,Australian Open,Hard,128,G,20110117,47,201521,,,Carla Suarez Navarro,R,162,ESP,22.3,201539,,,Christina Mchale,R,170,USA,18.6,4-6 6-3 6-4,3,R128,,1,5,94,59,35,15,,3,9,2,2,81,45,28,12,,4,12,62,1000,110,642
2011-W-SL-AUS-01A-2011,Australian Open,Hard,128,G,20110117,48,200079,3,,Kim Clijsters,R,175,BEL,27.6,201336,,,Dinara Safina,R,185,RUS,24.7,6-0 6-0,3,R128,,,,,,,,,,,,,,,,,,,,3,6675,75,867
2011-W-SL-AUS-01A-2011,Australian Open,Hard,128,G,20110117,49,201325,5,,Samantha Stosur,R,172,AUS,26.8,201616,,WC,Lauren Davis,R,157,USA,17.2,6-1 6-1,3,R128,,4,0,33,25,23,5,,0,0,1,5,41,17,9,7,,4,9,6,4982,443,79
2011-W-SL-AUS-01A-2011,Australian Open,Hard,128,G,20110117,50,201371,,,Vera Dushevina,R,180,RUS,24.2,201308,,,Maria Elena Camerin,R,164,ITA,28.8,6-3 3-6 6-1,3,R128,,5,5,80,52,38,12,,3,6,2,2,76,54,31,10,,5,10,61,1000,112,632
2011-W-SL-AUS-01A-2011,Australian Open,Hard,128,G,20110117,51,201403,,,Anna Chakvetadze,R,172,RUS,23.8,201501,,,Olga Govortsova,R,182,BLR,22.4,6-3 6-4,3,R128,,3,1,63,40,28,14,,4,5,2,5,61,36,22,12,,2,5,57,1058,73,893
2011-W-SL-AUS-01A-2011,Australian Open,Hard,128,G,20110117,52,201520,25,,Petra Kvitova,L,183,CZE,20.8,201607,,WC,Sally Peers,R,162,AUS,19.6,6-2 6-4,3,R128,,4,3,49,31,21,13,,1,2,1,8,70,43,25,11,,8,12,28,2018,151,402
2011-W-SL-AUS-01A-2011,Australian Open,Hard,128,G,20110117,53,201355,22,,Flavia Pennetta,R,172,ITA,28.8,201370,,,Anastasia Rodionova,R,167,AUS,28.6,6-2 6-1,3,R128,,5,1,46,27,21,10,,0,1,0,1,43,30,15,4,,4,9,25,2355,67,975
2011-W-SL-AUS-01A-2011,Australian Open,Hard,128,G,20110117,54,201452,,,Lourdes Dominguez Lino,R,163,ESP,29.7,201596,,,Johanna Larsson,R,174,SWE,22.4,6-2 6-1,3,R128,,,,,,,,,,,,,,,,,,,,84,772,71,899
2011-W-SL-AUS-01A-2011,Australian Open,Hard,128,G,20110117,55,201514,,,Sorana Cirstea,R,176,ROU,20.7,200002,,,Mirjana Lucic,R,181,CRO,28.8,6-4 6-2,3,R128,,,,,,,,,,,,,,,,,,,,94,710,98,694
2011-W-SL-AUS-01A-2011,Australian Open,Hard,128,G,20110117,56,201424,10,,Shahar Peer,R,170,ISR,23.7,201428,,,Mathilde Johansson,R,173,FRA,25.7,6-1 6-1,3,R128,,2,2,46,29,20,11,,2,2,1,5,40,21,12,3,,2,7,12,3225,103,669
2011-W-SL-AUS-01A-2011,Australian Open,Hard,128,G,20110117,57,201499,16,,Anastasia Pavlyuchenkova,R,177,RUS,19.5,201465,,,Kirsten Flipkens,R,165,BEL,25.0,6-4 7-6(4),3,R128,,4,5,75,44,30,17,,2,4,2,2,85,54,31,15,,10,13,18,2585,89,744
2011-W-SL-AUS-01A-2011,Australian Open,Hard,128,G,20110117,58,201470,,,Kristina Barrois,R,183,GER,29.2,201454,,,Akgul Amanmuradova,R,190,UZB,26.5,6-4 6-2,3,R128,,2,3,57,34,26,11,,2,3,2,1,50,30,15,12,,1,5,79,810,72,893
2011-W-SL-AUS-01A-2011,Australian Open,Hard,128,G,20110117,59,201331,,,Iveta Benesova,L,170,CZE,27.9,201286,,,Anabel Medina Garrigues,R,169,ESP,28.4,6-0 6-1,3,R128,,,,,,,,,,,,,,,,,,,,60,1015,81,790
2011-W-SL-AUS-01A-2011,Australian Open,Hard,128,G,20110117,60,201373,18,,Maria Kirilenko,R,173,RUS,23.9,201472,,,Romina Oprandi,R,172,SUI,24.8,6-3 5-7 8-6,3,R128,,2,4,108,78,50,16,,11,16,0,0,116,87,48,16,,3,9,19,2540,69,917
2011-W-SL-AUS-01A-2011,Australian Open,Hard,128,G,20110117,61,201425,31,,Lucie Safarova,L,177,CZE,23.9,201533,,,Shuai Zhang,R,177,CHN,21.9,7-5 4-6 6-1,3,R128,,1,8,95,60,43,19,,7,9,1,2,74,54,37,10,,1,5,35,1780,91,735
2011-W-SL-AUS-01A-2011,Australian Open,Hard,128,G,20110117,62,201344,,,Klara Koukalova,R,166,CZE,28.8,201528,,,Melanie Oudin,R,168,USA,19.3,6-1 3-6 6-1,3,R128,,,,,,,,,,,,,,,,,,,,40,1585,64,998
2011-W-SL-AUS-01A-2011,Australian Open,Hard,128,G,20110117,63,201587,,,Bojana Jovanovski,R,175,SRB,19.0,201578,,WC,Kai Chen Chang,R,167,TPE,20.0,7-5 6-1,3,R128,,1,2,66,46,31,8,,6,8,2,2,76,48,24,11,,6,12,58,1037,117,585
2011-W-SL-AUS-01A-2011,Australian Open,Hard,128,G,20110117,64,201329,2,,Vera Zvonareva,R,172,RUS,26.3,201446,,,Sybille Bammer,L,174,AUT,30.7,6-2 6-1,3,R128,,1,5,48,27,21,9,,3,4,0,1,37,19,9,5,,2,7,2,6785,70,904
2011-W-SL-AUS-01A-2011,Australian Open,Hard,128,G,20110117,65,201496,1,,Caroline Wozniacki,R,177,DEN,20.5,201447,,,Vania King,R,165,USA,21.8,6-1 6-0,3,R64,,3,1,37,27,20,7,,2,2,1,5,43,25,13,2,,3,9,1,8035,88,751
2011-W-SL-AUS-01A-2011,Australian Open,Hard,128,G,20110117,66,201495,29,,Dominika Cibulkova,R,161,SVK,21.7,201462,,,Alberta Brianti,R,165,ITA,30.7,6-1 4-6 6-2,3,R64,,1,8,93,52,34,19,,7,11,2,6,93,58,30,15,,6,13,32,1905,87,756
2011-W-SL-AUS-01A-2011,Australian Open,Hard,128,G,20110117,67,201545,,,Anastasija Sevastova,R,169,LAT,20.7,201518,21,,Yanina Wickmayer,R,182,BEL,21.2,6-4 6-2,3,R64,,5,2,78,53,35,13,,2,3,1,3,68,44,25,10,,4,8,46,1335,24,2370
2011-W-SL-AUS-01A-2011,Australian Open,Hard,128,G,20110117,68,201570,,Q,Vesna Dolonc,R,170,SRB,21.4,201294,15,,Marion Bartoli,R,170,FRA,26.2,3-6 6-3 6-0,3,R64,,,,,,,,,,,,,,,,,,,,146,437,17,2655
2011-W-SL-AUS-01A-2011,Australian Open,Hard,128,G,20110117,69,200003,11,,Justine Henin,R,167,BEL,28.6,201304,,,Elena Baltacha,R,175,GBR,27.4,6-1 6-3,3,R64,,7,3,45,25,21,12,,2,2,1,3,53,35,20,7,,5,9,13,3215,55,1090
2011-W-SL-AUS-01A-2011,Australian Open,Hard,128,G,20110117,70,201320,23,,Svetlana Kuznetsova,R,174,RUS,25.5,201551,,Q,Arantxa Rus,L,180,NED,20.0,6-1 6-4,3,R64,,2,2,46,28,17,12,,1,3,1,5,69,52,28,3,,6,12,26,2310,139,476
2011-W-SL-AUS-01A-2011,Australian Open,Hard,128,G,20110117,71,201512,,,Monica Niculescu,R,168,ROU,23.3,201450,32,,Tsvetana Pironkova,R,180,BUL,23.3,6-4 6-1,3,R64,,0,3,41,29,19,4,,1,4,2,1,64,34,14,13,,7,14,85,771,36,1722
2011-W-SL-AUS-01A-2011,Australian Open,Hard,128,G,20110117,72,201212,6,,Francesca Schiavone,R,166,ITA,30.5,201606,,,Rebecca Marino,R,183,CAN,20.0,6-3 5-7 9-7,3,R64,,3,6,106,54,42,28,,2,6,9,6,120,70,44,26,,9,14,7,4835,104,662
2011-W-SL-AUS-01A-2011,Australian Open,Hard,128,G,20110117,73,200748,4,,Venus Williams,R,185,USA,30.5,201484,,,Sandra Zahlavova,U,,CZE,25.2,6-7(6) 6-0 6-4,3,R64,,8,9,110,65,48,17,,3,6,0,5,114,55,38,24,,13,20,5,4985,97,701
2011-W-SL-AUS-01A-2011,Australian Open,Hard,128,G,20110117,74,201492,30,,Andrea Petkovic,R,180,GER,23.3,201303,,Q,Anne Keothavong,R,175,GBR,27.3,2-6 7-5 6-0,3,R64,,1,3,83,56,34,11,,4,9,0,4,91,59,33,11,,11,18,33,1890,118,577
2011-W-SL-AUS-01A-2011,Australian Open,Hard,128,G,20110117,75,201504,,,Julia Goerges,R,180,GER,22.2,201466,20,,Kaia Kanepi,R,181,EST,25.6,6-4 3-6 6-4,3,R64,,5,8,87,49,32,14,,4,10,0,6,107,70,40,16,,6,13,38,1625,21,2460
2011-W-SL-AUS-01A-2011,Australian Open,Hard,128,G,20110117,76,201345,14,,Maria Sharapova,R,188,RUS,23.7,200043,,,Virginie Razzano,R,173,FRA,27.6,7-6(3) 6-3,3,R64,,1,2,89,67,35,11,,11,16,0,7,70,44,25,8,,4,10,16,2661,100,676
2011-W-SL-AUS-01A-2011,Australian Open,Hard,128,G,20110117,77,201419,9,,Na Li,R,172,CHN,28.8,201516,,,Evgeniya Rodina,R,170,RUS,21.9,6-3 6-2,3,R64,,2,0,64,48,31,9,,1,2,0,2,52,31,18,6,,1,5,11,3950,108,649
2011-W-SL-AUS-01A-2011,Australian Open,Hard,128,G,20110117,78,201366,,,Barbora Strycova,R,164,CZE,24.8,200120,,WC,Jelena Dokic,R,175,AUS,27.7,7-6(3) 6-1,3,R64,,4,0,57,36,23,13,,2,5,1,6,65,42,24,6,,7,12,63,1000,137,485
2011-W-SL-AUS-01A-2011,Australian Open,Hard,128,G,20110117,79,201541,,,Chanelle Scheepers,R,176,RSA,26.8,201572,,,Regina Kulikova,R,183,RUS,21.9,6-4 4-6 7-5,3,R64,,2,4,113,77,42,14,,5,13,4,3,131,80,43,21,,13,22,107,649,114,608
2011-W-SL-AUS-01A-2011,Australian Open,Hard,128,G,20110117,80,201458,8,,Victoria Azarenka,R,180,BLR,21.4,201599,,,Andrea Hlavackova,R,174,CZE,24.4,6-4 6-4,3,R64,,1,2,55,38,23,5,,2,7,1,8,62,32,17,7,,8,15,9,4155,99,687
2011-W-SL-AUS-01A-2011,Australian Open,Hard,128,G,20110117,81,201397,,,Shuai Peng,R,173,CHN,25.0,201347,7,,Jelena Jankovic,R,177,SRB,25.8,7-6(3) 6-3,3,R64,,1,0,69,43,30,14,,5,8,4,3,87,61,34,12,,9,13,54,1101,8,4445
2011-W-SL-AUS-01A-2011,Australian Open,Hard,128,G,20110117,82,201503,,,Ayumi Morita,R,163,JPN,20.8,201614,,WC,Caroline Garcia,R,177,FRA,17.2,6-4 6-4,3,R64,,0,1,58,38,28,8,,6,9,7,5,67,34,18,14,,4,9,74,873,275,187
2011-W-SL-AUS-01A-2011,Australian Open,Hard,128,G,20110117,83,201594,,,Simona Halep,R,168,ROU,19.3,201515,24,,Alisa Kleybanova,R,181,RUS,21.5,6-4 7-6(2),3,R64,,3,8,74,35,24,21,,5,8,1,4,83,45,27,19,,6,10,77,837,23,2390
2011-W-SL-AUS-01A-2011,Australian Open,Hard,128,G,20110117,84,201474,12,,Agnieszka Radwanska,R,170,POL,21.8,201549,,Q,Petra Martic,R,181,CRO,19.9,6-3 6-4,3,R64,,2,0,82,61,35,11,,4,7,0,2,51,26,14,10,,5,10,14,3000,140,473
2011-W-SL-AUS-01A-2011,Australian Open,Hard,128,G,20110117,85,200069,13,,Nadia Petrova,R,178,RUS,28.6,200008,,WC,Alicia Molik,R,182,AUS,29.9,6-4 6-1,3,R64,,7,2,55,29,19,18,,3,4,1,3,49,27,15,11,,3,7,15,2702,134,497
2011-W-SL-AUS-01A-2011,Australian Open,Hard,128,G,20110117,86,201505,,,Kate Makarova,L,178,RUS,22.6,201615,,Q,Lesia Tsurenko,R,174,UKR,21.6,7-6(6) 6-1,3,R64,,1,6,86,56,37,11,,7,11,3,3,63,42,22,6,,3,9,49,1191,157,378
2011-W-SL-AUS-01A-2011,Australian Open,Hard,128,G,20110117,87,201427,,,Alize Cornet,R,173,FRA,20.9,201287,26,,Maria Jose Martinez Sanchez,L,176,ESP,28.4,7-5 6-1,3,R64,,3,4,68,40,29,13,,6,8,1,8,61,33,22,6,,9,14,83,775,29,2010
2011-W-SL-AUS-01A-2011,Australian Open,Hard,128,G,20110117,88,200079,3,,Kim Clijsters,R,175,BEL,27.6,201521,,,Carla Suarez Navarro,R,162,ESP,22.3,6-1 6-3,3,R64,,1,2,50,31,21,13,,2,3,0,2,52,29,18,5,,5,10,3,6675,62,1000
2011-W-SL-AUS-01A-2011,Australian Open,Hard,128,G,20110117,89,201325,5,,Samantha Stosur,R,172,AUS,26.8,201371,,,Vera Dushevina,R,180,RUS,24.2,6-3 6-2,3,R64,,4,3,57,40,28,11,,4,5,2,2,55,33,21,7,,3,7,6,4982,61,1000
2011-W-SL-AUS-01A-2011,Australian Open,Hard,128,G,20110117,90,201520,25,,Petra Kvitova,L,183,CZE,20.8,201403,,,Anna Chakvetadze,R,172,RUS,23.8,6-3 6-4,3,R64,,5,5,68,43,33,10,,5,6,2,6,63,45,30,5,,1,4,28,2018,57,1058
2011-W-SL-AUS-01A-2011,Australian Open,Hard,128,G,20110117,91,201355,22,,Flavia Pennetta,R,172,ITA,28.8,201452,,,Lourdes Dominguez Lino,R,163,ESP,29.7,6-2 6-2,3,R64,,,,,,,,,,,,,,,,,,,,25,2355,84,772
2011-W-SL-AUS-01A-2011,Australian Open,Hard,128,G,20110117,92,201424,10,,Shahar Peer,R,170,ISR,23.7,201514,,,Sorana Cirstea,R,176,ROU,20.7,6-3 6-2,3,R64,,1,3,70,51,37,8,,7,7,0,3,71,39,24,13,,6,9,12,3225,94,710
2011-W-SL-AUS-01A-2011,Australian Open,Hard,128,G,20110117,93,201499,16,,Anastasia Pavlyuchenkova,R,177,RUS,19.5,201470,,,Kristina Barrois,R,183,GER,29.2,6-2 6-2,3,R64,,3,2,52,24,19,19,,5,5,0,2,45,28,15,9,,1,5,18,2585,79,810
2011-W-SL-AUS-01A-2011,Australian Open,Hard,128,G,20110117,94,201331,,,Iveta Benesova,L,170,CZE,27.9,201373,18,,Maria Kirilenko,R,173,RUS,23.9,6-3 6-1,3,R64,,,,,,,,,,,,,,,,,,,,60,1015,19,2540
2011-W-SL-AUS-01A-2011,Australian Open,Hard,128,G,20110117,95,201425,31,,Lucie Safarova,L,177,CZE,23.9,201344,,,Klara Koukalova,R,166,CZE,28.8,6-3 6-7(2) 7-5,3,R64,,,,,,,,,,,,,,,,,,,,35,1780,40,1585
2011-W-SL-AUS-01A-2011,Australian Open,Hard,128,G,20110117,96,201329,2,,Vera Zvonareva,R,172,RUS,26.3,201587,,,Bojana Jovanovski,R,175,SRB,19.0,2-6 6-3 6-1,3,R64,,0,4,73,43,30,15,,3,6,1,5,89,63,38,9,,8,13,2,6785,58,1037
2011-W-SL-AUS-01A-2011,Australian Open,Hard,128,G,20110117,97,201496,1,,Caroline Wozniacki,R,177,DEN,20.5,201495,29,,Dominika Cibulkova,R,161,SVK,21.7,6-4 6-3,3,R32,,3,2,65,42,26,11,,4,7,0,2,60,36,19,8,,5,10,1,8035,32,1905
2011-W-SL-AUS-01A-2011,Australian Open,Hard,128,G,20110117,98,201545,,,Anastasija Sevastova,R,169,LAT,20.7,201570,,Q,Vesna Dolonc,R,170,SRB,21.4,6-1 6-3,3,R32,,,,,,,,,,,,,,,,,,,,46,1335,146,437
2011-W-SL-AUS-01A-2011,Australian Open,Hard,128,G,20110117,99,201320,23,,Svetlana Kuznetsova,R,174,RUS,25.5,200003,11,,Justine Henin,R,167,BEL,28.6,6-4 7-6(8),3,R32,,1,3,81,50,35,15,,4,6,1,9,79,45,31,14,,2,5,26,2310,13,3215
2011-W-SL-AUS-01A-2011,Australian Open,Hard,128,G,20110117,100,201212,6,,Francesca Schiavone,R,166,ITA,30.5,201512,,,Monica Niculescu,R,168,ROU,23.3,6-0 7-6(2),3,R32,,1,2,57,33,21,13,,0,3,0,2,64,45,20,6,,5,11,7,4835,85,771
2011-W-SL-AUS-01A-2011,Australian Open,Hard,128,G,20110117,101,201492,30,,Andrea Petkovic,R,180,GER,23.3,200748,4,,Venus Williams,R,185,USA,30.5,1-0 RET,3,R32,,,,,,,,,,,,,,,,,,,,33,1890,5,4985
2011-W-SL-AUS-01A-2011,Australian Open,Hard,128,G,20110117,102,201345,14,,Maria Sharapova,R,188,RUS,23.7,201504,,,Julia Goerges,R,180,GER,22.2,4-6 6-4 6-4,3,R32,,7,11,96,56,39,21,,2,5,1,1,90,62,38,15,,2,6,16,2661,38,1625
2011-W-SL-AUS-01A-2011,Australian Open,Hard,128,G,20110117,103,201419,9,,Na Li,R,172,CHN,28.8,201366,,,Barbora Strycova,R,164,CZE,24.8,6-2 6-1,3,R32,,,,,,,,,,,,,,,,,,,,11,3950,63,1000
2011-W-SL-AUS-01A-2011,Australian Open,Hard,128,G,20110117,104,201458,8,,Victoria Azarenka,R,180,BLR,21.4,201541,,,Chanelle Scheepers,R,176,RSA,26.8,6-3 6-3,3,R32,,1,1,55,43,29,6,,2,4,0,4,54,36,20,6,,2,7,9,4155,107,649
2011-W-SL-AUS-01A-2011,Australian Open,Hard,128,G,20110117,105,201397,,,Shuai Peng,R,173,CHN,25.0,201503,,,Ayumi Morita,R,163,JPN,20.8,6-1 3-6 6-3,3,R32,,2,,94,69,43,17,,7,9,0,,70,46,27,13,,0,4,54,1101,74,873
2011-W-SL-AUS-01A-2011,Australian Open,Hard,128,G,20110117,106,201474,12,,Agnieszka Radwanska,R,170,POL,21.8,201594,,,Simona Halep,R,168,ROU,19.3,6-1 6-2,3,R32,,1,0,39,23,20,12,,0,0,2,3,41,28,15,4,,2,6,14,3000,77,837
2011-W-SL-AUS-01A-2011,Australian Open,Hard,128,G,20110117,107,201505,,,Kate Makarova,L,178,RUS,22.6,200069,13,,Nadia Petrova,R,178,RUS,28.6,6-2 3-6 8-6,3,R32,,8,4,87,54,38,13,,4,9,5,3,105,52,30,27,,5,12,49,1191,15,2702
2011-W-SL-AUS-01A-2011,Australian Open,Hard,128,G,20110117,108,200079,3,,Kim Clijsters,R,175,BEL,27.6,201427,,,Alize Cornet,R,173,FRA,20.9,7-6(3) 6-3,3,R32,,0,6,72,46,28,15,,5,8,1,4,68,39,23,11,,3,7,3,6675,83,775
2011-W-SL-AUS-01A-2011,Australian Open,Hard,128,G,20110117,109,201520,25,,Petra Kvitova,L,183,CZE,20.8,201325,5,,Samantha Stosur,R,172,AUS,26.8,7-6(5) 6-3,3,R32,,5,1,68,44,35,14,,6,7,0,2,74,48,34,10,,9,11,28,2018,6,4982
2011-W-SL-AUS-01A-2011,Australian Open,Hard,128,G,20110117,110,201355,22,,Flavia Pennetta,R,172,ITA,28.8,201424,10,,Shahar Peer,R,170,ISR,23.7,3-6 7-6(3) 6-4,3,R32,,4,2,100,52,34,23,,6,12,3,6,105,58,37,22,,3,9,25,2355,12,3225
2011-W-SL-AUS-01A-2011,Australian Open,Hard,128,G,20110117,111,201331,,,Iveta Benesova,L,170,CZE,27.9,201499,16,,Anastasia Pavlyuchenkova,R,177,RUS,19.5,6-3 1-6 7-5,3,R32,,,,,,,,,,,,,,,,,,,,60,1015,18,2585
2011-W-SL-AUS-01A-2011,Australian Open,Hard,128,G,20110117,112,201329,2,,Vera Zvonareva,R,172,RUS,26.3,201425,31,,Lucie Safarova,L,177,CZE,23.9,6-3 7-6(9),3,R32,,4,6,74,47,34,10,,3,6,0,9,84,54,31,14,,11,15,2,6785,35,1780
2011-W-SL-AUS-01A-2011,Australian Open,Hard,128,G,20110117,113,201496,1,,Caroline Wozniacki,R,177,DEN,20.5,201545,,,Anastasija Sevastova,R,169,LAT,20.7,6-3 6-4,3,R16,,1,4,63,42,31,6,,3,6,3,3,66,43,22,9,,6,11,1,8035,46,1335
2011-W-SL-AUS-01A-2011,Australian Open,Hard,128,G,20110117,114,201212,6,,Francesca Schiavone,R,166,ITA,30.5,201320,23,,Svetlana Kuznetsova,R,174,RUS,25.5,6-4 1-6 16-14,3,R16,284,3,10,195,112,66,41,,18,27,5,3,163,113,72,21,,15,23,7,4835,26,2310
2011-W-SL-AUS-01A-2011,Australian Open,Hard,128,G,20110117,115,201492,30,,Andrea Petkovic,R,180,GER,23.3,201345,14,,Maria Sharapova,R,188,RUS,23.7,6-2 6-3,3,R16,,2,0,53,37,26,10,,0,1,1,5,45,32,18,5,,3,7,33,1890,16,2661
2011-W-SL-AUS-01A-2011,Australian Open,Hard,128,G,20110117,116,201419,9,,Na Li,R,172,CHN,28.8,201458,8,,Victoria Azarenka,R,180,BLR,21.4,6-3 6-3,3,R16,,1,2,67,46,31,10,,7,9,3,4,49,36,22,2,,1,6,11,3950,9,4155
2011-W-SL-AUS-01A-2011,Australian Open,Hard,128,G,20110117,117,201474,12,,Agnieszka Radwanska,R,170,POL,21.8,201397,,,Shuai Peng,R,173,CHN,25.0,7-5 3-6 7-5,3,R16,,0,0,104,66,39,18,,2,8,1,1,122,81,46,20,,11,18,14,3000,54,1101
2011-W-SL-AUS-01A-2011,Australian Open,Hard,128,G,20110117,118,200079,3,,Kim Clijsters,R,175,BEL,27.6,201505,,,Kate Makarova,L,178,RUS,22.6,7-6(3) 6-2,3,R16,,1,1,59,39,28,13,,1,2,1,4,78,45,29,12,,10,13,3,6675,49,1191
2011-W-SL-AUS-01A-2011,Australian Open,Hard,128,G,20110117,119,201520,25,,Petra Kvitova,L,183,CZE,20.8,201355,22,,Flavia Pennetta,R,172,ITA,28.8,3-6 6-3 6-3,3,R16,,2,3,97,57,42,21,,7,8,1,3,90,53,41,16,,9,12,28,2018,25,2355
2011-W-SL-AUS-01A-2011,Australian Open,Hard,128,G,20110117,120,201329,2,,Vera Zvonareva,R,172,RUS,26.3,201331,,,Iveta Benesova,L,170,CZE,27.9,6-4 6-1,3,R16,,,,,,,,,,,,,,,,,,,,2,6785,60,1015
2011-W-SL-AUS-01A-2011,Australian Open,Hard,128,G,20110117,121,201496,1,,Caroline Wozniacki,R,177,DEN,20.5,201212,6,,Francesca Schiavone,R,166,ITA,30.5,3-6 6-3 6-3,3,QF,,1,3,85,57,36,13,,3,7,3,7,97,54,31,18,,8,14,1,8035,7,4835
2011-W-SL-AUS-01A-2011,Australian Open,Hard,128,G,20110117,122,201419,9,,Na Li,R,172,CHN,28.8,201492,30,,Andrea Petkovic,R,180,GER,23.3,6-2 6-4,3,QF,,2,,52,34,25,10,,1,3,2,,56,41,20,6,,3,8,11,3950,33,1890
2011-W-SL-AUS-01A-2011,Australian Open,Hard,128,G,20110117,123,200079,3,,Kim Clijsters,R,175,BEL,27.6,201474,12,,Agnieszka Radwanska,R,170,POL,21.8,6-3 7-6(4),3,QF,,2,6,67,44,29,10,,4,8,1,1,84,70,35,8,,7,13,3,6675,14,3000
2011-W-SL-AUS-01A-2011,Australian Open,Hard,128,G,20110117,124,201329,2,,Vera Zvonareva,R,172,RUS,26.3,201520,25,,Petra Kvitova,L,183,CZE,20.8,6-2 6-4,3,QF,,1,4,51,30,21,10,,2,5,0,4,55,33,16,7,,3,9,2,6785,28,2018
2011-W-SL-AUS-01A-2011,Australian Open,Hard,128,G,20110117,125,201419,9,,Na Li,R,172,CHN,28.8,201496,1,,Caroline Wozniacki,R,177,DEN,20.5,3-6 7-5 6-3,3,SF,,4,5,101,65,43,13,,7,13,0,5,98,63,36,16,,3,10,11,3950,1,8035
2011-W-SL-AUS-01A-2011,Australian Open,Hard,128,G,20110117,126,200079,3,,Kim Clijsters,R,175,BEL,27.6,201329,2,,Vera Zvonareva,R,172,RUS,26.3,6-3 6-3,3,SF,,2,2,49,31,24,10,,2,3,1,1,52,34,23,5,,3,7,3,6675,2,6785
2011-W-SL-AUS-01A-2011,Australian Open,Hard,128,G,20110117,127,200079,3,,Kim Clijsters,R,175,BEL,27.6,201419,9,,Na Li,R,172,CHN,28.8,3-6 6-3 6-3,3,F,,1,3,86,56,37,12,,6,12,1,4,96,69,36,11,,10,17,3,6675,11,3950
2012-W-SL-AUS-01A-2012,Australian Open,Hard,128,G,20120116,1,201496,1,,Caroline Wozniacki,R,177,DEN,21.5,201370,,,Anastasia Rodionova,R,167,AUS,29.6,6-2 6-1,3,R128,,1,1,57,43,29,8,,3,3,2,1,53,32,19,6,,3,7,1,7485,103,655
2012-W-SL-AUS-01A-2012,Australian Open,Hard,128,G,20120116,2,201588,,,Anna Tatishvili,R,171,GEO,21.9,202458,,WC,Ashleigh Barty,R,166,AUS,15.7,6-2 7-6(4),3,R128,,0,1,70,51,32,13,,3,5,7,6,68,33,25,12,,0,4,83,744,670,34
2012-W-SL-AUS-01A-2012,Australian Open,Hard,128,G,20120116,3,201426,,,Pauline Parmentier,R,175,FRA,25.9,201485,,,Alla Kudryavtseva,R,178,RUS,24.2,6-3 5-7 6-3,3,R128,,3,2,96,47,37,21,,7,11,2,4,83,40,23,22,,4,10,70,891,108,631
2012-W-SL-AUS-01A-2012,Australian Open,Hard,128,G,20120116,4,201512,31,,Monica Niculescu,R,168,ROU,24.3,201427,,,Alize Cornet,R,173,FRA,21.9,5-7 6-0 6-3,3,R128,,,,,,,,,,,,,,,,,,,,32,1725,85,733
2012-W-SL-AUS-01A-2012,Australian Open,Hard,128,G,20120116,5,201539,,,Christina Mchale,R,170,USA,19.6,201425,24,,Lucie Safarova,L,177,CZE,24.9,6-2 6-4,3,R128,,4,0,55,33,25,15,,2,2,2,1,51,38,24,7,,3,6,42,1241,24,2120
2012-W-SL-AUS-01A-2012,Australian Open,Hard,128,G,20120116,6,201523,,,Marina Erakovic,R,174,NZL,23.8,201559,,Q,Irena Pavlovic,R,178,FRA,23.2,7-5 7-6(4),3,R128,,7,1,85,44,29,22,,4,7,2,9,83,47,35,11,,2,6,62,991,219,275
2012-W-SL-AUS-01A-2012,Australian Open,Hard,128,G,20120116,7,201578,,Q,Kai Chen Chang,R,167,TPE,21.0,201549,,,Petra Martic,R,181,CRO,20.9,6-4 6-2,3,R128,,2,3,50,30,22,9,,3,5,3,3,61,34,19,11,,2,7,149,446,55,1118
2012-W-SL-AUS-01A-2012,Australian Open,Hard,128,G,20120116,8,201347,13,,Jelena Jankovic,R,177,SRB,26.8,201573,,Q,Laura Robson,L,180,GBR,17.9,6-2 6-0,3,R128,,6,4,47,28,21,11,,3,3,3,7,59,37,19,8,,4,9,13,3115,134,501
2012-W-SL-AUS-01A-2012,Australian Open,Hard,128,G,20120116,9,200079,11,,Kim Clijsters,R,175,BEL,28.6,201646,,Q,Maria Joao Koehler,U,174,POR,19.2,7-5 6-1,3,R128,,3,7,61,36,29,14,,1,1,2,10,57,26,16,15,,4,7,14,3041,223,273
2012-W-SL-AUS-01A-2012,Australian Open,Hard,128,G,20120116,10,200773,,,Stephanie Foretz Gacon,R,166,FRA,30.7,201304,,,Elena Baltacha,R,175,GBR,28.4,6-2 6-4,3,R128,,8,3,72,38,29,17,,6,6,1,3,62,36,24,12,,7,10,107,633,54,1120
2012-W-SL-AUS-01A-2012,Australian Open,Hard,128,G,20120116,11,201615,,,Lesia Tsurenko,R,174,UKR,22.6,201551,,,Arantxa Rus,L,180,NED,21.0,7-6(4) 6-1,3,R128,,0,7,70,45,27,10,,2,7,1,4,70,40,18,10,,5,12,111,612,77,855
2012-W-SL-AUS-01A-2012,Australian Open,Hard,128,G,20120116,12,201290,20,,Daniela Hantuchova,R,181,SVK,28.7,201478,,Q,Varvara Lepchenko,L,180,USA,25.6,4-6 6-3 6-2,3,R128,,1,2,102,74,49,13,,5,8,0,3,69,44,32,8,,5,10,21,2295,128,524
2012-W-SL-AUS-01A-2012,Australian Open,Hard,128,G,20120116,13,201286,26,,Anabel Medina Garrigues,R,169,ESP,29.4,201356,,,Eva Birnerova,R,170,CZE,27.4,6-3 6-3,3,R128,,,,,,,,,,,,,,,,,,,,28,1950,100,662
2012-W-SL-AUS-01A-2012,Australian Open,Hard,128,G,20120116,14,201501,,,Olga Govortsova,R,182,BLR,23.3,201537,,,Patricia Mayr Achleitner,R,169,AUT,25.1,6-2 6-4,3,R128,,,,,,,,,,,,,,,,,,,,114,574,98,676
2012-W-SL-AUS-01A-2012,Australian Open,Hard,128,G,20120116,15,201542,,WC,Olivia Rogowska,R,175,AUS,20.6,201387,,,Sofia Arvidsson,R,176,SWE,27.9,6-3 6-1,3,R128,,3,3,68,47,33,8,,3,4,1,3,57,38,20,6,,8,13,168,383,75,865
2012-W-SL-AUS-01A-2012,Australian Open,Hard,128,G,20120116,16,201419,5,,Na Li,R,172,CHN,29.8,201584,,,Ksenia Pervak,L,170,KAZ,20.6,6-3 6-1,3,R128,,3,1,50,35,23,11,,0,1,0,8,46,22,10,11,,0,5,6,5570,40,1365
2012-W-SL-AUS-01A-2012,Australian Open,Hard,128,G,20120116,17,201458,3,,Victoria Azarenka,R,180,BLR,22.4,201586,,,Heather Watson,R,170,GBR,19.6,6-1 6-0,3,R128,,,,,,,,,,,,,,,,,,,,3,6865,105,649
2012-W-SL-AUS-01A-2012,Australian Open,Hard,128,G,20120116,18,201348,,WC,Casey Dellacqua,L,165,AUS,26.9,201587,,,Bojana Jovanovski,R,175,SRB,20.0,6-3 6-2,3,R128,,1,2,58,39,23,10,,6,9,0,4,55,31,14,7,,2,9,126,527,90,710
2012-W-SL-AUS-01A-2012,Australian Open,Hard,128,G,20120116,19,201621,,,Mona Barthel,R,185,GER,21.5,201303,,,Anne Keothavong,R,175,GBR,28.3,6-0 RET,3,R128,,2,0,16,10,7,6,,1,1,0,3,17,6,1,3,,0,3,44,1220,73,882
2012-W-SL-AUS-01A-2012,Australian Open,Hard,128,G,20120116,20,201508,32,,Petra Cetkovska,R,172,CZE,26.9,201503,,,Ayumi Morita,R,163,JPN,21.8,3-6 6-1 7-5,3,R128,,2,3,76,48,30,8,,6,13,0,5,93,68,33,9,,7,16,33,1666,52,1130
2012-W-SL-AUS-01A-2012,Australian Open,Hard,128,G,20120116,21,201690,,Q,Nina Bratchikova,R,178,RUS,26.5,201355,19,,Flavia Pennetta,R,172,ITA,29.8,6-3 1-6 6-2,3,R128,,2,4,74,39,30,14,,6,10,1,1,74,50,30,9,,4,9,136,496,20,2570
2012-W-SL-AUS-01A-2012,Australian Open,Hard,128,G,20120116,22,201462,,,Alberta Brianti,R,165,ITA,31.7,201604,,,Irina Falconi,R,163,USA,21.7,6-2 7-5,3,R128,,1,4,74,46,27,12,,8,12,3,6,79,48,27,9,,7,14,71,890,81,815
2012-W-SL-AUS-01A-2012,Australian Open,Hard,128,G,20120116,23,201331,,,Iveta Benesova,L,170,CZE,28.9,201428,,,Mathilde Johansson,R,173,FRA,26.7,6-3 2-6 6-4,3,R128,,,,,,,,,,,,,,,,,,,,46,1198,74,867
2012-W-SL-AUS-01A-2012,Australian Open,Hard,128,G,20120116,24,201397,16,,Shuai Peng,R,173,CHN,26.0,201431,,WC,Aravane Rezai,R,165,FRA,24.8,6-3 6-4,3,R128,,5,5,64,41,32,9,,4,6,4,6,64,35,25,9,,5,9,17,2760,120,547
2012-W-SL-AUS-01A-2012,Australian Open,Hard,128,G,20120116,25,201212,10,,Francesca Schiavone,R,166,ITA,31.5,201440,,,Laura Pous Tio,U,173,ESP,27.2,6-1 6-3,3,R128,,5,2,45,20,16,16,,3,4,3,4,56,26,14,12,,4,9,11,4040,72,886
2012-W-SL-AUS-01A-2012,Australian Open,Hard,128,G,20120116,26,201472,,,Romina Oprandi,R,172,SUI,25.8,201412,,,Anastasia Yakimova,R,165,BLR,25.2,6-4 6-1,3,R128,,0,3,51,34,22,9,,0,2,2,6,63,30,11,16,,4,10,80,824,63,969
2012-W-SL-AUS-01A-2012,Australian Open,Hard,128,G,20120116,27,201305,,,Eleni Daniilidou,R,182,GRE,29.3,200617,,,Kimiko Date Krumm,R,163,JPN,41.3,6-3 6-2,3,R128,,,,,,,,,,,,,,,,,,,,86,733,79,825
2012-W-SL-AUS-01A-2012,Australian Open,Hard,128,G,20120116,28,201504,22,,Julia Goerges,R,180,GER,23.2,201555,,,Polona Hercog,R,182,SLO,20.9,6-3 7-6(3),3,R128,,2,2,62,43,31,9,,2,5,0,3,63,36,22,13,,5,9,23,2225,35,1490
2012-W-SL-AUS-01A-2012,Australian Open,Hard,128,G,20120116,29,201448,,,Galina Voskoboeva,R,183,KAZ,27.0,201518,28,,Yanina Wickmayer,R,182,BEL,22.2,7-5 6-2,3,R128,,5,0,57,28,23,17,,1,2,0,4,54,35,23,7,,2,6,57,1108,26,2050
2012-W-SL-AUS-01A-2012,Australian Open,Hard,128,G,20120116,30,201450,,,Tsvetana Pironkova,R,180,BUL,24.3,201420,,,Sania Mirza,R,153,IND,25.1,6-4 6-2,3,R128,,2,1,68,38,21,17,,4,7,2,3,63,39,20,8,,9,15,47,1191,106,647
2012-W-SL-AUS-01A-2012,Australian Open,Hard,128,G,20120116,31,202440,,Q,Paula Ormaechea,R,170,ARG,19.2,201594,,,Simona Halep,R,168,ROU,20.3,6-1 3-6 7-5,3,R128,,1,2,101,62,35,23,,12,17,2,3,94,65,37,11,,6,13,189,330,50,1152
2012-W-SL-AUS-01A-2012,Australian Open,Hard,128,G,20120116,32,201474,8,,Agnieszka Radwanska,R,170,POL,22.8,201318,,,Bethanie Mattek Sands,R,168,USA,26.8,6-7(10) 6-4 6-2,3,R128,,6,1,136,90,62,18,,13,17,4,5,111,53,35,27,,6,13,8,5330,67,937
2012-W-SL-AUS-01A-2012,Australian Open,Hard,128,G,20120116,33,201329,7,,Vera Zvonareva,R,172,RUS,27.3,201567,,,Alexandra Dulgheru,R,172,ROU,22.6,7-6(4) 6-7(5) 6-3,3,R128,,2,9,123,81,54,17,,7,13,0,6,117,82,46,16,,7,14,7,5435,61,994
2012-W-SL-AUS-01A-2012,Australian Open,Hard,128,G,20120116,34,201556,,,Lucie Hradecka,R,177,CZE,26.6,201516,,,Evgeniya Rodina,R,170,RUS,22.9,6-3 6-1,3,R128,,6,2,44,22,19,11,,2,3,1,4,56,41,21,4,,7,11,51,1146,104,654
2012-W-SL-AUS-01A-2012,Australian Open,Hard,128,G,20120116,35,201505,,,Kate Makarova,L,178,RUS,23.6,200009,,,Tamarine Tanasugarn,R,165,THA,34.6,6-0 2-6 6-0,3,R128,,3,1,57,38,25,9,,2,5,0,4,75,47,23,10,,7,14,56,1114,93,692
2012-W-SL-AUS-01A-2012,Australian Open,Hard,128,G,20120116,36,201466,25,,Kaia Kanepi,R,181,EST,26.6,201596,,,Johanna Larsson,R,174,SWE,23.4,6-2 6-4,3,R128,,3,4,57,33,24,13,,4,6,2,1,54,34,16,11,,4,9,27,2049,60,1006
2012-W-SL-AUS-01A-2012,Australian Open,Hard,128,G,20120116,37,201495,17,,Dominika Cibulkova,R,161,SVK,22.6,201517,,,Magdalena Rybarikova,R,180,SVK,23.2,6-3 6-1,3,R128,,2,1,49,32,26,8,,1,1,5,1,72,53,31,5,,5,9,18,2695,69,896
2012-W-SL-AUS-01A-2012,Australian Open,Hard,128,G,20120116,38,201086,,,Greta Arn,R,180,HUN,32.7,201606,,,Rebecca Marino,R,183,CAN,21.0,6-4 6-2,3,R128,,2,3,53,33,24,12,,2,3,4,4,62,30,22,10,,10,14,92,697,65,948
2012-W-SL-AUS-01A-2012,Australian Open,Hard,128,G,20120116,39,201366,,,Barbora Strycova,R,164,CZE,25.8,201622,,,Iryna Bremond,R,,FRA,27.2,6-0 6-4,3,R128,,,,,,,,,,,,,,,,,,,,49,1165,94,692
2012-W-SL-AUS-01A-2012,Australian Open,Hard,128,G,20120116,40,200033,12,,Serena Williams,R,175,USA,30.3,201481,,,Tamira Paszek,R,165,AUT,21.1,6-3 6-2,3,R128,,12,1,51,34,25,12,,2,2,2,3,53,34,19,10,,7,10,12,3300,45,1207
2012-W-SL-AUS-01A-2012,Australian Open,Hard,128,G,20120116,41,201513,14,,Sabine Lisicki,R,178,GER,22.3,201527,,Q,Stefanie Voegele,R,170,SUI,21.8,6-2 4-6 6-4,3,R128,,3,6,103,51,33,27,,11,15,1,5,107,61,37,19,,8,14,15,2903,138,490
2012-W-SL-AUS-01A-2012,Australian Open,Hard,128,G,20120116,42,201424,,,Shahar Peer,R,170,ISR,24.7,201538,,WC,Isabella Holland,R,,AUS,20.0,6-2 6-0,3,R128,,0,2,49,39,32,1,,5,5,1,3,42,32,16,2,,2,7,34,1530,181,357
2012-W-SL-AUS-01A-2012,Australian Open,Hard,128,G,20120116,43,201585,,,Sloane Stephens,R,170,USA,18.8,201562,,,Silvia Soler Espinosa,R,169,ESP,24.1,6-4 6-2,3,R128,,7,4,58,31,24,14,,0,1,2,2,72,32,20,16,,6,10,95,685,78,834
2012-W-SL-AUS-01A-2012,Australian Open,Hard,128,G,20120116,44,201320,18,,Svetlana Kuznetsova,R,174,RUS,26.5,201541,,,Chanelle Scheepers,R,176,RSA,27.8,6-3 3-6 6-0,3,R128,,3,3,75,51,28,14,,5,9,0,9,86,49,26,14,,4,11,19,2646,37,1455
2012-W-SL-AUS-01A-2012,Australian Open,Hard,128,G,20120116,45,201493,30,,Angelique Kerber,L,173,GER,23.9,202459,,WC,Bojana Bobusic,R,170,AUS,24.2,6-1 6-3,3,R128,,6,2,49,30,24,11,,5,5,3,0,47,27,18,6,,2,6,30,1810,242,233
2012-W-SL-AUS-01A-2012,Australian Open,Hard,128,G,20120116,46,201477,,,Stephanie Dubois,R,162,CAN,25.2,201455,,,Elena Vesnina,R,176,RUS,25.4,6-4 1-6 6-4,3,R128,,3,5,92,61,34,13,,7,13,4,1,89,55,29,20,,10,16,97,678,53,1127
2012-W-SL-AUS-01A-2012,Australian Open,Hard,128,G,20120116,47,201600,,Q,Jamie Hampton,R,173,USA,22.0,201605,,,Mandy Minella,R,180,LUX,26.1,6-1 6-1,3,R128,,1,0,46,25,16,13,,2,3,1,2,46,26,10,7,,5,11,144,468,110,612
2012-W-SL-AUS-01A-2012,Australian Open,Hard,128,G,20120116,48,201345,4,,Maria Sharapova,R,188,RUS,24.7,201363,,,Gisela Dulko,R,170,ARG,26.9,6-0 6-1,3,R128,,3,5,44,24,16,13,,4,5,0,2,34,19,6,3,,3,9,4,6440,68,924
2012-W-SL-AUS-01A-2012,Australian Open,Hard,128,G,20120116,49,201514,,,Sorana Cirstea,R,176,ROU,21.7,201325,6,,Samantha Stosur,R,172,AUS,27.7,7-6(2) 6-3,3,R128,,8,2,63,41,27,12,,3,6,3,3,81,56,29,11,,7,12,59,1031,5,5585
2012-W-SL-AUS-01A-2012,Australian Open,Hard,128,G,20120116,50,201524,,,Urszula Radwanska,R,177,POL,21.1,201590,,Q,Alison Riske Amritraj,R,173,USA,21.5,6-4 1-6 6-2,3,R128,,2,4,95,65,33,15,,3,9,1,4,88,62,32,10,,7,13,99,667,137,494
2012-W-SL-AUS-01A-2012,Australian Open,Hard,128,G,20120116,51,201506,,,Sara Errani,R,164,ITA,24.7,202443,,Q,Valeria Savinykh,R,167,RUS,20.9,6-2 6-1,3,R128,,0,0,40,31,20,7,,1,2,1,1,48,35,14,6,,3,9,48,1190,124,534
2012-W-SL-AUS-01A-2012,Australian Open,Hard,128,G,20120116,52,200069,29,,Nadia Petrova,R,178,RUS,29.6,201599,,Q,Andrea Hlavackova,R,174,CZE,25.4,6-3 3-6 6-0,3,R128,,11,7,72,39,29,20,,2,3,3,7,76,45,31,12,,6,10,31,1765,116,565
2012-W-SL-AUS-01A-2012,Australian Open,Hard,128,G,20120116,53,201311,23,,Roberta Vinci,R,163,ITA,28.9,202456,,,Alexandra Cadantu Ignatik,R,170,ROU,21.7,6-0 6-1,3,R128,,2,0,37,29,24,4,,0,0,0,3,32,20,7,2,,4,9,25,2115,109,620
2012-W-SL-AUS-01A-2012,Australian Open,Hard,128,G,20120116,54,201386,,,Jie Zheng,R,164,CHN,28.5,201619,,WC,Madison Keys,R,178,USA,16.9,6-2 6-1,3,R128,,0,3,46,31,23,9,,2,2,2,2,46,31,16,5,,3,8,38,1405,272,205
2012-W-SL-AUS-01A-2012,Australian Open,Hard,128,G,20120116,55,200120,,,Jelena Dokic,R,175,AUS,28.7,201403,,,Anna Chakvetadze,R,172,RUS,24.8,6-2 6-1,3,R128,,2,3,44,22,19,14,,0,0,3,4,46,25,15,7,,5,9,64,963,196,316
2012-W-SL-AUS-01A-2012,Australian Open,Hard,128,G,20120116,56,201294,9,,Marion Bartoli,R,170,FRA,27.2,200043,,,Virginie Razzano,R,173,FRA,28.6,7-5 6-0,3,R128,,7,5,54,32,25,9,,1,3,2,4,62,37,24,4,,7,13,9,4710,84,734
2012-W-SL-AUS-01A-2012,Australian Open,Hard,128,G,20120116,57,201499,15,,Anastasia Pavlyuchenkova,R,177,RUS,20.5,201344,,,Klara Koukalova,R,166,CZE,29.8,7-6(5) 6-1,3,R128,,,,,,,,,,,,,,,,,,,,16,2795,43,1225
2012-W-SL-AUS-01A-2012,Australian Open,Hard,128,G,20120116,58,201447,,,Vania King,R,165,USA,22.8,201435,,,Kateryna Bondarenko,R,175,UKR,25.4,7-6(3) 6-3,3,R128,,1,1,72,53,33,13,,1,4,0,5,75,48,33,8,,8,12,66,940,88,724
2012-W-SL-AUS-01A-2012,Australian Open,Hard,128,G,20120116,59,201414,,,Michaella Krajicek,R,177,NED,23.0,201470,,,Kristina Barrois,R,183,GER,30.2,6-3 7-6(13),3,R128,,2,6,75,33,23,27,,1,3,7,1,70,47,27,14,,2,5,91,709,87,725
2012-W-SL-AUS-01A-2012,Australian Open,Hard,128,G,20120116,60,201421,21,,Ana Ivanovic,R,184,SRB,24.1,201452,,,Lourdes Dominguez Lino,R,163,ESP,30.7,6-0 6-3,3,R128,,,,,,,,,,,,,,,,,,,,22,2260,76,862
2012-W-SL-AUS-01A-2012,Australian Open,Hard,128,G,20120116,61,201373,27,,Maria Kirilenko,R,173,RUS,24.9,201457,,,Jarmila Gajdosova,R,174,AUS,24.7,6-4 6-2,3,R128,,,,,,,,,,,,,,,,,,,,29,1930,39,1365
2012-W-SL-AUS-01A-2012,Australian Open,Hard,128,G,20120116,62,201486,,,Aleksandra Wozniak,R,175,CAN,24.3,201533,,WC,Shuai Zhang,R,177,CHN,22.9,6-3 6-3,3,R128,,3,4,57,32,24,11,,3,5,3,8,71,50,31,3,,5,10,102,660,127,525
2012-W-SL-AUS-01A-2012,Australian Open,Hard,128,G,20120116,63,201521,,,Carla Suarez Navarro,R,162,ESP,23.3,201593,,,Irina Camelia Begu,R,181,ROU,21.3,6-1 7-5,3,R128,,,,,,,,,,,,,,,,,,,,58,1078,41,1327
2012-W-SL-AUS-01A-2012,Australian Open,Hard,128,G,20120116,64,201520,2,,Petra Kvitova,L,183,CZE,21.8,201371,,,Vera Dushevina,R,180,RUS,25.2,6-2 6-0,3,R128,,2,5,45,27,21,9,,1,2,2,3,46,23,10,7,,5,11,2,7290,82,810
2012-W-SL-AUS-01A-2012,Australian Open,Hard,128,G,20120116,65,201496,1,,Caroline Wozniacki,R,177,DEN,21.5,201588,,,Anna Tatishvili,R,171,GEO,21.9,6-1 7-6(4),3,R64,,9,1,76,46,33,16,,4,6,0,1,70,49,24,12,,5,9,1,7485,83,744
2012-W-SL-AUS-01A-2012,Australian Open,Hard,128,G,20120116,66,201512,31,,Monica Niculescu,R,168,ROU,24.3,201426,,,Pauline Parmentier,R,175,FRA,25.9,4-6 6-4 6-1,3,R64,,,,,,,,,,,,,,,,,,,,32,1725,70,891
2012-W-SL-AUS-01A-2012,Australian Open,Hard,128,G,20120116,67,201539,,,Christina Mchale,R,170,USA,19.6,201523,,,Marina Erakovic,R,174,NZL,23.8,3-6 7-6(4) 6-3,3,R64,,3,0,105,70,44,16,,9,14,1,5,114,61,36,24,,8,14,42,1241,62,991
2012-W-SL-AUS-01A-2012,Australian Open,Hard,128,G,20120116,68,201347,13,,Jelena Jankovic,R,177,SRB,26.8,201578,,Q,Kai Chen Chang,R,167,TPE,21.0,6-4 6-2,3,R64,,,,,,,,,,,,,,,,,,,,13,3115,149,446
2012-W-SL-AUS-01A-2012,Australian Open,Hard,128,G,20120116,69,200079,11,,Kim Clijsters,R,175,BEL,28.6,200773,,,Stephanie Foretz Gacon,R,166,FRA,30.7,6-0 6-1,3,R64,,,,,,,,,,,,,,,,,,,,14,3041,107,633
2012-W-SL-AUS-01A-2012,Australian Open,Hard,128,G,20120116,70,201290,20,,Daniela Hantuchova,R,181,SVK,28.7,201615,,,Lesia Tsurenko,R,174,UKR,22.6,4-6 6-4 6-3,3,R64,,1,7,109,77,42,9,,9,18,1,7,89,58,27,10,,4,14,21,2295,111,612
2012-W-SL-AUS-01A-2012,Australian Open,Hard,128,G,20120116,71,201286,26,,Anabel Medina Garrigues,R,169,ESP,29.4,201501,,,Olga Govortsova,R,182,BLR,23.3,6-1 6-0,3,R64,,1,0,39,26,18,9,,1,1,1,4,44,28,12,5,,2,8,28,1950,114,574
2012-W-SL-AUS-01A-2012,Australian Open,Hard,128,G,20120116,72,201419,5,,Na Li,R,172,CHN,29.8,201542,,WC,Olivia Rogowska,R,175,AUS,20.6,6-2 6-2,3,R64,,3,0,40,31,24,6,,0,1,1,5,60,39,20,8,,6,11,6,5570,168,383
2012-W-SL-AUS-01A-2012,Australian Open,Hard,128,G,20120116,73,201458,3,,Victoria Azarenka,R,180,BLR,22.4,201348,,WC,Casey Dellacqua,L,165,AUS,26.9,6-1 6-0,3,R64,,5,2,30,18,16,8,,0,0,0,3,51,33,15,5,,3,9,3,6865,126,527
2012-W-SL-AUS-01A-2012,Australian Open,Hard,128,G,20120116,74,201621,,,Mona Barthel,R,185,GER,21.5,201508,32,,Petra Cetkovska,R,172,CZE,26.9,7-5 6-3,3,R64,,0,3,61,34,28,13,,3,4,1,3,67,39,22,15,,5,9,44,1220,33,1666
2012-W-SL-AUS-01A-2012,Australian Open,Hard,128,G,20120116,75,201690,,Q,Nina Bratchikova,R,178,RUS,26.5,201462,,,Alberta Brianti,R,165,ITA,31.7,6-2 6-1,3,R64,,2,1,57,37,25,12,,4,4,0,3,44,27,13,6,,1,6,136,496,71,890
2012-W-SL-AUS-01A-2012,Australian Open,Hard,128,G,20120116,76,201331,,,Iveta Benesova,L,170,CZE,28.9,201397,16,,Shuai Peng,R,173,CHN,26.0,6-2 6-4,3,R64,,,,,,,,,,,,,,,,,,,,46,1198,17,2760
2012-W-SL-AUS-01A-2012,Australian Open,Hard,128,G,20120116,77,201472,,,Romina Oprandi,R,172,SUI,25.8,201212,10,,Francesca Schiavone,R,166,ITA,31.5,6-4 6-3,3,R64,,0,0,50,38,22,10,,1,3,2,9,69,37,26,9,,7,12,80,824,11,4040
2012-W-SL-AUS-01A-2012,Australian Open,Hard,128,G,20120116,78,201504,22,,Julia Goerges,R,180,GER,23.2,201305,,,Eleni Daniilidou,R,182,GRE,29.3,6-2 2-0 RET,3,R64,,1,0,35,19,12,12,,3,3,1,3,24,10,5,6,,0,3,23,2225,86,733
2012-W-SL-AUS-01A-2012,Australian Open,Hard,128,G,20120116,79,201448,,,Galina Voskoboeva,R,183,KAZ,27.0,201450,,,Tsvetana Pironkova,R,180,BUL,24.3,6-4 6-4,3,R64,,5,1,49,26,19,10,,1,4,1,3,75,47,28,10,,6,11,57,1108,47,1191
2012-W-SL-AUS-01A-2012,Australian Open,Hard,128,G,20120116,80,201474,8,,Agnieszka Radwanska,R,170,POL,22.8,202440,,Q,Paula Ormaechea,R,170,ARG,19.2,6-3 6-1,3,R64,,3,0,57,42,30,6,,2,3,1,6,53,32,20,3,,4,9,8,5330,189,330
2012-W-SL-AUS-01A-2012,Australian Open,Hard,128,G,20120116,81,201329,7,,Vera Zvonareva,R,172,RUS,27.3,201556,,,Lucie Hradecka,R,177,CZE,26.6,6-1 7-6(3),3,R64,,4,4,75,45,32,15,,7,8,2,5,58,24,15,15,,1,4,7,5435,51,1146
2012-W-SL-AUS-01A-2012,Australian Open,Hard,128,G,20120116,82,201505,,,Kate Makarova,L,178,RUS,23.6,201466,25,,Kaia Kanepi,R,181,EST,26.6,6-2 7-5,3,R64,,2,0,65,44,27,9,,6,10,2,6,66,34,20,9,,7,14,56,1114,27,2049
2012-W-SL-AUS-01A-2012,Australian Open,Hard,128,G,20120116,83,201086,,,Greta Arn,R,180,HUN,32.7,201495,17,,Dominika Cibulkova,R,161,SVK,22.6,6-2 3-6 10-8,3,R64,,8,12,122,56,41,25,,11,17,1,6,103,64,43,13,,5,13,92,697,18,2695
2012-W-SL-AUS-01A-2012,Australian Open,Hard,128,G,20120116,84,200033,12,,Serena Williams,R,175,USA,30.3,201366,,,Barbora Strycova,R,164,CZE,25.8,6-0 6-4,3,R64,,4,1,43,23,18,12,,0,1,1,1,53,35,16,8,,2,7,12,3300,49,1165
2012-W-SL-AUS-01A-2012,Australian Open,Hard,128,G,20120116,85,201513,14,,Sabine Lisicki,R,178,GER,22.3,201424,,,Shahar Peer,R,170,ISR,24.7,6-1 6-2,3,R64,,1,3,45,27,21,9,,2,3,0,0,36,24,6,8,,1,6,15,2903,34,1530
2012-W-SL-AUS-01A-2012,Australian Open,Hard,128,G,20120116,86,201320,18,,Svetlana Kuznetsova,R,174,RUS,26.5,201585,,,Sloane Stephens,R,170,USA,18.8,7-6(6) 7-5,3,R64,,0,2,90,54,32,18,,7,12,2,7,89,56,32,11,,7,13,19,2646,95,685
2012-W-SL-AUS-01A-2012,Australian Open,Hard,128,G,20120116,87,201493,30,,Angelique Kerber,L,173,GER,23.9,201477,,,Stephanie Dubois,R,162,CAN,25.2,7-5 6-1,3,R64,,0,1,60,40,26,9,,5,8,1,2,87,56,23,16,,11,18,30,1810,97,678
2012-W-SL-AUS-01A-2012,Australian Open,Hard,128,G,20120116,88,201345,4,,Maria Sharapova,R,188,RUS,24.7,201600,,Q,Jamie Hampton,R,173,USA,22.0,6-0 6-1,3,R64,,2,2,39,30,22,6,,3,3,1,3,52,26,11,9,,4,10,4,6440,144,468
2012-W-SL-AUS-01A-2012,Australian Open,Hard,128,G,20120116,89,201514,,,Sorana Cirstea,R,176,ROU,21.7,201524,,,Urszula Radwanska,R,177,POL,21.1,1-6 6-2 6-3,3,R64,,3,2,82,46,26,15,,2,8,0,4,72,50,29,4,,3,10,59,1031,99,667
2012-W-SL-AUS-01A-2012,Australian Open,Hard,128,G,20120116,90,201506,,,Sara Errani,R,164,ITA,24.7,200069,29,,Nadia Petrova,R,178,RUS,29.6,6-2 6-2,3,R64,,0,0,67,50,32,9,,8,9,1,2,55,30,17,9,,3,8,48,1190,31,1765
2012-W-SL-AUS-01A-2012,Australian Open,Hard,128,G,20120116,91,201386,,,Jie Zheng,R,164,CHN,28.5,201311,23,,Roberta Vinci,R,163,ITA,28.9,6-4 6-2,3,R64,,0,2,65,39,24,13,,0,2,1,1,55,34,16,11,,4,9,38,1405,25,2115
2012-W-SL-AUS-01A-2012,Australian Open,Hard,128,G,20120116,92,201294,9,,Marion Bartoli,R,170,FRA,27.2,200120,,,Jelena Dokic,R,175,AUS,28.7,6-3 6-2,3,R64,,2,4,51,31,23,12,,3,4,0,9,52,25,17,9,,4,8,9,4710,64,963
2012-W-SL-AUS-01A-2012,Australian Open,Hard,128,G,20120116,93,201447,,,Vania King,R,165,USA,22.8,201499,15,,Anastasia Pavlyuchenkova,R,177,RUS,20.5,5-7 6-3 6-4,3,R64,,0,3,104,75,46,9,,7,14,2,11,96,63,33,10,,8,17,66,940,16,2795
2012-W-SL-AUS-01A-2012,Australian Open,Hard,128,G,20120116,94,201421,21,,Ana Ivanovic,R,184,SRB,24.1,201414,,,Michaella Krajicek,R,177,NED,23.0,6-2 6-3,3,R64,,1,3,39,22,20,12,,0,0,4,7,51,24,18,10,,2,6,22,2260,91,709
2012-W-SL-AUS-01A-2012,Australian Open,Hard,128,G,20120116,95,201373,27,,Maria Kirilenko,R,173,RUS,24.9,201486,,,Aleksandra Wozniak,R,175,CAN,24.3,6-4 1-6 6-2,3,R64,,1,4,83,60,40,7,,3,7,3,6,89,48,33,17,,6,11,29,1930,102,660
2012-W-SL-AUS-01A-2012,Australian Open,Hard,128,G,20120116,96,201520,2,,Petra Kvitova,L,183,CZE,21.8,201521,,,Carla Suarez Navarro,R,162,ESP,23.3,6-2 2-6 6-4,3,R64,,3,3,72,50,35,9,,1,4,0,5,87,59,38,12,,4,8,2,7290,58,1078
2012-W-SL-AUS-01A-2012,Australian Open,Hard,128,G,20120116,97,201496,1,,Caroline Wozniacki,R,177,DEN,21.5,201512,31,,Monica Niculescu,R,168,ROU,24.3,6-2 6-2,3,R32,,3,1,52,37,24,9,,4,6,0,0,43,27,11,5,,1,7,1,7485,32,1725
2012-W-SL-AUS-01A-2012,Australian Open,Hard,128,G,20120116,98,201347,13,,Jelena Jankovic,R,177,SRB,26.8,201539,,,Christina Mchale,R,170,USA,19.6,6-2 6-0,3,R32,,1,0,62,38,26,12,,10,11,2,3,42,22,10,5,,4,10,13,3115,42,1241
2012-W-SL-AUS-01A-2012,Australian Open,Hard,128,G,20120116,99,200079,11,,Kim Clijsters,R,175,BEL,28.6,201290,20,,Daniela Hantuchova,R,181,SVK,28.7,6-3 6-2,3,R32,,1,3,50,28,22,11,,5,7,0,3,59,35,21,6,,6,11,14,3041,21,2295
2012-W-SL-AUS-01A-2012,Australian Open,Hard,128,G,20120116,100,201419,5,,Na Li,R,172,CHN,29.8,201286,26,,Anabel Medina Garrigues,R,169,ESP,29.4,3-0 RET,3,R32,,1,1,13,10,7,2,,0,0,0,0,14,7,2,3,,1,2,6,5570,28,1950
2012-W-SL-AUS-01A-2012,Australian Open,Hard,128,G,20120116,101,201458,3,,Victoria Azarenka,R,180,BLR,22.4,201621,,,Mona Barthel,R,185,GER,21.5,6-2 6-4,3,R32,,0,7,67,47,34,11,,3,3,2,4,52,28,19,11,,3,6,3,6865,44,1220
2012-W-SL-AUS-01A-2012,Australian Open,Hard,128,G,20120116,102,201331,,,Iveta Benesova,L,170,CZE,28.9,201690,,Q,Nina Bratchikova,R,178,RUS,26.5,6-1 6-3,3,R32,,,,,,,,,,,,,,,,,,,,46,1198,136,496
2012-W-SL-AUS-01A-2012,Australian Open,Hard,128,G,20120116,103,201504,22,,Julia Goerges,R,180,GER,23.2,201472,,,Romina Oprandi,R,172,SUI,25.8,3-6 6-3 6-1,3,R32,,8,5,89,48,34,23,,11,13,1,5,77,43,26,17,,2,6,23,2225,80,824
2012-W-SL-AUS-01A-2012,Australian Open,Hard,128,G,20120116,104,201474,8,,Agnieszka Radwanska,R,170,POL,22.8,201448,,,Galina Voskoboeva,R,183,KAZ,27.0,6-2 6-2,3,R32,,2,1,48,35,28,7,,6,6,2,0,50,30,16,10,,1,5,8,5330,57,1108
2012-W-SL-AUS-01A-2012,Australian Open,Hard,128,G,20120116,105,201505,,,Kate Makarova,L,178,RUS,23.6,201329,7,,Vera Zvonareva,R,172,RUS,27.3,7-6(7) 6-1,3,R32,,1,1,70,44,27,16,,4,7,0,3,68,36,19,14,,4,9,56,1114,7,5435
2012-W-SL-AUS-01A-2012,Australian Open,Hard,128,G,20120116,106,200033,12,,Serena Williams,R,175,USA,30.3,201086,,,Greta Arn,R,180,HUN,32.7,6-1 6-1,3,R32,,3,2,46,24,21,12,,4,4,0,4,44,27,13,5,,4,9,12,3300,92,697
2012-W-SL-AUS-01A-2012,Australian Open,Hard,128,G,20120116,107,201513,14,,Sabine Lisicki,R,178,GER,22.3,201320,18,,Svetlana Kuznetsova,R,174,RUS,26.5,2-6 6-4 6-2,3,R32,,4,7,88,56,33,13,,4,10,3,4,80,52,30,10,,3,10,15,2903,19,2646
2012-W-SL-AUS-01A-2012,Australian Open,Hard,128,G,20120116,108,201345,4,,Maria Sharapova,R,188,RUS,24.7,201493,30,,Angelique Kerber,L,173,GER,23.9,6-1 6-2,3,R32,,1,1,52,38,27,8,,5,6,0,3,74,51,22,8,,3,9,4,6440,30,1810
2012-W-SL-AUS-01A-2012,Australian Open,Hard,128,G,20120116,109,201506,,,Sara Errani,R,164,ITA,24.7,201514,,,Sorana Cirstea,R,176,ROU,21.7,6-7(6) 6-0 6-2,3,R32,,0,2,100,67,43,15,,7,11,1,7,98,48,27,17,,6,15,48,1190,59,1031
2012-W-SL-AUS-01A-2012,Australian Open,Hard,128,G,20120116,110,201386,,,Jie Zheng,R,164,CHN,28.5,201294,9,,Marion Bartoli,R,170,FRA,27.2,6-3 6-3,3,R32,,1,4,60,38,27,11,,3,4,1,3,58,38,23,9,,0,4,38,1405,9,4710
2012-W-SL-AUS-01A-2012,Australian Open,Hard,128,G,20120116,111,201421,21,,Ana Ivanovic,R,184,SRB,24.1,201447,,,Vania King,R,165,USA,22.8,6-3 6-4,3,R32,,1,5,67,41,28,10,,6,9,0,1,52,29,14,9,,4,9,22,2260,66,940
2012-W-SL-AUS-01A-2012,Australian Open,Hard,128,G,20120116,112,201520,2,,Petra Kvitova,L,183,CZE,21.8,201373,27,,Maria Kirilenko,R,173,RUS,24.9,6-0 1-0 RET,3,R32,,3,0,14,10,9,3,,0,0,1,1,32,22,10,1,,5,8,2,7290,29,1930
2012-W-SL-AUS-01A-2012,Australian Open,Hard,128,G,20120116,113,201496,1,,Caroline Wozniacki,R,177,DEN,21.5,201347,13,,Jelena Jankovic,R,177,SRB,26.8,6-0 7-5,3,R16,,0,1,61,44,29,9,,4,6,1,7,70,37,20,12,,6,12,1,7485,13,3115
2012-W-SL-AUS-01A-2012,Australian Open,Hard,128,G,20120116,114,200079,11,,Kim Clijsters,R,175,BEL,28.6,201419,5,,Na Li,R,172,CHN,29.8,4-6 7-6(6) 6-4,3,R16,,4,6,107,70,49,12,,6,11,4,6,100,60,40,17,,2,7,14,3041,6,5570
2012-W-SL-AUS-01A-2012,Australian Open,Hard,128,G,20120116,115,201458,3,,Victoria Azarenka,R,180,BLR,22.4,201331,,,Iveta Benesova,L,170,CZE,28.9,6-2 6-2,3,R16,,,,,,,,,,,,,,,,,,,,3,6865,46,1198
2012-W-SL-AUS-01A-2012,Australian Open,Hard,128,G,20120116,116,201474,8,,Agnieszka Radwanska,R,170,POL,22.8,201504,22,,Julia Goerges,R,180,GER,23.2,6-1 6-1,3,R16,,,,,,,,,,,,,,,,,,,,8,5330,23,2225
2012-W-SL-AUS-01A-2012,Australian Open,Hard,128,G,20120116,117,201505,,,Kate Makarova,L,178,RUS,23.6,200033,12,,Serena Williams,R,175,USA,30.3,6-2 6-3,3,R16,,1,0,59,39,23,14,,1,2,9,7,60,31,22,9,,10,15,56,1114,12,3300
2012-W-SL-AUS-01A-2012,Australian Open,Hard,128,G,20120116,118,201345,4,,Maria Sharapova,R,188,RUS,24.7,201513,14,,Sabine Lisicki,R,178,GER,22.3,3-6 6-2 6-3,3,R16,,1,8,93,65,43,11,,7,10,3,4,92,57,33,16,,7,12,4,6440,15,2903
2012-W-SL-AUS-01A-2012,Australian Open,Hard,128,G,20120116,119,201506,,,Sara Errani,R,164,ITA,24.7,201386,,,Jie Zheng,R,164,CHN,28.5,6-2 6-1,3,R16,,,,,,,,,,,,,,,,,,,,48,1190,38,1405
2012-W-SL-AUS-01A-2012,Australian Open,Hard,128,G,20120116,120,201520,2,,Petra Kvitova,L,183,CZE,21.8,201421,21,,Ana Ivanovic,R,184,SRB,24.1,6-2 7-6(2),3,R16,,7,2,68,40,26,18,,3,4,4,7,66,35,24,13,,3,6,2,7290,22,2260
2012-W-SL-AUS-01A-2012,Australian Open,Hard,128,G,20120116,121,200079,11,,Kim Clijsters,R,175,BEL,28.6,201496,1,,Caroline Wozniacki,R,177,DEN,21.5,6-3 7-6(4),3,QF,,4,1,62,42,30,7,,1,5,3,1,86,49,26,16,,7,13,14,3041,1,7485
2012-W-SL-AUS-01A-2012,Australian Open,Hard,128,G,20120116,122,201458,3,,Victoria Azarenka,R,180,BLR,22.4,201474,8,,Agnieszka Radwanska,R,170,POL,22.8,6-7(0) 6-0 6-2,3,QF,,2,6,84,57,32,13,,6,11,1,5,77,53,25,7,,7,17,3,6865,8,5330
2012-W-SL-AUS-01A-2012,Australian Open,Hard,128,G,20120116,123,201345,4,,Maria Sharapova,R,188,RUS,24.7,201505,,,Kate Makarova,L,178,RUS,23.6,6-2 6-3,3,QF,,3,4,64,49,35,6,,1,2,1,3,58,36,20,8,,7,11,4,6440,56,1114
2012-W-SL-AUS-01A-2012,Australian Open,Hard,128,G,20120116,124,201520,2,,Petra Kvitova,L,183,CZE,21.8,201506,,,Sara Errani,R,164,ITA,24.7,6-4 6-4,3,QF,,1,2,75,49,31,11,,7,11,1,1,87,65,35,7,,8,14,2,7290,48,1190
2012-W-SL-AUS-01A-2012,Australian Open,Hard,128,G,20120116,125,201458,3,,Victoria Azarenka,R,180,BLR,22.4,200079,11,,Kim Clijsters,R,175,BEL,28.6,6-4 1-6 6-3,3,SF,,1,7,97,56,38,17,,8,12,1,5,84,53,37,12,,7,11,3,6865,14,3041
2012-W-SL-AUS-01A-2012,Australian Open,Hard,128,G,20120116,126,201345,4,,Maria Sharapova,R,188,RUS,24.7,201520,2,,Petra Kvitova,L,183,CZE,21.8,6-2 3-6 6-4,3,SF,,0,10,97,64,41,16,,11,14,4,4,73,43,26,18,,0,5,4,6440,2,7290
2012-W-SL-AUS-01A-2012,Australian Open,Hard,128,G,20120116,127,201458,3,,Victoria Azarenka,R,180,BLR,22.4,201345,4,,Maria Sharapova,R,188,RUS,24.7,6-3 6-0,3,F,,0,4,52,37,25,8,,3,4,1,3,47,30,16,3,,2,7,3,6865,4,6440
2013-W-SL-AUS-01A-2013,Australian Open,Hard,128,G,20130114,1,201458,1,,Victoria Azarenka,R,180,BLR,23.4,201512,,,Monica Niculescu,R,168,ROU,25.3,6-1 6-4,3,R128,,0,2,61,41,26,11,,4,6,3,2,47,23,15,4,,3,8,1,10325,49,1175
2013-W-SL-AUS-01A-2013,Australian Open,Hard,128,G,20130114,2,201305,,,Eleni Daniilidou,R,182,GRE,30.3,201662,,,Karolina Pliskova,R,184,CZE,20.8,7-5 5-7 6-4,3,R128,,3,10,99,67,48,9,,3,9,7,7,140,67,40,34,,14,21,94,701,119,582
2013-W-SL-AUS-01A-2013,Australian Open,Hard,128,G,20130114,3,202503,,Q,Luksika Kumkhum,R,167,THA,19.4,201387,,,Sofia Arvidsson,R,176,SWE,28.9,7-6(5) 6-4,3,R128,,2,7,73,39,24,20,,4,7,5,1,77,53,30,13,,6,10,201,300,39,1380
2013-W-SL-AUS-01A-2013,Australian Open,Hard,128,G,20130114,4,201600,,,Jamie Hampton,R,173,USA,23.0,201524,31,,Urszula Radwanska,R,177,POL,22.1,6-2 6-4,3,R128,,1,,51,31,27,9,,1,2,2,,69,48,26,11,,8,12,63,998,31,1490
2013-W-SL-AUS-01A-2013,Australian Open,Hard,128,G,20130114,5,201478,21,,Varvara Lepchenko,L,180,USA,26.6,201555,,,Polona Hercog,R,182,SLO,21.9,6-4 6-1,3,R128,,,,,,,,,,,,,,,,,,,,20,1835,79,805
2013-W-SL-AUS-01A-2013,Australian Open,Hard,128,G,20130114,6,201455,,,Elena Vesnina,R,176,RUS,26.4,201614,,WC,Caroline Garcia,R,177,FRA,19.2,3-6 6-3 6-1,3,R128,,2,4,90,59,39,15,,8,10,8,7,86,48,28,17,,4,9,47,1181,163,416
2013-W-SL-AUS-01A-2013,Australian Open,Hard,128,G,20130114,7,201454,,Q,Akgul Amanmuradova,R,190,UZB,28.5,201428,,,Mathilde Johansson,R,173,FRA,27.7,6-4 6-2,3,R128,,9,2,66,52,36,6,,7,8,0,4,54,35,18,9,,1,5,199,302,88,733
2013-W-SL-AUS-01A-2013,Australian Open,Hard,128,G,20130114,8,201311,16,,Roberta Vinci,R,163,ITA,29.9,201562,,,Silvia Soler Espinosa,R,169,ESP,25.1,6-3 7-5,3,R128,,5,2,65,45,33,11,,2,4,1,4,78,47,27,14,,8,12,16,2525,83,790
2013-W-SL-AUS-01A-2013,Australian Open,Hard,128,G,20130114,9,201496,10,,Caroline Wozniacki,R,177,DEN,22.5,201513,,,Sabine Lisicki,R,178,GER,23.3,2-6 6-3 6-3,3,R128,,3,2,83,56,33,13,,8,13,5,3,78,48,30,9,,6,12,10,3765,36,1414
2013-W-SL-AUS-01A-2013,Australian Open,Hard,128,G,20130114,10,202499,,,Donna Vekic,R,179,CRO,16.5,201599,,,Andrea Hlavackova,R,174,CZE,26.4,6-1 6-2,3,R128,,5,1,44,25,20,11,,1,2,4,6,63,33,20,9,,3,8,111,620,66,957
2013-W-SL-AUS-01A-2013,Australian Open,Hard,128,G,20130114,11,201611,,Q,Daria Saville,R,166,AUS,18.8,201616,,,Lauren Davis,R,157,USA,19.2,6-3 6-7(2) 6-4,3,R128,,3,7,139,81,53,27,,15,18,2,4,98,40,26,31,,2,7,223,265,81,794
2013-W-SL-AUS-01A-2013,Australian Open,Hard,128,G,20130114,12,201615,,Q,Lesia Tsurenko,R,174,UKR,23.6,201499,24,,Anastasia Pavlyuchenkova,R,177,RUS,21.5,7-5 3-6 7-5,3,R128,,0,6,89,55,39,10,,5,12,2,5,99,60,37,16,,3,11,85,769,23,1690
2013-W-SL-AUS-01A-2013,Australian Open,Hard,128,G,20130114,13,201444,26,,Su Wei Hsieh,R,169,TPE,27.0,202418,,,Lara Arruabarrena,R,166,ESP,20.8,7-6(5) 6-2,3,R128,,,,,,,,,,,,,,,,,,,,27,1636,77,819
2013-W-SL-AUS-01A-2013,Australian Open,Hard,128,G,20130114,14,201320,,,Svetlana Kuznetsova,R,174,RUS,27.5,201452,,,Lourdes Dominguez Lino,R,163,ESP,31.7,6-2 6-1,3,R128,,,,,,,,,,,,,,,,,,,,75,833,46,1181
2013-W-SL-AUS-01A-2013,Australian Open,Hard,128,G,20130114,15,201709,,,Yulia Putintseva,R,163,KAZ,18.0,201539,,,Christina Mchale,R,170,USA,20.6,6-1 6-7(0) 6-2,3,R128,,5,1,78,49,37,17,,0,1,2,1,83,47,30,17,,2,7,122,578,35,1422
2013-W-SL-AUS-01A-2013,Australian Open,Hard,128,G,20130114,16,201521,,,Carla Suarez Navarro,R,162,ESP,24.3,201506,7,,Sara Errani,R,164,ITA,25.7,6-4 6-4,3,R128,,,,,,,,,,,,,,,,,,,,33,1450,7,5100
2013-W-SL-AUS-01A-2013,Australian Open,Hard,128,G,20130114,17,200033,3,,Serena Williams,R,175,USA,31.3,201365,,,Edina Gallovits Hall,R,165,ROU,28.0,6-0 6-0,3,R128,,5,2,32,17,16,9,,0,0,0,8,38,20,7,4,,3,9,3,9750,110,623
2013-W-SL-AUS-01A-2013,Australian Open,Hard,128,G,20130114,18,202469,,,Garbine Muguruza,R,182,ESP,19.2,201517,,,Magdalena Rybarikova,R,180,SVK,24.2,4-6 6-1 14-12,3,R128,,4,8,141,99,66,21,,6,11,4,8,157,86,57,31,,10,17,112,619,64,997
2013-W-SL-AUS-01A-2013,Australian Open,Hard,128,G,20130114,19,201503,,,Ayumi Morita,R,163,JPN,22.8,201588,,,Anna Tatishvili,R,171,GEO,22.9,6-3 6-3,3,R128,,2,0,50,37,25,9,,0,1,0,3,51,37,19,9,,4,8,72,853,54,1140
2013-W-SL-AUS-01A-2013,Australian Open,Hard,128,G,20130114,20,202470,,,Annika Beck,R,170,GER,18.9,201468,28,,Yaroslava Shvedova,R,180,KAZ,25.3,6-2 6-7(7) 6-3,3,R128,,2,5,111,81,44,10,,5,12,0,6,107,73,35,10,,8,19,71,868,28,1583
2013-W-SL-AUS-01A-2013,Australian Open,Hard,128,G,20130114,21,201518,20,,Yanina Wickmayer,R,182,BEL,23.2,201457,,WC,Jarmila Gajdosova,R,174,AUS,25.7,6-1 7-5,3,R128,,,,,,,,,,,,,,,,,,,,24,1680,166,400
2013-W-SL-AUS-01A-2013,Australian Open,Hard,128,G,20130114,22,202450,,,Jana Cepelova,R,168,SVK,19.6,201086,,Q,Greta Arn,R,180,HUN,33.7,6-2 6-2,3,R128,,0,0,47,35,29,5,,1,1,3,3,52,22,15,10,,1,5,115,602,114,605
2013-W-SL-AUS-01A-2013,Australian Open,Hard,128,G,20130114,23,201397,,,Shuai Peng,R,173,CHN,27.0,201606,,,Rebecca Marino,R,183,CAN,22.0,6-3 6-0,3,R128,,3,3,53,34,28,10,,1,1,2,4,40,21,12,5,,1,5,32,1450,426,84
2013-W-SL-AUS-01A-2013,Australian Open,Hard,128,G,20130114,24,201373,14,,Maria Kirilenko,R,173,RUS,25.9,201447,,,Vania King,R,165,USA,23.8,6-4 6-2,3,R128,,1,2,50,32,22,11,,1,3,1,2,53,33,16,9,,6,11,15,2570,76,820
2013-W-SL-AUS-01A-2013,Australian Open,Hard,128,G,20130114,25,200617,,,Kimiko Date Krumm,R,163,JPN,42.2,200069,12,,Nadia Petrova,R,178,RUS,30.6,6-2 6-0,3,R128,,1,2,51,38,26,6,,4,5,3,3,48,29,12,6,,5,11,100,675,12,3040
2013-W-SL-AUS-01A-2013,Australian Open,Hard,128,G,20130114,26,201424,,,Shahar Peer,R,170,ISR,25.7,201668,,,Alexandra Panova,R,179,RUS,23.8,6-4 1-6 6-3,3,R128,,0,6,83,50,29,11,,8,14,2,3,92,65,37,12,,12,18,90,722,93,711
2013-W-SL-AUS-01A-2013,Australian Open,Hard,128,G,20130114,27,201587,,,Bojana Jovanovski,R,175,SRB,21.0,201640,,,Maria Teresa Torro Flor,R,173,ESP,20.7,2-6 6-4 6-3,3,R128,,,,,,,,,,,,,,,,,,,,56,1095,96,694
2013-W-SL-AUS-01A-2013,Australian Open,Hard,128,G,20130114,28,201425,17,,Lucie Safarova,L,177,CZE,25.9,200002,,,Mirjana Lucic,R,181,CRO,30.8,7-6(4) 6-4,3,R128,,,,,,,,,,,,,,,,,,,,17,2065,108,638
2013-W-SL-AUS-01A-2013,Australian Open,Hard,128,G,20130114,29,201585,29,,Sloane Stephens,R,170,USA,19.8,201594,,,Simona Halep,R,168,ROU,21.3,6-1 6-1,3,R128,,3,4,42,25,21,8,,0,1,0,1,38,23,9,2,,3,9,25,1666,45,1210
2013-W-SL-AUS-01A-2013,Australian Open,Hard,128,G,20130114,30,201540,,,Kristina Mladenovic,R,184,FRA,19.6,201693,,,Timea Babos,R,179,HUN,19.6,6-3 4-6 11-9,3,R128,,6,6,129,70,49,33,,7,11,15,4,130,81,55,21,,8,14,98,683,73,853
2013-W-SL-AUS-01A-2013,Australian Open,Hard,128,G,20130114,31,201573,,,Laura Robson,L,180,GBR,18.9,201528,,,Melanie Oudin,R,168,USA,21.3,6-2 6-3,3,R128,,11,4,52,31,23,11,,1,2,3,3,66,44,27,6,,5,10,53,1153,84,772
2013-W-SL-AUS-01A-2013,Australian Open,Hard,128,G,20130114,32,201520,8,,Petra Kvitova,L,183,CZE,22.8,201212,,,Francesca Schiavone,R,166,ITA,32.5,6-4 2-6 6-2,3,R128,,3,9,78,52,34,11,,6,10,3,7,90,41,27,22,,10,15,8,5085,48,1178
2013-W-SL-AUS-01A-2013,Australian Open,Hard,128,G,20130114,33,201419,6,,Na Li,R,172,CHN,30.8,201402,,,Sesil Karatantcheva,R,171,KAZ,23.4,6-1 6-3,3,R128,,1,1,57,35,26,13,,4,4,1,6,61,31,21,9,,4,8,6,5135,113,610
2013-W-SL-AUS-01A-2013,Australian Open,Hard,128,G,20130114,34,201501,,,Olga Govortsova,R,182,BLR,24.3,201426,,,Pauline Parmentier,R,175,FRA,26.9,2-6 6-3 6-2,3,R128,,0,3,71,48,30,13,,0,3,3,5,76,54,33,8,,1,6,58,1074,67,950
2013-W-SL-AUS-01A-2013,Australian Open,Hard,128,G,20130114,35,201697,,,Kristyna Pliskova,L,184,CZE,20.8,201678,,WC,Sacha Jones,R,,AUS,22.1,6-3 6-2,3,R128,,3,0,50,32,25,14,,2,2,3,6,72,45,26,12,,7,10,106,654,183,340
2013-W-SL-AUS-01A-2013,Australian Open,Hard,128,G,20130114,36,201514,27,,Sorana Cirstea,R,176,ROU,22.7,201535,,,Coco Vandeweghe,R,185,USA,21.1,6-4 6-2,3,R128,,0,1,55,25,17,21,,4,5,1,2,49,27,13,13,,2,6,29,1565,99,681
2013-W-SL-AUS-01A-2013,Australian Open,Hard,128,G,20130114,37,201504,18,,Julia Goerges,R,180,GER,24.1,201371,,Q,Vera Dushevina,R,180,RUS,26.2,7-5 2-6 6-4,3,R128,,7,7,105,55,40,21,,8,12,4,4,78,46,33,14,,3,7,18,1965,147,461
2013-W-SL-AUS-01A-2013,Australian Open,Hard,128,G,20130114,38,201472,,,Romina Oprandi,R,172,SUI,26.7,201450,,,Tsvetana Pironkova,R,180,BUL,25.3,4-6 7-5 6-2,3,R128,,2,5,98,60,35,18,,3,9,5,3,102,64,32,17,,7,15,61,1021,37,1380
2013-W-SL-AUS-01A-2013,Australian Open,Hard,128,G,20130114,39,201386,,,Jie Zheng,R,164,CHN,29.5,202508,,WC,Yuxuan Zhang,R,179,CHN,18.4,6-1 3-6 6-4,3,R128,,1,5,81,54,28,11,,6,12,0,5,68,49,28,4,,4,12,40,1365,356,118
2013-W-SL-AUS-01A-2013,Australian Open,Hard,128,G,20130114,40,201325,9,,Samantha Stosur,R,172,AUS,28.7,201578,,,Kai Chen Chang,R,167,TPE,22.0,7-6(3) 6-3,3,R128,,2,4,67,36,25,13,,3,7,1,8,82,51,29,10,,5,11,9,4135,86,766
2013-W-SL-AUS-01A-2013,Australian Open,Hard,128,G,20130114,41,201421,13,,Ana Ivanovic,R,184,SRB,25.1,201349,,,Melinda Czink,L,178,HUN,30.2,6-2 6-1,3,R128,,3,2,49,33,27,5,,0,1,4,3,52,35,20,2,,7,12,13,2841,97,687
2013-W-SL-AUS-01A-2013,Australian Open,Hard,128,G,20130114,42,201442,,Q,Yung Jan Chan,R,170,TPE,23.4,201290,,,Daniela Hantuchova,R,181,SVK,29.7,6-1 1-6 6-1,3,R128,,0,5,89,59,37,17,,8,10,1,1,63,41,26,9,,3,7,118,582,44,1220
2013-W-SL-AUS-01A-2013,Australian Open,Hard,128,G,20130114,43,201646,,Q,Maria Joao Koehler,U,174,POR,20.2,201498,,Q,Karin Knapp,R,180,ITA,25.5,3-6 6-3 6-3,3,R128,,0,13,87,48,31,13,,6,12,2,6,104,57,36,14,,10,18,129,546,124,573
2013-W-SL-AUS-01A-2013,Australian Open,Hard,128,G,20130114,44,201347,22,,Jelena Jankovic,R,177,SRB,27.8,201596,,,Johanna Larsson,R,174,SWE,24.4,6-2 6-2,3,R128,,,,,,,,,,,,,,,,,,,,21,1751,69,900
2013-W-SL-AUS-01A-2013,Australian Open,Hard,128,G,20130114,45,201584,,,Ksenia Pervak,L,170,KAZ,21.6,201621,32,,Mona Barthel,R,185,GER,22.5,7-5 2-6 6-4,3,R128,,0,6,97,68,43,11,,8,13,1,6,100,55,35,22,,7,12,82,791,38,1380
2013-W-SL-AUS-01A-2013,Australian Open,Hard,128,G,20130114,46,201586,,,Heather Watson,R,170,GBR,20.6,202456,,,Alexandra Cadantu Ignatik,R,170,ROU,22.7,2-6 6-3 6-2,3,R128,,4,4,87,50,32,18,,8,13,1,4,81,51,29,12,,9,15,50,1171,91,718
2013-W-SL-AUS-01A-2013,Australian Open,Hard,128,G,20130114,47,201593,,,Irina Camelia Begu,R,181,ROU,22.3,201551,,,Arantxa Rus,L,180,NED,22.0,6-4 6-2,3,R128,,3,7,74,49,33,6,,11,14,0,14,56,30,15,9,,0,6,55,1130,70,871
2013-W-SL-AUS-01A-2013,Australian Open,Hard,128,G,20130114,48,201474,4,,Agnieszka Radwanska,R,170,POL,23.8,202459,,WC,Bojana Bobusic,R,170,AUS,25.2,7-5 6-0,3,R128,,3,0,43,30,19,10,,0,3,2,1,64,51,23,3,,9,16,4,7750,307,152
2013-W-SL-AUS-01A-2013,Australian Open,Hard,128,G,20130114,49,201493,5,,Angelique Kerber,L,173,GER,24.9,202494,,,Elina Svitolina,R,174,UKR,18.3,6-2 6-4,3,R128,,2,1,67,49,31,8,,4,6,1,3,59,31,15,14,,2,7,5,5575,127,558
2013-W-SL-AUS-01A-2013,Australian Open,Hard,128,G,20130114,50,201556,,,Lucie Hradecka,R,177,CZE,27.6,202428,,,Kiki Bertens,R,182,NED,21.0,6-2 7-6(8),3,R128,,2,5,94,52,35,21,,11,13,6,4,69,44,32,8,,3,7,51,1162,60,1025
2013-W-SL-AUS-01A-2013,Australian Open,Hard,128,G,20130114,51,201619,,WC,Madison Keys,R,178,USA,17.9,201348,,,Casey Dellacqua,L,165,AUS,27.9,6-4 7-6(0),3,R128,,7,2,75,38,29,16,,5,8,2,0,73,52,29,11,,4,8,105,656,102,662
2013-W-SL-AUS-01A-2013,Australian Open,Hard,128,G,20130114,52,201481,30,,Tamira Paszek,R,165,AUT,22.1,201527,,,Stefanie Voegele,R,170,SUI,22.8,4-6 6-4 7-5,3,R128,,4,5,109,73,43,15,,13,20,3,3,122,63,37,24,,12,20,30,1523,89,732
2013-W-SL-AUS-01A-2013,Australian Open,Hard,128,G,20130114,53,201505,19,,Kate Makarova,L,178,RUS,24.6,201547,,Q,Michelle Larcher De Brito,R,165,POR,19.9,6-2 7-5,3,R128,,1,1,67,36,18,15,,5,10,0,5,57,38,17,4,,3,11,19,1881,131,537
2013-W-SL-AUS-01A-2013,Australian Open,Hard,128,G,20130114,54,200773,,,Stephanie Foretz Gacon,R,166,FRA,31.7,202429,,,Camila Giorgi,R,168,ITA,21.0,6-2 6-3,3,R128,,3,4,51,26,13,16,,1,3,2,16,62,32,21,8,,7,13,101,673,74,842
2013-W-SL-AUS-01A-2013,Australian Open,Hard,128,G,20130114,55,201570,,Q,Vesna Dolonc,R,170,SRB,23.4,201542,,WC,Olivia Rogowska,R,175,AUS,21.6,5-7 7-5 8-6,3,R128,,,,,,,,,,,,,,,,,,,,120,582,117,590
2013-W-SL-AUS-01A-2013,Australian Open,Hard,128,G,20130114,56,201294,11,,Marion Bartoli,R,170,FRA,28.2,201286,,,Anabel Medina Garrigues,R,169,ESP,30.4,6-2 6-4,3,R128,,6,11,77,46,34,12,,8,10,1,1,51,32,18,5,,3,8,11,3740,52,1160
2013-W-SL-AUS-01A-2013,Australian Open,Hard,128,G,20130114,57,201495,15,,Dominika Cibulkova,R,161,SVK,23.6,202458,,WC,Ashleigh Barty,R,166,AUS,16.7,3-6 6-0 6-1,3,R128,,1,3,77,55,38,11,,6,8,2,6,83,40,25,15,,9,15,14,2695,174,369
2013-W-SL-AUS-01A-2013,Australian Open,Hard,128,G,20130114,58,202443,,Q,Valeria Savinykh,R,167,RUS,21.9,201605,,,Mandy Minella,R,180,LUX,27.1,7-6(4) 6-1,3,R128,,2,2,52,32,24,11,,1,3,3,0,71,44,22,14,,3,8,159,419,78,815
2013-W-SL-AUS-01A-2013,Australian Open,Hard,128,G,20130114,59,201465,,,Kirsten Flipkens,R,165,BEL,27.0,201690,,,Nina Bratchikova,R,178,RUS,27.5,6-4 6-3,3,R128,,5,2,49,26,22,14,,0,1,1,1,64,42,27,10,,7,11,43,1268,87,748
2013-W-SL-AUS-01A-2013,Australian Open,Hard,128,G,20130114,60,201344,23,,Klara Koukalova,R,166,CZE,30.8,201541,,,Chanelle Scheepers,R,176,RSA,28.8,6-1 6-2,3,R128,,,,,,,,,,,,,,,,,,,,22,1705,65,995
2013-W-SL-AUS-01A-2013,Australian Open,Hard,128,G,20130114,61,200748,25,,Venus Williams,R,185,USA,32.5,201448,,,Galina Voskoboeva,R,183,KAZ,28.0,6-1 6-0,3,R128,,2,2,43,30,23,6,,4,4,1,4,50,29,15,5,,5,11,26,1650,80,796
2013-W-SL-AUS-01A-2013,Australian Open,Hard,128,G,20130114,62,201427,,,Alize Cornet,R,173,FRA,22.9,201523,,,Marina Erakovic,R,174,NZL,24.8,7-5 6-7(3) 10-8,3,R128,,1,8,122,76,44,25,,3,11,1,17,140,84,58,16,,12,22,41,1325,68,940
2013-W-SL-AUS-01A-2013,Australian Open,Hard,128,G,20130114,63,201595,,,Misaki Doi,L,159,JPN,21.7,201549,,,Petra Martic,R,181,CRO,21.9,6-3 6-4,3,R128,,2,3,47,30,22,7,,2,5,2,6,71,37,23,10,,2,8,92,711,62,1016
2013-W-SL-AUS-01A-2013,Australian Open,Hard,128,G,20130114,64,201345,2,,Maria Sharapova,R,188,RUS,25.7,201479,,,Olga Puchkova,R,180,RUS,25.3,6-0 6-0,3,R128,,6,3,41,28,22,6,,2,2,0,2,36,22,6,4,,3,9,2,10045,107,646
2013-W-SL-AUS-01A-2013,Australian Open,Hard,128,G,20130114,65,201458,1,,Victoria Azarenka,R,180,BLR,23.4,201305,,,Eleni Daniilidou,R,182,GRE,30.3,6-1 6-0,3,R64,,2,2,39,30,25,4,,3,3,0,5,37,20,11,3,,3,8,1,10325,94,701
2013-W-SL-AUS-01A-2013,Australian Open,Hard,128,G,20130114,66,201600,,,Jamie Hampton,R,173,USA,23.0,202503,,Q,Luksika Kumkhum,R,167,THA,19.4,6-1 6-2,3,R64,,1,2,51,32,25,7,,4,6,1,6,44,24,9,8,,2,8,63,998,201,300
2013-W-SL-AUS-01A-2013,Australian Open,Hard,128,G,20130114,67,201455,,,Elena Vesnina,R,176,RUS,26.4,201478,21,,Varvara Lepchenko,L,180,USA,26.6,6-4 6-2,3,R64,,1,1,74,50,35,11,,7,8,2,6,63,36,24,8,,4,8,47,1181,20,1835
2013-W-SL-AUS-01A-2013,Australian Open,Hard,128,G,20130114,68,201311,16,,Roberta Vinci,R,163,ITA,29.9,201454,,Q,Akgul Amanmuradova,R,190,UZB,28.5,6-3 6-2,3,R64,,7,0,48,26,23,14,,0,0,2,1,57,34,18,12,,2,5,16,2525,199,302
2013-W-SL-AUS-01A-2013,Australian Open,Hard,128,G,20130114,69,201496,10,,Caroline Wozniacki,R,177,DEN,22.5,202499,,,Donna Vekic,R,179,CRO,16.5,6-1 6-4,3,R64,,3,2,61,37,26,12,,7,9,2,4,39,18,10,8,,2,7,10,3765,111,620
2013-W-SL-AUS-01A-2013,Australian Open,Hard,128,G,20130114,70,201615,,Q,Lesia Tsurenko,R,174,UKR,23.6,201611,,Q,Daria Saville,R,166,AUS,18.8,7-5 6-3,3,R64,,0,6,64,42,25,9,,3,7,2,10,100,55,31,16,,14,21,85,769,223,265
2013-W-SL-AUS-01A-2013,Australian Open,Hard,128,G,20130114,71,201320,,,Svetlana Kuznetsova,R,174,RUS,27.5,201444,26,,Su Wei Hsieh,R,169,TPE,27.0,6-2 6-1,3,R64,,7,0,34,21,16,9,,0,1,1,4,58,34,19,6,,3,9,75,833,27,1636
2013-W-SL-AUS-01A-2013,Australian Open,Hard,128,G,20130114,72,201521,,,Carla Suarez Navarro,R,162,ESP,24.3,201709,,,Yulia Putintseva,R,163,KAZ,18.0,1-6 7-6(5) 6-2,3,R64,,1,2,90,65,39,11,,4,9,2,7,106,58,36,18,,6,11,33,1450,122,578
2013-W-SL-AUS-01A-2013,Australian Open,Hard,128,G,20130114,73,200033,3,,Serena Williams,R,175,USA,31.3,202469,,,Garbine Muguruza,R,182,ESP,19.2,6-2 6-0,3,R64,,10,1,37,25,21,8,,1,1,3,4,74,34,15,18,,6,11,3,9750,112,619
2013-W-SL-AUS-01A-2013,Australian Open,Hard,128,G,20130114,74,201503,,,Ayumi Morita,R,163,JPN,22.8,202470,,,Annika Beck,R,170,GER,18.9,6-2 6-0,3,R64,,4,1,55,38,26,10,,5,5,0,5,60,37,17,9,,4,9,72,853,71,868
2013-W-SL-AUS-01A-2013,Australian Open,Hard,128,G,20130114,75,201518,20,,Yanina Wickmayer,R,182,BEL,23.2,202450,,,Jana Cepelova,R,168,SVK,19.6,7-6(8) 7-5,3,R64,,3,3,97,65,44,17,,5,7,3,1,81,51,33,17,,4,7,24,1680,115,602
2013-W-SL-AUS-01A-2013,Australian Open,Hard,128,G,20130114,76,201373,14,,Maria Kirilenko,R,173,RUS,25.9,201397,,,Shuai Peng,R,173,CHN,27.0,7-5 6-2,3,R64,,4,1,66,35,28,17,,4,4,2,1,69,49,29,10,,4,7,15,2570,32,1450
2013-W-SL-AUS-01A-2013,Australian Open,Hard,128,G,20130114,77,200617,,,Kimiko Date Krumm,R,163,JPN,42.2,201424,,,Shahar Peer,R,170,ISR,25.7,6-2 7-5,3,R64,,1,2,72,53,25,11,,8,13,1,2,68,40,17,11,,7,15,100,675,90,722
2013-W-SL-AUS-01A-2013,Australian Open,Hard,128,G,20130114,78,201587,,,Bojana Jovanovski,R,175,SRB,21.0,201425,17,,Lucie Safarova,L,177,CZE,25.9,7-5 7-5,3,R64,,3,4,80,48,34,19,,4,6,6,6,80,50,33,11,,5,9,56,1095,17,2065
2013-W-SL-AUS-01A-2013,Australian Open,Hard,128,G,20130114,79,201585,29,,Sloane Stephens,R,170,USA,19.8,201540,,,Kristina Mladenovic,R,184,FRA,19.6,6-4 6-3,3,R64,,3,5,62,35,24,15,,1,3,3,3,61,35,23,9,,1,5,25,1666,98,683
2013-W-SL-AUS-01A-2013,Australian Open,Hard,128,G,20130114,80,201573,,,Laura Robson,L,180,GBR,18.9,201520,8,,Petra Kvitova,L,183,CZE,22.8,2-6 6-3 11-9,3,R64,,8,12,117,62,44,19,,5,12,18,18,142,80,55,22,,11,18,53,1153,8,5085
2013-W-SL-AUS-01A-2013,Australian Open,Hard,128,G,20130114,81,201419,6,,Na Li,R,172,CHN,30.8,201501,,,Olga Govortsova,R,182,BLR,24.3,6-2 7-5,3,R64,,4,2,68,50,33,9,,8,10,0,5,51,28,14,10,,1,6,6,5135,58,1074
2013-W-SL-AUS-01A-2013,Australian Open,Hard,128,G,20130114,82,201514,27,,Sorana Cirstea,R,176,ROU,22.7,201697,,,Kristyna Pliskova,L,184,CZE,20.8,1-6 6-3 6-2,3,R64,,5,5,87,49,34,17,,5,8,6,2,65,35,22,15,,1,5,29,1565,106,654
2013-W-SL-AUS-01A-2013,Australian Open,Hard,128,G,20130114,83,201504,18,,Julia Goerges,R,180,GER,24.1,201472,,,Romina Oprandi,R,172,SUI,26.7,6-3 6-2,3,R64,,7,1,49,30,24,14,,1,1,0,2,60,35,19,13,,3,6,18,1965,61,1021
2013-W-SL-AUS-01A-2013,Australian Open,Hard,128,G,20130114,84,201386,,,Jie Zheng,R,164,CHN,29.5,201325,9,,Samantha Stosur,R,172,AUS,28.7,6-4 1-6 7-5,3,R64,,0,6,103,60,33,21,,5,11,2,9,102,71,45,9,,9,15,40,1365,9,4135
2013-W-SL-AUS-01A-2013,Australian Open,Hard,128,G,20130114,85,201421,13,,Ana Ivanovic,R,184,SRB,25.1,201442,,Q,Yung Jan Chan,R,170,TPE,23.4,7-5 1-6 6-4,3,R64,,8,8,92,51,34,16,,4,10,0,5,110,80,45,15,,6,11,13,2841,118,582
2013-W-SL-AUS-01A-2013,Australian Open,Hard,128,G,20130114,86,201347,22,,Jelena Jankovic,R,177,SRB,27.8,201646,,Q,Maria Joao Koehler,U,174,POR,20.2,2-6 7-6(5) 6-2,3,R64,,6,6,81,49,37,14,,6,10,3,11,119,75,48,17,,11,15,21,1751,129,546
2013-W-SL-AUS-01A-2013,Australian Open,Hard,128,G,20130114,87,201586,,,Heather Watson,R,170,GBR,20.6,201584,,,Ksenia Pervak,L,170,KAZ,21.6,4-6 7-6(7) 6-2,3,R64,,6,3,107,70,43,20,,7,11,1,3,105,79,46,12,,4,9,50,1171,82,791
2013-W-SL-AUS-01A-2013,Australian Open,Hard,128,G,20130114,88,201474,4,,Agnieszka Radwanska,R,170,POL,23.8,201593,,,Irina Camelia Begu,R,181,ROU,22.3,6-3 6-3,3,R64,,1,3,52,32,22,10,,3,6,2,4,62,38,19,9,,6,12,4,7750,55,1130
2013-W-SL-AUS-01A-2013,Australian Open,Hard,128,G,20130114,89,201493,5,,Angelique Kerber,L,173,GER,24.9,201556,,,Lucie Hradecka,R,177,CZE,27.6,6-3 6-1,3,R64,,1,3,50,33,20,11,,5,7,1,3,66,38,19,9,,9,15,5,5575,51,1162
2013-W-SL-AUS-01A-2013,Australian Open,Hard,128,G,20130114,90,201619,,WC,Madison Keys,R,178,USA,17.9,201481,30,,Tamira Paszek,R,165,AUT,22.1,6-2 6-1,3,R64,,6,2,45,22,19,15,,3,3,0,4,42,28,14,5,,3,7,105,656,30,1523
2013-W-SL-AUS-01A-2013,Australian Open,Hard,128,G,20130114,91,201505,19,,Kate Makarova,L,178,RUS,24.6,200773,,,Stephanie Foretz Gacon,R,166,FRA,31.7,6-3 6-3,3,R64,,3,3,57,30,20,13,,3,6,2,2,50,26,13,6,,3,9,19,1881,101,673
2013-W-SL-AUS-01A-2013,Australian Open,Hard,128,G,20130114,92,201294,11,,Marion Bartoli,R,170,FRA,28.2,201570,,Q,Vesna Dolonc,R,170,SRB,23.4,7-5 6-0,3,R64,,,,,,,,,,,,,,,,,,,,11,3740,120,582
2013-W-SL-AUS-01A-2013,Australian Open,Hard,128,G,20130114,93,202443,,Q,Valeria Savinykh,R,167,RUS,21.9,201495,15,,Dominika Cibulkova,R,161,SVK,23.6,7-6(6) 6-4,3,R64,,2,2,88,63,37,10,,5,10,0,7,83,51,31,11,,7,13,159,419,14,2695
2013-W-SL-AUS-01A-2013,Australian Open,Hard,128,G,20130114,94,201465,,,Kirsten Flipkens,R,165,BEL,27.0,201344,23,,Klara Koukalova,R,166,CZE,30.8,6-1 6-0,3,R64,,,,,,,,,,,,,,,,,,,,43,1268,22,1705
2013-W-SL-AUS-01A-2013,Australian Open,Hard,128,G,20130114,95,200748,25,,Venus Williams,R,185,USA,32.5,201427,,,Alize Cornet,R,173,FRA,22.9,6-3 6-3,3,R64,,1,6,54,29,20,14,,5,7,0,2,51,30,17,8,,1,6,26,1650,41,1325
2013-W-SL-AUS-01A-2013,Australian Open,Hard,128,G,20130114,96,201345,2,,Maria Sharapova,R,188,RUS,25.7,201595,,,Misaki Doi,L,159,JPN,21.7,6-0 6-0,3,R64,,2,1,31,19,17,7,,0,0,0,5,32,14,4,4,,3,9,2,10045,92,711
2013-W-SL-AUS-01A-2013,Australian Open,Hard,128,G,20130114,97,201458,1,,Victoria Azarenka,R,180,BLR,23.4,201600,,,Jamie Hampton,R,173,USA,23.0,6-4 4-6 6-2,3,R32,,1,6,91,64,38,13,,11,16,3,3,96,63,38,9,,6,13,1,10325,63,998
2013-W-SL-AUS-01A-2013,Australian Open,Hard,128,G,20130114,98,201455,,,Elena Vesnina,R,176,RUS,26.4,201311,16,,Roberta Vinci,R,163,ITA,29.9,4-6 7-6(4) 6-4,3,R32,,4,3,109,68,47,20,,8,12,2,5,96,62,44,16,,4,8,47,1181,16,2525
2013-W-SL-AUS-01A-2013,Australian Open,Hard,128,G,20130114,99,201496,10,,Caroline Wozniacki,R,177,DEN,22.5,201615,,Q,Lesia Tsurenko,R,174,UKR,23.6,6-4 6-3,3,R32,,,,,,,,,,,,,,,,,,,,10,3765,85,769
2013-W-SL-AUS-01A-2013,Australian Open,Hard,128,G,20130114,100,201320,,,Svetlana Kuznetsova,R,174,RUS,27.5,201521,,,Carla Suarez Navarro,R,162,ESP,24.3,6-2 4-6 6-3,3,R32,,3,1,89,62,37,14,,6,11,3,4,104,64,33,17,,8,15,75,833,33,1450
2013-W-SL-AUS-01A-2013,Australian Open,Hard,128,G,20130114,101,200033,3,,Serena Williams,R,175,USA,31.3,201503,,,Ayumi Morita,R,163,JPN,22.8,6-1 6-3,3,R32,,9,3,48,32,28,5,,2,3,0,3,50,27,13,8,,3,8,3,9750,72,853
2013-W-SL-AUS-01A-2013,Australian Open,Hard,128,G,20130114,102,201373,14,,Maria Kirilenko,R,173,RUS,25.9,201518,20,,Yanina Wickmayer,R,182,BEL,23.2,7-6(4) 6-3,3,R32,,1,5,67,43,29,12,,3,6,1,3,78,47,29,12,,4,8,15,2570,24,1680
2013-W-SL-AUS-01A-2013,Australian Open,Hard,128,G,20130114,103,201587,,,Bojana Jovanovski,R,175,SRB,21.0,200617,,,Kimiko Date Krumm,R,163,JPN,42.2,6-2 7-6(3),3,R32,,1,3,94,61,29,18,,11,16,0,0,64,48,18,6,,3,10,56,1095,100,675
2013-W-SL-AUS-01A-2013,Australian Open,Hard,128,G,20130114,104,201585,29,,Sloane Stephens,R,170,USA,19.8,201573,,,Laura Robson,L,180,GBR,18.9,7-5 6-3,3,R32,,3,4,74,40,25,20,,2,4,0,2,82,55,35,8,,7,11,25,1666,53,1153
2013-W-SL-AUS-01A-2013,Australian Open,Hard,128,G,20130114,105,201419,6,,Na Li,R,172,CHN,30.8,201514,27,,Sorana Cirstea,R,176,ROU,22.7,6-4 6-1,3,R32,,1,6,54,32,21,8,,3,6,1,3,50,27,10,8,,3,10,6,5135,29,1565
2013-W-SL-AUS-01A-2013,Australian Open,Hard,128,G,20130114,106,201504,18,,Julia Goerges,R,180,GER,24.1,201386,,,Jie Zheng,R,164,CHN,29.5,6-3 1-6 7-5,3,R32,,7,2,87,46,32,21,,2,6,0,5,80,57,39,8,,1,5,18,1965,40,1365
2013-W-SL-AUS-01A-2013,Australian Open,Hard,128,G,20130114,107,201421,13,,Ana Ivanovic,R,184,SRB,25.1,201347,22,,Jelena Jankovic,R,177,SRB,27.8,7-5 6-3,3,R32,,3,3,61,39,28,10,,6,8,1,3,64,40,23,12,,4,9,13,2841,21,1751
2013-W-SL-AUS-01A-2013,Australian Open,Hard,128,G,20130114,108,201474,4,,Agnieszka Radwanska,R,170,POL,23.8,201586,,,Heather Watson,R,170,GBR,20.6,6-3 6-1,3,R32,,5,0,54,35,22,13,,7,8,1,2,41,21,11,7,,3,8,4,7750,50,1171
2013-W-SL-AUS-01A-2013,Australian Open,Hard,128,G,20130114,109,201493,5,,Angelique Kerber,L,173,GER,24.9,201619,,WC,Madison Keys,R,178,USA,17.9,6-2 7-5,3,R32,,0,1,70,41,25,17,,9,11,4,1,61,32,18,12,,9,14,5,5575,105,656
2013-W-SL-AUS-01A-2013,Australian Open,Hard,128,G,20130114,110,201505,19,,Kate Makarova,L,178,RUS,24.6,201294,11,,Marion Bartoli,R,170,FRA,28.2,6-7(4) 6-3 6-4,3,R32,,6,1,106,64,39,19,,7,13,3,13,104,64,37,12,,5,14,19,1881,11,3740
2013-W-SL-AUS-01A-2013,Australian Open,Hard,128,G,20130114,111,201465,,,Kirsten Flipkens,R,165,BEL,27.0,202443,,Q,Valeria Savinykh,R,167,RUS,21.9,6-2 4-6 6-3,3,R32,,6,0,86,41,33,21,,5,9,2,2,77,46,28,13,,2,8,43,1268,159,419
2013-W-SL-AUS-01A-2013,Australian Open,Hard,128,G,20130114,112,201345,2,,Maria Sharapova,R,188,RUS,25.7,200748,25,,Venus Williams,R,185,USA,32.5,6-1 6-3,3,R32,,4,1,50,28,19,14,,5,6,0,2,52,30,14,9,,8,13,2,10045,26,1650
2013-W-SL-AUS-01A-2013,Australian Open,Hard,128,G,20130114,113,201458,1,,Victoria Azarenka,R,180,BLR,23.4,201455,,,Elena Vesnina,R,176,RUS,26.4,6-1 6-1,3,R16,,4,7,48,27,21,9,,0,1,1,5,41,29,12,1,,1,7,1,10325,47,1181
2013-W-SL-AUS-01A-2013,Australian Open,Hard,128,G,20130114,114,201320,,,Svetlana Kuznetsova,R,174,RUS,27.5,201496,10,,Caroline Wozniacki,R,177,DEN,22.5,6-2 2-6 7-5,3,R16,,2,2,96,58,37,20,,11,15,2,1,95,62,38,15,,8,13,75,833,10,3765
2013-W-SL-AUS-01A-2013,Australian Open,Hard,128,G,20130114,115,200033,3,,Serena Williams,R,175,USA,31.3,201373,14,,Maria Kirilenko,R,173,RUS,25.9,6-2 6-0,3,R16,,6,1,39,34,28,3,,3,3,1,1,41,30,15,3,,2,7,3,9750,15,2570
2013-W-SL-AUS-01A-2013,Australian Open,Hard,128,G,20130114,116,201585,29,,Sloane Stephens,R,170,USA,19.8,201587,,,Bojana Jovanovski,R,175,SRB,21.0,6-1 3-6 7-5,3,R16,,1,1,89,71,43,9,,2,7,0,6,84,61,31,11,,4,11,25,1666,56,1095
2013-W-SL-AUS-01A-2013,Australian Open,Hard,128,G,20130114,117,201419,6,,Na Li,R,172,CHN,30.8,201504,18,,Julia Goerges,R,180,GER,24.1,7-6(6) 6-1,3,R16,,6,4,58,40,29,9,,3,5,0,4,60,34,21,9,,0,5,6,5135,18,1965
2013-W-SL-AUS-01A-2013,Australian Open,Hard,128,G,20130114,118,201474,4,,Agnieszka Radwanska,R,170,POL,23.8,201421,13,,Ana Ivanovic,R,184,SRB,25.1,6-2 6-4,3,R16,,,,,,,,,,,,,,,,,,,,4,7750,13,2841
2013-W-SL-AUS-01A-2013,Australian Open,Hard,128,G,20130114,119,201505,19,,Kate Makarova,L,178,RUS,24.6,201493,5,,Angelique Kerber,L,173,GER,24.9,7-5 6-4,3,R16,,5,5,71,45,34,12,,4,6,2,0,67,43,24,14,,4,8,19,1881,5,5575
2013-W-SL-AUS-01A-2013,Australian Open,Hard,128,G,20130114,120,201345,2,,Maria Sharapova,R,188,RUS,25.7,201465,,,Kirsten Flipkens,R,165,BEL,27.0,6-1 6-0,3,R16,,3,5,44,21,17,13,,3,3,2,3,57,27,14,8,,2,8,2,10045,43,1268
2013-W-SL-AUS-01A-2013,Australian Open,Hard,128,G,20130114,121,201458,1,,Victoria Azarenka,R,180,BLR,23.4,201320,,,Svetlana Kuznetsova,R,174,RUS,27.5,7-5 6-1,3,QF,,3,5,84,63,39,10,,2,4,4,6,83,49,24,13,,4,10,1,10325,75,833
2013-W-SL-AUS-01A-2013,Australian Open,Hard,128,G,20130114,122,201585,29,,Sloane Stephens,R,170,USA,19.8,200033,3,,Serena Williams,R,175,USA,31.3,3-6 7-5 6-4,3,QF,,2,5,93,54,39,20,,8,12,4,1,96,57,38,20,,3,8,25,1666,3,9750
2013-W-SL-AUS-01A-2013,Australian Open,Hard,128,G,20130114,123,201419,6,,Na Li,R,172,CHN,30.8,201474,4,,Agnieszka Radwanska,R,170,POL,23.8,7-5 6-3,3,QF,,2,2,80,53,27,15,,6,10,1,2,56,38,18,6,,1,7,6,5135,4,7750
2013-W-SL-AUS-01A-2013,Australian Open,Hard,128,G,20130114,124,201345,2,,Maria Sharapova,R,188,RUS,25.7,201505,19,,Kate Makarova,L,178,RUS,24.6,6-2 6-2,3,QF,,5,5,44,29,24,7,,0,1,1,4,56,37,22,5,,5,10,2,10045,19,1881
2013-W-SL-AUS-01A-2013,Australian Open,Hard,128,G,20130114,125,201458,1,,Victoria Azarenka,R,180,BLR,23.4,201585,29,,Sloane Stephens,R,170,USA,19.8,6-1 6-4,3,SF,,2,6,64,45,29,7,,3,6,1,2,72,49,22,7,,4,11,1,10325,25,1666
2013-W-SL-AUS-01A-2013,Australian Open,Hard,128,G,20130114,126,201419,6,,Na Li,R,172,CHN,30.8,201345,2,,Maria Sharapova,R,188,RUS,25.7,6-2 6-2,3,SF,,2,1,63,39,24,15,,6,7,3,6,69,45,28,6,,5,10,6,5135,2,10045
2013-W-SL-AUS-01A-2013,Australian Open,Hard,128,G,20130114,127,201458,1,,Victoria Azarenka,R,180,BLR,23.4,201419,6,,Na Li,R,172,CHN,30.8,4-6 6-4 6-3,3,F,,1,4,97,76,41,8,,11,18,4,5,95,62,30,14,,3,12,1,10325,6,5135
2014-W-SL-AUS-01A-2014,Australian Open,Hard,128,G,20140113,1,200033,1,,Serena Williams,R,175,USA,32.2,202458,,WC,Ashleigh Barty,R,166,AUS,17.7,6-2 6-1,3,R128,,6,2,34,20,20,8,,0,0,1,4,55,28,14,11,,5,10,1,13260,155,412
2014-W-SL-AUS-01A-2014,Australian Open,Hard,128,G,20140113,2,201570,,,Vesna Dolonc,R,170,SRB,24.4,202418,,,Lara Arruabarrena,R,166,ESP,21.8,2-6 6-2 6-4,3,R128,,7,4,74,48,33,10,,3,7,0,3,78,48,33,10,,5,10,104,627,102,635
2014-W-SL-AUS-01A-2014,Australian Open,Hard,128,G,20140113,3,201662,,,Karolina Pliskova,R,184,CZE,21.8,201426,,WC,Pauline Parmentier,R,175,FRA,27.9,6-0 6-1,3,R128,,5,0,50,30,26,7,,2,2,3,6,51,32,16,4,,9,14,70,849,238,255
2014-W-SL-AUS-01A-2014,Australian Open,Hard,128,G,20140113,4,201290,31,,Daniela Hantuchova,R,181,SVK,30.7,201586,,Q,Heather Watson,R,170,GBR,21.6,7-5 3-6 6-3,3,R128,,6,2,81,55,43,10,,3,7,8,3,109,67,41,19,,8,13,33,1475,121,525
2014-W-SL-AUS-01A-2014,Australian Open,Hard,128,G,20140113,5,201325,17,,Samantha Stosur,R,172,AUS,29.7,201344,,,Klara Koukalova,R,166,CZE,31.8,6-3 6-4,3,R128,,,,,,,,,,,,,,,,,,,,17,2675,32,1515
2014-W-SL-AUS-01A-2014,Australian Open,Hard,128,G,20140113,6,201450,,,Tsvetana Pironkova,R,180,BUL,26.3,201562,,,Silvia Soler Espinosa,R,169,ESP,26.1,6-3 6-2,3,R128,,5,0,52,32,28,12,,3,3,3,2,60,30,18,14,,2,5,57,1036,78,787
2014-W-SL-AUS-01A-2014,Australian Open,Hard,128,G,20140113,7,202470,,,Annika Beck,R,170,GER,19.9,201549,,,Petra Martic,R,181,CRO,22.9,6-0 6-0,3,R128,,0,0,39,26,18,8,,2,2,2,6,38,19,8,4,,5,11,54,1086,109,608
2014-W-SL-AUS-01A-2014,Australian Open,Hard,128,G,20140113,8,201421,14,,Ana Ivanovic,R,184,SRB,26.1,202428,,,Kiki Bertens,R,182,NED,22.0,6-4 6-4,3,R128,,3,4,68,41,24,9,,5,11,2,4,66,40,15,11,,1,9,14,3010,93,697
2014-W-SL-AUS-01A-2014,Australian Open,Hard,128,G,20140113,9,201386,,,Jie Zheng,R,164,CHN,30.5,201311,12,,Roberta Vinci,R,163,ITA,30.9,6-4 6-3,3,R128,,0,2,62,42,26,10,,7,10,3,3,61,40,23,7,,2,7,56,1073,12,3170
2014-W-SL-AUS-01A-2014,Australian Open,Hard,128,G,20140113,10,201619,,,Madison Keys,R,178,USA,18.9,201537,,,Patricia Mayr Achleitner,R,169,AUT,27.1,6-2 6-7(8) 9-7,3,R128,,,,,,,,,,,,,,,,,,,,36,1425,85,764
2014-W-SL-AUS-01A-2014,Australian Open,Hard,128,G,20140113,11,201348,,WC,Casey Dellacqua,L,165,AUS,28.9,201329,,,Vera Zvonareva,R,172,RUS,29.3,6-2 6-2,3,R128,,0,0,44,29,22,13,,1,1,2,4,63,41,22,9,,6,10,120,532,,
2014-W-SL-AUS-01A-2014,Australian Open,Hard,128,G,20140113,12,201465,18,,Kirsten Flipkens,R,165,BEL,28.0,201573,,,Laura Robson,L,180,GBR,19.9,6-3 6-0,3,R128,,7,2,37,21,18,11,,0,0,2,5,44,25,14,5,,1,6,19,2465,48,1183
2014-W-SL-AUS-01A-2014,Australian Open,Hard,128,G,20140113,13,202446,30,,Eugenie Bouchard,R,178,CAN,19.8,203489,,WC,Hao Chen Tang,R,,CHN,19.8,7-5 6-1,3,R128,,,,,,,,,,,,,,,,,,,,31,1629,487,72
2014-W-SL-AUS-01A-2014,Australian Open,Hard,128,G,20140113,14,200043,,,Virginie Razzano,R,173,FRA,30.6,202421,,,Alison Van Uytvanck,R,173,BEL,19.8,7-6(3) 7-6(3),3,R128,,7,9,88,51,39,18,,5,7,5,4,72,39,32,15,,1,3,100,666,110,608
2014-W-SL-AUS-01A-2014,Australian Open,Hard,128,G,20140113,15,201616,,,Lauren Davis,R,157,USA,20.2,203500,,WC,Sachia Vickery,R,162,USA,18.6,6-3 6-3,3,R128,,,,,,,,,,,,,,,,,,,,68,865,190,331
2014-W-SL-AUS-01A-2014,Australian Open,Hard,128,G,20140113,16,201504,,,Julia Goerges,R,180,GER,25.1,201506,7,,Sara Errani,R,164,ITA,26.7,6-3 6-2,3,R128,,4,2,58,29,20,15,,3,5,1,0,56,43,21,5,,4,9,73,836,7,4435
2014-W-SL-AUS-01A-2014,Australian Open,Hard,128,G,20140113,17,201419,4,,Na Li,R,172,CHN,31.8,211951,,Q,Ana Konjuh,R,174,CRO,16.0,6-2 6-0,3,R128,,3,0,45,34,24,7,,1,1,0,5,52,26,13,9,,7,12,4,5970,241,255
2014-W-SL-AUS-01A-2014,Australian Open,Hard,128,G,20140113,18,202505,,Q,Belinda Bencic,R,175,SUI,16.8,200617,,,Kimiko Date Krumm,R,163,JPN,43.2,6-4 4-6 6-3,3,R128,,5,5,86,46,25,15,,5,13,1,4,95,67,31,10,,10,20,187,339,80,772
2014-W-SL-AUS-01A-2014,Australian Open,Hard,128,G,20140113,19,201556,,Q,Lucie Hradecka,R,177,CZE,28.6,202499,,,Donna Vekic,R,179,CRO,17.5,6-3 6-1,3,R128,,9,4,46,25,23,12,,5,5,1,2,49,23,17,9,,3,7,146,431,94,696
2014-W-SL-AUS-01A-2014,Australian Open,Hard,128,G,20140113,20,201425,26,,Lucie Safarova,L,177,CZE,26.9,202498,,,Julia Glushko,R,171,ISR,24.0,7-5 3-6 6-1,3,R128,,3,4,85,50,37,21,,5,7,6,3,89,54,35,20,,4,8,26,1775,90,721
2014-W-SL-AUS-01A-2014,Australian Open,Hard,128,G,20140113,21,201505,22,,Kate Makarova,L,178,RUS,25.6,200748,,,Venus Williams,R,185,USA,33.5,2-6 6-4 6-4,3,R128,,1,4,109,69,43,17,,9,14,5,8,91,50,36,18,,7,12,22,2061,37,1327
2014-W-SL-AUS-01A-2014,Australian Open,Hard,128,G,20140113,22,201604,,LL,Irina Falconi,R,163,USA,23.6,201286,,,Anabel Medina Garrigues,R,169,ESP,31.4,6-3 6-1,3,R128,,,,,,,,,,,,,,,,,,,,142,446,101,665
2014-W-SL-AUS-01A-2014,Australian Open,Hard,128,G,20140113,23,201512,,,Monica Niculescu,R,168,ROU,26.3,201424,,,Shahar Peer,R,170,ISR,26.7,6-4 6-1,3,R128,,1,0,55,45,26,3,,4,7,2,1,55,44,21,2,,3,10,64,955,75,818
2014-W-SL-AUS-01A-2014,Australian Open,Hard,128,G,20140113,24,201513,15,,Sabine Lisicki,R,178,GER,24.3,200002,,,Mirjana Lucic,R,181,CRO,31.8,6-2 6-1,3,R128,,7,6,73,38,32,15,,7,7,2,10,53,23,17,8,,4,8,15,2915,111,607
2014-W-SL-AUS-01A-2014,Australian Open,Hard,128,G,20140113,25,201493,9,,Angelique Kerber,L,173,GER,25.9,201457,,WC,Jarmila Gajdosova,R,174,AUS,26.7,6-3 0-6 6-2,3,R128,,6,5,88,57,36,13,,7,11,2,6,73,39,29,12,,3,7,9,4070,329,141
2014-W-SL-AUS-01A-2014,Australian Open,Hard,128,G,20140113,26,201485,,Q,Alla Kudryavtseva,R,178,RUS,26.1,201614,,,Caroline Garcia,R,177,FRA,20.2,6-2 7-6(7),3,R128,,3,4,91,53,37,14,,2,6,3,7,79,46,22,15,,4,10,162,399,76,806
2014-W-SL-AUS-01A-2014,Australian Open,Hard,128,G,20140113,27,201518,,,Yanina Wickmayer,R,182,BEL,24.2,202477,,,Dinah Pfizenmaier,R,171,GER,22.0,7-6(5) 6-3,3,R128,,6,8,93,54,38,15,,13,15,3,12,89,43,24,23,,3,7,63,957,92,698
2014-W-SL-AUS-01A-2014,Australian Open,Hard,128,G,20140113,28,201590,,,Alison Riske Amritraj,R,173,USA,23.5,201455,23,,Elena Vesnina,R,176,RUS,27.4,6-2 6-2,3,R128,,4,3,39,25,24,8,,0,0,2,4,52,32,17,10,,4,8,53,1110,28,1745
2014-W-SL-AUS-01A-2014,Australian Open,Hard,128,G,20140113,29,201355,28,,Flavia Pennetta,R,172,ITA,31.8,202456,,,Alexandra Cadantu Ignatik,R,170,ROU,23.6,6-0 6-2,3,R128,,2,3,48,19,16,14,,2,3,1,8,59,34,14,9,,11,17,29,1735,60,967
2014-W-SL-AUS-01A-2014,Australian Open,Hard,128,G,20140113,30,201620,,,Monica Puig,R,170,PUR,20.2,201588,,Q,Anna Tatishvili,R,171,GEO,23.9,6-2 6-4,3,R128,,8,5,66,40,30,13,,7,8,0,4,50,34,20,5,,1,5,58,995,126,499
2014-W-SL-AUS-01A-2014,Australian Open,Hard,128,G,20140113,31,201621,,,Mona Barthel,R,185,GER,23.5,201533,,,Shuai Zhang,R,177,CHN,24.9,7-6(4) 6-3,3,R128,,2,3,80,55,41,10,,4,6,2,1,65,49,31,8,,3,6,39,1275,51,1135
2014-W-SL-AUS-01A-2014,Australian Open,Hard,128,G,20140113,32,202503,,,Luksika Kumkhum,R,167,THA,20.4,201520,6,,Petra Kvitova,L,183,CZE,23.8,6-2 1-6 6-4,3,R128,,4,6,75,36,26,20,,8,12,3,8,97,58,36,15,,11,16,88,732,6,4835
2014-W-SL-AUS-01A-2014,Australian Open,Hard,128,G,20140113,33,201347,8,,Jelena Jankovic,R,177,SRB,28.8,201595,,,Misaki Doi,L,159,JPN,22.7,6-1 6-2,3,R128,,6,6,53,32,23,11,,7,8,1,3,42,22,12,5,,3,8,8,4230,89,724
2014-W-SL-AUS-01A-2014,Australian Open,Hard,128,G,20140113,34,201503,,,Ayumi Morita,R,163,JPN,23.8,203297,,,Nadiya Kichenok,R,172,UKR,21.4,6-2 7-6(5),3,R128,,6,2,76,47,30,16,,6,8,4,7,67,42,27,11,,1,5,61,962,106,623
2014-W-SL-AUS-01A-2014,Australian Open,Hard,128,G,20140113,35,201597,,,Kurumi Nara,R,155,JPN,22.0,201397,,,Shuai Peng,R,173,CHN,28.0,7-5 4-6 6-3,3,R128,,1,6,89,66,39,10,,4,10,3,5,110,69,40,16,,8,16,74,832,43,1249
2014-W-SL-AUS-01A-2014,Australian Open,Hard,128,G,20140113,36,201517,32,,Magdalena Rybarikova,R,180,SVK,25.2,201492,,,Andrea Petkovic,R,180,GER,26.3,6-2 6-3,3,R128,,4,1,54,36,27,8,,2,3,1,4,60,41,23,6,,3,8,35,1450,40,1271
2014-W-SL-AUS-01A-2014,Australian Open,Hard,128,G,20140113,37,201523,,,Marina Erakovic,R,174,NZL,25.8,201514,21,,Sorana Cirstea,R,176,ROU,23.7,6-4 7-6(6),3,R128,,6,5,92,54,35,17,,11,14,5,1,69,39,25,13,,2,6,52,1121,21,2170
2014-W-SL-AUS-01A-2014,Australian Open,Hard,128,G,20140113,38,201610,,Q,Zarina Diyas,R,172,KAZ,20.2,211701,,Q,Katerina Siniakova,R,174,CZE,17.6,6-2 6-4,3,R128,,1,4,65,48,33,6,,4,6,2,3,65,37,22,10,,1,6,152,414,173,370
2014-W-SL-AUS-01A-2014,Australian Open,Hard,128,G,20140113,39,201478,,,Varvara Lepchenko,L,180,USA,27.6,201615,,,Lesia Tsurenko,R,174,UKR,24.6,2-6 6-3 6-4,3,R128,,3,5,94,60,42,15,,6,9,1,3,91,57,35,20,,6,9,50,1141,96,685
2014-W-SL-AUS-01A-2014,Australian Open,Hard,128,G,20140113,40,201594,11,,Simona Halep,R,168,ROU,22.2,201565,,Q,Katarzyna Piter,R,173,POL,22.9,6-0 6-1,3,R128,,3,2,41,25,21,9,,2,2,1,3,35,27,12,1,,4,9,11,3335,119,551
2014-W-SL-AUS-01A-2014,Australian Open,Hard,128,G,20140113,41,201521,16,,Carla Suarez Navarro,R,162,ESP,25.3,201447,,,Vania King,R,165,USA,24.8,6-3 6-2,3,R128,,0,1,52,41,31,4,,1,2,1,2,51,35,20,5,,1,5,16,2775,71,842
2014-W-SL-AUS-01A-2014,Australian Open,Hard,128,G,20140113,42,201448,,,Galina Voskoboeva,R,183,KAZ,29.0,201593,,Q,Irina Camelia Begu,R,181,ROU,23.3,7-5 4-6 7-5,3,R128,,3,3,94,60,41,18,,4,9,2,7,109,68,44,15,,5,11,77,798,127,498
2014-W-SL-AUS-01A-2014,Australian Open,Hard,128,G,20140113,43,201527,,,Stefanie Voegele,R,170,SUI,23.8,201540,,,Kristina Mladenovic,R,184,FRA,20.6,7-5 7-5,3,R128,,7,1,58,38,32,13,,0,1,3,8,79,38,29,19,,9,12,46,1190,55,1075
2014-W-SL-AUS-01A-2014,Australian Open,Hard,128,G,20140113,44,201495,20,,Dominika Cibulkova,R,161,SVK,24.6,201212,,,Francesca Schiavone,R,166,ITA,33.5,6-3 6-4,3,R128,,0,6,72,44,33,14,,5,6,5,2,57,34,21,11,,4,7,24,1856,42,1250
2014-W-SL-AUS-01A-2014,Australian Open,Hard,128,G,20140113,45,201427,25,,Alize Cornet,R,173,FRA,23.9,201555,,,Polona Hercog,R,182,SLO,22.9,1-0 RET,3,R128,,,,,,,,,,,,,,,,,,,,25,1840,66,902
2014-W-SL-AUS-01A-2014,Australian Open,Hard,128,G,20140113,46,202429,,,Camila Giorgi,R,168,ITA,22.0,204411,,WC,Storm Hunter,L,166,AUS,19.4,4-6 6-1 6-4,3,R128,,5,13,95,48,38,23,,5,7,2,3,83,52,35,12,,8,12,99,670,219,280
2014-W-SL-AUS-01A-2014,Australian Open,Hard,128,G,20140113,47,201498,,,Karin Knapp,R,180,ITA,26.5,202440,,,Paula Ormaechea,R,170,ARG,21.2,6-4 6-2,3,R128,,4,3,57,35,26,8,,1,3,2,7,68,39,26,7,,5,10,44,1230,59,978
2014-W-SL-AUS-01A-2014,Australian Open,Hard,128,G,20140113,48,201345,3,,Maria Sharapova,R,188,RUS,26.7,201318,,,Bethanie Mattek Sands,R,168,USA,28.8,6-3 6-4,3,R128,,5,9,72,38,31,13,,4,6,4,8,70,40,27,10,,4,8,3,6076,41,1257
2014-W-SL-AUS-01A-2014,Australian Open,Hard,128,G,20140113,49,201474,5,,Agnieszka Radwanska,R,170,POL,24.8,201709,,,Yulia Putintseva,R,163,KAZ,19.0,6-0 5-7 6-2,3,R128,,9,1,82,48,36,15,,5,8,0,6,90,47,29,16,,4,11,5,5470,112,600
2014-W-SL-AUS-01A-2014,Australian Open,Hard,128,G,20140113,50,201501,,,Olga Govortsova,R,182,BLR,25.3,202504,,Q,Ying Ying Duan,R,186,CHN,24.5,6-0 7-6(6),3,R128,,10,4,65,44,35,8,,4,5,1,1,75,45,24,16,,8,12,98,681,193,326
2014-W-SL-AUS-01A-2014,Australian Open,Hard,128,G,20140113,51,201605,,,Mandy Minella,R,180,LUX,28.1,202489,,Q,Carina Witthoeft,R,176,GER,18.9,6-1 6-4,3,R128,,0,2,54,30,17,16,,4,6,1,4,55,34,16,10,,3,8,107,621,207,296
2014-W-SL-AUS-01A-2014,Australian Open,Hard,128,G,20140113,52,201499,29,,Anastasia Pavlyuchenkova,R,177,RUS,22.5,202694,,,Teliana Pereira,R,168,BRA,25.4,7-6(7) 6-4,3,R128,,,,,,,,,,,,,,,,,,,,30,1715,97,682
2014-W-SL-AUS-01A-2014,Australian Open,Hard,128,G,20140113,53,202469,,,Garbine Muguruza,R,182,ESP,20.2,201466,24,,Kaia Kanepi,R,181,EST,28.5,6-2 2-6 6-2,3,R128,,5,4,78,40,28,20,,6,9,6,3,76,49,27,12,,7,12,38,1280,23,1922
2014-W-SL-AUS-01A-2014,Australian Open,Hard,128,G,20140113,54,203533,,,Anna Karolina Schmiedlova,R,176,SVK,19.3,201693,,,Timea Babos,R,179,HUN,20.6,4-6 6-4 7-5,3,R128,,5,5,134,89,54,23,,19,24,8,11,112,67,46,17,,8,14,81,768,87,735
2014-W-SL-AUS-01A-2014,Australian Open,Hard,128,G,20140113,55,201539,,,Christina Mchale,R,170,USA,21.6,201442,,,Yung Jan Chan,R,170,TPE,24.4,7-5 6-4,3,R128,,4,3,70,50,31,11,,0,3,0,6,73,50,28,10,,4,9,62,961,232,258
2014-W-SL-AUS-01A-2014,Australian Open,Hard,128,G,20140113,56,201496,10,,Caroline Wozniacki,R,177,DEN,23.5,201452,,,Lourdes Dominguez Lino,R,163,ESP,32.7,6-0 6-2,3,R128,,,,,,,,,,,,,,,,,,,,10,3520,72,842
2014-W-SL-AUS-01A-2014,Australian Open,Hard,128,G,20140113,57,201585,13,,Sloane Stephens,R,170,USA,20.8,201468,,,Yaroslava Shvedova,R,180,KAZ,26.3,7-6(1) 6-3,3,R128,,1,1,67,50,31,7,,2,6,3,13,76,44,22,10,,6,12,13,3075,82,766
2014-W-SL-AUS-01A-2014,Australian Open,Hard,128,G,20140113,58,201548,,,Ajla Tomljanovic,R,180,AUS,20.6,201656,,,Tadeja Majeric,R,178,SLO,23.3,3-6 7-6(1) 6-4,3,R128,,5,6,96,47,36,25,,3,6,4,7,100,72,54,10,,3,6,67,871,117,554
2014-W-SL-AUS-01A-2014,Australian Open,Hard,128,G,20140113,59,201542,,WC,Olivia Rogowska,R,175,AUS,22.6,201531,,,Mariana Duque Marino,R,169,COL,24.4,6-3 6-3,3,R128,,2,6,59,37,25,10,,5,8,4,4,54,36,18,5,,7,13,169,381,105,626
2014-W-SL-AUS-01A-2014,Australian Open,Hard,128,G,20140113,60,202494,,,Elina Svitolina,R,174,UKR,19.3,201320,19,,Svetlana Kuznetsova,R,174,RUS,28.5,6-3 6-3,3,R128,,5,5,56,34,26,8,,2,4,1,4,62,30,20,11,,7,12,47,1185,20,2202
2014-W-SL-AUS-01A-2014,Australian Open,Hard,128,G,20140113,61,201587,33,,Bojana Jovanovski,R,175,SRB,22.0,202450,,,Jana Cepelova,R,168,SVK,20.6,6-7(1) 6-1 6-3,3,R128,,0,1,100,76,43,11,,7,12,2,5,81,56,28,7,,4,13,34,1475,69,849
2014-W-SL-AUS-01A-2014,Australian Open,Hard,128,G,20140113,62,201423,,,Yvonne Meusburger,R,175,AUT,30.2,201541,,,Chanelle Scheepers,R,176,RSA,29.8,7-6(3) 6-4,3,R128,,1,5,76,52,32,12,,3,7,2,13,75,40,27,12,,6,11,49,1158,79,780
2014-W-SL-AUS-01A-2014,Australian Open,Hard,128,G,20140113,63,201366,,,Barbora Strycova,R,164,CZE,27.7,201444,,,Su Wei Hsieh,R,169,TPE,28.0,6-1 4-6 6-1,3,R128,,,,,,,,,,,,,,,,,,,,84,764,86,738
2014-W-SL-AUS-01A-2014,Australian Open,Hard,128,G,20140113,64,201458,2,,Victoria Azarenka,R,180,BLR,24.4,201596,,,Johanna Larsson,R,174,SWE,25.4,7-6(2) 6-2,3,R128,,0,7,75,56,41,4,,7,10,2,5,64,46,24,5,,0,5,2,8151,91,706
2014-W-SL-AUS-01A-2014,Australian Open,Hard,128,G,20140113,65,200033,1,,Serena Williams,R,175,USA,32.2,201570,,,Vesna Dolonc,R,170,SRB,24.4,6-1 6-2,3,R64,,10,2,50,33,28,8,,1,1,2,8,48,26,17,6,,3,7,1,13260,104,627
2014-W-SL-AUS-01A-2014,Australian Open,Hard,128,G,20140113,66,201290,31,,Daniela Hantuchova,R,181,SVK,30.7,201662,,,Karolina Pliskova,R,184,CZE,21.8,6-3 3-6 12-10,3,R64,,9,8,126,74,53,28,,11,14,11,6,126,69,50,28,,5,9,33,1475,70,849
2014-W-SL-AUS-01A-2014,Australian Open,Hard,128,G,20140113,67,201325,17,,Samantha Stosur,R,172,AUS,29.7,201450,,,Tsvetana Pironkova,R,180,BUL,26.3,6-2 6-0,3,R64,,4,3,41,24,20,10,,1,1,1,2,47,27,15,4,,8,13,17,2675,57,1036
2014-W-SL-AUS-01A-2014,Australian Open,Hard,128,G,20140113,68,201421,14,,Ana Ivanovic,R,184,SRB,26.1,202470,,,Annika Beck,R,170,GER,19.9,6-1 6-2,3,R64,,2,2,48,26,16,13,,1,3,0,3,44,33,13,3,,1,7,14,3010,54,1086
2014-W-SL-AUS-01A-2014,Australian Open,Hard,128,G,20140113,69,201386,,,Jie Zheng,R,164,CHN,30.5,201619,,,Madison Keys,R,178,USA,18.9,7-6(5) 1-6 7-5,3,R64,,0,4,106,81,40,14,,8,16,3,1,105,66,39,18,,3,10,56,1073,36,1425
2014-W-SL-AUS-01A-2014,Australian Open,Hard,128,G,20140113,70,201348,,WC,Casey Dellacqua,L,165,AUS,28.9,201465,18,,Kirsten Flipkens,R,165,BEL,28.0,6-3 6-0,3,R64,,1,0,41,30,22,6,,0,1,0,7,58,28,15,10,,13,19,120,532,19,2465
2014-W-SL-AUS-01A-2014,Australian Open,Hard,128,G,20140113,71,202446,30,,Eugenie Bouchard,R,178,CAN,19.8,200043,,,Virginie Razzano,R,173,FRA,30.6,6-2 7-6(10),3,R64,,4,2,76,38,26,17,,6,9,2,1,79,59,32,6,,5,10,31,1629,100,666
2014-W-SL-AUS-01A-2014,Australian Open,Hard,128,G,20140113,72,201616,,,Lauren Davis,R,157,USA,20.2,201504,,,Julia Goerges,R,180,GER,25.1,7-5 2-6 6-4,3,R64,,0,6,108,74,51,15,,10,13,6,1,84,60,45,11,,4,7,68,865,73,836
2014-W-SL-AUS-01A-2014,Australian Open,Hard,128,G,20140113,73,201419,4,,Na Li,R,172,CHN,31.8,202505,,Q,Belinda Bencic,R,175,SUI,16.8,6-0 7-6(5),3,R64,,4,2,63,38,27,12,,0,2,2,5,57,31,21,8,,2,7,4,5970,187,339
2014-W-SL-AUS-01A-2014,Australian Open,Hard,128,G,20140113,74,201425,26,,Lucie Safarova,L,177,CZE,26.9,201556,,Q,Lucie Hradecka,R,177,CZE,28.6,6-7(4) 6-3 6-0,3,R64,,6,7,98,61,47,20,,6,6,9,9,105,46,33,26,,9,13,26,1775,146,431
2014-W-SL-AUS-01A-2014,Australian Open,Hard,128,G,20140113,75,201505,22,,Kate Makarova,L,178,RUS,25.6,201604,,LL,Irina Falconi,R,163,USA,23.6,6-2 7-5,3,R64,,4,6,63,35,26,14,,2,4,0,2,66,49,22,10,,8,13,22,2061,142,446
2014-W-SL-AUS-01A-2014,Australian Open,Hard,128,G,20140113,76,201512,,,Monica Niculescu,R,168,ROU,26.3,201513,15,,Sabine Lisicki,R,178,GER,24.3,2-6 6-2 6-2,3,R64,,0,6,83,55,35,9,,1,6,10,6,80,42,23,14,,7,14,64,955,15,2915
2014-W-SL-AUS-01A-2014,Australian Open,Hard,128,G,20140113,77,201493,9,,Angelique Kerber,L,173,GER,25.9,201485,,Q,Alla Kudryavtseva,R,178,RUS,26.1,6-4 6-2,3,R64,,3,1,49,29,24,11,,1,2,4,2,63,40,25,8,,9,13,9,4070,162,399
2014-W-SL-AUS-01A-2014,Australian Open,Hard,128,G,20140113,78,201590,,,Alison Riske Amritraj,R,173,USA,23.5,201518,,,Yanina Wickmayer,R,182,BEL,24.2,6-1 6-1,3,R64,,4,2,50,39,27,6,,2,2,3,3,46,29,13,6,,5,10,53,1110,63,957
2014-W-SL-AUS-01A-2014,Australian Open,Hard,128,G,20140113,79,201355,28,,Flavia Pennetta,R,172,ITA,31.8,201620,,,Monica Puig,R,170,PUR,20.2,6-3 6-4,3,R64,,9,0,53,24,22,18,,0,0,5,6,64,29,21,16,,4,6,29,1735,58,995
2014-W-SL-AUS-01A-2014,Australian Open,Hard,128,G,20140113,80,201621,,,Mona Barthel,R,185,GER,23.5,202503,,,Luksika Kumkhum,R,167,THA,20.4,4-6 6-3 6-4,3,R64,,3,6,105,66,44,18,,4,7,4,8,81,47,38,13,,1,5,39,1275,88,732
2014-W-SL-AUS-01A-2014,Australian Open,Hard,128,G,20140113,81,201347,8,,Jelena Jankovic,R,177,SRB,28.8,201503,,,Ayumi Morita,R,163,JPN,23.8,6-2 6-0,3,R64,,9,4,39,23,19,7,,0,1,1,3,40,23,8,5,,0,6,8,4230,61,962
2014-W-SL-AUS-01A-2014,Australian Open,Hard,128,G,20140113,82,201597,,,Kurumi Nara,R,155,JPN,22.0,201517,32,,Magdalena Rybarikova,R,180,SVK,25.2,6-4 6-3,3,R64,,0,2,68,45,26,15,,3,5,4,1,42,22,16,8,,0,4,74,832,35,1450
2014-W-SL-AUS-01A-2014,Australian Open,Hard,128,G,20140113,83,201610,,Q,Zarina Diyas,R,172,KAZ,20.2,201523,,,Marina Erakovic,R,174,NZL,25.8,6-4 6-0,3,R64,,1,1,60,42,27,10,,9,10,2,5,52,26,15,8,,0,5,152,414,52,1121
2014-W-SL-AUS-01A-2014,Australian Open,Hard,128,G,20140113,84,201594,11,,Simona Halep,R,168,ROU,22.2,201478,,,Varvara Lepchenko,L,180,USA,27.6,4-6 6-0 6-1,3,R64,,0,3,67,39,29,16,,0,2,1,4,89,56,34,10,,9,15,11,3335,50,1141
2014-W-SL-AUS-01A-2014,Australian Open,Hard,128,G,20140113,85,201521,16,,Carla Suarez Navarro,R,162,ESP,25.3,201448,,,Galina Voskoboeva,R,183,KAZ,29.0,7-6(2) 3-6 8-6,3,R64,,0,5,132,96,57,17,,10,17,3,13,115,63,40,23,,4,10,16,2775,77,798
2014-W-SL-AUS-01A-2014,Australian Open,Hard,128,G,20140113,86,201495,20,,Dominika Cibulkova,R,161,SVK,24.6,201527,,,Stefanie Voegele,R,170,SUI,23.8,6-0 6-1,3,R64,,0,2,47,32,21,8,,4,5,3,1,38,16,11,1,,3,9,24,1856,46,1190
2014-W-SL-AUS-01A-2014,Australian Open,Hard,128,G,20140113,87,201427,25,,Alize Cornet,R,173,FRA,23.9,202429,,,Camila Giorgi,R,168,ITA,22.0,6-3 4-6 6-4,3,R64,,1,9,97,57,39,17,,7,12,0,12,98,55,31,20,,7,13,25,1840,99,670
2014-W-SL-AUS-01A-2014,Australian Open,Hard,128,G,20140113,88,201345,3,,Maria Sharapova,R,188,RUS,26.7,201498,,,Karin Knapp,R,180,ITA,26.5,6-3 4-6 10-8,3,R64,,2,12,116,70,44,23,,3,9,3,9,120,64,40,23,,13,20,3,6076,44,1230
2014-W-SL-AUS-01A-2014,Australian Open,Hard,128,G,20140113,89,201474,5,,Agnieszka Radwanska,R,170,POL,24.8,201501,,,Olga Govortsova,R,182,BLR,25.3,6-0 7-5,3,R64,,1,1,53,35,28,8,,1,2,0,1,53,37,20,6,,3,8,5,5470,98,681
2014-W-SL-AUS-01A-2014,Australian Open,Hard,128,G,20140113,90,201499,29,,Anastasia Pavlyuchenkova,R,177,RUS,22.5,201605,,,Mandy Minella,R,180,LUX,28.1,6-2 6-2,3,R64,,,,,,,,,,,,,,,,,,,,30,1715,107,621
2014-W-SL-AUS-01A-2014,Australian Open,Hard,128,G,20140113,91,202469,,,Garbine Muguruza,R,182,ESP,20.2,203533,,,Anna Karolina Schmiedlova,R,176,SVK,19.3,6-3 6-3,3,R64,,6,6,57,32,23,11,,4,7,1,5,54,32,15,7,,2,8,38,1280,81,768
2014-W-SL-AUS-01A-2014,Australian Open,Hard,128,G,20140113,92,201496,10,,Caroline Wozniacki,R,177,DEN,23.5,201539,,,Christina Mchale,R,170,USA,21.6,6-0 1-6 6-2,3,R64,,2,3,65,48,30,8,,3,6,3,3,66,35,22,12,,7,12,10,3520,62,961
2014-W-SL-AUS-01A-2014,Australian Open,Hard,128,G,20140113,93,201585,13,,Sloane Stephens,R,170,USA,20.8,201548,,,Ajla Tomljanovic,R,180,AUS,20.6,3-6 6-2 7-5,3,R64,,3,3,83,59,39,14,,3,6,3,6,96,52,35,22,,5,10,13,3075,67,871
2014-W-SL-AUS-01A-2014,Australian Open,Hard,128,G,20140113,94,202494,,,Elina Svitolina,R,174,UKR,19.3,201542,,WC,Olivia Rogowska,R,175,AUS,22.6,6-4 7-5,3,R64,,7,3,66,35,26,15,,2,5,5,2,75,46,26,14,,3,8,47,1185,169,381
2014-W-SL-AUS-01A-2014,Australian Open,Hard,128,G,20140113,95,201423,,,Yvonne Meusburger,R,175,AUT,30.2,201587,33,,Bojana Jovanovski,R,175,SRB,22.0,3-6 6-3 6-2,3,R64,,,,,,,,,,,,,,,,,,,,49,1158,34,1475
2014-W-SL-AUS-01A-2014,Australian Open,Hard,128,G,20140113,96,201458,2,,Victoria Azarenka,R,180,BLR,24.4,201366,,,Barbora Strycova,R,164,CZE,27.7,6-1 6-4,3,R64,,,,,,,,,,,,,,,,,,,,2,8151,84,764
2014-W-SL-AUS-01A-2014,Australian Open,Hard,128,G,20140113,97,200033,1,,Serena Williams,R,175,USA,32.2,201290,31,,Daniela Hantuchova,R,181,SVK,30.7,6-3 6-3,3,R32,,10,2,56,27,20,15,,5,6,2,2,52,28,15,12,,3,7,1,13260,33,1475
2014-W-SL-AUS-01A-2014,Australian Open,Hard,128,G,20140113,98,201421,14,,Ana Ivanovic,R,184,SRB,26.1,201325,17,,Samantha Stosur,R,172,AUS,29.7,6-7(8) 6-4 6-2,3,R32,,6,3,99,57,47,23,,3,4,3,2,101,69,42,22,,5,9,14,3010,17,2675
2014-W-SL-AUS-01A-2014,Australian Open,Hard,128,G,20140113,99,201348,,WC,Casey Dellacqua,L,165,AUS,28.9,201386,,,Jie Zheng,R,164,CHN,30.5,6-2 6-4,3,R32,,1,3,50,29,20,14,,1,3,0,5,59,38,18,11,,5,10,120,532,56,1073
2014-W-SL-AUS-01A-2014,Australian Open,Hard,128,G,20140113,100,202446,30,,Eugenie Bouchard,R,178,CAN,19.8,201616,,,Lauren Davis,R,157,USA,20.2,6-2 6-2,3,R32,,4,2,49,30,23,10,,2,3,0,1,61,47,24,3,,3,8,31,1629,68,865
2014-W-SL-AUS-01A-2014,Australian Open,Hard,128,G,20140113,101,201419,4,,Na Li,R,172,CHN,31.8,201425,26,,Lucie Safarova,L,177,CZE,26.9,1-6 7-6(2) 6-3,3,R32,,5,6,110,66,43,18,,10,16,2,7,88,52,33,17,,6,10,4,5970,26,1775
2014-W-SL-AUS-01A-2014,Australian Open,Hard,128,G,20140113,102,201505,22,,Kate Makarova,L,178,RUS,25.6,201512,,,Monica Niculescu,R,168,ROU,26.3,6-4 6-4,3,R32,,2,1,55,31,17,13,,0,4,1,3,66,46,23,8,,3,9,22,2061,64,955
2014-W-SL-AUS-01A-2014,Australian Open,Hard,128,G,20140113,103,201493,9,,Angelique Kerber,L,173,GER,25.9,201590,,,Alison Riske Amritraj,R,173,USA,23.5,6-3 6-4,3,R32,,4,4,51,32,21,6,,1,5,0,6,61,38,16,8,,6,13,9,4070,53,1110
2014-W-SL-AUS-01A-2014,Australian Open,Hard,128,G,20140113,104,201355,28,,Flavia Pennetta,R,172,ITA,31.8,201621,,,Mona Barthel,R,185,GER,23.5,6-1 7-5,3,R32,,3,4,52,23,17,15,,2,4,4,6,73,44,22,13,,9,15,29,1735,39,1275
2014-W-SL-AUS-01A-2014,Australian Open,Hard,128,G,20140113,105,201347,8,,Jelena Jankovic,R,177,SRB,28.8,201597,,,Kurumi Nara,R,155,JPN,22.0,6-4 7-5,3,R32,,1,3,69,43,23,13,,2,7,0,2,66,57,25,5,,2,9,8,4230,74,832
2014-W-SL-AUS-01A-2014,Australian Open,Hard,128,G,20140113,106,201594,11,,Simona Halep,R,168,ROU,22.2,201610,,Q,Zarina Diyas,R,172,KAZ,20.2,6-1 6-4,3,R32,,1,3,50,26,18,13,,2,4,0,3,54,33,16,7,,0,6,11,3335,152,414
2014-W-SL-AUS-01A-2014,Australian Open,Hard,128,G,20140113,107,201495,20,,Dominika Cibulkova,R,161,SVK,24.6,201521,16,,Carla Suarez Navarro,R,162,ESP,25.3,6-1 6-0,3,R32,,1,1,39,27,21,8,,1,1,0,0,43,28,12,4,,4,9,24,1856,16,2775
2014-W-SL-AUS-01A-2014,Australian Open,Hard,128,G,20140113,108,201345,3,,Maria Sharapova,R,188,RUS,26.7,201427,25,,Alize Cornet,R,173,FRA,23.9,6-1 7-6(6),3,R32,,,,,,,,,,,,,,,,,,,,3,6076,25,1840
2014-W-SL-AUS-01A-2014,Australian Open,Hard,128,G,20140113,109,201474,5,,Agnieszka Radwanska,R,170,POL,24.8,201499,29,,Anastasia Pavlyuchenkova,R,177,RUS,22.5,5-7 6-2 6-2,3,R32,,,,,,,,,,,,,,,,,,,,5,5470,30,1715
2014-W-SL-AUS-01A-2014,Australian Open,Hard,128,G,20140113,110,202469,,,Garbine Muguruza,R,182,ESP,20.2,201496,10,,Caroline Wozniacki,R,177,DEN,23.5,4-6 7-5 6-3,3,R32,,5,7,95,61,37,16,,11,16,2,6,94,63,39,12,,3,10,38,1280,10,3520
2014-W-SL-AUS-01A-2014,Australian Open,Hard,128,G,20140113,111,201585,13,,Sloane Stephens,R,170,USA,20.8,202494,,,Elina Svitolina,R,174,UKR,19.3,7-5 6-4,3,R32,,1,0,64,44,31,10,,1,3,0,4,65,37,23,15,,5,9,13,3075,47,1185
2014-W-SL-AUS-01A-2014,Australian Open,Hard,128,G,20140113,112,201458,2,,Victoria Azarenka,R,180,BLR,24.4,201423,,,Yvonne Meusburger,R,175,AUT,30.2,6-1 6-0,3,R32,,,,,,,,,,,,,,,,,,,,2,8151,49,1158
2014-W-SL-AUS-01A-2014,Australian Open,Hard,128,G,20140113,113,201421,14,,Ana Ivanovic,R,184,SRB,26.1,200033,1,,Serena Williams,R,175,USA,32.2,4-6 6-3 6-3,3,R16,,1,2,75,40,31,21,,1,3,13,4,95,63,43,13,,10,14,14,3010,1,13260
2014-W-SL-AUS-01A-2014,Australian Open,Hard,128,G,20140113,114,202446,30,,Eugenie Bouchard,R,178,CAN,19.8,201348,,WC,Casey Dellacqua,L,165,AUS,28.9,6-7(5) 6-2 6-0,3,R16,,6,1,74,48,37,16,,1,2,0,3,88,54,33,14,,5,11,31,1629,120,532
2014-W-SL-AUS-01A-2014,Australian Open,Hard,128,G,20140113,115,201419,4,,Na Li,R,172,CHN,31.8,201505,22,,Kate Makarova,L,178,RUS,25.6,6-2 6-0,3,R16,,1,1,44,35,26,4,,4,4,0,1,42,27,14,3,,2,7,4,5970,22,2061
2014-W-SL-AUS-01A-2014,Australian Open,Hard,128,G,20140113,116,201355,28,,Flavia Pennetta,R,172,ITA,31.8,201493,9,,Angelique Kerber,L,173,GER,25.9,6-1 4-6 7-5,3,R16,,8,2,77,46,33,12,,1,6,1,4,98,63,35,10,,10,18,29,1735,9,4070
2014-W-SL-AUS-01A-2014,Australian Open,Hard,128,G,20140113,117,201594,11,,Simona Halep,R,168,ROU,22.2,201347,8,,Jelena Jankovic,R,177,SRB,28.8,6-4 2-6 6-0,3,R16,,0,4,66,42,26,14,,4,8,2,2,84,56,32,11,,7,13,11,3335,8,4230
2014-W-SL-AUS-01A-2014,Australian Open,Hard,128,G,20140113,118,201495,20,,Dominika Cibulkova,R,161,SVK,24.6,201345,3,,Maria Sharapova,R,188,RUS,26.7,3-6 6-4 6-1,3,R16,,1,5,74,51,27,13,,5,10,3,8,90,59,31,12,,7,14,24,1856,3,6076
2014-W-SL-AUS-01A-2014,Australian Open,Hard,128,G,20140113,119,201474,5,,Agnieszka Radwanska,R,170,POL,24.8,202469,,,Garbine Muguruza,R,182,ESP,20.2,6-1 6-3,3,R16,,2,1,66,48,34,11,,6,6,3,3,59,33,18,10,,5,9,5,5470,38,1280
2014-W-SL-AUS-01A-2014,Australian Open,Hard,128,G,20140113,120,201458,2,,Victoria Azarenka,R,180,BLR,24.4,201585,13,,Sloane Stephens,R,170,USA,20.8,6-3 6-2,3,R16,,3,7,64,44,32,10,,2,2,0,0,65,47,24,9,,11,14,2,8151,13,3075
2014-W-SL-AUS-01A-2014,Australian Open,Hard,128,G,20140113,121,202446,30,,Eugenie Bouchard,R,178,CAN,19.8,201421,14,,Ana Ivanovic,R,184,SRB,26.1,5-7 7-5 6-2,3,QF,,2,6,109,63,42,20,,7,12,1,4,108,61,34,23,,6,13,31,1629,14,3010
2014-W-SL-AUS-01A-2014,Australian Open,Hard,128,G,20140113,122,201419,4,,Na Li,R,172,CHN,31.8,201355,28,,Flavia Pennetta,R,172,ITA,31.8,6-2 6-2,3,QF,,1,1,45,29,23,10,,3,4,3,5,54,21,12,13,,3,8,4,5970,29,1735
2014-W-SL-AUS-01A-2014,Australian Open,Hard,128,G,20140113,123,201495,20,,Dominika Cibulkova,R,161,SVK,24.6,201594,11,,Simona Halep,R,168,ROU,22.2,6-3 6-0,3,QF,,0,3,43,33,25,5,,2,3,2,1,43,29,13,6,,4,9,24,1856,11,3335
2014-W-SL-AUS-01A-2014,Australian Open,Hard,128,G,20140113,124,201474,5,,Agnieszka Radwanska,R,170,POL,24.8,201458,2,,Victoria Azarenka,R,180,BLR,24.4,6-1 5-7 6-0,3,QF,,1,1,78,46,33,16,,3,5,0,5,90,54,26,19,,10,16,5,5470,2,8151
2014-W-SL-AUS-01A-2014,Australian Open,Hard,128,G,20140113,125,201419,4,,Na Li,R,172,CHN,31.8,202446,30,,Eugenie Bouchard,R,178,CAN,19.8,6-2 6-4,3,SF,,4,5,69,42,27,11,,4,7,2,2,51,23,13,5,,4,10,4,5970,31,1629
2014-W-SL-AUS-01A-2014,Australian Open,Hard,128,G,20140113,126,201495,20,,Dominika Cibulkova,R,161,SVK,24.6,201474,5,,Agnieszka Radwanska,R,170,POL,24.8,6-1 6-2,3,SF,,0,2,53,34,22,10,,8,9,2,2,50,34,17,2,,3,9,24,1856,5,5470
2014-W-SL-AUS-01A-2014,Australian Open,Hard,128,G,20140113,127,201419,4,,Na Li,R,172,CHN,31.8,201495,20,,Dominika Cibulkova,R,161,SVK,24.6,7-6(3) 6-0,3,F,,2,3,60,36,21,15,,1,3,0,7,73,49,29,5,,5,10,4,5970,24,1856
2015-W-SL-AUS-01A-2015,Australian Open,Hard,128,G,20150119,1,200033,1,,Serena Williams,R,175,USA,33.3,202421,,,Alison Van Uytvanck,R,173,BEL,20.8,6-0 6-4,3,R128,,11,1,48,28,24,11,8,1,1,2,3,49,27,18,7,8,2,6,1,8016,106,544
2015-W-SL-AUS-01A-2015,Australian Open,Hard,128,G,20150119,2,201329,,,Vera Zvonareva,R,172,RUS,30.3,202460,,Q,Ons Jabeur,R,167,TUN,20.3,6-2 6-3,3,R128,,3,1,56,31,25,12,9,3,4,0,4,44,21,13,7,8,3,7,203,242,140,397
2015-W-SL-AUS-01A-2015,Australian Open,Hard,128,G,20150119,3,202484,,,Nicole Gibbs,R,168,USA,21.8,201542,,WC,Olivia Rogowska,R,175,AUS,23.6,6-4 6-1,3,R128,,0,2,61,30,16,22,9,2,4,3,2,52,29,16,7,8,6,11,96,607,134,415
2015-W-SL-AUS-01A-2015,Australian Open,Hard,128,G,20150119,4,202494,26,,Elina Svitolina,R,174,UKR,20.3,201709,,LL,Yulia Putintseva,R,163,KAZ,20.0,6-3 7-5,3,R128,,4,1,63,40,29,10,,4,7,1,5,86,55,26,16,,15,21,26,1780,114,490
2015-W-SL-AUS-01A-2015,Australian Open,Hard,128,G,20150119,5,202469,24,,Garbine Muguruza,R,182,ESP,21.2,201523,,,Marina Erakovic,R,174,NZL,26.8,7-5 6-0,3,R128,,2,6,52,27,24,12,9,4,5,2,3,51,26,14,11,9,0,5,24,1845,75,723
2015-W-SL-AUS-01A-2015,Australian Open,Hard,128,G,20150119,6,201290,,,Daniela Hantuchova,R,181,SVK,31.7,202453,,,Saisai Zheng,R,170,CHN,20.9,6-4 6-4,3,R128,,1,1,50,39,31,4,10,0,2,1,3,69,48,28,10,10,4,8,61,870,79,690
2015-W-SL-AUS-01A-2015,Australian Open,Hard,128,G,20150119,7,201588,,Q,Anna Tatishvili,R,171,GEO,24.9,200617,,,Kimiko Date Krumm,R,163,JPN,44.3,7-5 6-4,3,R128,,3,1,64,44,27,11,11,3,6,2,4,66,43,27,8,11,3,8,141,394,101,584
2015-W-SL-AUS-01A-2015,Australian Open,Hard,128,G,20150119,8,201490,,,Timea Bacsinszky,R,170,SUI,25.6,201347,15,,Jelena Jankovic,R,177,SRB,29.8,6-1 6-4,3,R128,,0,2,48,31,23,11,9,1,2,2,9,64,29,18,14,8,9,13,41,1214,15,2590
2015-W-SL-AUS-01A-2015,Australian Open,Hard,128,G,20150119,9,201495,11,,Dominika Cibulkova,R,161,SVK,25.7,201465,,,Kirsten Flipkens,R,165,BEL,29.0,3-6 6-3 6-1,3,R128,,1,2,64,41,36,12,12,1,2,8,1,77,50,32,12,13,5,9,10,3007,51,1010
2015-W-SL-AUS-01A-2015,Australian Open,Hard,128,G,20150119,10,201450,,,Tsvetana Pironkova,R,180,BUL,27.3,201586,,,Heather Watson,R,170,GBR,22.6,6-4 6-0,3,R128,,3,1,57,36,21,12,,7,9,2,5,56,26,13,10,,7,13,52,991,38,1291
2015-W-SL-AUS-01A-2015,Australian Open,Hard,128,G,20150119,11,202653,,Q,Denisa Allertova,R,180,CZE,21.8,201472,,,Romina Oprandi,R,172,SUI,28.8,6-0 6-2,3,R128,,2,1,35,23,20,8,,0,0,2,2,62,47,20,6,,11,16,107,529,113,499
2015-W-SL-AUS-01A-2015,Australian Open,Hard,128,G,20150119,12,201427,19,,Alize Cornet,R,173,FRA,24.9,201533,,,Shuai Zhang,R,177,CHN,25.9,6-3 6-2,3,R128,,1,2,52,32,21,10,9,0,2,0,5,60,32,20,8,8,4,9,19,2255,63,855
2015-W-SL-AUS-01A-2015,Australian Open,Hard,128,G,20150119,13,201366,25,,Barbora Strycova,R,164,CZE,28.8,201693,,,Timea Babos,R,179,HUN,21.6,6-4 6-4,3,R128,,3,2,69,47,33,11,10,4,5,2,3,63,41,29,8,10,8,11,23,1870,92,618
2015-W-SL-AUS-01A-2015,Australian Open,Hard,128,G,20150119,14,201578,,WC,Kai Chen Chang,R,167,TPE,24.0,201386,,,Jie Zheng,R,164,CHN,31.5,6-1 6-2,3,R128,,3,2,66,39,26,15,,6,7,0,3,51,33,16,5,,8,13,402,76,100,589
2015-W-SL-AUS-01A-2015,Australian Open,Hard,128,G,20150119,15,201458,,,Victoria Azarenka,R,180,BLR,25.4,201585,,,Sloane Stephens,R,170,USA,21.8,6-3 6-2,3,R128,,0,3,43,26,21,8,8,0,1,1,2,63,37,21,11,9,6,11,44,1188,32,1401
2015-W-SL-AUS-01A-2015,Australian Open,Hard,128,G,20150119,16,201496,8,,Caroline Wozniacki,R,177,DEN,24.5,203501,,,Taylor Townsend,L,170,USA,18.7,7-6(1) 6-2,3,R128,,2,0,71,53,38,10,11,7,8,2,2,63,43,25,11,10,3,6,8,4625,99,597
2015-W-SL-AUS-01A-2015,Australian Open,Hard,128,G,20150119,17,201520,4,,Petra Kvitova,L,183,CZE,24.8,202480,,Q,Richel Hogenkamp,R,168,NED,22.7,6-1 6-4,3,R128,,7,4,48,29,24,11,9,0,1,0,2,53,32,19,8,8,4,8,4,6360,138,408
2015-W-SL-AUS-01A-2015,Australian Open,Hard,128,G,20150119,18,201621,,,Mona Barthel,R,185,GER,24.5,202499,,,Donna Vekic,R,179,CRO,18.5,3-6 6-4 6-2,3,R128,,9,5,76,47,37,13,14,3,6,9,6,91,48,31,20,13,7,11,43,1193,85,667
2015-W-SL-AUS-01A-2015,Australian Open,Hard,128,G,20150119,19,201619,,,Madison Keys,R,178,USA,19.9,201615,,,Lesia Tsurenko,R,174,UKR,25.6,6-3 7-5,3,R128,,9,0,72,44,33,15,,5,6,1,3,59,35,25,9,,2,5,35,1390,90,637
2015-W-SL-AUS-01A-2015,Australian Open,Hard,128,G,20150119,20,201348,29,,Casey Dellacqua,L,165,AUS,29.9,201423,,,Yvonne Meusburger,R,175,AUT,31.2,6-4 6-0,3,R128,,4,0,54,27,21,12,8,3,5,0,8,51,34,17,2,8,2,8,29,1542,93,616
2015-W-SL-AUS-01A-2015,Australian Open,Hard,128,G,20150119,21,201325,20,,Samantha Stosur,R,172,AUS,30.8,201512,,,Monica Niculescu,R,168,ROU,27.3,6-4 6-1,3,R128,,3,2,45,24,20,13,8,3,4,0,2,66,45,23,9,9,4,9,21,1895,49,1023
2015-W-SL-AUS-01A-2015,Australian Open,Hard,128,G,20150119,22,201535,,,Coco Vandeweghe,R,185,USA,23.1,201212,,,Francesca Schiavone,R,166,ITA,34.5,6-2 6-2,3,R128,,6,3,52,22,17,20,,2,2,2,2,41,19,10,11,,2,6,37,1295,78,692
2015-W-SL-AUS-01A-2015,Australian Open,Hard,128,G,20150119,23,201604,,WC,Irina Falconi,R,163,USA,24.7,201466,,,Kaia Kanepi,R,181,EST,29.6,2-6 6-4 7-5,3,R128,,5,6,111,64,38,21,,14,21,5,7,99,59,35,16,,1,8,111,514,48,1045
2015-W-SL-AUS-01A-2015,Australian Open,Hard,128,G,20150119,24,201483,,,Madison Brengle,R,168,USA,24.7,201492,13,,Andrea Petkovic,R,180,GER,27.3,5-7 7-6(4) 6-3,3,R128,,3,6,105,62,44,16,18,6,13,0,4,91,58,35,13,16,0,7,64,852,13,2780
2015-W-SL-AUS-01A-2015,Australian Open,Hard,128,G,20150119,25,202429,,,Camila Giorgi,R,168,ITA,23.0,201355,12,,Flavia Pennetta,R,172,ITA,32.8,4-6 6-2 6-3,3,R128,,4,16,101,57,40,17,14,5,10,3,8,80,43,27,10,13,7,14,33,1395,12,2861
2015-W-SL-AUS-01A-2015,Australian Open,Hard,128,G,20150119,26,202702,,,Tereza Smitkova,R,176,CZE,20.2,200002,,,Mirjana Lucic,R,181,CRO,32.8,6-1 6-1,3,R128,,6,0,37,28,23,6,7,1,1,3,9,53,28,15,8,7,4,9,68,811,57,909
2015-W-SL-AUS-01A-2015,Australian Open,Hard,128,G,20150119,27,201616,,,Lauren Davis,R,157,USA,21.2,202434,,,Aleksandra Krunic,R,163,SRB,21.8,6-1 7-5,3,R128,,0,0,67,46,32,13,,6,7,6,5,59,21,19,14,,4,8,53,980,77,716
2015-W-SL-AUS-01A-2015,Australian Open,Hard,128,G,20150119,28,200748,18,,Venus Williams,R,185,USA,34.5,201640,,,Maria Teresa Torro Flor,R,173,ESP,22.7,6-2 6-2,3,R128,,6,2,50,34,27,7,8,4,5,1,7,54,30,15,8,8,4,9,18,2370,89,640
2015-W-SL-AUS-01A-2015,Australian Open,Hard,128,G,20150119,29,201478,30,,Varvara Lepchenko,L,180,USA,28.6,201554,,,Vitalia Diatchenko,R,170,RUS,24.4,6-3 6-3,3,R128,,6,1,56,30,22,11,,5,8,1,6,56,41,20,4,,4,10,30,1480,82,678
2015-W-SL-AUS-01A-2015,Australian Open,Hard,128,G,20150119,30,201548,,,Ajla Tomljanovic,R,180,AUS,21.7,201603,,,Shelby Rogers,R,175,USA,22.2,4-6 6-4 6-0,3,R128,,4,6,85,50,35,18,13,7,10,3,6,79,45,25,17,13,3,9,67,840,76,722
2015-W-SL-AUS-01A-2015,Australian Open,Hard,128,G,20150119,31,201596,,,Johanna Larsson,R,174,SWE,26.4,201485,,,Alla Kudryavtseva,R,178,RUS,27.2,6-4 6-3,3,R128,,1,4,56,33,22,13,,1,3,1,6,81,51,31,9,,7,12,70,762,84,674
2015-W-SL-AUS-01A-2015,Australian Open,Hard,128,G,20150119,32,201474,6,,Agnieszka Radwanska,R,170,POL,25.8,201597,,,Kurumi Nara,R,155,JPN,23.0,6-3 6-0,3,R128,,6,0,56,33,26,9,8,3,4,0,2,40,28,10,5,7,0,5,6,4810,39,1236
2015-W-SL-AUS-01A-2015,Australian Open,Hard,128,G,20150119,33,201556,,Q,Lucie Hradecka,R,177,CZE,29.6,201421,5,,Ana Ivanovic,R,184,SRB,27.2,1-6 6-3 6-2,3,R128,,6,5,78,47,30,13,12,3,7,2,10,74,41,25,14,12,0,5,142,393,5,4845
2015-W-SL-AUS-01A-2015,Australian Open,Hard,128,G,20150119,34,201555,,,Polona Hercog,R,182,SLO,23.9,202492,,,Qiang Wang,R,172,CHN,23.0,3-6 6-3 6-2,3,R128,,2,1,92,56,37,19,13,11,14,2,1,74,48,29,13,13,4,9,88,653,103,573
2015-W-SL-AUS-01A-2015,Australian Open,Hard,128,G,20150119,35,201344,,,Klara Koukalova,R,166,CZE,32.9,204411,,WC,Storm Hunter,L,166,AUS,20.4,7-5 6-4,3,R128,,2,3,75,47,28,15,11,6,10,4,6,86,54,28,13,11,8,14,46,1090,454,60
2015-W-SL-AUS-01A-2015,Australian Open,Hard,128,G,20150119,36,201504,,,Julia Goerges,R,180,GER,26.2,202505,32,,Belinda Bencic,R,175,SUI,17.8,6-2 6-1,3,R128,,4,1,50,34,24,6,8,1,3,0,4,51,30,15,5,7,2,8,73,740,34,1391
2015-W-SL-AUS-01A-2015,Australian Open,Hard,128,G,20150119,37,201662,22,,Karolina Pliskova,R,184,CZE,22.8,201516,,Q,Evgeniya Rodina,R,170,RUS,25.9,7-5 6-1,3,R128,,7,5,56,38,31,6,,0,2,3,4,54,36,18,7,,5,10,20,2075,116,488
2015-W-SL-AUS-01A-2015,Australian Open,Hard,128,G,20150119,38,206219,,WC,Oceane Dodin,R,,FRA,18.2,201590,,,Alison Riske Amritraj,R,173,USA,24.5,7-6(5) 3-6 6-3,3,R128,,7,11,105,50,34,27,16,3,8,6,3,98,76,47,10,15,8,13,183,295,40,1225
2015-W-SL-AUS-01A-2015,Australian Open,Hard,128,G,20150119,39,201311,,,Roberta Vinci,R,163,ITA,31.9,201587,,,Bojana Jovanovski,R,175,SRB,23.0,7-5 6-1,3,R128,,7,2,62,39,33,8,,0,1,0,5,55,30,21,7,,1,5,45,1137,56,910
2015-W-SL-AUS-01A-2015,Australian Open,Hard,128,G,20150119,40,201505,10,,Kate Makarova,L,178,RUS,26.6,202420,,,An Sophie Mestach,R,170,BEL,20.8,6-2 6-2,3,R128,,1,1,45,28,20,11,8,0,1,2,4,62,38,22,8,8,7,12,11,2970,102,579
2015-W-SL-AUS-01A-2015,Australian Open,Hard,128,G,20150119,41,201506,14,,Sara Errani,R,164,ITA,27.7,202479,,,Grace Min,R,163,USA,20.7,6-1 6-0,3,R128,,0,1,34,27,18,4,6,1,2,0,0,46,31,8,5,7,1,8,14,2735,105,553
2015-W-SL-AUS-01A-2015,Australian Open,Hard,128,G,20150119,42,201562,,,Silvia Soler Espinosa,R,169,ESP,27.1,202470,,,Annika Beck,R,170,GER,20.9,7-5 6-4,3,R128,,3,0,65,39,23,17,11,5,8,1,3,73,61,32,6,11,8,13,69,788,55,920
2015-W-SL-AUS-01A-2015,Australian Open,Hard,128,G,20150119,43,202418,,,Lara Arruabarrena,R,166,ESP,22.8,201339,,Q,Renata Voracova,R,,CZE,31.2,6-1 6-2,3,R128,,1,2,44,24,17,9,7,2,4,2,1,51,43,16,3,8,3,10,91,625,172,309
2015-W-SL-AUS-01A-2015,Australian Open,Hard,128,G,20150119,44,201518,,,Yanina Wickmayer,R,182,BEL,25.2,201499,23,,Anastasia Pavlyuchenkova,R,177,RUS,23.5,4-6 6-3 6-3,3,R128,,5,6,96,68,51,13,14,5,6,5,9,88,51,35,20,14,4,7,80,679,25,1820
2015-W-SL-AUS-01A-2015,Australian Open,Hard,128,G,20150119,45,201540,,,Kristina Mladenovic,R,184,FRA,21.6,201513,28,,Sabine Lisicki,R,178,GER,25.3,4-6 6-4 6-2,3,R128,,6,12,97,48,31,20,14,9,15,8,9,94,59,35,9,14,8,16,71,755,28,1681
2015-W-SL-AUS-01A-2015,Australian Open,Hard,128,G,20150119,46,201318,,,Bethanie Mattek Sands,R,168,USA,29.8,202504,,WC,Ying Ying Duan,R,186,CHN,25.5,6-4 3-6 6-3,3,R128,,4,3,110,75,54,10,,8,11,3,5,98,49,35,23,,12,16,258,169,119,475
2015-W-SL-AUS-01A-2015,Australian Open,Hard,128,G,20150119,47,201457,,,Jarmila Gajdosova,R,174,AUS,27.7,201567,,,Alexandra Dulgheru,R,172,ROU,25.6,6-3 6-4,3,R128,,1,4,58,34,26,15,10,3,4,0,6,66,41,29,8,9,8,11,62,865,87,655
2015-W-SL-AUS-01A-2015,Australian Open,Hard,128,G,20150119,48,201594,3,,Simona Halep,R,168,ROU,23.3,201498,,,Karin Knapp,R,180,ITA,27.5,6-3 6-2,3,R128,,1,2,58,33,22,10,8,3,6,1,7,62,33,15,10,9,4,11,3,6571,50,1015
2015-W-SL-AUS-01A-2015,Australian Open,Hard,128,G,20150119,49,202446,7,,Eugenie Bouchard,R,178,CAN,20.8,204431,,,Anna Lena Friedsam,R,,GER,20.9,6-2 6-4,3,R128,,3,2,64,43,31,10,9,4,5,4,5,60,38,27,5,9,1,5,7,4715,98,601
2015-W-SL-AUS-01A-2015,Australian Open,Hard,128,G,20150119,50,202428,,,Kiki Bertens,R,182,NED,23.1,201611,,WC,Daria Saville,R,166,AUS,20.8,7-6(8) 5-7 6-2,3,R128,,3,5,122,80,46,22,16,11,16,2,7,115,67,43,20,17,6,12,72,751,158,336
2015-W-SL-AUS-01A-2015,Australian Open,Hard,128,G,20150119,51,201527,,,Stefanie Voegele,R,170,SUI,24.8,201426,,,Pauline Parmentier,R,175,FRA,28.9,6-1 3-6 6-2,3,R128,,5,2,80,50,35,19,,6,7,3,2,65,40,26,13,,3,7,94,610,86,665
2015-W-SL-AUS-01A-2015,Australian Open,Hard,128,G,20150119,52,201614,,,Caroline Garcia,R,177,FRA,21.2,201320,27,,Svetlana Kuznetsova,R,174,RUS,29.5,6-4 6-2,3,R128,,4,4,65,40,27,12,9,7,9,3,2,62,35,18,12,9,3,8,36,1341,27,1730
2015-W-SL-AUS-01A-2015,Australian Open,Hard,128,G,20150119,53,202489,,,Carina Witthoeft,R,176,GER,19.9,201521,17,,Carla Suarez Navarro,R,162,ESP,26.3,6-3 6-1,3,R128,,6,3,48,34,27,6,,1,1,0,2,46,29,13,10,,1,5,104,555,17,2415
2015-W-SL-AUS-01A-2015,Australian Open,Hard,128,G,20150119,54,201539,,,Christina Mchale,R,170,USA,22.6,200773,,Q,Stephanie Foretz Gacon,R,166,FRA,33.7,6-4 1-6 12-10,3,R128,,2,4,130,64,41,35,,8,14,13,7,131,84,62,17,,6,12,54,955,197,249
2015-W-SL-AUS-01A-2015,Australian Open,Hard,128,G,20150119,55,211701,,,Katerina Siniakova,R,174,CZE,18.6,201455,,,Elena Vesnina,R,176,RUS,28.4,6-2 7-5,3,R128,,4,4,83,47,28,16,,10,14,2,5,56,34,14,10,,7,14,81,678,65,846
2015-W-SL-AUS-01A-2015,Australian Open,Hard,128,G,20150119,56,201593,,,Irina Camelia Begu,R,181,ROU,24.3,201493,9,,Angelique Kerber,L,173,GER,27.0,6-4 0-6 6-1,3,R128,,5,5,86,50,27,15,12,5,11,0,4,92,63,32,14,11,11,17,42,1201,9,3360
2015-W-SL-AUS-01A-2015,Australian Open,Hard,128,G,20150119,57,201468,,,Yaroslava Shvedova,R,180,KAZ,27.3,201425,16,,Lucie Safarova,L,177,CZE,27.9,6-4 2-6 8-6,3,R128,,6,2,105,73,48,19,16,11,14,7,2,98,70,49,13,16,5,8,66,844,16,2545
2015-W-SL-AUS-01A-2015,Australian Open,Hard,128,G,20150119,58,201620,,,Monica Puig,R,170,PUR,21.3,201613,,WC,Arina Rodionova,R,168,AUS,25.0,6-0 6-3,3,R128,,2,2,48,30,23,11,8,2,2,2,1,42,31,15,5,7,2,6,60,880,252,175
2015-W-SL-AUS-01A-2015,Australian Open,Hard,128,G,20150119,59,201517,,,Magdalena Rybarikova,R,180,SVK,26.2,211951,,,Ana Konjuh,R,174,CRO,17.0,6-4 6-4,3,R128,,5,3,60,39,28,8,,0,3,3,4,56,29,19,12,,2,7,47,1046,95,609
2015-W-SL-AUS-01A-2015,Australian Open,Hard,128,G,20150119,60,201397,21,,Shuai Peng,R,173,CHN,29.0,213583,,Q,Tatjana Maria,R,172,GER,27.4,6-4 7-5,3,R128,,1,3,54,32,25,15,11,0,2,4,4,75,36,29,12,11,5,9,22,1880,163,325
2015-W-SL-AUS-01A-2015,Australian Open,Hard,128,G,20150119,61,201610,31,,Zarina Diyas,R,172,KAZ,21.2,201524,,Q,Urszula Radwanska,R,177,POL,24.1,3-6 6-4 6-2,3,R128,,0,4,88,61,33,13,14,8,15,1,5,85,56,31,6,13,7,15,31,1460,149,367
2015-W-SL-AUS-01A-2015,Australian Open,Hard,128,G,20150119,62,203533,,,Anna Karolina Schmiedlova,R,176,SVK,20.3,201541,,,Chanelle Scheepers,R,176,RSA,30.8,6-4 4-6 6-2,3,R128,,3,5,101,61,42,15,,6,10,1,6,94,60,32,17,,5,11,74,727,83,677
2015-W-SL-AUS-01A-2015,Australian Open,Hard,128,G,20150119,63,201668,,Q,Alexandra Panova,R,179,RUS,25.8,201514,,,Sorana Cirstea,R,176,ROU,24.7,7-5 6-0,3,R128,,4,1,48,35,24,7,,1,3,1,5,61,37,19,7,,3,9,150,367,97,606
2015-W-SL-AUS-01A-2015,Australian Open,Hard,128,G,20150119,64,201345,2,,Maria Sharapova,R,188,RUS,27.7,201549,,Q,Petra Martic,R,181,CRO,24.0,6-4 6-1,3,R128,,6,5,66,37,27,14,9,5,6,4,5,58,36,25,4,8,4,8,2,7335,184,289
2015-W-SL-AUS-01A-2015,Australian Open,Hard,128,G,20150119,65,200033,1,,Serena Williams,R,175,USA,33.3,201329,,,Vera Zvonareva,R,172,RUS,30.3,7-5 6-0,3,R64,,5,2,52,33,23,12,9,3,5,2,2,67,40,20,10,9,6,12,1,8016,203,242
2015-W-SL-AUS-01A-2015,Australian Open,Hard,128,G,20150119,66,202494,26,,Elina Svitolina,R,174,UKR,20.3,202484,,,Nicole Gibbs,R,168,USA,21.8,7-6(3) 7-6(6),3,R64,,8,3,98,54,38,14,13,5,11,0,7,102,58,31,21,13,7,13,26,1780,96,607
2015-W-SL-AUS-01A-2015,Australian Open,Hard,128,G,20150119,67,202469,24,,Garbine Muguruza,R,182,ESP,21.2,201290,,,Daniela Hantuchova,R,181,SVK,31.7,6-1 1-6 6-0,3,R64,,5,4,75,35,23,15,10,6,11,2,7,59,39,16,6,10,4,12,24,1845,61,870
2015-W-SL-AUS-01A-2015,Australian Open,Hard,128,G,20150119,68,201490,,,Timea Bacsinszky,R,170,SUI,25.6,201588,,Q,Anna Tatishvili,R,171,GEO,24.9,6-7(5) 6-3 6-2,3,R64,,5,5,87,56,41,14,,0,3,1,1,88,64,36,12,,4,10,41,1214,141,394
2015-W-SL-AUS-01A-2015,Australian Open,Hard,128,G,20150119,69,201495,11,,Dominika Cibulkova,R,161,SVK,25.7,201450,,,Tsvetana Pironkova,R,180,BUL,27.3,6-2 6-0,3,R64,,0,2,44,30,20,8,7,4,5,1,1,55,33,15,6,7,4,10,10,3007,52,991
2015-W-SL-AUS-01A-2015,Australian Open,Hard,128,G,20150119,70,201427,19,,Alize Cornet,R,173,FRA,24.9,202653,,Q,Denisa Allertova,R,180,CZE,21.8,6-4 6-7(2) 6-2,3,R64,,3,6,87,62,38,10,15,2,7,3,9,119,73,40,20,16,10,18,19,2255,107,529
2015-W-SL-AUS-01A-2015,Australian Open,Hard,128,G,20150119,71,201366,25,,Barbora Strycova,R,164,CZE,28.8,201578,,WC,Kai Chen Chang,R,167,TPE,24.0,6-1 7-5,3,R64,,2,3,53,32,19,15,9,1,3,1,4,57,38,17,8,10,4,10,23,1870,402,76
2015-W-SL-AUS-01A-2015,Australian Open,Hard,128,G,20150119,72,201458,,,Victoria Azarenka,R,180,BLR,25.4,201496,8,,Caroline Wozniacki,R,177,DEN,24.5,6-4 6-2,3,R64,,1,3,59,41,26,9,9,2,4,2,4,71,52,29,6,9,8,13,44,1188,8,4625
2015-W-SL-AUS-01A-2015,Australian Open,Hard,128,G,20150119,73,201520,4,,Petra Kvitova,L,183,CZE,24.8,201621,,,Mona Barthel,R,185,GER,24.5,6-2 6-4,3,R64,,10,7,68,44,33,12,9,5,5,4,4,49,24,17,13,9,4,7,4,6360,43,1193
2015-W-SL-AUS-01A-2015,Australian Open,Hard,128,G,20150119,74,201619,,,Madison Keys,R,178,USA,19.9,201348,29,,Casey Dellacqua,L,165,AUS,29.9,2-6 6-1 6-1,3,R64,,5,3,80,47,36,15,11,5,7,0,6,75,47,22,16,11,5,10,35,1390,29,1542
2015-W-SL-AUS-01A-2015,Australian Open,Hard,128,G,20150119,75,201535,,,Coco Vandeweghe,R,185,USA,23.1,201325,20,,Samantha Stosur,R,172,AUS,30.8,6-4 6-4,3,R64,,11,1,53,32,28,12,10,0,0,6,1,64,37,25,14,10,2,4,37,1295,21,1895
2015-W-SL-AUS-01A-2015,Australian Open,Hard,128,G,20150119,76,201483,,,Madison Brengle,R,168,USA,24.7,201604,,WC,Irina Falconi,R,163,USA,24.7,6-1 6-3,3,R64,,4,0,38,26,20,10,8,0,1,3,3,50,34,19,3,8,4,9,64,852,111,514
2015-W-SL-AUS-01A-2015,Australian Open,Hard,128,G,20150119,77,202429,,,Camila Giorgi,R,168,ITA,23.0,202702,,,Tereza Smitkova,R,176,CZE,20.2,6-1 6-4,3,R64,,8,5,57,29,25,18,9,1,1,4,2,49,26,18,10,8,1,4,33,1395,68,811
2015-W-SL-AUS-01A-2015,Australian Open,Hard,128,G,20150119,78,200748,18,,Venus Williams,R,185,USA,34.5,201616,,,Lauren Davis,R,157,USA,21.2,6-2 6-3,3,R64,,4,0,44,21,17,14,9,1,3,0,4,59,39,19,9,8,3,8,18,2370,53,980
2015-W-SL-AUS-01A-2015,Australian Open,Hard,128,G,20150119,79,201478,30,,Varvara Lepchenko,L,180,USA,28.6,201548,,,Ajla Tomljanovic,R,180,AUS,21.7,6-1 7-6(1),3,R64,,4,2,64,41,28,14,10,0,1,3,1,73,45,26,12,10,3,6,30,1480,67,840
2015-W-SL-AUS-01A-2015,Australian Open,Hard,128,G,20150119,80,201474,6,,Agnieszka Radwanska,R,170,POL,25.8,201596,,,Johanna Larsson,R,174,SWE,26.4,6-0 6-1,3,R64,,3,1,37,23,21,9,7,1,1,0,2,29,18,7,2,6,3,8,6,4810,70,762
2015-W-SL-AUS-01A-2015,Australian Open,Hard,128,G,20150119,81,201556,,Q,Lucie Hradecka,R,177,CZE,29.6,201555,,,Polona Hercog,R,182,SLO,23.9,4-6 6-3 6-2,3,R64,,5,5,79,44,33,24,,4,5,2,3,88,53,38,15,,7,10,142,393,88,653
2015-W-SL-AUS-01A-2015,Australian Open,Hard,128,G,20150119,82,201504,,,Julia Goerges,R,180,GER,26.2,201344,,,Klara Koukalova,R,166,CZE,32.9,6-3 4-6 6-2,3,R64,,9,7,97,59,43,16,14,7,10,3,7,108,61,38,19,13,8,13,73,740,46,1090
2015-W-SL-AUS-01A-2015,Australian Open,Hard,128,G,20150119,83,201662,22,,Karolina Pliskova,R,184,CZE,22.8,206219,,WC,Oceane Dodin,R,,FRA,18.2,7-5 5-7 6-4,3,R64,,14,4,90,47,35,19,17,2,8,10,8,93,49,34,15,17,6,13,20,2075,183,295
2015-W-SL-AUS-01A-2015,Australian Open,Hard,128,G,20150119,84,201505,10,,Kate Makarova,L,178,RUS,26.6,201311,,,Roberta Vinci,R,163,ITA,31.9,6-2 6-4,3,R64,,1,3,52,29,21,15,9,0,1,3,0,60,35,25,9,9,8,12,11,2970,45,1137
2015-W-SL-AUS-01A-2015,Australian Open,Hard,128,G,20150119,85,201506,14,,Sara Errani,R,164,ITA,27.7,201562,,,Silvia Soler Espinosa,R,169,ESP,27.1,7-6(3) 6-3,3,R64,,0,2,75,58,33,8,12,3,8,2,2,71,47,23,8,10,1,7,14,2735,69,788
2015-W-SL-AUS-01A-2015,Australian Open,Hard,128,G,20150119,86,201518,,,Yanina Wickmayer,R,182,BEL,25.2,202418,,,Lara Arruabarrena,R,166,ESP,22.8,6-4 4-6 6-4,3,R64,,10,8,105,66,47,19,15,7,10,1,9,106,53,38,24,15,10,14,80,679,91,625
2015-W-SL-AUS-01A-2015,Australian Open,Hard,128,G,20150119,87,201318,,,Bethanie Mattek Sands,R,168,USA,29.8,201540,,,Kristina Mladenovic,R,184,FRA,21.6,7-6(3) 7-6(6),3,R64,,4,2,100,74,45,16,13,8,11,4,3,85,47,29,18,13,2,5,258,169,71,755
2015-W-SL-AUS-01A-2015,Australian Open,Hard,128,G,20150119,88,201594,3,,Simona Halep,R,168,ROU,23.3,201457,,,Jarmila Gajdosova,R,174,AUS,27.7,6-2 6-2,3,R64,,7,2,52,38,30,6,8,1,1,1,2,51,27,19,8,8,1,5,3,6571,62,865
2015-W-SL-AUS-01A-2015,Australian Open,Hard,128,G,20150119,89,202446,7,,Eugenie Bouchard,R,178,CAN,20.8,202428,,,Kiki Bertens,R,182,NED,23.1,6-0 6-3,3,R64,,2,1,43,30,21,6,8,0,2,1,3,46,26,12,4,7,5,11,7,4715,72,751
2015-W-SL-AUS-01A-2015,Australian Open,Hard,128,G,20150119,90,201614,,,Caroline Garcia,R,177,FRA,21.2,201527,,,Stefanie Voegele,R,170,SUI,24.8,6-3 6-4,3,R64,,11,6,55,35,33,8,10,3,4,1,3,65,38,24,12,9,3,6,36,1341,94,610
2015-W-SL-AUS-01A-2015,Australian Open,Hard,128,G,20150119,91,202489,,,Carina Witthoeft,R,176,GER,19.9,201539,,,Christina Mchale,R,170,USA,22.6,6-3 6-0,3,R64,,6,4,36,22,17,8,8,0,2,0,1,37,22,9,3,7,1,7,104,555,54,955
2015-W-SL-AUS-01A-2015,Australian Open,Hard,128,G,20150119,92,201593,,,Irina Camelia Begu,R,181,ROU,24.3,211701,,,Katerina Siniakova,R,174,CZE,18.6,7-5 6-4,3,R64,,1,7,80,46,27,16,11,4,8,1,5,92,69,40,5,11,12,18,42,1201,81,678
2015-W-SL-AUS-01A-2015,Australian Open,Hard,128,G,20150119,93,201468,,,Yaroslava Shvedova,R,180,KAZ,27.3,201620,,,Monica Puig,R,170,PUR,21.3,6-2 7-6(6),3,R64,,9,4,81,58,41,9,11,6,8,5,5,70,37,24,15,10,7,11,66,844,60,880
2015-W-SL-AUS-01A-2015,Australian Open,Hard,128,G,20150119,94,201397,21,,Shuai Peng,R,173,CHN,29.0,201517,,,Magdalena Rybarikova,R,180,SVK,26.2,6-1 6-1,3,R64,,6,2,53,39,29,6,7,4,4,0,2,53,34,18,6,7,5,10,22,1880,47,1046
2015-W-SL-AUS-01A-2015,Australian Open,Hard,128,G,20150119,95,201610,31,,Zarina Diyas,R,172,KAZ,21.2,203533,,,Anna Karolina Schmiedlova,R,176,SVK,20.3,3-6 6-2 8-6,3,R64,,7,4,119,79,49,19,16,5,10,5,11,116,68,40,22,15,9,15,31,1460,74,727
2015-W-SL-AUS-01A-2015,Australian Open,Hard,128,G,20150119,96,201345,2,,Maria Sharapova,R,188,RUS,27.7,201668,,Q,Alexandra Panova,R,179,RUS,25.8,6-1 4-6 7-5,3,R64,,8,6,87,49,33,22,14,6,10,5,3,100,66,40,11,15,7,14,2,7335,150,367
2015-W-SL-AUS-01A-2015,Australian Open,Hard,128,G,20150119,97,200033,1,,Serena Williams,R,175,USA,33.3,202494,26,,Elina Svitolina,R,174,UKR,20.3,4-6 6-2 6-0,3,R32,,9,2,77,54,33,11,12,5,9,5,7,87,50,27,12,12,10,18,1,8016,26,1780
2015-W-SL-AUS-01A-2015,Australian Open,Hard,128,G,20150119,98,202469,24,,Garbine Muguruza,R,182,ESP,21.2,201490,,,Timea Bacsinszky,R,170,SUI,25.6,6-3 4-6 6-0,3,R32,,4,6,81,47,35,14,12,5,8,4,3,93,49,28,18,13,8,15,24,1845,41,1214
2015-W-SL-AUS-01A-2015,Australian Open,Hard,128,G,20150119,99,201495,11,,Dominika Cibulkova,R,161,SVK,25.7,201427,19,,Alize Cornet,R,173,FRA,24.9,7-5 6-2,3,R32,,0,2,71,51,29,12,10,8,11,3,2,71,40,23,11,10,7,13,10,3007,19,2255
2015-W-SL-AUS-01A-2015,Australian Open,Hard,128,G,20150119,100,201458,,,Victoria Azarenka,R,180,BLR,25.4,201366,25,,Barbora Strycova,R,164,CZE,28.8,6-4 6-4,3,R32,,0,4,75,55,32,8,10,9,13,1,0,55,29,16,11,10,4,10,44,1188,23,1870
2015-W-SL-AUS-01A-2015,Australian Open,Hard,128,G,20150119,101,201619,,,Madison Keys,R,178,USA,19.9,201520,4,,Petra Kvitova,L,183,CZE,24.8,6-4 7-5,3,R32,,4,4,60,34,21,15,11,1,4,1,6,66,34,20,13,11,6,11,35,1390,4,6360
2015-W-SL-AUS-01A-2015,Australian Open,Hard,128,G,20150119,102,201483,,,Madison Brengle,R,168,USA,24.7,201535,,,Coco Vandeweghe,R,185,USA,23.1,6-3 6-2,3,R32,,2,1,71,44,27,16,9,7,8,4,2,52,22,11,15,8,4,8,64,852,37,1295
2015-W-SL-AUS-01A-2015,Australian Open,Hard,128,G,20150119,103,200748,18,,Venus Williams,R,185,USA,34.5,202429,,,Camila Giorgi,R,168,ITA,23.0,4-6 7-6(3) 6-1,3,R32,,8,4,94,61,39,17,14,7,11,2,16,124,66,39,24,16,15,21,18,2370,33,1395
2015-W-SL-AUS-01A-2015,Australian Open,Hard,128,G,20150119,104,201474,6,,Agnieszka Radwanska,R,170,POL,25.8,201478,30,,Varvara Lepchenko,L,180,USA,28.6,6-0 7-5,3,R32,,5,0,50,30,25,12,9,2,3,1,3,63,36,21,10,9,4,9,6,4810,30,1480
2015-W-SL-AUS-01A-2015,Australian Open,Hard,128,G,20150119,105,201504,,,Julia Goerges,R,180,GER,26.2,201556,,Q,Lucie Hradecka,R,177,CZE,29.6,7-6(6) 7-5,3,R32,,2,2,78,47,34,19,12,1,3,2,3,79,54,41,11,13,6,9,73,740,142,393
2015-W-SL-AUS-01A-2015,Australian Open,Hard,128,G,20150119,106,201505,10,,Kate Makarova,L,178,RUS,26.6,201662,22,,Karolina Pliskova,R,184,CZE,22.8,6-4 6-4,3,R32,,4,1,56,37,30,11,10,3,4,4,3,58,40,28,7,10,3,6,11,2970,20,2075
2015-W-SL-AUS-01A-2015,Australian Open,Hard,128,G,20150119,107,201518,,,Yanina Wickmayer,R,182,BEL,25.2,201506,14,,Sara Errani,R,164,ITA,27.7,4-6 6-4 6-3,3,R32,,2,1,101,72,44,14,15,5,9,0,4,96,84,50,4,14,6,11,80,679,14,2735
2015-W-SL-AUS-01A-2015,Australian Open,Hard,128,G,20150119,108,201594,3,,Simona Halep,R,168,ROU,23.3,201318,,,Bethanie Mattek Sands,R,168,USA,29.8,6-4 7-5,3,R32,,3,5,66,28,22,21,11,2,4,2,3,74,43,27,14,11,5,9,3,6571,258,169
2015-W-SL-AUS-01A-2015,Australian Open,Hard,128,G,20150119,109,202446,7,,Eugenie Bouchard,R,178,CAN,20.8,201614,,,Caroline Garcia,R,177,FRA,21.2,7-5 6-0,3,R32,,1,2,55,29,17,14,9,2,5,0,3,72,36,18,13,9,9,16,7,4715,36,1341
2015-W-SL-AUS-01A-2015,Australian Open,Hard,128,G,20150119,110,201593,,,Irina Camelia Begu,R,181,ROU,24.3,202489,,,Carina Witthoeft,R,176,GER,19.9,6-4 6-4,3,R32,,5,7,67,40,25,13,10,6,9,6,6,55,30,20,9,10,3,8,42,1201,104,555
2015-W-SL-AUS-01A-2015,Australian Open,Hard,128,G,20150119,111,201397,21,,Shuai Peng,R,173,CHN,29.0,201468,,,Yaroslava Shvedova,R,180,KAZ,27.3,7-6(7) 6-3,3,R32,,1,2,74,50,26,13,11,4,7,3,6,96,63,34,13,11,8,13,22,1880,66,844
2015-W-SL-AUS-01A-2015,Australian Open,Hard,128,G,20150119,112,201345,2,,Maria Sharapova,R,188,RUS,27.7,201610,31,,Zarina Diyas,R,172,KAZ,21.2,6-1 6-1,3,R32,,3,4,40,23,18,9,7,3,4,0,2,48,28,11,8,7,4,10,2,7335,31,1460
2015-W-SL-AUS-01A-2015,Australian Open,Hard,128,G,20150119,113,200033,1,,Serena Williams,R,175,USA,33.3,202469,24,,Garbine Muguruza,R,182,ESP,21.2,2-6 6-3 6-2,3,R16,,17,5,85,49,38,15,13,8,11,4,2,98,58,34,19,12,14,18,1,8016,24,1845
2015-W-SL-AUS-01A-2015,Australian Open,Hard,128,G,20150119,114,201495,11,,Dominika Cibulkova,R,161,SVK,25.7,201458,,,Victoria Azarenka,R,180,BLR,25.4,6-2 3-6 6-3,3,R16,,3,1,84,55,32,13,13,4,9,5,3,91,59,33,14,13,8,15,10,3007,44,1188
2015-W-SL-AUS-01A-2015,Australian Open,Hard,128,G,20150119,115,201619,,,Madison Keys,R,178,USA,19.9,201483,,,Madison Brengle,R,168,USA,24.7,6-2 6-4,3,R16,,,,,,,,,,,,,,,,,,,,35,1390,64,852
2015-W-SL-AUS-01A-2015,Australian Open,Hard,128,G,20150119,116,200748,18,,Venus Williams,R,185,USA,34.5,201474,6,,Agnieszka Radwanska,R,170,POL,25.8,6-3 2-6 6-1,3,R16,,6,1,87,51,35,17,12,4,7,4,2,102,73,45,8,12,10,15,18,2370,6,4810
2015-W-SL-AUS-01A-2015,Australian Open,Hard,128,G,20150119,117,201505,10,,Kate Makarova,L,178,RUS,26.6,201504,,,Julia Goerges,R,180,GER,26.2,6-3 6-2,3,R16,,1,2,48,27,23,8,8,4,6,1,2,53,32,19,4,9,3,9,11,2970,73,740
2015-W-SL-AUS-01A-2015,Australian Open,Hard,128,G,20150119,118,201594,3,,Simona Halep,R,168,ROU,23.3,201518,,,Yanina Wickmayer,R,182,BEL,25.2,6-4 6-2,3,R16,,5,4,50,29,23,10,9,0,2,0,2,72,42,26,10,9,8,13,3,6571,80,679
2015-W-SL-AUS-01A-2015,Australian Open,Hard,128,G,20150119,119,202446,7,,Eugenie Bouchard,R,178,CAN,20.8,201593,,,Irina Camelia Begu,R,181,ROU,24.3,6-1 5-7 6-2,3,R16,,3,4,94,52,36,20,14,10,14,6,3,92,63,35,8,13,5,12,7,4715,42,1201
2015-W-SL-AUS-01A-2015,Australian Open,Hard,128,G,20150119,120,201345,2,,Maria Sharapova,R,188,RUS,27.7,201397,21,,Shuai Peng,R,173,CHN,29.0,6-3 6-0,3,R16,,2,4,49,22,16,18,8,4,5,5,3,55,26,15,10,7,7,12,2,7335,22,1880
2015-W-SL-AUS-01A-2015,Australian Open,Hard,128,G,20150119,121,200033,1,,Serena Williams,R,175,USA,33.3,201495,11,,Dominika Cibulkova,R,161,SVK,25.7,6-2 6-2,3,QF,,15,3,46,24,20,13,8,2,2,1,3,50,25,13,12,8,3,7,1,8016,10,3007
2015-W-SL-AUS-01A-2015,Australian Open,Hard,128,G,20150119,122,201619,,,Madison Keys,R,178,USA,19.9,200748,18,,Venus Williams,R,185,USA,34.5,6-3 4-6 6-4,3,QF,,6,2,92,50,34,18,14,5,10,3,1,82,42,29,12,15,2,9,35,1390,18,2370
2015-W-SL-AUS-01A-2015,Australian Open,Hard,128,G,20150119,123,201505,10,,Kate Makarova,L,178,RUS,26.6,201594,3,,Simona Halep,R,168,ROU,23.3,6-4 6-0,3,QF,,0,0,61,46,28,10,8,8,9,3,4,50,28,15,8,8,1,6,11,2970,3,6571
2015-W-SL-AUS-01A-2015,Australian Open,Hard,128,G,20150119,124,201345,2,,Maria Sharapova,R,188,RUS,27.7,202446,7,,Eugenie Bouchard,R,178,CAN,20.8,6-3 6-2,3,QF,,2,4,50,32,27,9,8,2,2,0,2,62,41,26,6,9,4,8,2,7335,7,4715
2015-W-SL-AUS-01A-2015,Australian Open,Hard,128,G,20150119,125,200033,1,,Serena Williams,R,175,USA,33.3,201619,,,Madison Keys,R,178,USA,19.9,7-6(5) 6-2,3,SF,,13,1,66,41,30,17,11,2,3,12,3,80,50,35,14,10,10,13,1,8016,35,1390
2015-W-SL-AUS-01A-2015,Australian Open,Hard,128,G,20150119,126,201345,2,,Maria Sharapova,R,188,RUS,27.7,201505,10,,Kate Makarova,L,178,RUS,26.6,6-3 6-2,3,SF,,3,7,58,32,26,13,9,5,6,0,0,61,41,23,7,8,5,9,2,7335,11,2970
2015-W-SL-AUS-01A-2015,Australian Open,Hard,128,G,20150119,127,200033,1,,Serena Williams,R,175,USA,33.3,201345,2,,Maria Sharapova,R,188,RUS,27.7,6-3 7-6(5),3,F,,18,4,68,44,37,9,11,3,4,5,4,72,42,28,14,11,4,7,1,8016,2,7335
2016-580,Australian Open,Hard,128,G,20160118,100,200033,1,,Serena Williams,R,175,USA,34.3,202429,,,Camila Giorgi,R,168,ITA,24.0,6-4 7-5,3,R128,105,9,2,55,29,25,17,11,0,1,7,12,83,37,24,22,11,7,10,1,9945,36,1325
2016-580,Australian Open,Hard,128,G,20160118,101,201444,,,Su Wei Hsieh,R,169,TPE,30.0,211533,,,Jelena Ostapenko,R,177,LAT,18.6,3-6 7-5 6-1,3,R128,119,2,2,106,56,36,20,14,7,13,5,15,91,38,23,20,14,4,12,90,717,81,771
2016-580,Australian Open,Hard,128,G,20160118,102,211951,,,Ana Konjuh,R,174,CRO,18.0,201524,,,Urszula Radwanska,R,177,POL,25.1,0-6 6-4 6-3,3,R128,113,1,3,91,64,31,12,13,10,17,3,3,73,51,29,9,12,4,10,87,730,108,602
2016-580,Australian Open,Hard,128,G,20160118,103,214082,,,Daria Kasatkina,R,170,RUS,18.6,203533,27,,Anna Karolina Schmiedlova,R,176,SVK,21.3,6-3 6-3,3,R128,79,3,5,71,42,30,12,9,5,7,3,9,55,29,18,9,9,3,8,69,849,29,1875
2016-580,Australian Open,Hard,128,G,20160118,104,202506,,,Margarita Gasparyan,R,183,RUS,21.3,201506,17,,Sara Errani,R,164,ITA,28.7,1-6 7-5 6-1,3,R128,132,2,4,93,58,35,18,13,5,9,1,3,77,65,41,2,13,10,15,58,959,19,2525
2016-580,Australian Open,Hard,128,G,20160118,105,201597,,,Kurumi Nara,R,155,JPN,24.0,206219,,,Oceane Dodin,R,,FRA,19.2,7-6 6-2,3,R128,90,3,4,80,59,40,10,11,7,9,2,5,67,35,21,14,10,6,10,94,680,147,378
2016-580,Australian Open,Hard,128,G,20160118,106,201580,,,Xinyun Han,L,172,CHN,25.6,201531,,,Mariana Duque Marino,R,169,COL,26.4,6-2 2-1,3,R128,53,1,0,30,19,17,6,6,0,0,1,3,33,14,8,9,5,4,7,162,346,77,792
2016-580,Australian Open,Hard,128,G,20160118,107,201709,,,Yulia Putintseva,R,163,KAZ,21.0,201496,16,,Caroline Wozniacki,R,177,DEN,25.5,1-6 7-6 6-4,3,R128,192,3,4,118,87,54,12,15,13,18,1,3,94,55,41,17,15,6,10,76,793,18,2571
2016-580,Australian Open,Hard,128,G,20160118,108,202505,12,,Belinda Bencic,R,175,SUI,18.8,201590,,,Alison Riske Amritraj,R,173,USA,25.5,6-4 6-3,3,R128,69,5,2,52,39,30,9,10,1,1,3,3,56,37,26,10,9,3,6,13,3030,88,722
2016-580,Australian Open,Hard,128,G,20160118,109,201693,,,Timea Babos,R,179,HUN,22.6,201586,,,Heather Watson,R,170,GBR,23.6,6-7 7-5 7-5,3,R128,168,9,3,118,75,56,18,19,8,12,8,1,110,63,44,22,18,9,15,60,943,79,774
2016-580,Australian Open,Hard,128,G,20160118,110,201435,,,Kateryna Bondarenko,R,175,UKR,29.4,201548,,,Ajla Tomljanovic,R,180,AUS,22.6,7-6 6-3,3,R128,100,1,5,74,50,29,11,11,7,12,4,3,88,48,25,15,11,8,15,92,708,67,875
2016-580,Australian Open,Hard,128,G,20160118,111,201320,23,,Svetlana Kuznetsova,R,174,RUS,30.5,201290,,,Daniela Hantuchova,R,181,SVK,32.7,6-0 6-2,3,R128,61,10,0,33,24,21,7,7,0,0,0,8,57,34,17,7,7,7,12,20,2475,89,719
2016-580,Australian Open,Hard,128,G,20160118,112,201616,,,Lauren Davis,R,157,USA,22.2,201499,26,,Anastasia Pavlyuchenkova,R,177,RUS,24.5,1-6 6-3 6-4,3,R128,147,0,7,88,40,25,28,13,2,6,3,6,93,59,42,11,13,6,10,103,618,28,1880
2016-580,Australian Open,Hard,128,G,20160118,113,201517,,,Magdalena Rybarikova,R,180,SVK,27.2,201518,,,Yanina Wickmayer,R,182,BEL,26.2,3-6 6-3 7-5,3,R128,134,11,7,119,63,43,23,15,8,13,5,8,89,61,36,14,15,6,12,75,798,41,1214
2016-580,Australian Open,Hard,128,G,20160118,114,205925,,,Aliaksandra Sasnovich,R,174,BLR,21.8,201516,,,Evgeniya Rodina,R,170,RUS,26.9,6-3 7-6,3,R128,100,7,6,76,49,30,15,11,5,9,1,7,72,47,28,7,11,2,8,105,610,91,716
2016-580,Australian Open,Hard,128,G,20160118,115,201345,5,,Maria Sharapova,R,188,RUS,28.7,211702,,,Nao Hibino,R,163,JPN,21.1,6-1 6-3,3,R128,73,11,2,46,28,24,8,8,0,1,1,2,60,43,18,9,8,10,15,5,4542,56,970
2016-580,Australian Open,Hard,128,G,20160118,116,201474,4,,Agnieszka Radwanska,R,170,POL,26.8,201539,,,Christina Mchale,R,170,USA,23.6,6-2 6-3,3,R128,80,3,1,57,33,21,8,9,2,6,1,1,55,29,14,7,8,4,11,4,4670,65,920
2016-580,Australian Open,Hard,128,G,20160118,117,202446,,,Eugenie Bouchard,R,178,CAN,21.8,202434,,,Aleksandra Krunic,R,163,SRB,22.8,6-3 6-4,3,R128,66,1,3,50,30,23,13,10,0,1,1,3,59,34,19,15,9,2,5,37,1302,119,515
2016-580,Australian Open,Hard,128,G,20160118,118,201620,,,Monica Puig,R,170,PUR,22.3,202663,,,Magda Linette,R,171,POL,23.9,6-3 6-0,3,R128,62,4,2,48,30,21,12,8,2,3,0,3,39,22,11,4,7,0,5,52,990,93,699
2016-580,Australian Open,Hard,128,G,20160118,119,201697,,,Kristyna Pliskova,L,184,CZE,23.8,201325,25,,Samantha Stosur,R,172,AUS,31.8,6-4 7-6,3,R128,103,10,5,89,56,39,12,12,8,11,4,2,74,40,25,16,11,2,6,114,548,27,1935
2016-580,Australian Open,Hard,128,G,20160118,120,202492,,,Qiang Wang,R,172,CHN,24.0,201585,24,,Sloane Stephens,R,170,USA,22.8,6-3 6-3,3,R128,83,0,5,70,42,26,14,9,12,14,2,0,69,46,25,8,9,6,11,102,621,26,1965
2016-580,Australian Open,Hard,128,G,20160118,121,204431,,,Anna Lena Friedsam,R,,GER,21.9,201452,,,Lourdes Dominguez Lino,R,163,ESP,34.8,7-6 2-6 6-1,3,R128,133,5,6,96,51,34,22,14,5,8,2,4,106,61,37,22,14,8,12,82,770,100,643
2016-580,Australian Open,Hard,128,G,20160118,122,201604,,,Irina Falconi,R,163,USA,25.7,201588,,,Anna Tatishvili,R,171,GEO,25.9,6-4 3-6 8-6,3,R128,165,3,2,110,58,31,25,17,9,16,2,9,135,75,44,26,16,13,20,74,807,101,624
2016-580,Australian Open,Hard,128,G,20160118,123,201311,13,,Roberta Vinci,R,163,ITA,32.9,201481,,,Tamira Paszek,R,165,AUT,25.1,6-4 6-2,3,R128,71,3,2,51,34,28,8,9,4,5,2,5,58,35,22,8,9,2,6,15,2825,126,439
2016-580,Australian Open,Hard,128,G,20160118,124,201521,10,,Carla Suarez Navarro,R,162,ESP,27.3,203530,,,Viktorija Golubic,R,169,SUI,23.2,7-5 6-4,3,R128,103,0,1,74,52,35,15,11,4,5,1,0,67,46,29,12,11,3,6,11,3175,149,377
2016-580,Australian Open,Hard,128,G,20160118,125,206289,,,Maria Sakkari,R,172,GRE,20.4,206374,,,Yafan Wang,R,170,CHN,21.7,6-4 1-6 6-3,3,R128,151,9,3,91,73,42,4,13,11,18,0,2,93,59,29,16,13,3,10,170,322,138,412
2016-580,Australian Open,Hard,128,G,20160118,126,201512,,,Monica Niculescu,R,168,ROU,28.3,202694,,,Teliana Pereira,R,168,BRA,27.4,6-2 6-1,3,R128,75,6,2,54,25,18,16,8,1,2,0,1,38,21,10,4,7,0,5,40,1245,46,1132
2016-580,Australian Open,Hard,128,G,20160118,127,206404,,,Elizaveta Kulichkova,R,,RUS,19.7,201492,22,,Andrea Petkovic,R,180,GER,28.3,7-5 6-4,3,R128,87,4,3,64,31,21,17,11,3,6,3,2,66,44,26,10,11,4,9,109,601,25,2230
2016-580,Australian Open,Hard,128,G,20160118,128,201540,28,,Kristina Mladenovic,R,184,FRA,22.6,201495,,,Dominika Cibulkova,R,161,SVK,26.7,6-3 6-4,3,R128,77,9,5,60,30,22,17,10,5,7,1,3,48,27,15,9,9,2,6,30,1725,38,1301
2016-580,Australian Open,Hard,128,G,20160118,129,202484,,,Nicole Gibbs,R,168,USA,22.8,201344,,,Klara Koukalova,R,166,CZE,33.8,6-2 2-6 6-1,3,R128,99,3,1,84,46,33,19,12,9,12,0,10,89,56,33,11,11,8,13,106,609,99,645
2016-580,Australian Open,Hard,128,G,20160118,130,201611,,,Daria Saville,R,166,AUS,21.8,201556,,,Lucie Hradecka,R,177,CZE,30.6,7-6 6-4,3,R128,104,3,5,82,58,41,13,12,10,10,6,3,65,29,24,19,11,2,3,39,1275,53,979
2016-580,Australian Open,Hard,128,G,20160118,131,201520,6,,Petra Kvitova,L,183,CZE,25.8,202503,,,Luksika Kumkhum,R,167,THA,22.4,6-3 6-1,3,R128,70,5,2,40,24,19,10,8,0,1,0,8,55,24,13,12,8,4,9,7,3642,158,349
2016-580,Australian Open,Hard,128,G,20160118,132,201493,7,,Angelique Kerber,L,173,GER,28.0,201595,,,Misaki Doi,L,159,JPN,24.7,6-7 7-6 6-3,3,R128,161,6,3,105,61,43,23,18,4,7,3,2,141,89,56,23,17,10,15,6,3710,64,922
2016-580,Australian Open,Hard,128,G,20160118,133,201567,,,Alexandra Dulgheru,R,172,ROU,26.6,204411,,,Storm Hunter,L,166,AUS,21.4,6-4 6-2,3,R128,74,3,4,55,33,25,9,9,2,4,1,5,61,42,25,4,9,3,8,61,926,355,107
2016-580,Australian Open,Hard,128,G,20160118,134,201483,,,Madison Brengle,R,168,USA,25.7,201535,,,Coco Vandeweghe,R,185,USA,24.1,6-3 6-4,3,R128,82,2,1,72,43,29,16,10,9,10,3,6,58,26,19,15,9,3,6,49,1070,42,1188
2016-580,Australian Open,Hard,128,G,20160118,135,201596,,,Johanna Larsson,R,174,SWE,27.4,201593,29,,Irina Camelia Begu,R,181,ROU,25.3,6-3 6-2,3,R128,80,3,1,52,30,22,13,9,0,1,3,3,68,39,21,12,8,7,11,50,1043,31,1630
2016-580,Australian Open,Hard,128,G,20160118,136,201347,19,,Jelena Jankovic,R,177,SRB,30.8,201555,,,Polona Hercog,R,182,SLO,24.9,6-3 6-3,3,R128,87,3,4,64,43,27,9,9,7,10,2,2,73,36,19,14,9,10,16,22,2445,72,835
2016-580,Australian Open,Hard,128,G,20160118,137,201696,,,Laura Siegemund,R,168,GER,27.8,202428,,,Kiki Bertens,R,182,NED,24.1,6-4 7-5,3,R128,104,1,1,69,58,35,7,11,3,6,3,8,76,40,26,17,11,9,14,97,654,95,678
2016-580,Australian Open,Hard,128,G,20160118,138,202470,,,Annika Beck,R,170,GER,21.9,211880,,,Priscilla Hon,R,171,AUS,17.6,6-0 6-3,3,R128,64,0,3,46,33,24,5,8,1,2,2,1,50,29,12,8,7,5,11,55,976,335,117
2016-580,Australian Open,Hard,128,G,20160118,139,201490,11,,Timea Bacsinszky,R,170,SUI,26.6,211701,,,Katerina Siniakova,R,174,CZE,19.6,6-3 7-5,3,R128,99,1,2,63,41,26,12,11,4,7,0,3,69,35,22,10,10,3,8,14,2954,98,651
2016-580,Australian Open,Hard,128,G,20160118,140,201458,14,,Victoria Azarenka,R,180,BLR,26.4,202421,,,Alison Van Uytvanck,R,173,BEL,21.8,6-0 6-0,3,R128,53,0,2,29,22,20,4,6,0,0,2,1,43,24,12,2,6,3,9,16,2745,43,1166
2016-580,Australian Open,Hard,128,G,20160118,141,203575,,,Danka Kovinic,R,169,MNE,21.1,202496,,,Samantha Crawford,R,188,USA,20.9,6-2 6-4,3,R128,69,2,4,56,33,27,13,9,3,4,1,5,66,42,26,9,9,6,10,54,977,107,604
2016-580,Australian Open,Hard,128,G,20160118,142,211768,,,Naomi Osaka,R,180,JPN,18.2,202499,,,Donna Vekic,R,179,CRO,19.5,6-3 6-2,3,R128,72,2,2,59,29,21,16,9,2,4,3,8,68,28,18,14,8,5,10,127,436,104,616
2016-580,Australian Open,Hard,128,G,20160118,143,202494,18,,Elina Svitolina,R,174,UKR,21.3,202497,,,Victoria Duval,R,178,USA,20.1,6-2 6-3,3,R128,69,5,3,76,46,31,16,9,8,9,0,7,52,36,21,3,8,2,6,21,2465,654,30
2016-580,Australian Open,Hard,128,G,20160118,144,201366,,,Barbora Strycova,R,164,CZE,29.8,201614,32,,Caroline Garcia,R,177,FRA,22.2,6-2 6-4,3,R128,82,4,3,53,38,30,9,9,3,3,1,1,61,39,26,10,9,3,6,48,1075,34,1420
2016-580,Australian Open,Hard,128,G,20160118,145,201447,,,Vania King,R,165,USA,26.8,201621,,,Mona Barthel,R,185,GER,25.5,3-6 7-5 6-4,3,R128,119,0,3,111,71,50,17,16,7,10,13,7,80,52,38,16,15,1,4,349,109,44,1165
2016-580,Australian Open,Hard,128,G,20160118,146,201465,,,Kirsten Flipkens,R,165,BEL,30.0,200002,,,Mirjana Lucic,R,181,CRO,33.8,5-7 6-2 7-5,3,R128,126,1,3,110,72,47,17,16,8,13,3,14,100,44,29,22,16,7,14,80,773,68,860
2016-580,Australian Open,Hard,128,G,20160118,147,202469,3,,Garbine Muguruza,R,182,ESP,22.2,204426,,,Anett Kontaveit,R,174,EST,20.0,6-0 6-4,3,R128,60,3,0,42,23,21,11,8,0,0,2,4,50,29,18,7,8,3,7,3,5101,85,743
2016-580,Australian Open,Hard,128,G,20160118,148,202427,,,Johanna Konta,R,180,GBR,24.6,200748,8,,Venus Williams,R,185,USA,35.5,6-4 6-2,3,R128,79,5,1,52,31,22,12,9,2,4,1,1,52,33,17,10,9,3,8,47,1098,10,3511
2016-580,Australian Open,Hard,128,G,20160118,149,202453,,,Saisai Zheng,R,170,CHN,21.9,202489,,,Carina Witthoeft,R,176,GER,20.9,6-1 6-2,3,R128,73,2,5,47,29,20,8,8,5,7,3,9,57,35,17,5,7,5,12,83,760,62,925
2016-580,Australian Open,Hard,128,G,20160118,150,202653,,,Denisa Allertova,R,180,CZE,22.8,201318,,,Bethanie Mattek Sands,R,168,USA,30.8,6-4 6-7 6-3,3,R128,134,3,6,106,72,50,17,16,5,8,3,4,110,63,41,24,16,7,12,66,917,63,922
2016-580,Australian Open,Hard,128,G,20160118,151,201513,30,,Sabine Lisicki,R,178,GER,26.3,201508,,,Petra Cetkovska,R,172,CZE,30.9,6-4 6-4,3,R128,74,5,3,60,35,28,17,10,4,4,4,2,70,42,31,13,10,4,6,32,1622,132,423
2016-580,Australian Open,Hard,128,G,20160118,152,201505,21,,Kate Makarova,L,178,RUS,27.6,213666,,,Maddison Inglis,R,171,AUS,18.0,6-3 6-0,3,R128,58,0,2,37,22,17,10,8,3,4,1,3,52,27,12,8,7,3,9,24,2300,779,19
2016-580,Australian Open,Hard,128,G,20160118,153,213583,,,Tatjana Maria,R,172,GER,28.4,201501,,,Olga Govortsova,R,182,BLR,27.4,6-4 6-3,3,R128,73,7,3,66,36,24,16,10,2,4,0,1,44,29,17,6,9,0,4,73,824,71,835
2016-580,Australian Open,Hard,128,G,20160118,154,201504,,,Julia Goerges,R,180,GER,27.2,202671,,,Cristina Andreea Mitu,R,175,ROU,24.3,6-3 6-4,3,R128,73,15,4,69,40,34,14,10,3,3,1,3,47,30,24,9,9,2,4,45,1160,96,655
2016-580,Australian Open,Hard,128,G,20160118,155,201662,9,,Karolina Pliskova,R,184,CZE,23.8,214040,,,Kimberly Birrell,R,170,AUS,17.7,6-4 6-4,3,R128,79,13,1,60,37,30,10,10,0,2,3,2,61,29,11,21,10,3,7,12,3090,296,142
2016-580,Australian Open,Hard,128,G,20160118,156,201619,15,,Madison Keys,R,178,USA,20.9,201610,,,Zarina Diyas,R,172,KAZ,22.2,7-6 6-1,3,R128,84,4,0,67,45,29,16,10,3,4,0,2,59,41,26,9,10,3,6,17,2600,57,965
2016-580,Australian Open,Hard,128,G,20160118,157,201468,,,Yaroslava Shvedova,R,180,KAZ,28.3,201450,,,Tsvetana Pironkova,R,180,BUL,28.3,6-4 6-4,3,R128,90,11,3,55,33,23,17,10,2,3,0,2,87,61,39,9,10,8,11,70,839,78,781
2016-580,Australian Open,Hard,128,G,20160118,158,201545,,,Anastasija Sevastova,R,169,LAT,25.7,201457,,,Jarmila Gajdosova,R,174,AUS,28.7,6-0 4-2,3,R128,54,7,3,45,27,19,8,6,2,3,0,3,42,24,11,4,6,2,7,113,551,122,491
2016-580,Australian Open,Hard,128,G,20160118,159,201421,20,,Ana Ivanovic,R,184,SRB,28.1,203526,,,Tammi Patterson,R,167,AUS,26.0,6-2 6-3,3,R128,74,4,3,57,30,25,15,9,0,0,0,4,58,35,24,9,8,6,9,23,2341,459,65
2016-580,Australian Open,Hard,128,G,20160118,160,201478,,,Varvara Lepchenko,L,180,USA,29.6,201615,31,,Lesia Tsurenko,R,174,UKR,26.6,6-7 6-2 6-3,3,R128,159,3,1,110,71,46,23,15,6,8,4,6,106,73,44,16,15,8,13,51,1040,35,1398
2016-580,Australian Open,Hard,128,G,20160118,161,202418,,,Lara Arruabarrena,R,166,ESP,23.8,202628,,,Maryna Zanevska,R,175,BEL,22.4,6-7 6-3 6-3,3,R128,140,4,1,112,80,47,12,16,11,17,4,4,106,50,31,17,15,9,18,86,742,146,385
2016-580,Australian Open,Hard,128,G,20160118,162,201427,,,Alize Cornet,R,173,FRA,25.9,201587,,,Bojana Jovanovski,R,175,SRB,24.0,6-1 6-0,3,R128,48,2,1,44,29,22,10,7,4,4,1,3,38,18,7,6,6,2,7,33,1430,84,755
2016-580,Australian Open,Hard,128,G,20160118,163,201533,,,Shuai Zhang,R,177,CHN,26.9,201594,2,,Simona Halep,R,168,ROU,24.3,6-4 6-3,3,R128,78,0,0,72,48,29,13,10,9,12,1,0,49,36,18,4,9,2,7,133,423,2,5965
2016-580,Australian Open,Hard,128,G,20160118,164,200033,1,,Serena Williams,R,175,USA,34.3,201444,,,Su Wei Hsieh,R,169,TPE,30.0,6-1 6-2,3,R64,60,7,3,52,27,23,13,8,3,3,0,2,37,18,7,11,7,4,8,1,9945,90,717
2016-580,Australian Open,Hard,128,G,20160118,165,214082,,,Daria Kasatkina,R,170,RUS,18.6,211951,,,Ana Konjuh,R,174,CRO,18.0,6-4 6-3,3,R64,82,4,3,60,41,24,11,10,3,6,2,12,84,48,23,17,9,7,13,69,849,87,730
2016-580,Australian Open,Hard,128,G,20160118,166,202506,,,Margarita Gasparyan,R,183,RUS,21.3,201597,,,Kurumi Nara,R,155,JPN,24.0,6-4 6-4,3,R64,85,8,2,53,31,26,9,10,2,4,0,4,79,51,35,8,10,6,10,58,959,94,680
2016-580,Australian Open,Hard,128,G,20160118,167,201709,,,Yulia Putintseva,R,163,KAZ,21.0,201580,,,Xinyun Han,L,172,CHN,25.6,6-3 6-1,3,R64,82,1,1,54,39,26,9,8,5,6,2,7,52,33,17,6,8,1,6,76,793,162,346
2016-580,Australian Open,Hard,128,G,20160118,168,202505,12,,Belinda Bencic,R,175,SUI,18.8,201693,,,Timea Babos,R,179,HUN,22.6,6-3 6-3,3,R64,65,2,2,49,34,27,10,9,0,0,8,4,56,34,22,11,9,4,7,13,3030,60,943
2016-580,Australian Open,Hard,128,G,20160118,169,201435,,,Kateryna Bondarenko,R,175,UKR,29.4,201320,23,,Svetlana Kuznetsova,R,174,RUS,30.5,6-1 7-5,3,R64,85,0,2,58,50,33,4,10,2,4,2,3,66,44,28,5,9,9,14,92,708,20,2475
2016-580,Australian Open,Hard,128,G,20160118,170,201616,,,Lauren Davis,R,157,USA,22.2,201517,,,Magdalena Rybarikova,R,180,SVK,27.2,6-1 RET,3,R64,69,4,4,49,33,23,8,4,2,3,4,0,51,35,21,9,3,2,3,103,618,75,798
2016-580,Australian Open,Hard,128,G,20160118,171,201345,5,,Maria Sharapova,R,188,RUS,28.7,205925,,,Aliaksandra Sasnovich,R,174,BLR,21.8,6-2 6-1,3,R64,71,4,3,50,28,22,9,8,3,5,0,5,43,25,12,2,7,3,9,5,4542,105,610
2016-580,Australian Open,Hard,128,G,20160118,172,201474,4,,Agnieszka Radwanska,R,170,POL,26.8,202446,,,Eugenie Bouchard,R,178,CAN,21.8,6-4 6-2,3,R64,83,0,1,68,40,26,16,9,6,7,1,3,51,29,15,12,9,0,4,4,4670,37,1302
2016-580,Australian Open,Hard,128,G,20160118,173,201620,,,Monica Puig,R,170,PUR,22.3,201697,,,Kristyna Pliskova,L,184,CZE,23.8,4-6 7-6 9-7,3,R64,140,8,3,122,72,56,28,20,5,7,31,5,108,65,52,25,19,1,3,52,990,114,548
2016-580,Australian Open,Hard,128,G,20160118,174,204431,,,Anna Lena Friedsam,R,,GER,21.9,202492,,,Qiang Wang,R,172,CHN,24.0,6-3 6-4,3,R64,68,4,4,64,38,29,13,10,1,2,3,4,56,38,24,10,9,1,4,82,770,102,621
2016-580,Australian Open,Hard,128,G,20160118,175,201311,13,,Roberta Vinci,R,163,ITA,32.9,201604,,,Irina Falconi,R,163,USA,25.7,6-2 6-3,3,R64,65,3,1,48,29,24,12,9,0,1,1,4,50,23,12,12,8,3,7,15,2825,74,807
2016-580,Australian Open,Hard,128,G,20160118,176,201521,10,,Carla Suarez Navarro,R,162,ESP,27.3,206289,,,Maria Sakkari,R,172,GRE,20.4,6-7 6-2 6-2,3,R64,144,1,3,106,70,47,18,15,11,13,6,2,97,67,43,11,14,9,15,11,3175,170,322
2016-580,Australian Open,Hard,128,G,20160118,177,206404,,,Elizaveta Kulichkova,R,,RUS,19.7,201512,,,Monica Niculescu,R,168,ROU,28.3,6-4 2-6 6-4,3,R64,156,4,4,88,52,36,14,14,5,10,6,5,110,71,46,15,14,12,17,109,601,40,1245
2016-580,Australian Open,Hard,128,G,20160118,178,201540,28,,Kristina Mladenovic,R,184,FRA,22.6,202484,,,Nicole Gibbs,R,168,USA,22.8,6-1 7-6,3,R64,72,6,1,55,39,33,10,10,0,1,1,4,59,36,25,9,10,1,4,30,1725,106,609
2016-580,Australian Open,Hard,128,G,20160118,179,201611,,,Daria Saville,R,166,AUS,21.8,201520,6,,Petra Kvitova,L,183,CZE,25.8,6-4 6-4,3,R64,89,3,5,65,40,29,9,10,1,4,1,7,60,39,20,9,10,1,6,39,1275,7,3642
2016-580,Australian Open,Hard,128,G,20160118,180,201493,7,,Angelique Kerber,L,173,GER,28.0,201567,,,Alexandra Dulgheru,R,172,ROU,26.6,6-2 6-4,3,R64,73,2,1,43,33,24,6,9,1,3,3,2,60,50,26,3,9,8,13,6,3710,61,926
2016-580,Australian Open,Hard,128,G,20160118,181,201483,,,Madison Brengle,R,168,USA,25.7,201596,,,Johanna Larsson,R,174,SWE,27.4,7-5 4-6 6-1,3,R64,135,0,2,99,79,44,9,15,8,15,0,3,94,66,29,14,14,3,12,49,1070,50,1043
2016-580,Australian Open,Hard,128,G,20160118,182,201696,,,Laura Siegemund,R,168,GER,27.8,201347,19,,Jelena Jankovic,R,177,SRB,30.8,3-6 7-6 6-4,3,R64,149,1,1,96,70,46,15,16,8,11,2,3,94,57,40,18,16,1,3,97,654,22,2445
2016-580,Australian Open,Hard,128,G,20160118,183,202470,,,Annika Beck,R,170,GER,21.9,201490,11,,Timea Bacsinszky,R,170,SUI,26.6,6-2 6-3,3,R64,79,1,2,55,39,28,8,9,1,2,1,1,55,36,18,9,8,4,9,55,976,14,2954
2016-580,Australian Open,Hard,128,G,20160118,184,201458,14,,Victoria Azarenka,R,180,BLR,26.4,203575,,,Danka Kovinic,R,169,MNE,21.1,6-1 6-2,3,R64,63,2,3,36,25,23,6,8,0,0,3,3,55,30,15,9,7,5,10,16,2745,54,977
2016-580,Australian Open,Hard,128,G,20160118,185,211768,,,Naomi Osaka,R,180,JPN,18.2,202494,18,,Elina Svitolina,R,174,UKR,21.3,6-4 6-4,3,R64,100,2,1,82,43,29,18,10,9,11,0,0,57,31,17,16,10,0,4,127,436,21,2465
2016-580,Australian Open,Hard,128,G,20160118,186,201366,,,Barbora Strycova,R,164,CZE,29.8,201447,,,Vania King,R,165,USA,26.8,7-6 6-4,3,R64,107,4,2,74,56,34,6,12,3,8,1,6,72,48,29,6,11,5,11,48,1075,349,109
2016-580,Australian Open,Hard,128,G,20160118,187,202469,3,,Garbine Muguruza,R,182,ESP,22.2,201465,,,Kirsten Flipkens,R,165,BEL,30.0,6-4 6-2,3,R64,79,3,0,61,38,24,14,9,2,4,1,1,54,29,13,13,9,7,12,3,5101,80,773
2016-580,Australian Open,Hard,128,G,20160118,188,202427,,,Johanna Konta,R,180,GBR,24.6,202453,,,Saisai Zheng,R,170,CHN,21.9,6-2 6-3,3,R64,82,1,3,56,31,24,13,9,3,4,0,1,46,27,16,8,8,4,8,47,1098,83,760
2016-580,Australian Open,Hard,128,G,20160118,189,202653,,,Denisa Allertova,R,180,CZE,22.8,201513,30,,Sabine Lisicki,R,178,GER,26.3,6-3 2-6 6-4,3,R64,122,2,5,95,59,39,16,14,3,7,6,6,99,63,37,19,13,11,15,66,917,32,1622
2016-580,Australian Open,Hard,128,G,20160118,190,201505,21,,Kate Makarova,L,178,RUS,27.6,213583,,,Tatjana Maria,R,172,GER,28.4,6-4 6-2,3,R64,76,4,0,68,48,31,13,9,5,6,4,3,54,35,21,7,9,0,4,24,2300,73,824
2016-580,Australian Open,Hard,128,G,20160118,191,201662,9,,Karolina Pliskova,R,184,CZE,23.8,201504,,,Julia Goerges,R,180,GER,27.2,7-6 6-1,3,R64,90,13,2,69,37,29,17,10,3,4,3,6,71,44,29,9,10,5,8,12,3090,45,1160
2016-580,Australian Open,Hard,128,G,20160118,192,201619,15,,Madison Keys,R,178,USA,20.9,201468,,,Yaroslava Shvedova,R,180,KAZ,28.3,6-7 6-3 6-3,3,R64,122,5,5,92,65,48,16,16,1,2,3,5,99,64,41,19,15,3,7,17,2600,70,839
2016-580,Australian Open,Hard,128,G,20160118,193,201421,20,,Ana Ivanovic,R,184,SRB,28.1,201545,,,Anastasija Sevastova,R,169,LAT,25.7,6-3 6-3,3,R64,91,2,5,54,35,29,7,9,0,1,0,4,51,22,14,13,9,3,7,23,2341,113,551
2016-580,Australian Open,Hard,128,G,20160118,194,201478,,,Varvara Lepchenko,L,180,USA,29.6,202418,,,Lara Arruabarrena,R,166,ESP,23.8,7-6 6-4,3,R64,97,6,0,69,53,38,9,12,4,6,2,2,86,43,29,20,11,3,6,51,1040,86,742
2016-580,Australian Open,Hard,128,G,20160118,195,201533,,,Shuai Zhang,R,177,CHN,26.9,201427,,,Alize Cornet,R,173,FRA,25.9,6-3 6-3,3,R64,86,0,0,65,47,29,10,9,6,8,0,6,57,32,16,12,9,7,12,133,423,33,1430
2016-580,Australian Open,Hard,128,G,20160118,196,200033,1,,Serena Williams,R,175,USA,34.3,214082,,,Daria Kasatkina,R,170,RUS,18.6,6-1 6-1,3,R32,44,6,0,30,24,23,5,7,0,0,0,5,43,24,11,5,7,4,9,1,9945,69,849
2016-580,Australian Open,Hard,128,G,20160118,197,202506,,,Margarita Gasparyan,R,183,RUS,21.3,201709,,,Yulia Putintseva,R,163,KAZ,21.0,6-3 6-4,3,R32,91,3,2,61,41,26,9,10,1,4,1,0,58,41,22,6,9,3,8,58,959,76,793
2016-580,Australian Open,Hard,128,G,20160118,198,202505,12,,Belinda Bencic,R,175,SUI,18.8,201435,,,Kateryna Bondarenko,R,175,UKR,29.4,4-6 6-2 6-4,3,R32,110,1,3,78,53,39,13,14,3,6,0,4,80,51,34,12,14,3,8,13,3030,92,708
2016-580,Australian Open,Hard,128,G,20160118,199,201345,5,,Maria Sharapova,R,188,RUS,28.7,201616,,,Lauren Davis,R,157,USA,22.2,6-1 6-7 6-0,3,R32,134,16,5,76,47,37,17,13,1,3,1,3,88,40,25,17,13,8,15,5,4542,103,618
2016-580,Australian Open,Hard,128,G,20160118,200,201474,4,,Agnieszka Radwanska,R,170,POL,26.8,201620,,,Monica Puig,R,170,PUR,22.3,6-4 6-0,3,R32,76,1,2,56,36,28,6,8,3,4,1,2,48,34,16,5,8,2,7,4,4670,52,990
2016-580,Australian Open,Hard,128,G,20160118,201,204431,,,Anna Lena Friedsam,R,,GER,21.9,201311,13,,Roberta Vinci,R,163,ITA,32.9,0-6 6-4 6-4,3,R32,130,4,6,97,58,30,22,13,12,18,3,1,86,55,33,13,13,7,12,82,770,15,2825
2016-580,Australian Open,Hard,128,G,20160118,202,201521,10,,Carla Suarez Navarro,R,162,ESP,27.3,206404,,,Elizaveta Kulichkova,R,,RUS,19.7,6-4 2-0,3,R32,51,2,1,35,27,20,4,6,2,3,2,3,48,31,16,8,6,3,6,11,3175,109,601
2016-580,Australian Open,Hard,128,G,20160118,203,201611,,,Daria Saville,R,166,AUS,21.8,201540,28,,Kristina Mladenovic,R,184,FRA,22.6,6-4 4-6 11-9,3,R32,171,1,5,107,71,49,16,20,2,8,8,10,121,70,48,20,20,6,13,39,1275,30,1725
2016-580,Australian Open,Hard,128,G,20160118,204,201493,7,,Angelique Kerber,L,173,GER,28.0,201483,,,Madison Brengle,R,168,USA,25.7,6-1 6-3,3,R32,57,1,2,40,25,20,8,8,0,1,0,1,56,44,24,2,8,6,11,6,3710,49,1070
2016-580,Australian Open,Hard,128,G,20160118,205,202470,,,Annika Beck,R,170,GER,21.9,201696,,,Laura Siegemund,R,168,GER,27.8,6-0 6-4,3,R32,100,0,2,68,53,33,6,8,7,9,0,3,50,36,16,4,8,5,11,55,976,97,654
2016-580,Australian Open,Hard,128,G,20160118,206,201458,14,,Victoria Azarenka,R,180,BLR,26.4,211768,,,Naomi Osaka,R,180,JPN,18.2,6-1 6-1,3,R32,56,1,2,40,27,20,6,7,1,2,1,0,41,28,10,4,7,4,10,16,2745,127,436
2016-580,Australian Open,Hard,128,G,20160118,207,201366,,,Barbora Strycova,R,164,CZE,29.8,202469,3,,Garbine Muguruza,R,182,ESP,22.2,6-3 6-2,3,R32,76,2,2,66,42,31,12,9,4,5,0,1,46,27,18,7,8,0,4,48,1075,3,5101
2016-580,Australian Open,Hard,128,G,20160118,208,202427,,,Johanna Konta,R,180,GBR,24.6,202653,,,Denisa Allertova,R,180,CZE,22.8,6-2 6-2,3,R32,64,5,0,45,30,22,10,8,0,0,1,2,60,43,23,7,8,8,12,47,1098,66,917
2016-580,Australian Open,Hard,128,G,20160118,209,201505,21,,Kate Makarova,L,178,RUS,27.6,201662,9,,Karolina Pliskova,R,184,CZE,23.8,6-3 6-2,3,R32,70,5,0,54,36,27,12,9,1,1,3,1,59,38,22,10,8,5,8,24,2300,12,3090
2016-580,Australian Open,Hard,128,G,20160118,210,201619,15,,Madison Keys,R,178,USA,20.9,201421,20,,Ana Ivanovic,R,184,SRB,28.1,4-6 6-4 6-4,3,R32,145,3,4,107,64,43,19,15,12,16,1,5,96,58,40,15,15,7,12,17,2600,23,2341
2016-580,Australian Open,Hard,128,G,20160118,211,201533,,,Shuai Zhang,R,177,CHN,26.9,201478,,,Varvara Lepchenko,L,180,USA,29.6,6-1 6-3,3,R32,64,1,0,50,43,26,4,8,1,3,1,3,45,29,13,3,8,2,8,133,423,51,1040
2016-580,Australian Open,Hard,128,G,20160118,212,200033,1,,Serena Williams,R,175,USA,34.3,202506,,,Margarita Gasparyan,R,183,RUS,21.3,6-2 6-1,3,R16,55,3,1,42,24,18,11,8,1,2,4,4,46,30,17,3,7,7,12,1,9945,58,959
2016-580,Australian Open,Hard,128,G,20160118,213,201345,5,,Maria Sharapova,R,188,RUS,28.7,202505,12,,Belinda Bencic,R,175,SUI,18.8,7-5 7-5,3,R16,125,21,7,83,39,33,20,12,3,5,0,2,94,56,34,18,12,12,16,5,4542,13,3030
2016-580,Australian Open,Hard,128,G,20160118,214,201474,4,,Agnieszka Radwanska,R,170,POL,26.8,204431,,,Anna Lena Friedsam,R,,GER,21.9,6-7 6-1 7-5,3,R16,152,3,0,101,62,44,18,16,8,13,4,5,108,69,36,16,16,9,16,4,4670,82,770
2016-580,Australian Open,Hard,128,G,20160118,215,201521,10,,Carla Suarez Navarro,R,162,ESP,27.3,201611,,,Daria Saville,R,166,AUS,21.8,0-6 6-3 6-2,3,R16,123,2,2,68,43,28,10,12,6,10,2,3,90,66,40,7,11,11,16,11,3175,39,1275
2016-580,Australian Open,Hard,128,G,20160118,216,201493,7,,Angelique Kerber,L,173,GER,28.0,202470,,,Annika Beck,R,170,GER,21.9,6-4 6-0,3,R16,88,1,4,73,41,23,16,8,7,10,0,5,50,35,15,3,8,6,13,6,3710,55,976
2016-580,Australian Open,Hard,128,G,20160118,217,201458,14,,Victoria Azarenka,R,180,BLR,26.4,201366,,,Barbora Strycova,R,164,CZE,29.8,6-2 6-4,3,R16,86,0,2,54,41,34,5,9,2,2,2,3,59,40,25,8,9,4,7,16,2745,48,1075
2016-580,Australian Open,Hard,128,G,20160118,218,202427,,,Johanna Konta,R,180,GBR,24.6,201505,21,,Kate Makarova,L,178,RUS,27.6,4-6 6-4 8-6,3,R16,184,3,6,109,56,38,30,17,8,11,1,7,134,87,60,15,17,8,12,47,1098,24,2300
2016-580,Australian Open,Hard,128,G,20160118,219,201533,,,Shuai Zhang,R,177,CHN,26.9,201619,15,,Madison Keys,R,178,USA,20.9,3-6 6-3 6-3,3,R16,105,0,0,75,55,35,14,14,7,10,4,4,90,57,38,15,13,4,8,133,423,17,2600
2016-580,Australian Open,Hard,128,G,20160118,220,200033,1,,Serena Williams,R,175,USA,34.3,201345,5,,Maria Sharapova,R,188,RUS,28.7,6-4 6-1,3,QF,92,13,3,64,37,27,14,9,4,5,3,7,58,32,19,10,8,6,10,1,9945,5,4542
2016-580,Australian Open,Hard,128,G,20160118,221,201474,4,,Agnieszka Radwanska,R,170,POL,26.8,201521,10,,Carla Suarez Navarro,R,162,ESP,27.3,6-1 6-3,3,QF,82,1,1,55,38,26,6,8,6,8,1,7,66,41,22,7,8,6,12,4,4670,11,3175
2016-580,Australian Open,Hard,128,G,20160118,222,201493,7,,Angelique Kerber,L,173,GER,28.0,201458,14,,Victoria Azarenka,R,180,BLR,26.4,6-3 7-5,3,QF,105,4,2,70,45,26,14,11,5,8,2,4,80,56,30,9,10,7,13,6,3710,16,2745
2016-580,Australian Open,Hard,128,G,20160118,223,202427,,,Johanna Konta,R,180,GBR,24.6,201533,,,Shuai Zhang,R,177,CHN,26.9,6-4 6-1,3,QF,83,7,4,62,33,26,11,9,4,6,0,3,56,34,15,9,8,3,9,47,1098,133,423
2016-580,Australian Open,Hard,128,G,20160118,224,200033,1,,Serena Williams,R,175,USA,34.3,201474,4,,Agnieszka Radwanska,R,170,POL,26.8,6-0 6-4,3,SF,64,8,1,41,26,23,7,8,1,2,0,3,52,28,15,8,8,1,6,1,9945,4,4670
2016-580,Australian Open,Hard,128,G,20160118,225,201493,7,,Angelique Kerber,L,173,GER,28.0,202427,,,Johanna Konta,R,180,GBR,24.6,7-5 6-2,3,SF,82,1,2,61,33,21,19,10,3,5,2,2,58,37,22,8,10,7,12,6,3710,47,1098
2016-580,Australian Open,Hard,128,G,20160118,226,201493,7,,Angelique Kerber,L,173,GER,28.0,200033,1,,Serena Williams,R,175,USA,34.3,6-4 3-6 6-4,3,F,128,5,3,80,44,32,17,15,4,8,7,6,96,51,35,19,14,4,9,6,3710,1,9945
2017-580,Australian Open,Hard,128,G,20170116,100,201493,1,,Angelique Kerber,L,173,GER,28.9,201615,,,Lesia Tsurenko,R,174,UKR,27.6,6-2 5-7 6-2,3,R128,123,3,4,89,50,35,25,14,6,8,0,3,91,55,35,17,14,6,11,1,8875,51,1095
2017-580,Australian Open,Hard,128,G,20170116,101,202489,,,Carina Witthoeft,R,176,GER,21.9,205815,,,Eri Hozumi,R,168,JPN,22.9,7-5 7-6(6),3,R128,113,4,8,82,55,42,10,12,6,8,3,0,89,55,37,16,12,8,11,89,736,214,246
2017-580,Australian Open,Hard,128,G,20170116,102,201697,,,Kristyna Pliskova,L,184,CZE,24.8,203530,,,Viktorija Golubic,R,169,SUI,24.2,6-3 2-6 6-4,3,R128,126,7,4,83,48,26,20,14,8,13,2,3,92,67,38,13,13,7,13,58,1007,62,991
2017-580,Australian Open,Hard,128,G,20170116,103,201593,27,,Irina Camelia Begu,R,181,ROU,26.3,201468,,,Yaroslava Shvedova,R,180,KAZ,29.3,5-7 6-3 6-4,3,R128,138,3,8,102,58,42,25,16,4,6,3,3,89,51,32,23,15,3,6,29,1502,39,1284
2017-580,Australian Open,Hard,128,G,20170116,104,201397,,,Shuai Peng,R,173,CHN,31.0,214082,23,,Daria Kasatkina,R,170,RUS,19.6,6-0 7-6(5),3,R128,88,4,3,65,42,30,8,9,5,8,0,0,64,49,21,6,9,4,10,83,763,25,1700
2017-580,Australian Open,Hard,128,G,20170116,105,202446,,,Eugenie Bouchard,R,178,CAN,22.8,211635,,,Louisa Chirico,R,175,USA,20.6,6-0 6-4,3,R128,55,2,0,46,25,16,16,8,1,2,3,2,46,30,17,4,8,3,8,47,1185,65,908
2017-580,Australian Open,Hard,128,G,20170116,106,201426,,,Pauline Parmentier,R,175,FRA,30.9,201595,,,Misaki Doi,L,159,JPN,25.7,7-5 7-5,3,R128,101,4,7,86,52,39,19,12,11,12,1,2,67,44,30,12,12,1,4,67,886,41,1270
2017-580,Australian Open,Hard,128,G,20170116,107,201535,,,Coco Vandeweghe,R,185,USA,25.1,201311,15,,Roberta Vinci,R,163,ITA,33.9,6-1 7-6(3),3,R128,96,7,7,65,26,23,20,10,1,2,2,4,64,38,22,12,9,2,6,35,1366,19,2210
2017-580,Australian Open,Hard,128,G,20170116,108,201521,10,,Carla Suarez Navarro,R,162,ESP,28.3,202450,,,Jana Cepelova,R,168,SVK,23.6,6-2 6-2,3,R128,72,1,3,59,43,26,11,8,3,4,0,4,55,38,19,6,8,5,10,12,2985,102,650
2017-580,Australian Open,Hard,128,G,20170116,109,201514,,,Sorana Cirstea,R,176,ROU,26.7,202701,,,Irina Khromacheva,L,170,RUS,21.6,6-2 6-1,3,R128,71,4,5,72,43,32,15,8,6,6,1,4,41,18,12,9,7,1,5,78,799,95,682
2017-580,Australian Open,Hard,128,G,20170116,110,201590,,,Alison Riske Amritraj,R,173,USA,26.5,201483,,,Madison Brengle,R,168,USA,26.7,7-5 6-3,3,R128,88,3,2,71,49,33,11,11,6,8,1,5,67,46,26,9,10,5,10,42,1247,69,875
2017-580,Australian Open,Hard,128,G,20170116,111,201533,20,,Shuai Zhang,R,177,CHN,27.9,205925,,,Aliaksandra Sasnovich,R,174,BLR,22.8,6-0 6-3,3,R128,50,3,1,42,34,28,4,8,0,0,1,5,42,27,15,5,7,2,6,23,1885,118,501
2017-580,Australian Open,Hard,128,G,20170116,112,201545,32,,Anastasija Sevastova,R,169,LAT,26.7,211702,,,Nao Hibino,R,163,JPN,22.1,6-4 RET,3,R128,36,1,3,26,12,8,9,5,0,1,0,1,28,19,11,4,5,2,4,33,1425,103,640
2017-580,Australian Open,Hard,128,G,20170116,113,201568,,,Kristina Kucova,R,163,SVK,26.6,201539,,,Christina Mchale,R,170,USA,24.6,6-4 6-0,3,R128,87,2,1,40,33,24,5,8,0,1,4,5,90,46,27,15,8,12,17,80,778,40,1275
2017-580,Australian Open,Hard,128,G,20170116,114,202496,,,Samantha Crawford,R,188,USA,21.9,201616,,,Lauren Davis,R,157,USA,23.2,4-6 6-3 6-0,3,R128,110,3,9,78,35,24,24,13,4,7,1,6,79,37,21,19,12,6,12,162,348,45,1218
2017-580,Australian Open,Hard,128,G,20170116,115,202469,7,,Garbine Muguruza,R,182,ESP,23.2,201523,,,Marina Erakovic,R,174,NZL,28.8,7-5 6-4,3,R128,97,5,2,70,34,25,21,11,5,7,2,5,66,46,31,7,11,4,8,7,4420,110,582
2017-580,Australian Open,Hard,128,G,20170116,116,201603,,,Shelby Rogers,R,175,USA,24.2,201594,4,,Simona Halep,R,168,ROU,25.3,6-3 6-1,3,R128,75,2,0,53,34,24,12,8,1,1,2,1,71,50,29,8,8,7,11,52,1089,4,5073
2017-580,Australian Open,Hard,128,G,20170116,117,202458,,,Ashleigh Barty,R,166,AUS,20.7,202470,,,Annika Beck,R,170,GER,22.9,6-4 7-5,3,R128,100,8,3,66,32,22,16,11,4,8,1,9,90,64,35,8,11,7,13,223,236,50,1120
2017-580,Australian Open,Hard,128,G,20170116,118,201621,,,Mona Barthel,R,185,GER,26.5,215018,,,Destanee Aiava,R,175,AUS,16.6,6-3 7-6(4),3,R128,91,5,4,76,50,38,13,11,3,4,3,7,69,38,28,17,10,1,3,181,312,273,171
2017-580,Australian Open,Hard,128,G,20170116,119,201620,29,,Monica Puig,R,170,PUR,23.3,206255,,,Patricia Maria Tig,R,,ROU,22.4,6-0 6-1,3,R128,53,2,0,41,25,16,13,7,2,2,1,2,37,23,12,3,6,7,12,46,1215,107,598
2017-580,Australian Open,Hard,128,G,20170116,120,201478,,,Varvara Lepchenko,L,180,USA,30.6,202428,19,,Kiki Bertens,R,182,NED,25.1,7-5 7-6(5),3,R128,125,4,4,102,68,45,14,12,12,15,2,3,76,40,27,15,12,3,7,88,738,22,1956
2017-580,Australian Open,Hard,128,G,20170116,121,202504,,,Ying Ying Duan,R,186,CHN,27.5,211685,,,Rebecca Sramkova,R,,SVK,20.2,6-3 6-4,3,R128,64,1,4,65,46,31,9,10,5,7,6,4,47,18,15,12,9,2,6,87,753,120,498
2017-580,Australian Open,Hard,128,G,20170116,122,201527,,,Stefanie Voegele,R,170,SUI,26.8,201597,,,Kurumi Nara,R,155,JPN,25.0,2-6 6-2 6-3,3,R128,113,7,2,67,42,31,14,13,1,4,0,0,83,49,28,19,12,5,9,112,550,77,804
2017-580,Australian Open,Hard,128,G,20170116,123,200748,13,,Venus Williams,R,185,USA,36.5,203462,,,Kateryna Baindl,R,175,UKR,22.9,7-6(5) 7-5,3,R128,119,2,7,80,44,28,21,12,4,7,2,3,86,60,37,11,12,5,9,17,2240,101,654
2017-580,Australian Open,Hard,128,G,20170116,124,202494,11,,Elina Svitolina,R,174,UKR,22.3,201448,,,Galina Voskoboeva,R,183,KAZ,32.0,6-0 6-2,3,R128,67,2,6,64,40,29,11,7,6,6,2,3,54,32,15,9,7,10,15,13,2895,274,170
2017-580,Australian Open,Hard,128,G,20170116,125,202426,,,Julia Boserup,R,181,USA,25.3,201212,,,Francesca Schiavone,R,166,ITA,36.5,6-2 6-4,3,R128,74,3,5,49,33,29,8,9,2,2,2,2,57,28,14,19,9,2,5,119,498,100,659
2017-580,Australian Open,Hard,128,G,20170116,126,212001,,,Natalia Vikhlyantseva,R,185,RUS,19.9,201447,,,Vania King,R,165,USA,27.8,6-3 6-2,3,R128,60,4,2,56,39,27,6,9,5,7,1,2,58,41,19,8,8,4,9,129,466,75,806
2017-580,Australian Open,Hard,128,G,20170116,127,201499,24,,Anastasia Pavlyuchenkova,R,177,RUS,25.5,201516,,,Evgeniya Rodina,R,170,RUS,27.9,6-1 7-6(2),3,R128,84,3,3,70,40,27,17,10,3,5,1,5,71,46,27,7,9,5,9,27,1620,85,756
2017-580,Australian Open,Hard,128,G,20170116,128,201347,,,Jelena Jankovic,R,177,SRB,31.8,201696,26,,Laura Siegemund,R,168,GER,28.8,6-1 1-6 6-4,3,R128,157,2,6,92,52,31,15,12,8,14,2,9,114,80,39,15,12,17,24,54,1075,30,1502
2017-580,Australian Open,Hard,128,G,20170116,129,201504,,,Julia Goerges,R,180,GER,28.2,211701,,,Katerina Siniakova,R,174,CZE,20.6,3-6 6-3 6-4,3,R128,122,7,8,84,47,39,18,14,3,5,3,7,95,57,41,17,14,5,8,57,1040,37,1343
2017-580,Australian Open,Hard,128,G,20170116,130,215096,,,Jaimee Fourlis,R,168,AUS,17.3,201588,,,Anna Tatishvili,R,171,GEO,26.9,6-4 6-3,3,R128,102,4,1,87,60,36,13,10,10,13,0,6,75,48,24,13,9,7,12,414,82,199,279
2017-580,Australian Open,Hard,128,G,20170116,131,201320,8,,Svetlana Kuznetsova,R,174,RUS,31.5,201531,,,Mariana Duque Marino,R,169,COL,27.4,6-0 6-1,3,R128,56,2,4,51,28,21,11,7,1,2,0,2,34,25,6,1,6,3,9,10,3745,109,592
2017-580,Australian Open,Hard,128,G,20170116,132,201662,5,,Karolina Pliskova,R,184,CZE,24.8,204427,,,Sara Sorribes Tormo,R,176,ESP,20.2,6-2 6-0,3,R128,60,5,3,38,19,16,9,7,0,1,2,6,48,30,15,3,7,5,11,5,4970,106,609
2017-580,Australian Open,Hard,128,G,20170116,133,215020,,,Anna Blinkova,R,179,RUS,18.3,201512,,,Monica Niculescu,R,168,ROU,29.3,6-2 4-6 6-4,3,R128,135,0,4,89,37,25,28,14,4,8,0,2,84,66,33,10,14,9,15,189,292,32,1450
2017-580,Australian Open,Hard,128,G,20170116,134,211533,,,Jelena Ostapenko,R,177,LAT,19.6,202684,,,Lin Zhu,R,173,CHN,22.9,6-4 6-0,3,R128,66,4,5,48,19,13,16,8,2,4,3,6,59,28,14,12,8,8,14,38,1305,126,481
2017-580,Australian Open,Hard,128,G,20170116,135,201709,31,,Yulia Putintseva,R,163,KAZ,22.0,202418,,,Lara Arruabarrena,R,166,ESP,24.8,7-6(7) 7-6(10),3,R128,167,3,4,99,66,40,11,12,4,9,1,7,111,61,30,29,12,8,13,31,1450,63,928
2017-580,Australian Open,Hard,128,G,20170116,136,201611,22,,Daria Saville,R,166,AUS,22.8,201648,,,Naomi Broady,R,189,GBR,26.8,3-6 6-4 7-5,3,R128,116,5,3,81,57,45,11,16,1,4,19,0,85,52,37,18,15,2,6,26,1665,97,677
2017-580,Australian Open,Hard,128,G,20170116,137,211951,,,Ana Konjuh,R,174,CRO,19.0,201540,,,Kristina Mladenovic,R,184,FRA,23.6,6-4 6-2,3,R128,81,10,13,83,47,34,15,9,8,9,1,6,50,30,18,8,9,0,4,36,1351,44,1240
2017-580,Australian Open,Hard,128,G,20170116,138,203575,,,Danka Kovinic,R,169,MNE,22.1,202453,,,Saisai Zheng,R,170,CHN,22.9,6-0 6-4,3,R128,67,4,1,41,24,18,10,8,1,3,0,4,50,28,14,7,8,6,12,68,885,84,758
2017-580,Australian Open,Hard,128,G,20170116,139,201490,12,,Timea Bacsinszky,R,170,SUI,27.6,202429,,,Camila Giorgi,R,168,ITA,25.0,6-4 3-6 7-5,3,R128,150,5,4,101,64,39,17,16,12,17,3,11,122,66,42,23,15,13,19,15,2347,74,819
2017-580,Australian Open,Hard,128,G,20170116,140,201455,14,,Elena Vesnina,R,176,RUS,30.4,202536,,,Ana Bogdan,R,171,ROU,24.1,7-5 6-2,3,R128,82,5,4,58,35,27,12,10,4,6,4,3,61,33,18,12,10,6,11,18,2229,125,481
2017-580,Australian Open,Hard,128,G,20170116,141,201605,,,Mandy Minella,R,180,LUX,31.1,202663,,,Magda Linette,R,171,POL,24.9,7-5 6-4,3,R128,88,8,1,69,36,28,19,11,1,2,9,7,62,41,29,8,11,2,5,105,631,96,681
2017-580,Australian Open,Hard,128,G,20170116,142,206108,,,Jennifer Brady,R,178,USA,21.7,202628,,,Maryna Zanevska,R,175,BEL,23.3,6-3 6-2,3,R128,72,7,2,48,28,23,12,9,1,2,2,6,63,30,17,14,8,5,9,116,510,122,492
2017-580,Australian Open,Hard,128,G,20170116,143,201586,,,Heather Watson,R,170,GBR,24.6,201325,18,,Samantha Stosur,R,172,AUS,32.7,6-3 3-6 6-0,3,R128,135,6,5,84,49,37,15,12,2,4,6,2,107,73,40,16,12,6,11,81,765,21,2016
2017-580,Australian Open,Hard,128,G,20170116,144,201427,28,,Alize Cornet,R,173,FRA,26.9,202707,,,Myrtille Georges,R,174,FRA,26.0,6-3 4-6 6-1,3,R128,120,3,13,87,54,34,14,13,6,11,1,13,97,52,29,14,13,8,16,43,1242,200,278
2017-580,Australian Open,Hard,128,G,20170116,145,206289,,,Maria Sakkari,R,172,GRE,21.4,204426,,,Anett Kontaveit,R,174,EST,21.0,6-0 6-4,3,R128,64,2,0,49,35,29,6,8,0,0,1,6,53,33,19,7,8,2,6,94,688,121,497
2017-580,Australian Open,Hard,128,G,20170116,146,200002,,,Mirjana Lucic,R,181,CRO,34.8,202492,,,Qiang Wang,R,172,CHN,25.0,4-6 6-3 6-4,3,R128,116,2,10,118,71,48,23,15,13,16,6,4,90,62,41,11,14,7,11,79,786,71,874
2017-580,Australian Open,Hard,128,G,20170116,147,201474,3,,Agnieszka Radwanska,R,170,POL,27.8,201450,,,Tsvetana Pironkova,R,180,BUL,29.3,6-1 4-6 6-1,3,R128,104,2,0,67,40,23,16,12,2,6,3,5,69,42,22,7,12,4,12,3,5625,64,919
2017-580,Australian Open,Hard,128,G,20170116,148,201495,6,,Dominika Cibulkova,R,161,SVK,27.6,202653,,,Denisa Allertova,R,180,CZE,23.8,7-5 6-2,3,R128,101,1,3,73,46,27,17,10,7,9,2,9,77,47,31,9,10,7,12,6,4865,90,718
2017-580,Australian Open,Hard,128,G,20170116,149,201444,,,Su Wei Hsieh,R,169,TPE,31.0,201498,,,Karin Knapp,R,180,ITA,29.5,6-3 2-0 RET,3,R128,57,0,3,38,24,18,3,6,2,4,3,5,52,25,15,8,5,7,12,91,709,144,398
2017-580,Australian Open,Hard,128,G,20170116,150,201506,,,Sara Errani,R,164,ITA,29.7,203552,,,Risa Ozaki,R,163,JPN,22.7,7-5 6-1,3,R128,111,0,1,63,56,35,2,10,5,7,2,0,73,47,25,9,9,7,13,53,1085,93,700
2017-580,Australian Open,Hard,128,G,20170116,151,201505,30,,Kate Makarova,L,178,RUS,28.6,206420,,,Ekaterina Alexandrova,R,175,RUS,22.1,6-0 4-6 6-1,3,R128,85,9,2,68,47,35,14,12,3,4,10,9,72,35,24,15,11,6,11,34,1377,108,596
2017-580,Australian Open,Hard,128,G,20170116,152,201496,17,,Caroline Wozniacki,R,177,DEN,26.5,201613,,,Arina Rodionova,R,168,AUS,27.0,6-1 6-2,3,R128,66,6,1,48,38,30,5,8,5,5,0,2,51,39,19,3,7,4,8,20,2175,178,316
2017-580,Australian Open,Hard,128,G,20170116,153,202499,,,Donna Vekic,R,179,CRO,20.5,211878,,,Lizette Cabrera,R,167,AUS,19.0,7-5 6-2,3,R128,84,2,5,65,35,23,14,10,2,5,1,4,76,46,24,11,10,9,15,99,666,192,286
2017-580,Australian Open,Hard,128,G,20170116,154,211768,,,Naomi Osaka,R,180,JPN,19.2,202503,,,Luksika Kumkhum,R,167,THA,23.4,6-7(2) 6-4 7-5,3,R128,145,9,3,103,55,39,29,17,4,6,6,6,114,67,44,27,17,5,9,48,1168,183,304
2017-580,Australian Open,Hard,128,G,20170116,155,202427,9,,Johanna Konta,R,180,GBR,25.6,201465,,,Kirsten Flipkens,R,165,BEL,31.0,7-5 6-2,3,R128,96,1,1,66,42,32,13,10,3,4,2,2,61,32,20,14,10,6,10,9,4055,70,875
2017-580,Australian Open,Hard,128,G,20170116,156,201366,16,,Barbora Strycova,R,164,CZE,30.8,206404,,,Elizaveta Kulichkova,R,,RUS,20.7,6-3 6-2,3,R128,75,6,0,53,40,30,7,9,2,2,0,4,57,30,16,14,8,3,7,16,2295,145,398
2017-580,Australian Open,Hard,128,G,20170116,157,201492,,,Andrea Petkovic,R,180,GER,29.3,215037,,,Kayla Day,L,173,USA,17.3,6-3 6-2,3,R128,77,1,1,62,39,29,15,9,4,4,0,2,49,19,11,15,8,2,5,56,1045,197,281
2017-580,Australian Open,Hard,128,G,20170116,158,206219,,,Oceane Dodin,R,,FRA,20.2,201666,,,Cagla Buyukakcay,R,172,TUR,27.3,7-5 6-7(1) 6-2,3,R128,142,3,10,92,50,41,17,16,4,7,8,5,117,86,49,16,16,9,15,72,867,86,755
2017-580,Australian Open,Hard,128,G,20170116,159,201614,21,,Caroline Garcia,R,177,FRA,23.2,201435,,,Kateryna Bondarenko,R,175,UKR,30.4,7-6(4) 6-4,3,R128,98,4,8,79,42,27,18,11,6,10,4,8,67,44,26,10,11,2,7,24,1765,66,890
2017-580,Australian Open,Hard,128,G,20170116,160,202484,,,Nicole Gibbs,R,168,USA,23.8,201693,25,,Timea Babos,R,179,HUN,23.6,7-6(3) 6-4,3,R128,102,5,2,75,32,26,23,11,3,5,1,6,90,50,36,13,11,11,14,92,704,28,1545
2017-580,Australian Open,Hard,128,G,20170116,161,201604,,,Irina Falconi,R,163,USA,26.7,201580,,,Xinyun Han,L,172,CHN,26.6,6-1 7-5,3,R128,96,3,2,72,45,29,12,10,11,14,0,10,64,27,16,12,9,7,13,104,639,111,577
2017-580,Australian Open,Hard,128,G,20170116,162,201425,,,Lucie Safarova,L,177,CZE,29.9,201518,,,Yanina Wickmayer,R,182,BEL,27.2,3-6 7-6(7) 6-1,3,R128,126,16,7,101,65,48,18,14,10,13,6,12,96,56,41,15,14,2,5,61,998,60,1001
2017-580,Australian Open,Hard,128,G,20170116,163,200033,2,,Serena Williams,R,175,USA,35.3,202505,,,Belinda Bencic,R,175,SUI,19.8,6-4 6-3,3,R128,79,8,4,56,34,26,11,10,2,4,3,2,61,31,18,15,9,4,8,2,7080,59,1001
2017-580,Australian Open,Hard,128,G,20170116,164,201493,1,,Angelique Kerber,L,173,GER,28.9,202489,,,Carina Witthoeft,R,176,GER,21.9,6-2 6-7(3) 6-2,3,R64,128,3,6,106,63,41,22,14,7,10,3,8,93,64,41,8,14,2,9,1,8875,89,736
2017-580,Australian Open,Hard,128,G,20170116,165,201697,,,Kristyna Pliskova,L,184,CZE,24.8,201593,27,,Irina Camelia Begu,R,181,ROU,26.3,6-4 7-6(8),3,R64,97,4,8,77,45,33,18,11,3,5,6,0,67,38,31,18,11,2,3,58,1007,29,1502
2017-580,Australian Open,Hard,128,G,20170116,166,202446,,,Eugenie Bouchard,R,178,CAN,22.8,201397,,,Shuai Peng,R,173,CHN,31.0,7-6(5) 6-2,3,R64,89,5,4,62,37,27,13,10,1,3,2,5,67,40,24,11,10,3,7,47,1185,83,763
2017-580,Australian Open,Hard,128,G,20170116,167,201535,,,Coco Vandeweghe,R,185,USA,25.1,201426,,,Pauline Parmentier,R,175,FRA,30.9,6-4 7-6(5),3,R64,108,6,8,87,59,41,13,11,9,12,3,6,79,46,29,15,11,4,8,35,1366,67,886
2017-580,Australian Open,Hard,128,G,20170116,168,201514,,,Sorana Cirstea,R,176,ROU,26.7,201521,10,,Carla Suarez Navarro,R,162,ESP,28.3,7-6(1) 6-3,3,R64,93,0,5,62,36,24,11,11,2,6,0,2,78,56,27,6,10,9,15,78,799,12,2985
2017-580,Australian Open,Hard,128,G,20170116,169,201590,,,Alison Riske Amritraj,R,173,USA,26.5,201533,20,,Shuai Zhang,R,177,CHN,27.9,7-6(7) 4-6 6-1,3,R64,165,1,3,107,68,47,15,15,5,10,1,4,109,67,35,21,14,6,12,42,1247,23,1885
2017-580,Australian Open,Hard,128,G,20170116,170,201545,32,,Anastasija Sevastova,R,169,LAT,26.7,201568,,,Kristina Kucova,R,163,SVK,26.6,6-3 6-4,3,R64,76,2,3,63,35,24,16,10,5,7,1,1,63,40,25,9,9,5,9,33,1425,80,778
2017-580,Australian Open,Hard,128,G,20170116,171,202469,7,,Garbine Muguruza,R,182,ESP,23.2,202496,,,Samantha Crawford,R,188,USA,21.9,7-5 6-4,3,R64,94,2,1,72,39,25,19,11,4,6,8,1,76,45,31,13,11,3,7,7,4420,162,348
2017-580,Australian Open,Hard,128,G,20170116,172,202458,,,Ashleigh Barty,R,166,AUS,20.7,201603,,,Shelby Rogers,R,175,USA,24.2,7-5 6-1,3,R64,68,7,0,57,37,27,16,10,3,3,5,1,55,34,24,7,9,5,8,223,236,52,1089
2017-580,Australian Open,Hard,128,G,20170116,173,201621,,,Mona Barthel,R,185,GER,26.5,201620,29,,Monica Puig,R,170,PUR,23.3,6-4 6-4,3,R64,80,6,4,63,37,21,10,10,8,13,1,2,61,37,17,9,10,5,12,181,312,46,1215
2017-580,Australian Open,Hard,128,G,20170116,174,202504,,,Ying Ying Duan,R,186,CHN,27.5,201478,,,Varvara Lepchenko,L,180,USA,30.6,6-1 3-6 10-8,3,R64,147,2,1,106,79,50,17,17,9,14,3,5,112,81,43,16,17,6,13,87,753,88,738
2017-580,Australian Open,Hard,128,G,20170116,175,200748,13,,Venus Williams,R,185,USA,36.5,201527,,,Stefanie Voegele,R,170,SUI,26.8,6-3 6-2,3,R64,83,4,1,51,29,20,14,9,3,4,5,5,74,39,20,16,8,6,11,17,2240,112,550
2017-580,Australian Open,Hard,128,G,20170116,176,202494,11,,Elina Svitolina,R,174,UKR,22.3,202426,,,Julia Boserup,R,181,USA,25.3,6-4 6-1,3,R64,76,5,1,55,28,17,13,9,4,7,1,4,67,50,23,7,8,4,11,13,2895,119,498
2017-580,Australian Open,Hard,128,G,20170116,177,201499,24,,Anastasia Pavlyuchenkova,R,177,RUS,25.5,212001,,,Natalia Vikhlyantseva,R,185,RUS,19.9,6-2 6-2,3,R64,77,5,3,60,37,26,12,8,5,6,0,2,62,35,19,9,8,9,14,27,1620,129,466
2017-580,Australian Open,Hard,128,G,20170116,178,201347,,,Jelena Jankovic,R,177,SRB,31.8,201504,,,Julia Goerges,R,180,GER,28.2,6-3 6-4,3,R64,88,0,5,72,43,27,16,10,6,8,4,4,58,33,22,7,9,1,5,54,1075,57,1040
2017-580,Australian Open,Hard,128,G,20170116,179,201320,8,,Svetlana Kuznetsova,R,174,RUS,31.5,215096,,,Jaimee Fourlis,R,168,AUS,17.3,6-2 6-1,3,R64,83,1,5,53,37,23,9,8,5,6,0,6,71,43,21,10,7,9,15,10,3745,414,82
2017-580,Australian Open,Hard,128,G,20170116,180,201662,5,,Karolina Pliskova,R,184,CZE,24.8,215020,,,Anna Blinkova,R,179,RUS,18.3,6-0 6-2,3,R64,59,9,1,46,28,24,8,7,1,1,2,4,47,16,10,11,7,7,12,5,4970,189,292
2017-580,Australian Open,Hard,128,G,20170116,181,211533,,,Jelena Ostapenko,R,177,LAT,19.6,201709,31,,Yulia Putintseva,R,163,KAZ,22.0,6-3 6-1,3,R64,72,2,5,46,21,15,9,8,3,6,3,4,60,41,18,5,8,3,10,38,1305,31,1450
2017-580,Australian Open,Hard,128,G,20170116,182,201611,22,,Daria Saville,R,166,AUS,22.8,211951,,,Ana Konjuh,R,174,CRO,19.0,6-2 1-6 6-4,3,R64,121,1,3,92,60,30,19,13,10,15,5,7,79,41,29,14,12,5,10,26,1665,36,1351
2017-580,Australian Open,Hard,128,G,20170116,183,201490,12,,Timea Bacsinszky,R,170,SUI,27.6,203575,,,Danka Kovinic,R,169,MNE,22.1,6-1 7-6(5),3,R64,100,2,2,75,49,31,14,10,4,6,1,5,64,33,17,15,9,6,11,15,2347,68,885
2017-580,Australian Open,Hard,128,G,20170116,184,201455,14,,Elena Vesnina,R,176,RUS,30.4,201605,,,Mandy Minella,R,180,LUX,31.1,6-3 6-3,3,R64,80,3,1,52,28,23,13,9,2,3,1,4,76,53,31,8,9,9,13,18,2229,105,631
2017-580,Australian Open,Hard,128,G,20170116,185,206108,,,Jennifer Brady,R,178,USA,21.7,201586,,,Heather Watson,R,170,GBR,24.6,2-6 7-6(3) 10-8,3,R64,163,13,6,132,68,44,35,19,16,21,4,6,127,71,49,28,19,7,11,116,510,81,765
2017-580,Australian Open,Hard,128,G,20170116,186,206289,,,Maria Sakkari,R,172,GRE,21.4,201427,28,,Alize Cornet,R,173,FRA,26.9,7-5 4-6 6-1,3,R64,160,3,1,107,74,46,16,15,8,12,0,8,96,57,33,18,14,8,14,94,688,43,1242
2017-580,Australian Open,Hard,128,G,20170116,187,200002,,,Mirjana Lucic,R,181,CRO,34.8,201474,3,,Agnieszka Radwanska,R,170,POL,27.8,6-3 6-2,3,R64,62,2,2,46,30,22,6,9,2,4,1,4,55,32,17,7,8,5,11,79,786,3,5625
2017-580,Australian Open,Hard,128,G,20170116,188,201495,6,,Dominika Cibulkova,R,161,SVK,27.6,201444,,,Su Wei Hsieh,R,169,TPE,31.0,6-4 7-6(8),3,R64,103,1,3,81,53,34,15,11,1,4,1,0,72,52,26,14,11,2,6,6,4865,91,709
2017-580,Australian Open,Hard,128,G,20170116,189,201505,30,,Kate Makarova,L,178,RUS,28.6,201506,,,Sara Errani,R,164,ITA,29.7,6-2 3-2 RET,3,R64,65,2,2,52,38,20,7,7,3,6,0,1,48,37,17,1,6,1,6,34,1377,53,1085
2017-580,Australian Open,Hard,128,G,20170116,190,201496,17,,Caroline Wozniacki,R,177,DEN,26.5,202499,,,Donna Vekic,R,179,CRO,20.5,6-1 6-3,3,R64,76,0,5,53,34,23,9,8,3,5,2,3,55,33,14,9,8,4,10,20,2175,99,666
2017-580,Australian Open,Hard,128,G,20170116,191,202427,9,,Johanna Konta,R,180,GBR,25.6,211768,,,Naomi Osaka,R,180,JPN,19.2,6-4 6-2,3,R64,69,9,1,53,37,33,7,9,1,1,5,2,53,35,22,7,9,5,8,9,4055,48,1168
2017-580,Australian Open,Hard,128,G,20170116,192,201366,16,,Barbora Strycova,R,164,CZE,30.8,201492,,,Andrea Petkovic,R,180,GER,29.3,6-0 7-5,3,R64,103,2,3,75,54,34,10,9,11,13,0,2,51,28,12,9,9,2,8,16,2295,56,1045
2017-580,Australian Open,Hard,128,G,20170116,193,201614,21,,Caroline Garcia,R,177,FRA,23.2,206219,,,Oceane Dodin,R,,FRA,20.2,6-7(3) 6-4 6-4,3,R64,136,7,4,103,63,44,23,16,2,4,8,10,98,54,44,19,16,4,8,24,1765,72,867
2017-580,Australian Open,Hard,128,G,20170116,194,202484,,,Nicole Gibbs,R,168,USA,23.8,201604,,,Irina Falconi,R,163,USA,26.7,6-4 6-1,3,R64,77,3,1,50,34,22,8,9,3,5,1,6,79,36,18,17,8,12,18,92,704,104,639
2017-580,Australian Open,Hard,128,G,20170116,195,200033,2,,Serena Williams,R,175,USA,35.3,201425,,,Lucie Safarova,L,177,CZE,29.9,6-3 6-4,3,R64,85,15,6,75,48,40,11,10,6,6,8,3,58,32,24,12,9,3,5,2,7080,61,998
2017-580,Australian Open,Hard,128,G,20170116,196,201493,1,,Angelique Kerber,L,173,GER,28.9,201697,,,Kristyna Pliskova,L,184,CZE,24.8,6-0 6-4,3,R32,55,1,4,52,34,21,11,8,2,3,6,3,45,27,16,5,8,1,6,1,8875,58,1007
2017-580,Australian Open,Hard,128,G,20170116,197,201535,,,Coco Vandeweghe,R,185,USA,25.1,202446,,,Eugenie Bouchard,R,178,CAN,22.8,6-4 3-6 7-5,3,R32,141,11,7,88,52,44,18,16,4,6,4,4,116,61,45,27,15,3,6,35,1366,47,1185
2017-580,Australian Open,Hard,128,G,20170116,198,201514,,,Sorana Cirstea,R,176,ROU,26.7,201590,,,Alison Riske Amritraj,R,173,USA,26.5,6-2 7-6(2),3,R32,90,5,1,59,33,24,17,10,2,4,2,4,66,40,22,11,10,2,6,78,799,42,1247
2017-580,Australian Open,Hard,128,G,20170116,199,202469,7,,Garbine Muguruza,R,182,ESP,23.2,201545,32,,Anastasija Sevastova,R,169,LAT,26.7,6-4 6-2,3,R32,63,5,2,48,32,23,9,9,1,3,3,0,54,31,17,9,9,0,5,7,4420,33,1425
2017-580,Australian Open,Hard,128,G,20170116,200,201621,,,Mona Barthel,R,185,GER,26.5,202458,,,Ashleigh Barty,R,166,AUS,20.7,6-4 3-6 6-3,3,R32,,,,,,,,,,,,,,,,,,,,181,312,223,236
2017-580,Australian Open,Hard,128,G,20170116,201,200748,13,,Venus Williams,R,185,USA,36.5,202504,,,Ying Ying Duan,R,186,CHN,27.5,6-1 6-0,3,R32,58,3,2,45,26,18,13,7,1,1,1,3,51,31,14,7,6,7,12,17,2240,87,753
2017-580,Australian Open,Hard,128,G,20170116,202,201499,24,,Anastasia Pavlyuchenkova,R,177,RUS,25.5,202494,11,,Elina Svitolina,R,174,UKR,22.3,7-5 4-6 6-3,3,R32,151,5,9,129,77,55,18,16,14,19,6,3,86,50,37,11,15,3,9,27,1620,13,2895
2017-580,Australian Open,Hard,128,G,20170116,203,201320,8,,Svetlana Kuznetsova,R,174,RUS,31.5,201347,,,Jelena Jankovic,R,177,SRB,31.8,6-4 5-7 9-7,3,R32,216,4,7,128,80,50,21,19,8,15,1,7,150,88,54,25,19,16,24,10,3745,54,1075
2017-580,Australian Open,Hard,128,G,20170116,204,201662,5,,Karolina Pliskova,R,184,CZE,24.8,211533,,,Jelena Ostapenko,R,177,LAT,19.6,4-6 6-0 10-8,3,R32,125,19,2,88,65,54,8,17,2,6,4,6,108,63,40,18,17,8,15,5,4970,38,1305
2017-580,Australian Open,Hard,128,G,20170116,205,201611,22,,Daria Saville,R,166,AUS,22.8,201490,12,,Timea Bacsinszky,R,170,SUI,27.6,6-3 5-7 6-4,3,R32,153,2,3,88,53,34,15,16,3,9,4,4,105,71,35,16,15,7,15,26,1665,15,2347
2017-580,Australian Open,Hard,128,G,20170116,206,206108,,,Jennifer Brady,R,178,USA,21.7,201455,14,,Elena Vesnina,R,176,RUS,30.4,7-6(4) 6-2,3,R32,84,10,1,63,30,21,21,10,3,5,4,6,66,37,22,13,10,5,9,116,510,18,2229
2017-580,Australian Open,Hard,128,G,20170116,207,200002,,,Mirjana Lucic,R,181,CRO,34.8,206289,,,Maria Sakkari,R,172,GRE,21.4,3-6 6-2 6-3,3,R32,108,2,6,80,53,35,14,13,3,6,0,1,86,62,37,9,13,7,12,79,786,94,688
2017-580,Australian Open,Hard,128,G,20170116,208,201505,30,,Kate Makarova,L,178,RUS,28.6,201495,6,,Dominika Cibulkova,R,161,SVK,27.6,6-2 6-7(3) 6-3,3,R32,173,5,4,115,75,47,20,15,11,15,0,4,97,62,36,16,14,7,14,34,1377,6,4865
2017-580,Australian Open,Hard,128,G,20170116,209,202427,9,,Johanna Konta,R,180,GBR,25.6,201496,17,,Caroline Wozniacki,R,177,DEN,26.5,6-3 6-1,3,R32,75,6,3,49,29,22,13,8,0,0,0,2,52,33,19,7,8,3,7,9,4055,20,2175
2017-580,Australian Open,Hard,128,G,20170116,210,201366,16,,Barbora Strycova,R,164,CZE,30.8,201614,21,,Caroline Garcia,R,177,FRA,23.2,6-2 7-5,3,R32,87,4,3,60,37,28,13,10,2,3,1,3,59,39,24,8,10,1,5,16,2295,24,1765
2017-580,Australian Open,Hard,128,G,20170116,211,200033,2,,Serena Williams,R,175,USA,35.3,202484,,,Nicole Gibbs,R,168,USA,23.8,6-1 6-3,3,R32,63,4,4,46,23,19,13,8,1,2,2,5,54,27,14,11,8,3,8,2,7080,92,704
2017-580,Australian Open,Hard,128,G,20170116,212,201535,,,Coco Vandeweghe,R,185,USA,25.1,201493,1,,Angelique Kerber,L,173,GER,28.9,6-2 6-3,3,R16,68,6,2,53,27,21,14,9,0,1,0,2,44,26,15,7,8,2,6,35,1366,1,8875
2017-580,Australian Open,Hard,128,G,20170116,213,202469,7,,Garbine Muguruza,R,182,ESP,23.2,201514,,,Sorana Cirstea,R,176,ROU,26.7,6-2 6-3,3,R16,65,2,0,41,28,24,10,9,3,3,1,3,57,33,19,11,8,3,7,7,4420,78,799
2017-580,Australian Open,Hard,128,G,20170116,214,200748,13,,Venus Williams,R,185,USA,36.5,201621,,,Mona Barthel,R,185,GER,26.5,6-3 7-5,3,R16,96,4,7,75,49,36,13,11,8,10,1,1,69,48,24,13,10,6,10,17,2240,181,312
2017-580,Australian Open,Hard,128,G,20170116,215,201499,24,,Anastasia Pavlyuchenkova,R,177,RUS,25.5,201320,8,,Svetlana Kuznetsova,R,174,RUS,31.5,6-3 6-3,3,R16,68,1,1,47,31,25,6,9,1,3,3,2,65,43,24,8,9,6,11,27,1620,10,3745
2017-580,Australian Open,Hard,128,G,20170116,216,201662,5,,Karolina Pliskova,R,184,CZE,24.8,201611,22,,Daria Saville,R,166,AUS,22.8,6-3 6-3,3,R16,72,12,4,51,31,25,8,9,1,3,4,3,70,34,20,14,9,9,14,5,4970,26,1665
2017-580,Australian Open,Hard,128,G,20170116,217,200002,,,Mirjana Lucic,R,181,CRO,34.8,206108,,,Jennifer Brady,R,178,USA,21.7,6-4 6-2,3,R16,70,4,2,59,29,23,15,9,5,6,0,7,59,22,15,16,9,3,7,79,786,116,510
2017-580,Australian Open,Hard,128,G,20170116,218,202427,9,,Johanna Konta,R,180,GBR,25.6,201505,30,,Kate Makarova,L,178,RUS,28.6,6-1 6-4,3,R16,68,9,2,53,35,28,9,9,3,4,1,4,46,29,18,5,8,1,5,9,4055,34,1377
2017-580,Australian Open,Hard,128,G,20170116,219,200033,2,,Serena Williams,R,175,USA,35.3,201366,16,,Barbora Strycova,R,164,CZE,30.8,7-5 6-4,3,R16,105,4,3,60,27,17,15,11,2,6,1,2,77,50,27,11,11,8,14,2,7080,16,2295
2017-580,Australian Open,Hard,128,G,20170116,220,201535,,,Coco Vandeweghe,R,185,USA,25.1,202469,7,,Garbine Muguruza,R,182,ESP,23.2,6-4 6-0,3,QF,83,5,3,48,25,22,12,8,2,2,3,4,68,38,23,10,8,9,13,35,1366,7,4420
2017-580,Australian Open,Hard,128,G,20170116,221,200748,13,,Venus Williams,R,185,USA,36.5,201499,24,,Anastasia Pavlyuchenkova,R,177,RUS,25.5,6-4 7-6(3),3,QF,107,4,1,69,42,24,16,11,2,6,3,9,83,49,29,11,11,5,10,17,2240,27,1620
2017-580,Australian Open,Hard,128,G,20170116,222,200002,,,Mirjana Lucic,R,181,CRO,34.8,201662,5,,Karolina Pliskova,R,184,CZE,24.8,6-4 3-6 6-4,3,QF,107,9,5,82,46,32,12,15,6,13,8,1,84,49,27,13,14,4,11,79,786,5,4970
2017-580,Australian Open,Hard,128,G,20170116,223,200033,2,,Serena Williams,R,175,USA,35.3,202427,9,,Johanna Konta,R,180,GBR,25.6,6-2 6-3,3,QF,75,10,2,58,26,23,16,9,2,3,2,3,50,30,18,8,8,4,8,2,7080,9,4055
2017-580,Australian Open,Hard,128,G,20170116,224,200748,13,,Venus Williams,R,185,USA,36.5,201535,,,Coco Vandeweghe,R,185,USA,25.1,6-7(3) 6-2 6-3,3,SF,145,11,5,108,62,48,20,15,12,13,10,11,95,52,39,17,14,4,9,17,2240,35,1366
2017-580,Australian Open,Hard,128,G,20170116,225,200033,2,,Serena Williams,R,175,USA,35.3,200002,,,Mirjana Lucic,R,181,CRO,34.8,6-2 6-1,3,SF,50,3,3,38,26,24,4,8,0,0,3,6,51,30,20,3,7,1,6,2,7080,79,786
2017-580,Australian Open,Hard,128,G,20170116,226,200033,2,,Serena Williams,R,175,USA,35.3,200748,13,,Venus Williams,R,185,USA,36.5,6-4 6-4,3,F,81,10,5,61,37,28,11,10,1,3,7,3,67,46,31,6,10,7,11,2,7080,17,2240
2018-580,Australian Open,Hard,128,G,20180115,101,201594,1,,Simona Halep,R,168,ROU,26.3,215018,,WC,Destanee Aiava,R,175,AUS,17.6,7-6(5) 6-1,3,R128,111,2,1,70,41,26,15,10,5,8,2,9,86,45,23,20,9,8,13,1,6425,193,297
2018-580,Australian Open,Hard,128,G,20180115,102,202446,,,Eugenie Bouchard,R,178,CAN,23.8,206219,,,Oceane Dodin,R,,FRA,21.2,6-3 7-6(5),3,R128,100,12,1,81,51,38,15,11,5,6,3,9,84,41,29,19,10,6,8,112,576,85,750
2018-580,Australian Open,Hard,128,G,20180115,103,201616,,,Lauren Davis,R,157,USA,24.2,202450,,,Jana Cepelova,R,168,SVK,24.6,6-7(4) 6-3 6-1,3,R128,136,2,8,110,71,42,20,14,11,15,2,2,99,74,41,8,14,6,14,76,814,110,588
2018-580,Australian Open,Hard,128,G,20180115,104,201492,,,Andrea Petkovic,R,180,GER,30.3,201520,27,,Petra Kvitova,L,183,CZE,27.8,6-3 4-6 10-8,3,R128,172,1,7,108,72,43,18,18,3,9,5,10,136,85,48,25,19,15,23,98,660,28,1708
2018-580,Australian Open,Hard,128,G,20180115,105,202458,18,,Ashleigh Barty,R,166,AUS,21.7,214544,,,Aryna Sabalenka,R,182,BLR,19.6,6-7(2) 6-4 6-4,3,R128,125,11,3,106,71,43,24,16,2,4,7,4,93,57,40,19,16,2,6,17,2486,66,943
2018-580,Australian Open,Hard,128,G,20180115,106,202429,,,Camila Giorgi,R,168,ITA,26.0,214939,,Q,Anna Kalinskaya,R,175,RUS,19.1,6-4 6-3,3,R128,91,7,5,76,47,32,12,10,6,9,0,4,64,36,14,14,9,4,9,71,877,160,361
2018-580,Australian Open,Hard,128,G,20180115,107,211768,,,Naomi Osaka,R,180,JPN,20.2,201568,,,Kristina Kucova,R,163,SVK,27.6,7-5 6-2,3,R128,77,11,3,66,44,31,9,10,2,4,1,3,66,43,22,12,10,0,5,72,871,250,221
2018-580,Australian Open,Hard,128,G,20180115,108,201455,16,,Elena Vesnina,R,176,RUS,31.4,202460,,,Ons Jabeur,R,167,TUN,23.3,6-3 6-4,3,R128,71,0,2,60,35,25,16,10,2,3,3,7,57,22,16,17,9,4,7,19,2220,95,693
2018-580,Australian Open,Hard,128,G,20180115,109,202427,9,,Johanna Konta,R,180,GBR,26.6,201483,,,Madison Brengle,R,168,USA,27.7,6-3 6-1,3,R128,66,8,0,49,35,24,10,8,1,2,0,4,61,39,18,10,8,3,8,10,3185,90,714
2018-580,Australian Open,Hard,128,G,20180115,110,211095,,,Bernarda Pera,L,175,USA,23.1,215020,,Q,Anna Blinkova,R,179,RUS,19.3,6-2 6-2,3,R128,62,2,2,53,36,28,8,8,4,4,2,2,42,26,16,6,8,2,6,123,479,138,433
2018-580,Australian Open,Hard,128,G,20180115,111,202418,,,Lara Arruabarrena,R,166,ESP,25.8,202480,,,Richel Hogenkamp,R,168,NED,25.7,6-1 6-2,3,R128,58,3,1,43,27,23,11,8,2,2,2,3,51,23,13,11,7,4,8,87,738,108,600
2018-580,Australian Open,Hard,128,G,20180115,112,201366,20,,Barbora Strycova,R,164,CZE,31.8,201529,,WC,Kristie Ahn,R,165,USA,25.5,6-1 7-5,3,R128,99,1,1,59,42,29,11,10,2,4,0,2,74,52,26,10,9,8,13,24,1940,105,608
2018-580,Australian Open,Hard,128,G,20180115,113,201425,29,,Lucie Safarova,L,177,CZE,30.9,201548,,WC,Ajla Tomljanovic,R,180,AUS,24.6,7-5 6-3,3,R128,86,4,3,53,40,30,8,10,1,2,6,7,80,40,28,15,11,5,9,29,1650,107,606
2018-580,Australian Open,Hard,128,G,20180115,114,201514,,,Sorana Cirstea,R,176,ROU,27.7,201610,,,Zarina Diyas,R,172,KAZ,24.2,5-7 6-4 6-3,3,R128,138,6,3,114,52,30,33,16,5,10,0,6,107,77,41,16,15,8,14,36,1480,60,996
2018-580,Australian Open,Hard,128,G,20180115,115,206242,,,Beatriz Haddad Maia,L,185,BRA,21.6,211878,,WC,Lizette Cabrera,R,167,AUS,20.0,7-6(3) 6-4,3,R128,95,2,6,64,43,27,6,11,1,7,0,4,85,57,27,10,11,7,14,70,890,161,360
2018-580,Australian Open,Hard,128,G,20180115,116,201662,6,,Karolina Pliskova,R,184,CZE,25.8,202705,,,Veronica Cepede Royg,R,163,PAR,25.9,6-3 6-4,3,R128,92,7,1,59,31,23,9,9,3,6,1,8,84,52,32,9,10,7,13,6,5445,80,780
2018-580,Australian Open,Hard,128,G,20180115,117,202469,3,,Garbine Muguruza,R,182,ESP,24.2,211316,,WC,Jessika Ponchet,R,,FRA,21.3,6-4 6-3,3,R128,84,5,1,57,36,26,13,9,2,3,4,3,79,44,28,14,10,6,10,3,6050,256,213
2018-580,Australian Open,Hard,128,G,20180115,118,201444,,,Su Wei Hsieh,R,169,TPE,32.0,202684,,Q,Lin Zhu,R,173,CHN,23.9,0-6 6-0 8-6,3,R128,112,2,5,75,46,30,13,13,2,7,2,3,86,45,24,20,13,6,12,88,720,114,572
2018-580,Australian Open,Hard,128,G,20180115,119,201615,,,Lesia Tsurenko,R,174,UKR,28.6,212001,,,Natalia Vikhlyantseva,R,185,RUS,20.9,3-6 6-3 6-4,3,R128,108,2,4,86,51,35,19,14,3,6,2,3,93,71,47,10,14,9,13,43,1200,63,961
2018-580,Australian Open,Hard,128,G,20180115,120,201474,26,,Agnieszka Radwanska,R,170,POL,28.8,201697,,,Kristyna Pliskova,L,184,CZE,25.8,2-6 6-3 6-2,3,R128,119,3,0,88,60,35,20,13,7,9,14,4,90,56,37,16,12,6,9,35,1510,61,965
2018-580,Australian Open,Hard,128,G,20180115,121,201493,21,,Angelique Kerber,L,173,GER,29.9,204431,,,Anna Lena Friedsam,R,,GER,23.9,6-0 6-4,3,R128,66,0,1,48,34,23,9,8,0,2,1,5,56,33,13,11,8,10,16,16,2491,388,100
2018-580,Australian Open,Hard,128,G,20180115,122,202499,,,Donna Vekic,R,179,CRO,21.5,211702,,,Nao Hibino,R,163,JPN,23.1,7-5 6-3,3,R128,108,1,3,69,43,33,14,10,5,5,3,2,91,56,35,16,11,8,11,52,1075,96,691
2018-580,Australian Open,Hard,128,G,20180115,123,201345,,,Maria Sharapova,R,188,RUS,30.7,213583,,,Tatjana Maria,R,172,GER,30.4,6-1 6-4,3,R128,78,3,3,52,29,22,10,9,0,2,1,5,45,17,11,11,8,2,7,48,1116,47,1125
2018-580,Australian Open,Hard,128,G,20180115,124,201545,14,,Anastasija Sevastova,R,169,LAT,27.7,201478,,,Varvara Lepchenko,L,180,USA,31.6,3-6 6-3 6-2,3,R128,105,2,1,82,48,31,22,13,2,4,4,1,90,66,39,11,13,5,9,15,2600,64,960
2018-580,Australian Open,Hard,128,G,20180115,125,202536,,,Ana Bogdan,R,171,ROU,25.1,201540,11,,Kristina Mladenovic,R,184,FRA,24.6,6-3 6-2,3,R128,84,1,2,59,36,23,11,8,6,8,4,7,66,36,23,5,9,5,11,104,619,11,2935
2018-580,Australian Open,Hard,128,G,20180115,126,201709,,,Yulia Putintseva,R,163,KAZ,23.0,201586,,,Heather Watson,R,170,GBR,25.6,7-5 7-6(6),3,R128,136,0,1,85,56,36,15,12,5,8,4,3,88,57,33,14,12,0,4,54,1060,68,926
2018-580,Australian Open,Hard,128,G,20180115,127,206420,,,Ekaterina Alexandrova,R,175,RUS,23.1,201555,,,Polona Hercog,R,182,SLO,26.9,7-6(2) 6-4,3,R128,91,4,4,70,41,29,15,11,3,6,4,4,85,51,30,17,11,8,12,92,709,91,712
2018-580,Australian Open,Hard,128,G,20180115,128,201619,17,,Madison Keys,R,178,USA,22.9,202492,,,Qiang Wang,R,172,CHN,26.0,6-1 7-5,3,R128,68,4,1,60,42,31,8,10,6,8,2,1,59,33,18,12,9,4,9,20,2214,45,1160
2018-580,Australian Open,Hard,128,G,20180115,129,200002,28,,Mirjana Lucic,R,181,CRO,35.8,201603,,,Shelby Rogers,R,175,USA,25.2,7-6(6) 5-7 6-2,3,R128,138,2,10,117,66,41,24,16,5,12,5,4,96,58,31,17,16,1,9,30,1618,67,926
2018-580,Australian Open,Hard,128,G,20180115,130,205925,,,Aliaksandra Sasnovich,R,174,BLR,23.8,201539,,,Christina Mchale,R,170,USA,25.6,6-3 6-2,3,R128,65,1,6,51,35,27,2,8,0,2,3,8,46,21,11,7,9,1,7,56,1052,73,870
2018-580,Australian Open,Hard,128,G,20180115,131,214954,,,Marketa Vondrousova,L,173,CZE,18.5,201597,,,Kurumi Nara,R,155,JPN,26.0,7-5 6-4,3,R128,96,2,10,80,44,31,15,11,7,10,0,6,80,58,33,8,11,8,13,62,965,101,639
2018-580,Australian Open,Hard,128,G,20180115,132,201614,8,,Caroline Garcia,R,177,FRA,24.2,202489,,,Carina Witthoeft,R,176,GER,22.9,7-5 6-3,3,R128,90,5,0,67,51,35,6,11,5,8,2,3,64,39,23,11,10,2,7,8,4385,50,1093
2018-580,Australian Open,Hard,128,G,20180115,133,202505,,,Belinda Bencic,R,175,SUI,20.8,200748,5,,Venus Williams,R,185,USA,37.5,6-3 7-5,3,R128,113,5,4,65,38,29,13,10,6,8,2,5,70,49,28,8,11,6,11,78,811,5,5568
2018-580,Australian Open,Hard,128,G,20180115,134,202503,,Q,Luksika Kumkhum,R,167,THA,24.4,201596,,,Johanna Larsson,R,174,SWE,29.4,6-3 7-5,3,R128,71,0,3,61,32,23,20,11,1,2,1,2,58,40,26,9,10,1,4,124,479,83,761
2018-580,Australian Open,Hard,128,G,20180115,135,201549,,,Petra Martic,R,181,CRO,26.9,202421,,,Alison Van Uytvanck,R,173,BEL,23.8,7-6(5) 6-3,3,R128,95,0,1,67,49,30,10,10,6,9,4,2,70,42,28,10,11,2,7,81,762,77,814
2018-580,Australian Open,Hard,128,G,20180115,136,201593,,,Irina Camelia Begu,R,181,ROU,27.3,201505,31,,Kate Makarova,L,178,RUS,29.6,3-6 6-4 8-6,3,R128,181,2,5,105,64,42,17,17,8,14,2,5,111,73,43,18,16,10,16,40,1303,31,1605
2018-580,Australian Open,Hard,128,G,20180115,137,201611,23,,Daria Saville,R,166,AUS,23.8,201604,,Q,Irina Falconi,R,163,USA,27.7,6-1 6-1,3,R128,64,0,4,40,22,16,8,7,1,3,0,3,52,32,13,5,7,6,13,23,1990,131,460
2018-580,Australian Open,Hard,128,G,20180115,138,210722,,,Elise Mertens,R,179,BEL,22.1,214149,,Q,Viktoria Hruncakova,R,,SVK,19.6,6-2 6-1,3,R128,56,2,6,51,28,22,11,8,3,4,1,1,48,35,16,5,7,5,10,37,1465,125,474
2018-580,Australian Open,Hard,128,G,20180115,139,201427,,,Alize Cornet,R,173,FRA,27.9,216133,,WC,Xin Yu Wang,R,182,CHN,16.3,6-4 6-2,3,R128,72,0,4,60,39,29,11,9,6,7,1,7,64,30,20,13,9,5,9,42,1215,641,34
2018-580,Australian Open,Hard,128,G,20180115,140,201504,12,,Julia Goerges,R,180,GER,29.2,213550,,,Sofia Kenin,R,170,USA,19.1,6-4 6-4,3,R128,79,14,1,57,32,29,14,10,3,3,2,2,63,39,29,10,10,5,7,12,2825,102,639
2018-580,Australian Open,Hard,128,G,20180115,141,201533,,,Shuai Zhang,R,177,CHN,28.9,201585,13,,Sloane Stephens,R,170,USA,24.8,2-6 7-6(2) 6-2,3,R128,118,2,1,84,56,35,12,14,5,11,3,2,90,55,30,18,14,3,9,34,1535,13,2803
2018-580,Australian Open,Hard,128,G,20180115,142,202653,,Q,Denisa Allertova,R,180,CZE,24.8,201426,,,Pauline Parmentier,R,175,FRA,31.9,6-3 6-0,3,R128,57,0,3,50,37,27,5,8,2,3,2,4,49,28,14,6,7,6,11,130,463,82,761
2018-580,Australian Open,Hard,128,G,20180115,143,202663,,,Magda Linette,R,171,POL,25.9,206108,,,Jennifer Brady,R,178,USA,22.7,2-6 6-4 6-3,3,R128,100,1,3,73,49,35,15,14,0,3,10,3,88,58,42,12,13,5,8,74,860,65,959
2018-580,Australian Open,Hard,128,G,20180115,144,214082,22,,Daria Kasatkina,R,170,RUS,20.6,203533,,Q,Anna Karolina Schmiedlova,R,176,SVK,23.3,6-0 6-3,3,R128,66,1,2,53,31,18,11,7,5,7,1,1,43,26,6,7,8,3,10,25,1905,137,437
2018-580,Australian Open,Hard,128,G,20180115,145,216146,,Q,Marta Kostyuk,R,175,UKR,15.5,201397,25,,Shuai Peng,R,173,CHN,32.0,6-2 6-2,3,R128,57,5,3,42,23,20,10,8,0,1,2,5,55,34,16,8,8,5,10,521,58,27,1765
2018-580,Australian Open,Hard,128,G,20180115,146,201542,,WC,Olivia Rogowska,R,175,AUS,26.6,215096,,WC,Jaimee Fourlis,R,168,AUS,18.3,6-3 6-7(3) 6-2,3,R128,124,1,5,86,53,34,16,14,3,7,0,7,103,66,39,14,15,6,14,168,348,286,179
2018-580,Australian Open,Hard,128,G,20180115,147,211701,,,Katerina Siniakova,R,174,CZE,21.6,206289,,,Maria Sakkari,R,172,GRE,22.4,6-2 6-7(5) 6-4,3,R128,128,7,2,97,62,45,17,15,4,7,2,8,90,54,37,14,15,4,10,59,1000,55,1057
2018-580,Australian Open,Hard,128,G,20180115,148,202494,4,,Elina Svitolina,R,174,UKR,23.3,211736,,Q,Ivana Jorovic,R,174,SRB,20.7,6-3 6-2,3,R128,72,2,1,42,22,18,12,8,0,1,1,3,68,41,21,12,9,8,13,4,5785,279,191
2018-580,Australian Open,Hard,128,G,20180115,149,211533,7,,Jelena Ostapenko,R,177,LAT,20.6,201212,,,Francesca Schiavone,R,166,ITA,37.5,6-1 6-4,3,R128,74,5,3,61,36,27,12,9,3,4,1,7,51,24,13,11,8,3,7,7,4901,93,708
2018-580,Australian Open,Hard,128,G,20180115,150,202504,,,Ying Ying Duan,R,186,CHN,28.5,201531,,,Mariana Duque Marino,R,169,COL,28.4,6-0 6-1,3,R128,50,3,1,34,22,17,9,6,1,1,0,2,50,31,14,5,7,6,12,100,643,109,597
2018-580,Australian Open,Hard,128,G,20180115,151,201621,,,Mona Barthel,R,185,GER,27.5,201512,,,Monica Niculescu,R,168,ROU,30.3,6-4 7-5,3,R128,109,2,5,79,46,35,16,11,5,6,1,6,78,52,37,7,11,4,7,53,1068,99,653
2018-580,Australian Open,Hard,128,G,20180115,152,204426,32,,Anett Kontaveit,R,174,EST,22.0,202434,,,Aleksandra Krunic,R,163,SRB,24.8,6-4 7-5,3,R128,82,5,1,69,46,32,12,11,1,3,1,3,77,48,29,13,11,5,9,33,1560,46,1126
2018-580,Australian Open,Hard,128,G,20180115,153,201466,,,Kaia Kanepi,R,181,EST,32.5,201495,24,,Dominika Cibulkova,R,161,SVK,28.6,6-2 6-2,3,R128,91,8,4,46,28,21,10,8,2,3,1,5,59,36,18,9,8,3,8,79,782,26,1860
2018-580,Australian Open,Hard,128,G,20180115,154,201620,,,Monica Puig,R,170,PUR,24.3,201325,,,Samantha Stosur,R,172,AUS,33.7,4-6 7-6(6) 6-4,3,R128,140,7,3,100,67,48,21,16,5,7,13,3,97,68,53,15,16,3,5,58,1025,41,1265
2018-580,Australian Open,Hard,128,G,20180115,155,201521,,,Carla Suarez Navarro,R,162,ESP,29.3,211684,,Q,Magdalena Frech,R,171,POL,20.0,7-5 6-3,3,R128,91,0,2,66,44,27,14,10,5,7,4,3,74,40,27,13,11,3,8,39,1341,163,360
2018-580,Australian Open,Hard,128,G,20180115,156,201693,,,Timea Babos,R,179,HUN,24.6,201535,10,,Coco Vandeweghe,R,185,USA,26.1,7-6(4) 6-2,3,R128,106,6,5,73,38,31,18,10,9,10,10,5,62,37,31,9,10,1,4,51,1091,9,3204
2018-580,Australian Open,Hard,128,G,20180115,157,201499,15,,Anastasia Pavlyuchenkova,R,177,RUS,26.5,203462,,,Kateryna Baindl,R,175,UKR,23.9,3-6 6-4 6-3,3,R128,109,1,7,83,53,34,14,14,4,9,8,3,85,56,35,11,14,3,9,18,2485,86,744
2018-580,Australian Open,Hard,128,G,20180115,158,201435,,,Kateryna Bondarenko,R,175,UKR,31.4,203530,,Q,Viktorija Golubic,R,169,SUI,25.2,7-6(3) 4-6 6-2,3,R128,135,2,4,111,72,44,19,15,9,14,2,9,94,52,35,17,15,5,11,94,698,115,571
2018-580,Australian Open,Hard,128,G,20180115,159,201465,,,Kirsten Flipkens,R,165,BEL,32.0,201590,,,Alison Riske Amritraj,R,173,USA,27.5,2-6 7-6(6) 6-3,3,R128,148,8,4,91,53,33,18,14,3,8,1,2,100,74,42,14,15,5,10,75,836,84,755
2018-580,Australian Open,Hard,128,G,20180115,160,201517,19,,Magdalena Rybarikova,R,180,SVK,29.2,203501,,,Taylor Townsend,L,170,USA,21.7,6-0 7-5,3,R128,70,2,0,49,37,28,7,9,2,3,0,3,52,32,17,6,9,5,10,21,2141,89,716
2018-580,Australian Open,Hard,128,G,20180115,161,202428,30,,Kiki Bertens,R,182,NED,26.0,214263,,,Catherine Cartan Bellis,R,,USA,18.7,6-7(5) 6-4 6-2,3,R128,143,8,9,108,66,49,15,15,6,10,2,1,103,64,39,16,15,8,15,32,1605,49,1100
2018-580,Australian Open,Hard,128,G,20180115,162,202484,,,Nicole Gibbs,R,168,USA,24.8,202600,,,Viktoriya Tomova,R,170,BUL,22.8,6-1 6-1,3,R128,48,0,1,42,24,16,10,7,3,5,0,3,45,32,13,2,7,4,11,113,575,139,426
2018-580,Australian Open,Hard,128,G,20180115,163,213544,,,Jana Fett,R,168,CRO,21.2,202685,,,Misa Eguchi,R,173,JPN,25.7,6-3 6-2,3,R128,72,2,4,49,24,15,14,9,2,5,1,2,58,36,18,6,8,6,12,119,525,436,83
2018-580,Australian Open,Hard,128,G,20180115,164,201496,2,,Caroline Wozniacki,R,177,DEN,27.5,202596,,,Mihaela Buzarnescu,L,175,ROU,29.7,6-2 6-3,3,R128,71,0,0,48,35,21,7,9,1,4,2,2,42,24,10,4,8,0,6,2,6095,44,1194
2018-580,Australian Open,Hard,128,G,20180115,201,201594,1,,Simona Halep,R,168,ROU,26.3,202446,,,Eugenie Bouchard,R,178,CAN,23.8,6-2 6-2,3,R64,65,1,2,42,24,15,9,8,2,5,2,2,57,33,15,6,8,7,14,1,6425,112,576
2018-580,Australian Open,Hard,128,G,20180115,202,201616,,,Lauren Davis,R,157,USA,24.2,201492,,,Andrea Petkovic,R,180,GER,30.3,4-6 6-0 6-0,3,R64,100,5,5,79,45,25,21,11,6,9,0,3,72,50,22,9,11,4,12,76,814,98,660
2018-580,Australian Open,Hard,128,G,20180115,203,202458,18,,Ashleigh Barty,R,166,AUS,21.7,202429,,,Camila Giorgi,R,168,ITA,26.0,5-7 6-4 6-1,3,R64,122,12,2,82,53,39,13,15,2,6,3,2,98,63,35,16,14,3,9,17,2486,71,877
2018-580,Australian Open,Hard,128,G,20180115,204,211768,,,Naomi Osaka,R,180,JPN,20.2,201455,16,,Elena Vesnina,R,176,RUS,31.4,7-6(4) 6-2,3,R64,95,8,3,67,39,32,13,10,4,5,1,3,71,44,27,14,10,2,5,72,871,19,2220
2018-580,Australian Open,Hard,128,G,20180115,205,211095,,,Bernarda Pera,L,175,USA,23.1,202427,9,,Johanna Konta,R,180,GBR,26.6,6-4 7-5,3,R64,100,7,4,61,34,23,16,11,0,2,0,5,84,59,32,14,11,13,17,123,479,10,3185
2018-580,Australian Open,Hard,128,G,20180115,206,201366,20,,Barbora Strycova,R,164,CZE,31.8,202418,,,Lara Arruabarrena,R,166,ESP,25.8,6-3 6-4,3,R64,99,3,3,64,41,30,13,10,6,7,0,0,63,39,23,13,9,7,10,24,1940,87,738
2018-580,Australian Open,Hard,128,G,20180115,207,201425,29,,Lucie Safarova,L,177,CZE,30.9,201514,,,Sorana Cirstea,R,176,ROU,27.7,6-2 6-4,3,R64,84,6,2,70,37,23,19,9,4,5,4,3,59,34,22,8,9,1,5,29,1650,36,1480
2018-580,Australian Open,Hard,128,G,20180115,208,201662,6,,Karolina Pliskova,R,184,CZE,25.8,206242,,,Beatriz Haddad Maia,L,185,BRA,21.6,6-1 6-1,3,R64,44,5,3,38,24,19,10,7,2,2,2,4,36,23,13,2,7,2,7,6,5445,70,890
2018-580,Australian Open,Hard,128,G,20180115,209,201444,,,Su Wei Hsieh,R,169,TPE,32.0,202469,3,,Garbine Muguruza,R,182,ESP,24.2,7-6(1) 6-4,3,R64,119,3,3,85,56,36,15,11,6,9,3,5,87,55,37,8,11,7,11,88,720,3,6050
2018-580,Australian Open,Hard,128,G,20180115,210,201474,26,,Agnieszka Radwanska,R,170,POL,28.8,201615,,,Lesia Tsurenko,R,174,UKR,28.6,2-6 7-5 6-3,3,R64,137,2,2,93,62,43,14,15,4,8,5,7,100,71,43,14,14,8,12,35,1510,43,1200
2018-580,Australian Open,Hard,128,G,20180115,211,201493,21,,Angelique Kerber,L,173,GER,29.9,202499,,,Donna Vekic,R,179,CRO,21.5,6-4 6-1,3,R64,70,3,2,60,33,24,16,9,2,3,3,0,44,26,12,10,8,1,5,16,2491,52,1075
2018-580,Australian Open,Hard,128,G,20180115,212,201345,,,Maria Sharapova,R,188,RUS,30.7,201545,14,,Anastasija Sevastova,R,169,LAT,27.7,6-1 7-6(4),3,R64,80,4,4,57,33,27,11,10,1,4,1,1,60,37,23,7,9,1,6,48,1116,15,2600
2018-580,Australian Open,Hard,128,G,20180115,213,202536,,,Ana Bogdan,R,171,ROU,25.1,201709,,,Yulia Putintseva,R,163,KAZ,23.0,1-6 6-2 6-3,3,R64,126,4,3,67,44,30,10,12,4,8,1,5,82,56,31,11,12,3,8,104,619,54,1060
2018-580,Australian Open,Hard,128,G,20180115,214,201619,17,,Madison Keys,R,178,USA,22.9,206420,,,Ekaterina Alexandrova,R,175,RUS,23.1,6-0 6-1,3,R64,41,7,1,36,19,17,12,7,1,1,2,5,36,18,8,5,6,5,10,20,2214,92,709
2018-580,Australian Open,Hard,128,G,20180115,215,205925,,,Aliaksandra Sasnovich,R,174,BLR,23.8,200002,28,,Mirjana Lucic,R,181,CRO,35.8,6-3 6-1,3,R64,55,2,3,46,30,27,6,8,0,1,2,5,53,30,18,6,8,6,11,56,1052,30,1618
2018-580,Australian Open,Hard,128,G,20180115,216,201614,8,,Caroline Garcia,R,177,FRA,24.2,214954,,,Marketa Vondrousova,L,173,CZE,18.5,6-7(3) 6-2 8-6,3,R64,149,8,1,101,71,53,18,17,4,6,8,8,118,65,46,26,17,9,14,8,4385,62,965
2018-580,Australian Open,Hard,128,G,20180115,217,202503,,,Luksika Kumkhum,R,167,THA,24.4,202505,,,Belinda Bencic,R,175,SUI,20.8,6-1 6-3,3,R64,78,3,4,62,36,25,11,8,6,8,4,6,64,39,22,7,8,10,16,124,479,78,811
2018-580,Australian Open,Hard,128,G,20180115,218,201549,,,Petra Martic,R,181,CRO,26.9,201593,,,Irina Camelia Begu,R,181,ROU,27.3,6-4 7-6(3),3,R64,122,2,5,78,50,33,14,11,5,8,2,3,100,66,38,16,11,10,14,81,762,40,1303
2018-580,Australian Open,Hard,128,G,20180115,219,210722,,,Elise Mertens,R,179,BEL,22.1,201611,23,,Daria Saville,R,166,AUS,23.8,7-5 6-3,3,R64,111,0,4,88,60,40,9,10,14,17,1,10,67,40,22,9,11,2,8,37,1465,23,1990
2018-580,Australian Open,Hard,128,G,20180115,220,201427,,,Alize Cornet,R,173,FRA,27.9,201504,12,,Julia Goerges,R,180,GER,29.2,6-4 6-3,3,R64,91,2,4,64,40,29,12,10,4,5,2,3,66,38,26,12,9,8,11,42,1215,12,2825
2018-580,Australian Open,Hard,128,G,20180115,221,202653,,,Denisa Allertova,R,180,CZE,24.8,201533,,,Shuai Zhang,R,177,CHN,28.9,6-4 7-6(5),3,R64,90,2,1,78,53,35,12,11,3,6,2,1,73,54,33,8,11,2,6,130,463,34,1535
2018-580,Australian Open,Hard,128,G,20180115,222,202663,,,Magda Linette,R,171,POL,25.9,214082,22,,Daria Kasatkina,R,170,RUS,20.6,7-6(4) 6-2,3,R64,103,1,4,69,47,26,11,10,0,4,3,5,74,46,26,9,10,2,8,74,860,25,1905
2018-580,Australian Open,Hard,128,G,20180115,223,216146,,,Marta Kostyuk,R,175,UKR,15.5,201542,,,Olivia Rogowska,R,175,AUS,26.6,6-3 7-5,3,R64,89,6,11,86,52,35,12,11,5,8,2,3,65,36,19,14,10,5,10,521,58,168,348
2018-580,Australian Open,Hard,128,G,20180115,224,202494,4,,Elina Svitolina,R,174,UKR,23.3,211701,,,Katerina Siniakova,R,174,CZE,21.6,4-6 6-2 6-1,3,R64,134,9,3,92,53,36,19,13,7,10,1,6,98,52,29,20,12,14,20,4,5785,59,1000
2018-580,Australian Open,Hard,128,G,20180115,225,211533,7,,Jelena Ostapenko,R,177,LAT,20.6,202504,,,Ying Ying Duan,R,186,CHN,28.5,6-3 3-6 6-4,3,R64,104,10,5,75,43,26,14,14,1,7,4,2,87,57,34,9,14,6,13,7,4901,100,643
2018-580,Australian Open,Hard,128,G,20180115,226,204426,32,,Anett Kontaveit,R,174,EST,22.0,201621,,,Mona Barthel,R,185,GER,27.5,6-3 4-6 6-3,3,R64,96,6,9,88,49,37,19,14,8,11,3,7,85,49,33,15,14,7,12,33,1560,53,1068
2018-580,Australian Open,Hard,128,G,20180115,227,201466,,,Kaia Kanepi,R,181,EST,32.5,201620,,,Monica Puig,R,170,PUR,24.3,6-4 6-3,3,R64,80,4,2,49,28,20,13,9,1,3,2,6,73,48,30,7,10,3,8,79,782,58,1025
2018-580,Australian Open,Hard,128,G,20180115,228,201521,,,Carla Suarez Navarro,R,162,ESP,29.3,201693,,,Timea Babos,R,179,HUN,24.6,6-4 2-6 6-2,3,R64,109,4,2,92,70,46,10,13,6,9,4,2,72,41,28,17,13,3,7,39,1341,51,1091
2018-580,Australian Open,Hard,128,G,20180115,229,201435,,,Kateryna Bondarenko,R,175,UKR,31.4,201499,15,,Anastasia Pavlyuchenkova,R,177,RUS,26.5,6-2 6-3,3,R64,74,3,3,65,46,32,9,9,5,6,1,3,54,37,23,6,8,3,7,94,698,18,2485
2018-580,Australian Open,Hard,128,G,20180115,230,201517,19,,Magdalena Rybarikova,R,180,SVK,29.2,201465,,,Kirsten Flipkens,R,165,BEL,32.0,6-4 0-6 6-2,3,R64,109,0,1,73,40,19,19,12,4,9,4,2,81,48,29,15,12,4,9,21,2141,75,836
2018-580,Australian Open,Hard,128,G,20180115,231,202428,30,,Kiki Bertens,R,182,NED,26.0,202484,,,Nicole Gibbs,R,168,USA,24.8,7-6(3) 6-0,3,R64,76,7,2,62,41,31,12,9,3,3,0,2,58,41,25,8,9,5,8,32,1605,113,575
2018-580,Australian Open,Hard,128,G,20180115,232,201496,2,,Caroline Wozniacki,R,177,DEN,27.5,213544,,,Jana Fett,R,168,CRO,21.2,3-6 6-2 7-5,3,R64,151,4,7,103,69,43,14,15,12,18,1,9,89,38,22,23,14,3,10,2,6095,119,525
2018-580,Australian Open,Hard,128,G,20180115,301,201594,1,,Simona Halep,R,168,ROU,26.3,201616,,,Lauren Davis,R,157,USA,24.2,4-6 6-4 15-13,3,R32,224,4,4,149,109,71,21,24,10,16,0,7,154,93,65,23,24,15,22,1,6425,76,814
2018-580,Australian Open,Hard,128,G,20180115,302,211768,,,Naomi Osaka,R,180,JPN,20.2,202458,18,,Ashleigh Barty,R,166,AUS,21.7,6-4 6-2,3,R32,73,12,2,61,42,33,8,9,4,4,1,0,48,30,20,10,9,0,3,72,871,17,2486
2018-580,Australian Open,Hard,128,G,20180115,303,201366,20,,Barbora Strycova,R,164,CZE,31.8,211095,,,Bernarda Pera,L,175,USA,23.1,6-2 6-2,3,R32,68,5,1,52,35,28,9,8,2,2,1,4,40,19,10,9,8,1,5,24,1940,123,479
2018-580,Australian Open,Hard,128,G,20180115,304,201662,6,,Karolina Pliskova,R,184,CZE,25.8,201425,29,,Lucie Safarova,L,177,CZE,30.9,7-6(6) 7-5,3,R32,97,11,1,70,54,46,9,12,1,1,2,3,80,52,39,15,12,1,2,6,5445,29,1650
2018-580,Australian Open,Hard,128,G,20180115,305,201444,,,Su Wei Hsieh,R,169,TPE,32.0,201474,26,,Agnieszka Radwanska,R,170,POL,28.8,6-2 7-5,3,R32,99,1,4,70,48,33,8,10,2,5,1,3,59,39,20,6,10,2,8,88,720,35,1510
2018-580,Australian Open,Hard,128,G,20180115,306,201493,21,,Angelique Kerber,L,173,GER,29.9,201345,,,Maria Sharapova,R,188,RUS,30.7,6-1 6-3,3,R32,64,1,2,45,29,25,6,8,3,4,1,2,46,29,11,8,8,3,8,16,2491,48,1116
2018-580,Australian Open,Hard,128,G,20180115,307,201619,17,,Madison Keys,R,178,USA,22.9,202536,,,Ana Bogdan,R,171,ROU,25.1,6-3 6-4,3,R32,73,6,2,62,42,33,12,10,3,3,0,1,60,44,25,10,9,3,5,20,2214,104,619
2018-580,Australian Open,Hard,128,G,20180115,308,201614,8,,Caroline Garcia,R,177,FRA,24.2,205925,,,Aliaksandra Sasnovich,R,174,BLR,23.8,6-3 5-7 6-2,3,R32,125,10,1,90,65,48,11,15,5,8,3,7,83,46,33,15,14,2,7,8,4385,56,1052
2018-580,Australian Open,Hard,128,G,20180115,309,201549,,,Petra Martic,R,181,CRO,26.9,202503,,,Luksika Kumkhum,R,167,THA,24.4,6-3 3-6 7-5,3,R32,130,2,5,91,49,29,20,15,5,11,4,5,99,62,36,16,15,5,12,81,762,124,479
2018-580,Australian Open,Hard,128,G,20180115,310,210722,,,Elise Mertens,R,179,BEL,22.1,201427,,,Alize Cornet,R,173,FRA,27.9,7-5 6-4,3,R32,121,2,5,82,62,37,6,11,4,9,1,11,76,41,21,12,11,9,16,37,1465,42,1215
2018-580,Australian Open,Hard,128,G,20180115,311,202653,,,Denisa Allertova,R,180,CZE,24.8,202663,,,Magda Linette,R,171,POL,25.9,6-1 6-4,3,R32,71,5,5,51,30,24,11,9,2,3,2,4,65,41,22,11,8,7,11,130,463,74,860
2018-580,Australian Open,Hard,128,G,20180115,312,202494,4,,Elina Svitolina,R,174,UKR,23.3,216146,,,Marta Kostyuk,R,175,UKR,15.5,6-2 6-2,3,R32,59,5,0,38,27,21,7,8,0,1,0,9,54,20,15,9,8,3,8,4,5785,521,58
2018-580,Australian Open,Hard,128,G,20180115,313,204426,32,,Anett Kontaveit,R,174,EST,22.0,211533,7,,Jelena Ostapenko,R,177,LAT,20.6,6-3 1-6 6-3,3,R32,113,6,7,70,46,26,6,12,6,14,3,4,95,57,31,12,13,11,20,33,1560,7,4901
2018-580,Australian Open,Hard,128,G,20180115,314,201521,,,Carla Suarez Navarro,R,162,ESP,29.3,201466,,,Kaia Kanepi,R,181,EST,32.5,3-6 6-1 6-3,3,R32,103,1,1,72,50,32,11,12,4,8,2,3,89,52,26,18,13,6,13,39,1341,79,782
2018-580,Australian Open,Hard,128,G,20180115,315,201517,19,,Magdalena Rybarikova,R,180,SVK,29.2,201435,,,Kateryna Bondarenko,R,175,UKR,31.4,7-5 3-6 6-1,3,R32,124,9,3,87,58,43,14,14,4,6,2,9,79,44,32,17,14,0,4,21,2141,94,698
2018-580,Australian Open,Hard,128,G,20180115,316,201496,2,,Caroline Wozniacki,R,177,DEN,27.5,202428,30,,Kiki Bertens,R,182,NED,26.0,6-4 6-3,3,R32,86,3,1,69,48,34,11,10,5,6,4,2,54,40,25,5,9,1,4,2,6095,32,1605
2018-580,Australian Open,Hard,128,G,20180115,401,201594,1,,Simona Halep,R,168,ROU,26.3,211768,,,Naomi Osaka,R,180,JPN,20.2,6-3 6-2,3,R16,79,2,1,65,43,28,12,8,7,8,5,1,60,37,22,8,9,2,7,1,6425,72,871
2018-580,Australian Open,Hard,128,G,20180115,402,201662,6,,Karolina Pliskova,R,184,CZE,25.8,201366,20,,Barbora Strycova,R,164,CZE,31.8,6-7(5) 6-3 6-2,3,R16,161,4,1,99,67,44,18,14,4,6,2,2,116,87,53,11,15,12,18,6,5445,24,1940
2018-580,Australian Open,Hard,128,G,20180115,403,201493,21,,Angelique Kerber,L,173,GER,29.9,201444,,,Su Wei Hsieh,R,169,TPE,32.0,4-6 7-5 6-2,3,R16,128,3,0,84,60,39,16,15,1,5,1,5,109,68,39,18,15,7,13,16,2491,88,720
2018-580,Australian Open,Hard,128,G,20180115,404,201619,17,,Madison Keys,R,178,USA,22.9,201614,8,,Caroline Garcia,R,177,FRA,24.2,6-3 6-2,3,R16,68,9,3,62,37,29,11,9,3,5,1,2,54,37,19,5,8,3,8,20,2214,8,4385
2018-580,Australian Open,Hard,128,G,20180115,405,210722,,,Elise Mertens,R,179,BEL,22.1,201549,,,Petra Martic,R,181,CRO,26.9,7-6(5) 7-5,3,R16,119,9,6,86,57,42,11,12,9,13,7,4,85,51,33,13,12,7,12,37,1465,81,762
2018-580,Australian Open,Hard,128,G,20180115,406,202494,4,,Elina Svitolina,R,174,UKR,23.3,202653,,,Denisa Allertova,R,180,CZE,24.8,6-3 6-0,3,R16,57,7,2,44,24,19,9,7,0,1,1,3,59,41,18,5,8,6,12,4,5785,130,463
2018-580,Australian Open,Hard,128,G,20180115,407,201521,,,Carla Suarez Navarro,R,162,ESP,29.3,204426,32,,Anett Kontaveit,R,174,EST,22.0,4-6 6-4 8-6,3,R16,137,2,1,118,85,51,21,17,5,9,3,6,112,78,51,16,17,11,16,39,1341,33,1560
2018-580,Australian Open,Hard,128,G,20180115,408,201496,2,,Caroline Wozniacki,R,177,DEN,27.5,201517,19,,Magdalena Rybarikova,R,180,SVK,29.2,6-3 6-0,3,R16,63,2,3,43,31,24,5,8,0,1,2,2,43,30,13,3,7,4,9,2,6095,21,2141
2018-580,Australian Open,Hard,128,G,20180115,501,201594,1,,Simona Halep,R,168,ROU,26.3,201662,6,,Karolina Pliskova,R,184,CZE,25.8,6-3 6-2,3,QF,71,0,4,54,34,26,9,8,3,4,2,3,64,42,23,7,9,5,10,1,6425,6,5445
2018-580,Australian Open,Hard,128,G,20180115,502,201493,21,,Angelique Kerber,L,173,GER,29.9,201619,17,,Madison Keys,R,178,USA,22.9,6-1 6-2,3,QF,51,1,1,39,23,19,7,7,2,3,0,4,46,30,13,5,8,3,9,16,2491,20,2214
2018-580,Australian Open,Hard,128,G,20180115,503,210722,,,Elise Mertens,R,179,BEL,22.1,202494,4,,Elina Svitolina,R,174,UKR,23.3,6-4 6-0,3,QF,73,2,2,50,33,22,11,8,1,2,3,0,52,27,14,10,8,4,9,37,1465,4,5785
2018-580,Australian Open,Hard,128,G,20180115,504,201496,2,,Caroline Wozniacki,R,177,DEN,27.5,201521,,,Carla Suarez Navarro,R,162,ESP,29.3,6-0 6-7(3) 6-2,3,QF,131,10,1,90,57,40,19,13,3,4,1,0,84,61,36,9,13,1,7,2,6095,39,1341
2018-580,Australian Open,Hard,128,G,20180115,601,201594,1,,Simona Halep,R,168,ROU,26.3,201493,21,,Angelique Kerber,L,173,GER,29.9,6-3 4-6 9-7,3,SF,140,6,3,93,63,42,10,17,0,7,0,0,126,90,47,15,18,13,22,1,6425,16,2491
2018-580,Australian Open,Hard,128,G,20180115,602,201496,2,,Caroline Wozniacki,R,177,DEN,27.5,210722,,,Elise Mertens,R,179,BEL,22.1,6-3 7-6(2),3,SF,97,7,5,74,44,37,16,11,3,4,3,2,67,40,24,17,10,3,5,2,6095,37,1465
2018-580,Australian Open,Hard,128,G,20180115,701,201496,2,,Caroline Wozniacki,R,177,DEN,27.5,201594,1,,Simona Halep,R,168,ROU,26.3,7-6(2) 3-6 6-4,3,F,169,2,6,102,59,39,22,15,7,12,6,1,116,71,46,21,16,9,14,2,6095,1,6425
2019-580,Australian Open,Hard,128,G,20190114,100,201594,1,,Simona Halep,R,168,ROU,27.2,201466,,,Kaia Kanepi,R,181,EST,33.5,6-7(2) 6-4 6-2,3,R128,131,4,0,84,62,46,13,15,2,4,4,5,109,72,46,19,15,7,12,1,6642,71,816
2019-580,Australian Open,Hard,128,G,20190114,101,213550,,,Sofia Kenin,R,170,USA,20.1,206368,,Q,Veronika Kudermetova,R,175,RUS,21.7,6-3 3-6 7-5,3,R128,126,2,1,95,69,45,11,15,6,10,13,4,99,60,39,18,15,7,12,37,1259,111,528
2019-580,Australian Open,Hard,128,G,20190114,102,201427,,,Alize Cornet,R,173,FRA,28.9,202418,,,Lara Arruabarrena,R,166,ESP,26.8,6-2 6-2,3,R128,92,3,2,57,32,25,12,8,3,4,1,2,81,52,28,12,8,16,21,46,1140,86,714
2019-580,Australian Open,Hard,128,G,20190114,103,200748,,,Venus Williams,R,185,USA,38.5,202596,25,,Mihaela Buzarnescu,L,175,ROU,30.6,6-7(3) 7-6(3) 6-2,3,R128,159,2,6,107,69,47,18,16,3,6,5,2,102,64,42,15,16,2,7,36,1265,26,1700
2019-580,Australian Open,Hard,128,G,20190114,104,201521,23,,Carla Suarez Navarro,R,162,ESP,30.3,216262,,WC,Clara Burel,R,176,FRA,17.8,7-5 6-2,3,R128,84,2,1,57,37,25,10,10,4,7,1,3,81,47,22,19,10,10,16,23,2153,551,33
2019-580,Australian Open,Hard,128,G,20190114,105,215035,,,Dayana Yastremska,R,175,UKR,18.6,201325,,,Samantha Stosur,R,172,AUS,34.7,7-5 6-2,3,R128,78,5,0,57,37,28,12,10,1,2,4,6,63,34,23,10,10,1,5,57,1009,75,800
2019-580,Australian Open,Hard,128,G,20190114,106,202446,,,Eugenie Bouchard,R,178,CAN,24.8,201397,,WC,Shuai Peng,R,173,CHN,33.0,6-2 6-1,3,R128,59,2,1,38,21,16,9,8,1,2,2,2,50,29,17,5,7,6,12,79,751,128,473
2019-580,Australian Open,Hard,128,G,20190114,107,200033,16,,Serena Williams,R,175,USA,37.3,213583,,,Tatjana Maria,R,172,GER,31.4,6-0 6-2,3,R128,49,2,0,33,17,14,14,7,0,0,3,7,45,20,11,8,7,3,8,16,2976,73,804
2019-580,Australian Open,Hard,128,G,20190114,108,201490,,,Timea Bacsinszky,R,170,SUI,29.6,214082,10,,Daria Kasatkina,R,170,RUS,21.6,6-3 6-0,3,R128,55,2,0,46,32,22,8,8,2,4,0,9,37,18,10,3,7,1,7,145,406,10,3415
2019-580,Australian Open,Hard,128,G,20190114,109,212001,,Q,Natalia Vikhlyantseva,R,185,RUS,21.9,201478,,Q,Varvara Lepchenko,L,180,USA,32.6,6-7(2) 6-2 6-4,3,R128,130,2,4,99,63,44,20,15,6,8,1,4,105,76,49,12,15,10,15,134,448,139,431
2019-580,Australian Open,Hard,128,G,20190114,110,202427,,,Johanna Konta,R,180,GBR,27.6,201548,,,Ajla Tomljanovic,R,180,AUS,25.6,7-6(4) 2-6 7-6(7),3,R128,171,16,2,118,80,54,20,16,7,10,5,2,121,80,57,19,16,8,9,38,1255,47,1127
2019-580,Australian Open,Hard,128,G,20190114,111,202469,18,,Garbine Muguruza,R,182,ESP,25.2,202453,,,Saisai Zheng,R,170,CHN,24.9,6-2 6-3,3,R128,75,4,2,53,40,29,9,9,3,4,1,3,49,31,16,6,8,1,5,18,2865,40,1224
2019-580,Australian Open,Hard,128,G,20190114,112,202429,27,,Camila Giorgi,R,168,ITA,27.0,203435,,,Dalila Jakupovic,R,178,SLO,27.8,6-3 6-0,3,R128,53,7,3,51,32,23,14,8,2,2,3,7,36,23,13,2,7,1,5,28,1645,83,736
2019-580,Australian Open,Hard,128,G,20190114,113,216347,,Q,Iga Swiatek,R,176,POL,17.6,202536,,,Ana Bogdan,R,171,ROU,26.1,6-3 3-6 6-4,3,R128,122,12,2,91,46,34,25,14,8,10,2,1,84,53,38,15,14,3,6,177,326,82,739
2019-580,Australian Open,Hard,128,G,20190114,114,201483,,,Madison Brengle,R,168,USA,28.7,201595,,Q,Misaki Doi,L,159,JPN,27.7,6-4 6-0,3,R128,59,1,2,40,24,17,9,8,1,3,0,5,54,38,16,7,8,3,9,88,676,133,458
2019-580,Australian Open,Hard,128,G,20190114,115,201662,7,,Karolina Pliskova,R,184,CZE,26.8,214096,,Q,Karolina Muchova,R,178,CZE,22.3,6-3 6-2,3,R128,69,4,1,54,35,25,13,9,3,4,1,3,51,40,23,4,8,6,10,8,4750,138,432
2019-580,Australian Open,Hard,128,G,20190114,116,211768,4,,Naomi Osaka,R,180,JPN,21.2,202663,,,Magda Linette,R,171,POL,26.9,6-4 6-2,3,R128,58,6,1,41,25,24,10,9,0,1,0,5,52,33,19,7,9,4,8,4,5270,80,751
2019-580,Australian Open,Hard,128,G,20190114,117,214461,,,Tamara Zidansek,R,168,SLO,21.0,201611,,,Daria Saville,R,166,AUS,24.8,7-5 6-3,3,R128,104,4,0,93,66,40,15,11,14,16,2,4,64,47,30,6,10,3,7,78,752,41,1205
2019-580,Australian Open,Hard,128,G,20190114,118,201696,,,Laura Siegemund,R,168,GER,30.8,201458,,,Victoria Azarenka,R,180,BLR,29.4,6-7(5) 6-4 6-2,3,R128,162,2,6,103,69,43,14,15,7,11,7,4,101,67,41,12,15,8,15,110,536,53,1052
2019-580,Australian Open,Hard,128,G,20190114,119,201444,28,,Su Wei Hsieh,R,169,TPE,33.0,201527,,,Stefanie Voegele,R,170,SUI,28.8,6-2 6-1,3,R128,58,2,3,57,38,29,6,8,6,8,0,2,41,20,8,6,7,2,8,27,1680,85,722
2019-580,Australian Open,Hard,128,G,20190114,120,202492,21,,Qiang Wang,R,172,CHN,27.0,211539,,,Fiona Ferro,R,170,FRA,21.8,6-4 6-3,3,R128,84,3,0,68,43,34,12,10,6,6,2,1,67,41,25,13,9,5,8,21,2485,98,621
2019-580,Australian Open,Hard,128,G,20190114,121,202434,,,Aleksandra Krunic,R,163,SRB,25.8,201610,,,Zarina Diyas,R,172,KAZ,25.2,3-6 7-5 6-1,3,R128,114,1,1,90,56,32,14,14,7,13,2,2,106,80,45,10,14,12,20,61,915,95,635
2019-580,Australian Open,Hard,128,G,20190114,122,215370,,Q,Bianca Andreescu,R,170,CAN,18.5,215992,,WC,Whitney Osuigwe,R,168,USA,16.7,7-6(1) 6-7(0) 6-3,3,R128,166,4,5,112,64,40,29,17,3,5,2,3,129,99,59,15,16,6,10,106,571,198,296
2019-580,Australian Open,Hard,128,G,20190114,123,201545,13,,Anastasija Sevastova,R,169,LAT,28.7,201621,,,Mona Barthel,R,185,GER,28.5,6-3 6-1,3,R128,62,4,2,51,33,22,13,8,5,6,1,7,63,37,20,9,8,8,13,12,3160,76,773
2019-580,Australian Open,Hard,128,G,20190114,124,210722,12,,Elise Mertens,R,179,BEL,23.1,203533,,,Anna Karolina Schmiedlova,R,176,SVK,24.3,6-2 7-5,3,R128,100,4,2,68,46,31,13,10,4,5,1,6,66,45,27,9,10,6,10,14,2985,59,924
2019-580,Australian Open,Hard,128,G,20190114,125,202506,,,Margarita Gasparyan,R,183,RUS,24.3,202684,,Q,Lin Zhu,R,173,CHN,24.9,4-6 6-2 6-2,3,R128,111,7,3,92,61,47,13,13,4,5,1,0,74,50,32,10,13,0,4,91,662,118,501
2019-580,Australian Open,Hard,128,G,20190114,126,215713,,,Anastasia Potapova,R,175,RUS,17.7,201426,,,Pauline Parmentier,R,175,FRA,32.9,6-4 7-6(5),3,R128,101,3,4,86,39,29,28,11,5,7,6,3,70,46,34,11,11,0,3,89,674,55,1015
2019-580,Australian Open,Hard,128,G,20190114,127,201619,17,,Madison Keys,R,178,USA,23.9,215018,,WC,Destanee Aiava,R,175,AUS,18.6,6-2 6-2,3,R128,71,6,0,40,27,22,11,8,1,1,1,6,80,45,26,15,8,11,15,17,2976,191,305
2019-580,Australian Open,Hard,128,G,20190114,128,201533,,,Shuai Zhang,R,177,CHN,29.9,201495,26,,Dominika Cibulkova,R,161,SVK,29.6,6-2 4-6 6-2,3,R128,131,4,3,74,43,35,17,13,3,5,1,7,80,53,28,14,13,3,8,42,1190,25,1735
2019-580,Australian Open,Hard,128,G,20190114,129,201697,,,Kristyna Pliskova,L,184,CZE,26.8,215020,,,Anna Blinkova,R,179,RUS,20.3,7-6(2) 2-6 6-2,3,R128,123,13,4,98,49,35,27,14,6,9,2,3,94,64,43,16,14,9,12,101,613,90,669
2019-580,Australian Open,Hard,128,G,20190114,130,214149,,,Viktoria Hruncakova,R,,SVK,20.6,203462,,,Kateryna Baindl,R,175,UKR,24.8,4-6 6-4 6-2,3,R128,134,14,7,76,45,32,17,14,3,7,3,10,119,75,44,17,14,5,11,48,1119,94,636
2019-580,Australian Open,Hard,128,G,20190114,131,202494,6,,Elina Svitolina,R,174,UKR,24.3,203530,,Q,Viktorija Golubic,R,169,SUI,26.2,6-1 6-2,3,R128,61,9,2,53,33,22,11,8,1,2,0,1,46,34,16,5,7,5,10,7,4940,103,592
2019-580,Australian Open,Hard,128,G,20190114,132,201520,8,,Petra Kvitova,L,183,CZE,28.8,201517,,,Magdalena Rybarikova,R,180,SVK,30.2,6-3 6-2,3,R128,67,8,4,50,30,23,11,9,2,4,1,1,51,33,17,7,8,5,10,6,5000,51,1056
2019-580,Australian Open,Hard,128,G,20190114,133,201593,,,Irina Camelia Begu,R,181,ROU,28.3,201492,,,Andrea Petkovic,R,180,GER,31.3,6-7(3) 4-3 RET,3,R128,107,2,8,74,47,28,11,10,7,10,0,2,68,50,31,4,9,6,9,70,822,63,904
2019-580,Australian Open,Hard,128,G,20190114,134,202505,,,Belinda Bencic,R,175,SUI,21.8,211701,,,Katerina Siniakova,R,174,CZE,22.6,6-4 2-6 6-3,3,R128,112,1,5,93,54,38,19,14,7,10,6,2,74,36,26,23,13,3,6,49,1106,34,1330
2019-580,Australian Open,Hard,128,G,20190114,135,201709,,,Yulia Putintseva,R,163,KAZ,24.0,201366,32,,Barbora Strycova,R,164,CZE,32.7,6-4 7-6(1),3,R128,115,2,4,64,50,31,7,11,2,6,2,1,82,55,28,13,11,4,9,39,1233,33,1331
2019-580,Australian Open,Hard,128,G,20190114,136,201615,24,,Lesia Tsurenko,R,174,UKR,29.6,206420,,,Ekaterina Alexandrova,R,175,RUS,24.1,6-4 7-6(4),3,R128,91,3,3,83,57,42,7,11,7,10,3,5,76,46,29,13,11,3,7,24,1896,74,803
2019-580,Australian Open,Hard,128,G,20190114,137,216153,,,Amanda Anisimova,R,180,USA,17.3,201512,,,Monica Niculescu,R,168,ROU,31.3,7-6(3) 6-4,3,R128,98,2,5,75,45,33,14,11,9,12,3,0,72,57,30,10,11,6,10,87,695,99,617
2019-580,Australian Open,Hard,128,G,20190114,138,211107,,,Katie Boulter,R,180,GBR,22.4,201505,,,Kate Makarova,L,178,RUS,30.6,6-0 4-6 7-6(6),3,R128,144,6,4,91,60,44,15,14,4,7,3,5,125,90,54,13,14,12,17,97,628,60,918
2019-580,Australian Open,Hard,128,G,20190114,139,214544,11,,Aryna Sabalenka,R,182,BLR,20.6,214939,,Q,Anna Kalinskaya,R,175,RUS,20.1,6-1 6-4,3,R128,66,5,0,51,34,29,9,9,1,1,2,3,56,33,22,8,8,3,6,11,3365,146,403
2019-580,Australian Open,Hard,128,G,20190114,140,202458,15,,Ashleigh Barty,R,166,AUS,22.7,202503,,,Luksika Kumkhum,R,167,THA,25.4,6-2 6-2,3,R128,57,4,0,46,30,23,6,8,1,3,1,4,44,29,14,3,8,4,10,15,2985,67,884
2019-580,Australian Open,Hard,128,G,20190114,141,206374,,,Yafan Wang,R,170,CHN,24.7,206391,,WC,Ellen Perez,L,169,AUS,23.2,6-4 6-0,3,R128,53,3,2,42,24,20,11,8,1,2,3,4,48,29,17,4,8,3,8,65,887,209,277
2019-580,Australian Open,Hard,128,G,20190114,142,206292,,Q,Astra Sharma,R,178,AUS,23.3,211880,,WC,Priscilla Hon,R,171,AUS,20.6,7-5 4-6 6-1,3,R128,129,12,4,106,72,53,12,15,10,13,7,9,106,60,37,22,14,4,9,232,249,140,431
2019-580,Australian Open,Hard,128,G,20190114,143,206289,,,Maria Sakkari,R,172,GRE,23.4,211533,22,,Jelena Ostapenko,R,177,LAT,21.6,6-1 3-6 6-2,3,R128,109,11,3,66,36,26,19,12,1,3,4,9,90,45,28,22,12,8,13,43,1164,22,2362
2019-580,Australian Open,Hard,128,G,20190114,144,201345,30,,Maria Sharapova,R,188,RUS,31.7,211279,,Q,Harriet Dart,R,175,GBR,22.4,6-0 6-0,3,R128,63,0,7,45,26,18,11,6,1,1,0,3,39,22,9,4,6,5,11,30,1552,131,464
2019-580,Australian Open,Hard,128,G,20190114,145,202490,,,Rebecca Peterson,R,173,SWE,23.4,201514,,,Sorana Cirstea,R,176,ROU,28.7,6-4 6-1,3,R128,61,3,2,54,42,31,8,9,2,2,1,2,38,24,16,6,8,1,4,64,900,84,730
2019-580,Australian Open,Hard,128,G,20190114,146,201596,,,Johanna Larsson,R,174,SWE,30.4,214304,,,Vera Lapko,R,184,BLR,20.2,7-6(5) 3-0 RET,3,R128,61,6,1,50,36,27,7,8,1,2,3,4,41,17,15,11,7,0,2,77,768,62,906
2019-580,Australian Open,Hard,128,G,20190114,147,201496,3,,Caroline Wozniacki,R,177,DEN,28.5,202421,,,Alison Van Uytvanck,R,173,BEL,24.8,6-3 6-4,3,R128,93,4,0,63,40,27,18,10,2,2,7,2,69,45,30,11,9,5,7,3,5436,52,1055
2019-580,Australian Open,Hard,128,G,20190114,148,201585,5,,Sloane Stephens,R,170,USA,25.8,203501,,,Taylor Townsend,L,170,USA,22.7,6-4 6-2,3,R128,67,0,1,45,36,25,6,9,2,4,3,2,57,35,18,10,9,11,16,5,5077,93,644
2019-580,Australian Open,Hard,128,G,20190114,149,201693,,,Timea Babos,R,179,HUN,25.6,202460,,,Ons Jabeur,R,167,TUN,24.3,7-6(5) 7-6(3),3,R128,100,2,6,87,56,39,16,12,9,12,7,5,82,50,35,16,12,4,7,66,886,58,988
2019-580,Australian Open,Hard,128,G,20190114,150,214954,,,Marketa Vondrousova,L,173,CZE,19.5,201516,,,Evgeniya Rodina,R,170,RUS,29.9,6-3 6-2,3,R128,70,3,4,51,27,23,9,9,0,1,1,2,59,43,23,8,8,6,10,72,806,69,826
2019-580,Australian Open,Hard,128,G,20190114,151,201549,31,,Petra Martic,R,181,CRO,27.9,201586,,,Heather Watson,R,170,GBR,26.6,6-1 6-2,3,R128,64,1,3,40,30,26,5,8,2,2,0,1,47,26,11,8,7,1,6,32,1465,108,538
2019-580,Australian Open,Hard,128,G,20190114,152,204426,20,,Anett Kontaveit,R,174,EST,23.0,204427,,,Sara Sorribes Tormo,R,176,ESP,22.2,6-3 6-2,3,R128,76,2,2,58,38,25,15,9,3,3,0,5,53,34,22,8,8,2,5,20,2525,81,740
2019-580,Australian Open,Hard,128,G,20190114,153,205925,,,Aliaksandra Sasnovich,R,174,BLR,24.8,201465,,,Kirsten Flipkens,R,165,BEL,33.0,6-1 6-1,3,R128,57,4,1,49,31,22,11,7,3,3,0,1,42,29,11,6,7,3,8,31,1513,50,1070
2019-580,Australian Open,Hard,128,G,20190114,154,201499,,,Anastasia Pavlyuchenkova,R,177,RUS,27.5,201620,,,Monica Puig,R,170,PUR,25.2,6-4 6-3,3,R128,79,4,4,64,42,29,8,10,3,6,1,3,60,37,22,7,9,3,8,44,1160,54,1033
2019-580,Australian Open,Hard,128,G,20190114,155,202428,9,,Kiki Bertens,R,182,NED,27.0,201590,,,Alison Riske Amritraj,R,173,USA,28.5,6-3 6-3,3,R128,66,10,0,51,30,24,14,9,1,1,0,2,50,36,26,5,9,1,4,9,4490,56,1014
2019-580,Australian Open,Hard,128,G,20190114,156,203389,,,Danielle Collins,R,178,USA,25.0,201504,14,,Julia Goerges,R,180,GER,30.1,2-6 7-6(5) 6-4,3,R128,145,11,5,93,48,34,22,15,4,9,11,9,109,61,45,21,15,9,13,35,1322,13,3055
2019-580,Australian Open,Hard,128,G,20190114,157,203500,,,Sachia Vickery,R,162,USA,23.6,204434,,Q,Ysaline Bonaventure,L,178,BEL,24.3,2-6 6-4 6-4,3,R128,109,0,8,80,42,27,18,14,3,8,3,7,86,44,33,18,14,4,9,123,483,159,368
2019-580,Australian Open,Hard,128,G,20190114,158,211941,,WC,Zoe Hives,R,,AUS,22.2,201318,,,Bethanie Mattek Sands,R,168,USA,33.8,6-1 6-2,3,R128,61,1,3,59,29,23,18,8,5,5,0,1,44,29,16,5,7,4,8,225,260,348,111
2019-580,Australian Open,Hard,128,G,20190114,159,201614,19,,Caroline Garcia,R,177,FRA,25.2,211316,,Q,Jessika Ponchet,R,,FRA,22.2,6-2 6-3,3,R128,77,7,0,46,32,23,9,9,3,4,5,4,66,35,24,8,8,4,9,19,2660,250,222
2019-580,Australian Open,Hard,128,G,20190114,160,202499,29,,Donna Vekic,R,179,CRO,22.5,201540,,,Kristina Mladenovic,R,184,FRA,25.6,6-2 6-4,3,R128,75,4,6,59,36,29,7,9,2,4,0,6,53,26,14,10,9,3,8,29,1580,45,1155
2019-580,Australian Open,Hard,128,G,20190114,161,214040,,WC,Kimberly Birrell,R,170,AUS,20.7,211651,,Q,Paula Badosa,R,180,ESP,21.1,6-4 6-2,3,R128,81,3,4,69,44,31,11,9,6,7,6,8,61,30,21,10,9,2,6,240,236,141,428
2019-580,Australian Open,Hard,128,G,20190114,162,206242,,Q,Beatriz Haddad Maia,L,185,BRA,22.6,211095,,,Bernarda Pera,L,175,USA,24.1,6-3 5-7 6-4,3,R128,142,4,2,86,50,42,21,16,7,9,2,9,113,79,49,17,15,13,16,195,299,68,829
2019-580,Australian Open,Hard,128,G,20190114,163,201493,2,,Angelique Kerber,L,173,GER,30.9,201555,,,Polona Hercog,R,182,SLO,27.9,6-2 6-2,3,R128,72,1,5,60,39,27,13,8,4,4,3,4,54,30,19,8,8,1,5,2,5505,92,657
2019-580,Australian Open,Hard,128,G,20190114,164,201594,1,,Simona Halep,R,168,ROU,27.2,213550,,,Sofia Kenin,R,170,USA,20.1,6-3 6-7(5) 6-4,3,R64,151,9,1,89,56,42,18,16,2,4,1,2,129,91,53,21,15,9,14,1,6642,37,1259
2019-580,Australian Open,Hard,128,G,20190114,165,200748,,,Venus Williams,R,185,USA,38.5,201427,,,Alize Cornet,R,173,FRA,28.9,6-3 4-6 6-0,3,R64,138,2,4,105,65,45,17,13,10,13,0,4,84,57,30,12,12,6,12,36,1265,46,1140
2019-580,Australian Open,Hard,128,G,20190114,166,215035,,,Dayana Yastremska,R,175,UKR,18.6,201521,23,,Carla Suarez Navarro,R,162,ESP,30.3,6-3 3-6 6-1,3,R64,93,4,4,82,60,39,13,13,5,7,3,3,79,49,30,14,12,2,6,57,1009,23,2153
2019-580,Australian Open,Hard,128,G,20190114,167,200033,16,,Serena Williams,R,175,USA,37.3,202446,,,Eugenie Bouchard,R,178,CAN,24.8,6-2 6-2,3,R64,70,2,1,45,26,21,8,8,1,3,1,4,56,37,16,6,8,7,13,16,2976,79,751
2019-580,Australian Open,Hard,128,G,20190114,168,201490,,,Timea Bacsinszky,R,170,SUI,29.6,212001,,Q,Natalia Vikhlyantseva,R,185,RUS,21.9,6-2 7-5,3,R64,95,5,0,56,38,31,9,10,5,6,2,4,67,42,25,11,10,7,11,145,406,134,448
2019-580,Australian Open,Hard,128,G,20190114,169,202469,18,,Garbine Muguruza,R,182,ESP,25.2,202427,,,Johanna Konta,R,180,GBR,27.6,6-4 6-7(3) 7-5,3,R64,162,9,0,114,82,59,21,17,2,2,6,0,105,80,58,16,17,3,5,18,2865,38,1255
2019-580,Australian Open,Hard,128,G,20190114,170,202429,27,,Camila Giorgi,R,168,ITA,27.0,216347,,Q,Iga Swiatek,R,176,POL,17.6,6-2 6-0,3,R64,59,2,2,36,22,17,8,7,0,1,4,6,60,31,15,10,7,5,11,28,1645,177,326
2019-580,Australian Open,Hard,128,G,20190114,171,201662,7,,Karolina Pliskova,R,184,CZE,26.8,201483,,,Madison Brengle,R,168,USA,28.7,4-6 6-1 6-0,3,R64,98,7,0,79,53,41,11,12,3,5,0,1,63,48,23,7,11,1,7,8,4750,88,676
2019-580,Australian Open,Hard,128,G,20190114,172,211768,4,,Naomi Osaka,R,180,JPN,21.2,214461,,,Tamara Zidansek,R,168,SLO,21.0,6-2 6-4,3,R64,64,6,1,50,33,26,8,9,3,5,2,2,59,38,17,11,9,8,13,4,5270,78,752
2019-580,Australian Open,Hard,128,G,20190114,173,201444,28,,Su Wei Hsieh,R,169,TPE,33.0,201696,,,Laura Siegemund,R,168,GER,30.8,6-3 6-4,3,R64,93,1,1,66,47,32,9,10,8,10,2,2,68,51,30,4,9,7,11,27,1680,110,536
2019-580,Australian Open,Hard,128,G,20190114,174,202492,21,,Qiang Wang,R,172,CHN,27.0,202434,,,Aleksandra Krunic,R,163,SRB,25.8,6-2 6-3,3,R64,58,2,1,44,28,26,10,9,0,0,0,0,51,30,18,10,8,4,7,21,2485,61,915
2019-580,Australian Open,Hard,128,G,20190114,175,201545,13,,Anastasija Sevastova,R,169,LAT,28.7,215370,,Q,Bianca Andreescu,R,170,CAN,18.5,6-3 3-6 6-2,3,R64,134,3,0,95,65,42,14,13,8,11,5,2,89,58,32,16,13,10,15,12,3160,106,571
2019-580,Australian Open,Hard,128,G,20190114,176,210722,12,,Elise Mertens,R,179,BEL,23.1,202506,,,Margarita Gasparyan,R,183,RUS,24.3,6-1 7-5,3,R64,91,2,4,52,33,26,8,10,5,7,6,1,75,51,24,11,9,7,13,14,2985,91,662
2019-580,Australian Open,Hard,128,G,20190114,177,201619,17,,Madison Keys,R,178,USA,23.9,215713,,,Anastasia Potapova,R,175,RUS,17.7,6-3 6-4,3,R64,81,8,0,71,46,36,7,10,6,8,5,6,70,40,25,10,9,4,8,17,2976,89,674
2019-580,Australian Open,Hard,128,G,20190114,178,201533,,,Shuai Zhang,R,177,CHN,29.9,201697,,,Kristyna Pliskova,L,184,CZE,26.8,6-3 7-5,3,R64,93,2,0,63,44,34,9,11,1,2,5,4,79,44,30,14,10,3,6,42,1190,101,613
2019-580,Australian Open,Hard,128,G,20190114,179,202494,6,,Elina Svitolina,R,174,UKR,24.3,214149,,,Viktoria Hruncakova,R,,SVK,20.6,6-4 6-1,3,R64,67,8,1,55,35,26,15,9,3,3,1,5,53,29,18,11,8,3,6,7,4940,48,1119
2019-580,Australian Open,Hard,128,G,20190114,180,201520,8,,Petra Kvitova,L,183,CZE,28.8,201593,,,Irina Camelia Begu,R,181,ROU,28.3,6-1 6-3,3,R64,69,3,5,57,34,25,10,8,3,4,1,4,44,25,13,7,8,0,5,6,5000,70,822
2019-580,Australian Open,Hard,128,G,20190114,181,202505,,,Belinda Bencic,R,175,SUI,21.8,201709,,,Yulia Putintseva,R,163,KAZ,24.0,7-5 4-6 6-2,3,R64,165,3,0,93,62,34,16,15,5,11,4,3,120,86,52,6,15,13,21,49,1106,39,1233
2019-580,Australian Open,Hard,128,G,20190114,182,216153,,,Amanda Anisimova,R,180,USA,17.3,201615,24,,Lesia Tsurenko,R,174,UKR,29.6,6-0 6-2,3,R64,54,2,2,56,41,26,8,7,4,5,0,3,41,27,11,4,7,4,10,87,695,24,1896
2019-580,Australian Open,Hard,128,G,20190114,183,214544,11,,Aryna Sabalenka,R,182,BLR,20.6,211107,,,Katie Boulter,R,180,GBR,22.4,6-3 6-4,3,R64,73,7,1,58,39,31,10,10,0,1,5,3,63,39,25,9,9,5,8,11,3365,97,628
2019-580,Australian Open,Hard,128,G,20190114,184,202458,15,,Ashleigh Barty,R,166,AUS,22.7,206374,,,Yafan Wang,R,170,CHN,24.7,6-2 6-3,3,R64,65,7,0,46,28,23,11,9,2,3,0,1,56,39,17,11,8,6,10,15,2985,65,887
2019-580,Australian Open,Hard,128,G,20190114,185,206289,,,Maria Sakkari,R,172,GRE,23.4,206292,,Q,Astra Sharma,R,178,AUS,23.3,6-1 6-4,3,R64,65,5,2,47,35,28,5,9,1,2,2,4,55,34,20,6,8,3,7,43,1164,232,249
2019-580,Australian Open,Hard,128,G,20190114,186,201345,30,,Maria Sharapova,R,188,RUS,31.7,202490,,,Rebecca Peterson,R,173,SWE,23.4,6-2 6-1,3,R64,71,1,2,45,29,20,12,8,0,0,0,1,48,39,17,3,7,2,7,30,1552,64,900
2019-580,Australian Open,Hard,128,G,20190114,187,201496,3,,Caroline Wozniacki,R,177,DEN,28.5,201596,,,Johanna Larsson,R,174,SWE,30.4,6-1 6-3,3,R64,66,3,0,49,37,26,11,8,2,2,1,2,55,34,19,7,8,6,10,3,5436,77,768
2019-580,Australian Open,Hard,128,G,20190114,188,201585,5,,Sloane Stephens,R,170,USA,25.8,201693,,,Timea Babos,R,179,HUN,25.6,6-3 6-1,3,R64,95,0,0,61,45,27,12,8,2,3,3,5,73,44,28,6,8,18,23,5,5077,66,886
2019-580,Australian Open,Hard,128,G,20190114,189,201549,31,,Petra Martic,R,181,CRO,27.9,214954,,,Marketa Vondrousova,L,173,CZE,19.5,6-4 7-5,3,R64,92,1,0,66,42,25,13,11,4,8,3,4,69,43,21,11,11,3,9,32,1465,72,806
2019-580,Australian Open,Hard,128,G,20190114,190,205925,,,Aliaksandra Sasnovich,R,174,BLR,24.8,204426,20,,Anett Kontaveit,R,174,EST,23.0,6-3 6-3,3,R64,81,4,5,66,43,31,11,9,9,10,3,2,56,33,24,5,9,2,6,31,1513,20,2525
2019-580,Australian Open,Hard,128,G,20190114,191,201499,,,Anastasia Pavlyuchenkova,R,177,RUS,27.5,202428,9,,Kiki Bertens,R,182,NED,27.0,3-6 6-3 6-3,3,R64,108,2,5,80,43,30,19,14,1,4,7,4,75,49,31,14,13,2,7,44,1160,9,4490
2019-580,Australian Open,Hard,128,G,20190114,192,203389,,,Danielle Collins,R,178,USA,25.0,203500,,,Sachia Vickery,R,162,USA,23.6,6-3 7-5,3,R64,72,8,2,67,44,32,11,11,1,3,2,1,52,33,22,8,10,2,6,35,1322,123,483
2019-580,Australian Open,Hard,128,G,20190114,193,201614,19,,Caroline Garcia,R,177,FRA,25.2,211941,,WC,Zoe Hives,R,,AUS,22.2,6-3 6-3,3,R64,65,5,1,50,37,28,6,9,0,1,2,1,52,31,21,8,9,4,8,19,2660,225,260
2019-580,Australian Open,Hard,128,G,20190114,194,214040,,WC,Kimberly Birrell,R,170,AUS,20.7,202499,29,,Donna Vekic,R,179,CRO,22.5,6-4 4-6 6-1,3,R64,115,7,6,98,72,51,9,14,8,11,12,7,76,52,33,10,13,7,12,240,236,29,1580
2019-580,Australian Open,Hard,128,G,20190114,195,201493,2,,Angelique Kerber,L,173,GER,30.9,206242,,Q,Beatriz Haddad Maia,L,185,BRA,22.6,6-2 6-3,3,R64,81,6,1,47,28,24,13,9,1,1,1,5,79,59,35,8,8,10,13,2,5505,195,299
2019-580,Australian Open,Hard,128,G,20190114,196,201594,1,,Simona Halep,R,168,ROU,27.2,200748,,,Venus Williams,R,185,USA,38.5,6-2 6-3,3,R32,77,2,2,52,36,24,10,9,5,6,5,4,64,38,22,8,8,5,10,1,6642,36,1265
2019-580,Australian Open,Hard,128,G,20190114,197,200033,16,,Serena Williams,R,175,USA,37.3,215035,,,Dayana Yastremska,R,175,UKR,18.6,6-2 6-1,3,R32,67,8,1,38,26,22,6,8,0,0,2,8,60,26,16,12,7,7,12,16,2976,57,1009
2019-580,Australian Open,Hard,128,G,20190114,198,202469,18,,Garbine Muguruza,R,182,ESP,25.2,201490,,,Timea Bacsinszky,R,170,SUI,29.6,7-6(5) 6-2,3,R32,114,1,2,75,45,31,13,10,4,7,3,3,80,47,31,9,10,4,9,18,2865,145,406
2019-580,Australian Open,Hard,128,G,20190114,199,201662,7,,Karolina Pliskova,R,184,CZE,26.8,202429,27,,Camila Giorgi,R,168,ITA,27.0,6-4 3-6 6-2,3,R32,131,9,1,74,55,35,13,14,0,3,3,8,111,64,41,21,13,11,16,8,4750,28,1645
2019-580,Australian Open,Hard,128,G,20190114,200,211768,4,,Naomi Osaka,R,180,JPN,21.2,201444,28,,Su Wei Hsieh,R,169,TPE,33.0,5-7 6-4 6-1,3,R32,117,8,1,101,62,39,20,15,11,15,0,6,90,66,39,8,14,4,11,4,5270,27,1680
2019-580,Australian Open,Hard,128,G,20190114,201,201545,13,,Anastasija Sevastova,R,169,LAT,28.7,202492,21,,Qiang Wang,R,172,CHN,27.0,6-3 6-3,3,R32,76,2,0,49,29,24,11,9,0,1,4,0,73,47,29,9,9,8,12,12,3160,21,2485
2019-580,Australian Open,Hard,128,G,20190114,202,201619,17,,Madison Keys,R,178,USA,23.9,210722,12,,Elise Mertens,R,179,BEL,23.1,6-3 6-2,3,R32,73,6,3,77,50,33,15,9,7,8,0,2,52,33,21,6,8,3,7,17,2976,14,2985
2019-580,Australian Open,Hard,128,G,20190114,203,202494,6,,Elina Svitolina,R,174,UKR,24.3,201533,,,Shuai Zhang,R,177,CHN,29.9,4-6 6-4 7-5,3,R32,175,7,2,102,64,40,19,16,6,11,1,2,118,88,51,15,16,9,15,7,4940,42,1190
2019-580,Australian Open,Hard,128,G,20190114,204,201520,8,,Petra Kvitova,L,183,CZE,28.8,202505,,,Belinda Bencic,R,175,SUI,21.8,6-1 6-4,3,R32,68,7,1,49,35,30,9,9,2,2,3,2,58,38,26,6,8,3,6,6,5000,49,1106
2019-580,Australian Open,Hard,128,G,20190114,205,216153,,,Amanda Anisimova,R,180,USA,17.3,214544,11,,Aryna Sabalenka,R,182,BLR,20.6,6-3 6-2,3,R32,65,4,1,52,35,28,9,9,1,1,3,4,57,39,24,6,8,7,11,87,695,11,3365
2019-580,Australian Open,Hard,128,G,20190114,206,202458,15,,Ashleigh Barty,R,166,AUS,22.7,206289,,,Maria Sakkari,R,172,GRE,23.4,7-5 6-1,3,R32,82,13,0,57,39,30,10,10,2,3,2,2,64,40,23,10,9,6,10,15,2985,43,1164
2019-580,Australian Open,Hard,128,G,20190114,207,201345,30,,Maria Sharapova,R,188,RUS,31.7,201496,3,,Caroline Wozniacki,R,177,DEN,28.5,6-4 4-6 6-3,3,R32,144,5,7,76,47,35,17,15,2,5,5,3,102,65,45,13,14,7,12,30,1552,3,5436
2019-580,Australian Open,Hard,128,G,20190114,208,201585,5,,Sloane Stephens,R,170,USA,25.8,201549,31,,Petra Martic,R,181,CRO,27.9,7-6(6) 7-6(5),3,R32,120,3,0,86,67,44,8,12,3,6,1,0,75,54,37,9,12,1,4,5,5077,32,1465
2019-580,Australian Open,Hard,128,G,20190114,209,201499,,,Anastasia Pavlyuchenkova,R,177,RUS,27.5,205925,,,Aliaksandra Sasnovich,R,174,BLR,24.8,6-0 6-3,3,R32,60,2,2,47,30,23,11,8,1,1,4,2,43,25,16,4,7,5,9,44,1160,31,1513
2019-580,Australian Open,Hard,128,G,20190114,210,203389,,,Danielle Collins,R,178,USA,25.0,201614,19,,Caroline Garcia,R,177,FRA,25.2,6-3 6-2,3,R32,63,2,2,46,26,21,12,9,1,2,3,1,44,33,16,6,8,1,5,35,1322,19,2660
2019-580,Australian Open,Hard,128,G,20190114,211,201493,2,,Angelique Kerber,L,173,GER,30.9,214040,,WC,Kimberly Birrell,R,170,AUS,20.7,6-1 6-0,3,R32,58,2,2,38,23,18,11,7,0,0,1,3,46,26,13,5,6,5,10,2,5505,240,236
2019-580,Australian Open,Hard,128,G,20190114,212,200033,16,,Serena Williams,R,175,USA,37.3,201594,1,,Simona Halep,R,168,ROU,27.2,6-1 4-6 6-4,3,R16,107,9,2,89,53,41,15,14,4,7,2,2,74,48,36,8,13,5,10,16,2976,1,6642
2019-580,Australian Open,Hard,128,G,20190114,213,201662,7,,Karolina Pliskova,R,184,CZE,26.8,202469,18,,Garbine Muguruza,R,182,ESP,25.2,6-3 6-1,3,R16,60,5,0,36,28,23,6,8,0,1,1,0,51,34,17,5,8,2,7,8,4750,18,2865
2019-580,Australian Open,Hard,128,G,20190114,214,211768,4,,Naomi Osaka,R,180,JPN,21.2,201545,13,,Anastasija Sevastova,R,169,LAT,28.7,4-6 6-3 6-4,3,R16,107,7,1,104,67,47,19,15,8,10,4,0,84,54,34,17,14,1,4,4,5270,12,3160
2019-580,Australian Open,Hard,128,G,20190114,215,202494,6,,Elina Svitolina,R,174,UKR,24.3,201619,17,,Madison Keys,R,178,USA,23.9,6-2 1-6 6-1,3,R16,96,3,4,84,53,37,12,11,5,7,3,1,64,43,26,11,11,1,5,7,4940,17,2976
2019-580,Australian Open,Hard,128,G,20190114,216,201520,8,,Petra Kvitova,L,183,CZE,28.8,216153,,,Amanda Anisimova,R,180,USA,17.3,6-2 6-1,3,R16,59,1,1,35,30,25,3,8,0,0,0,6,62,33,21,8,7,6,11,6,5000,87,695
2019-580,Australian Open,Hard,128,G,20190114,217,202458,15,,Ashleigh Barty,R,166,AUS,22.7,201345,30,,Maria Sharapova,R,188,RUS,31.7,4-6 6-1 6-4,3,R16,142,6,4,88,53,36,21,14,6,8,2,10,89,57,36,13,13,6,10,15,2985,30,1552
2019-580,Australian Open,Hard,128,G,20190114,218,201499,,,Anastasia Pavlyuchenkova,R,177,RUS,27.5,201585,5,,Sloane Stephens,R,170,USA,25.8,6-7(3) 6-3 6-3,3,R16,152,1,3,110,79,50,13,15,9,13,1,0,111,78,44,16,15,16,23,44,1160,5,5077
2019-580,Australian Open,Hard,128,G,20190114,219,203389,,,Danielle Collins,R,178,USA,25.0,201493,2,,Angelique Kerber,L,173,GER,30.9,6-0 6-2,3,R16,56,2,1,46,26,17,13,7,1,2,0,5,37,23,6,5,7,1,7,35,1322,2,5505
2019-580,Australian Open,Hard,128,G,20190114,220,201662,7,,Karolina Pliskova,R,184,CZE,26.8,200033,16,,Serena Williams,R,175,USA,37.3,6-4 4-6 7-5,3,QF,130,9,0,98,77,52,8,16,4,8,12,4,99,64,41,16,16,6,11,8,4750,16,2976
2019-580,Australian Open,Hard,128,G,20190114,221,211768,4,,Naomi Osaka,R,180,JPN,21.2,202494,6,,Elina Svitolina,R,174,UKR,24.3,6-4 6-1,3,QF,72,8,0,54,33,21,11,9,2,4,1,3,52,30,18,6,8,8,13,4,5270,7,4940
2019-580,Australian Open,Hard,128,G,20190114,222,201520,8,,Petra Kvitova,L,183,CZE,28.8,202458,15,,Ashleigh Barty,R,166,AUS,22.7,6-1 6-4,3,QF,68,3,2,63,43,32,10,9,3,3,2,1,45,35,19,6,8,2,5,6,5000,15,2985
2019-580,Australian Open,Hard,128,G,20190114,223,203389,,,Danielle Collins,R,178,USA,25.0,201499,,,Anastasia Pavlyuchenkova,R,177,RUS,27.5,2-6 7-5 6-1,3,QF,136,6,1,78,47,36,13,14,3,7,6,6,113,73,47,15,13,10,15,35,1322,44,1160
2019-580,Australian Open,Hard,128,G,20190114,224,211768,4,,Naomi Osaka,R,180,JPN,21.2,201662,7,,Karolina Pliskova,R,184,CZE,26.8,6-2 4-6 6-4,3,SF,113,15,3,92,53,43,16,14,6,8,3,4,89,64,44,8,14,7,11,4,5270,8,4750
2019-580,Australian Open,Hard,128,G,20190114,225,201520,8,,Petra Kvitova,L,183,CZE,28.8,203389,,,Danielle Collins,R,178,USA,25.0,7-6(2) 6-0,3,SF,94,4,4,60,36,27,13,9,1,2,2,4,62,27,18,16,9,6,10,6,5000,35,1322
2019-580,Australian Open,Hard,128,G,20190114,226,211768,4,,Naomi Osaka,R,180,JPN,21.2,201520,8,,Petra Kvitova,L,183,CZE,28.8,7-6(2) 5-7 6-4,3,F,147,9,4,110,68,52,19,17,7,10,5,4,118,75,53,20,17,11,14,4,5270,6,5000
2020-580,Australian Open,Hard,128,G,20200120,100,202458,1,,Ashleigh Barty,R,166,AUS,23.7,201615,,,Lesia Tsurenko,R,174,UKR,30.6,5-7 6-1 6-1,3,R128,96,10,1,72,41,32,15,13,4,7,1,9,72,46,23,8,13,3,10,1,8017,120,538
2020-580,Australian Open,Hard,128,G,20200120,101,201555,,,Polona Hercog,R,182,SLO,28.9,202490,,,Rebecca Peterson,R,173,SWE,24.4,6-3 6-3,3,R128,85,3,2,74,40,27,18,9,5,6,0,1,49,33,16,8,9,1,5,48,1145,44,1275
2020-580,Australian Open,Hard,128,G,20200120,102,213889,Q,,Greet Minnen,R,,BEL,22.4,205925,,,Aliaksandra Sasnovich,R,174,BLR,25.8,7-6(3) 4-6 7-5,3,R128,159,4,5,114,70,45,26,17,6,10,5,4,114,63,44,24,17,7,11,119,539,94,697
2020-580,Australian Open,Hard,128,G,20200120,103,214981,29,,Elena Rybakina,R,184,KAZ,20.5,211095,,,Bernarda Pera,L,175,USA,25.1,6-3 6-2,3,R128,64,1,1,50,30,26,11,9,0,0,1,2,56,36,22,8,8,2,5,26,1816,65,925
2020-580,Australian Open,Hard,128,G,20200120,104,201590,18,,Alison Riske Amritraj,R,173,USA,29.5,206374,,,Yafan Wang,R,170,CHN,25.7,7-6(5) 2-6 6-3,3,R128,180,5,5,106,73,39,17,15,6,13,1,6,118,67,39,22,14,6,12,19,2130,51,1105
2020-580,Australian Open,Hard,128,G,20200120,105,202684,,,Lin Zhu,R,173,CHN,25.9,203530,,,Viktorija Golubic,R,169,SUI,27.2,4-6 6-1 7-6(5),3,R128,151,2,4,121,89,45,17,15,12,19,0,8,102,65,34,11,14,6,15,71,850,76,772
2020-580,Australian Open,Hard,128,G,20200120,106,201504,,,Julia Goerges,R,180,GER,31.2,214149,,,Viktoria Hruncakova,R,,SVK,21.6,6-1 6-2,3,R128,56,9,1,42,23,18,14,8,0,0,0,3,41,27,14,5,7,2,6,39,1415,60,965
2020-580,Australian Open,Hard,128,G,20200120,107,201549,13,,Petra Martic,R,181,CRO,29.0,201539,,,Christina Mchale,R,170,USA,27.6,6-3 6-0,3,R128,84,3,2,62,40,27,13,8,4,4,1,0,52,34,17,7,7,4,8,14,2646,84,741
2020-580,Australian Open,Hard,128,G,20200120,108,201619,10,,Madison Keys,R,178,USA,24.9,214082,,,Daria Kasatkina,R,170,RUS,22.7,6-3 6-1,3,R128,57,4,0,52,38,24,8,8,3,5,0,9,49,30,13,6,8,4,10,11,3072,69,880
2020-580,Australian Open,Hard,128,G,20200120,109,201551,,,Arantxa Rus,L,180,NED,29.1,202663,,,Magda Linette,R,171,POL,27.9,1-6 6-3 6-4,3,R128,135,0,3,96,75,44,9,13,5,10,1,6,85,45,29,20,13,7,12,93,701,43,1302
2020-580,Australian Open,Hard,128,G,20200120,110,211702,Q,,Nao Hibino,R,163,JPN,25.1,201397,,,Shuai Peng,R,173,CHN,34.0,4-6 7-6(6) 6-3,3,R128,147,2,3,98,65,46,16,16,2,6,0,0,101,86,51,9,15,7,11,103,645,104,642
2020-580,Australian Open,Hard,128,G,20200120,111,206289,22,,Maria Sakkari,R,172,GRE,24.4,202506,,,Margarita Gasparyan,R,183,RUS,25.3,6-2 6-2,3,R128,63,1,3,42,24,22,10,8,0,0,0,2,52,38,19,6,8,6,10,23,1845,100,678
2020-580,Australian Open,Hard,128,G,20200120,112,206420,25,,Ekaterina Alexandrova,R,175,RUS,25.1,213525,,,Jil Teichmann,L,170,SUI,22.5,6-4 4-6 6-2,3,R128,130,3,7,93,46,32,17,14,3,9,2,7,115,71,36,19,14,17,25,28,1645,68,883
2020-580,Australian Open,Hard,128,G,20200120,113,206252,Q,,Barbora Krejcikova,R,178,CZE,24.0,201466,,,Kaia Kanepi,R,181,EST,34.6,7-6(3) 2-6 6-3,3,R128,148,6,3,112,74,50,15,15,8,13,6,2,80,45,28,18,14,2,6,128,489,101,671
2020-580,Australian Open,Hard,128,G,20200120,114,211651,,,Paula Badosa,R,180,ESP,22.1,201596,Q,,Johanna Larsson,R,174,SWE,31.4,6-1 6-0,3,R128,57,3,2,46,26,21,11,7,3,3,0,3,40,26,11,5,6,5,10,97,687,215,280
2020-580,Australian Open,Hard,128,G,20200120,115,201520,7,,Petra Kvitova,L,183,CZE,29.8,211701,,,Katerina Siniakova,R,174,CZE,23.6,6-1 6-0,3,R128,50,7,0,33,27,21,5,7,1,1,1,2,47,32,14,4,6,3,9,8,4436,57,996
2020-580,Australian Open,Hard,128,G,20200120,116,211768,3,,Naomi Osaka,R,180,JPN,22.2,213631,,,Marie Bouzkova,R,180,CZE,21.5,6-2 6-4,3,R128,80,7,2,56,39,29,9,9,5,6,1,3,57,29,19,12,9,5,9,4,5496,59,979
2020-580,Australian Open,Hard,128,G,20200120,117,202453,,,Saisai Zheng,R,170,CHN,25.9,214939,Q,,Anna Kalinskaya,R,175,RUS,21.1,6-3 6-2,3,R128,72,6,0,46,35,27,6,9,0,1,0,1,53,41,21,5,8,8,12,42,1350,109,613
2020-580,Australian Open,Hard,128,G,20200120,118,221103,,,Coco Gauff,R,175,USA,15.8,200748,,,Venus Williams,R,185,USA,39.5,7-6(5) 6-3,3,R128,97,2,4,74,43,33,19,11,1,2,7,6,72,47,36,10,10,4,6,67,885,55,1019
2020-580,Australian Open,Hard,128,G,20200120,119,201514,,,Sorana Cirstea,R,176,ROU,29.7,201366,32,,Barbora Strycova,R,164,CZE,33.8,6-2 7-6(5),3,R128,103,2,1,71,48,28,15,10,4,6,1,1,69,53,29,9,10,2,6,74,795,34,1516
2020-580,Australian Open,Hard,128,G,20200120,120,201533,,,Shuai Zhang,R,177,CHN,30.9,201585,24,,Sloane Stephens,R,170,USA,26.8,2-6 7-5 6-2,3,R128,122,3,1,85,65,43,9,14,1,6,1,0,96,72,37,12,14,3,9,35,1505,27,1683
2020-580,Australian Open,Hard,128,G,20200120,121,216083,Q,,Caty Mcnally,R,,USA,18.1,201325,,,Samantha Stosur,R,172,AUS,35.8,6-1 6-4,3,R128,99,3,3,73,42,30,13,9,11,12,0,2,69,46,24,10,8,7,12,116,552,99,683
2020-580,Australian Open,Hard,128,G,20200120,122,215983,Q,,Ann Li,R,170,USA,19.5,211878,WC,,Lizette Cabrera,R,167,AUS,22.0,7-6(4) 7-6(10),3,R128,118,3,3,101,71,42,16,12,10,14,0,2,85,59,32,15,12,3,7,142,423,121,538
2020-580,Australian Open,Hard,128,G,20200120,123,213550,14,,Sofia Kenin,R,170,USA,21.1,203354,Q,,Martina Trevisan,L,160,ITA,26.2,6-2 6-4,3,R128,78,2,0,47,35,24,8,9,1,3,1,2,68,52,27,6,9,7,12,15,2565,154,384
2020-580,Australian Open,Hard,128,G,20200120,124,202460,,,Ons Jabeur,R,167,TUN,25.3,202427,12,,Johanna Konta,R,180,GBR,28.6,6-4 6-2,3,R128,63,3,2,49,31,23,12,9,1,2,0,1,49,35,21,5,9,2,6,78,770,13,2813
2020-580,Australian Open,Hard,128,G,20200120,125,201614,,,Caroline Garcia,R,177,FRA,26.2,201483,,,Madison Brengle,R,168,USA,29.7,6-7(5) 6-2 6-2,3,R128,119,7,0,87,54,39,19,14,2,3,1,7,93,70,42,10,14,5,10,46,1235,95,691
2020-580,Australian Open,Hard,128,G,20200120,126,201496,,,Caroline Wozniacki,R,177,DEN,29.5,201529,,,Kristie Ahn,R,165,USA,27.5,6-1 6-3,3,R128,85,1,2,44,27,19,11,8,1,2,0,2,61,34,21,7,8,10,15,36,1463,92,707
2020-580,Australian Open,Hard,128,G,20200120,127,215035,23,,Dayana Yastremska,R,175,UKR,19.6,215219,Q,,Kaja Juvan,R,170,SLO,19.1,6-1 6-1,3,R128,54,0,0,37,27,21,7,7,0,0,0,2,51,30,14,8,7,1,6,21,2070,127,490
2020-580,Australian Open,Hard,128,G,20200120,128,202492,27,,Qiang Wang,R,172,CHN,28.0,201426,WC,,Pauline Parmentier,R,175,FRA,33.9,7-6(2) 6-3,3,R128,91,0,2,67,43,30,14,11,1,3,1,5,65,40,27,6,10,2,5,29,1593,133,457
2020-580,Australian Open,Hard,128,G,20200120,129,211539,,,Fiona Ferro,R,170,FRA,22.8,202421,,,Alison Van Uytvanck,R,173,BEL,25.8,6-2 6-1,3,R128,74,0,1,45,24,17,14,8,3,3,1,2,53,32,13,11,7,5,10,63,944,47,1175
2020-580,Australian Open,Hard,128,G,20200120,130,214461,,,Tamara Zidansek,R,168,SLO,22.0,204291,WC,,Na Lae Han,L,,KOR,27.5,6-3 6-3,3,R128,67,2,4,55,38,26,8,9,6,9,1,6,61,43,22,5,9,3,9,70,880,179,344
2020-580,Australian Open,Hard,128,G,20200120,131,200033,8,,Serena Williams,R,175,USA,38.3,215713,,,Anastasia Potapova,R,175,RUS,18.8,6-0 6-3,3,R128,58,9,2,51,31,25,9,8,2,3,4,2,42,21,13,5,7,1,6,9,4215,90,711
2020-580,Australian Open,Hard,128,G,20200120,132,202505,6,,Belinda Bencic,R,175,SUI,22.8,203533,,,Anna Karolina Schmiedlova,R,176,SVK,25.3,6-3 7-5,3,R128,102,4,4,76,48,31,11,11,11,15,1,8,75,51,30,7,10,5,12,7,4675,203,293
2020-580,Australian Open,Hard,128,G,20200120,133,211533,,,Jelena Ostapenko,R,177,LAT,22.6,214643,Q,,Liudmila Samsonova,R,180,RUS,21.1,6-1 6-4,3,R128,74,11,3,68,40,32,15,9,5,5,7,3,47,22,15,11,8,0,3,45,1250,118,542
2020-580,Australian Open,Hard,128,G,20200120,134,204427,,,Sara Sorribes Tormo,R,176,ESP,23.2,206368,,,Veronika Kudermetova,R,175,RUS,22.7,2-6 6-1 6-1,3,R128,126,0,5,90,62,39,13,11,5,7,3,1,91,57,31,17,11,9,14,91,708,40,1383
2020-580,Australian Open,Hard,128,G,20200120,135,204426,28,,Anett Kontaveit,R,174,EST,24.0,206292,WC,,Astra Sharma,R,178,AUS,24.3,6-0 6-2,3,R128,59,1,3,41,28,19,8,7,2,3,1,4,46,31,14,3,7,3,9,31,1575,111,597
2020-580,Australian Open,Hard,128,G,20200120,136,202499,19,,Donna Vekic,R,179,CRO,23.5,201345,WC,,Maria Sharapova,R,188,RUS,32.7,6-3 6-4,3,R128,81,3,4,61,32,21,16,10,4,6,4,5,46,26,16,10,9,0,4,20,2120,145,407
2020-580,Australian Open,Hard,128,G,20200120,137,201427,,,Alize Cornet,R,173,FRA,29.9,201512,Q,,Monica Niculescu,R,168,ROU,32.3,5-7 6-1 6-0,3,R128,120,2,3,77,51,37,11,13,8,11,1,1,76,59,28,5,12,5,12,61,965,129,488
2020-580,Australian Open,Hard,128,G,20200120,138,216347,,,Iga Swiatek,R,176,POL,18.6,201693,,,Timea Babos,R,179,HUN,26.6,6-3 6-2,3,R128,67,3,1,49,32,27,11,9,1,1,0,0,46,27,17,10,8,0,3,56,997,88,720
2020-580,Australian Open,Hard,128,G,20200120,139,201521,,,Carla Suarez Navarro,R,162,ESP,31.3,214544,11,,Aryna Sabalenka,R,182,BLR,21.7,7-6(6) 7-6(6),3,R128,131,0,3,102,62,43,12,12,10,15,5,6,97,59,35,16,12,4,9,54,1048,12,3025
2020-580,Australian Open,Hard,128,G,20200120,140,210722,16,,Elise Mertens,R,179,BEL,24.1,203575,,,Danka Kovinic,R,169,MNE,25.1,6-2 6-0,3,R128,58,2,3,41,23,18,12,7,0,0,1,2,44,32,17,2,7,1,6,17,2250,86,734
2020-580,Australian Open,Hard,128,G,20200120,141,201586,,,Heather Watson,R,170,GBR,27.6,201697,,,Kristyna Pliskova,L,184,CZE,27.8,4-6 6-3 6-1,3,R128,118,9,3,75,43,34,17,13,2,4,10,2,100,56,37,16,13,6,11,75,784,64,940
2020-580,Australian Open,Hard,128,G,20200120,142,214263,,,Catherine Cartan Bellis,R,,USA,20.7,213583,,,Tatjana Maria,R,172,GER,32.4,6-0 6-2,3,R128,52,0,1,45,33,23,7,7,2,2,0,2,39,18,9,7,7,0,5,600,50,87,729
2020-580,Australian Open,Hard,128,G,20200120,143,214096,20,,Karolina Muchova,R,178,CZE,23.4,201465,,,Kirsten Flipkens,R,165,BEL,34.0,6-3 2-6 7-6(7),3,R128,146,3,7,109,62,42,19,15,7,12,2,1,103,67,41,16,14,5,10,22,1847,81,760
2020-580,Australian Open,Hard,128,G,20200120,144,203389,26,,Danielle Collins,R,178,USA,26.1,201554,,,Vitalia Diatchenko,R,170,RUS,29.4,6-1 3-6 6-4,3,R128,122,5,4,81,50,34,15,13,9,13,1,4,88,49,26,19,13,2,8,25,1825,89,719
2020-580,Australian Open,Hard,128,G,20200120,145,201709,,,Yulia Putintseva,R,163,KAZ,25.0,201444,,,Su Wei Hsieh,R,169,TPE,34.0,6-1 6-3,3,R128,78,0,1,52,39,23,11,8,1,2,0,3,61,36,17,11,8,5,10,38,1415,37,1450
2020-580,Australian Open,Hard,128,G,20200120,146,211279,Q,,Harriet Dart,R,175,GBR,23.4,201595,,,Misaki Doi,L,159,JPN,28.7,2-6 6-4 7-6(6),3,R128,169,0,4,121,75,41,20,15,10,18,0,7,120,75,39,21,15,7,14,173,353,82,754
2020-580,Australian Open,Hard,128,G,20200120,147,201594,4,,Simona Halep,R,168,ROU,28.3,206108,,,Jennifer Brady,R,178,USA,24.7,7-6(5) 6-1,3,R128,96,2,0,60,47,32,7,10,1,3,4,3,75,46,25,14,9,3,8,3,5561,49,1143
2020-580,Australian Open,Hard,128,G,20200120,148,202494,5,,Elina Svitolina,R,174,UKR,25.3,211107,,,Katie Boulter,R,180,GBR,23.4,6-4 7-5,3,R128,81,3,3,63,43,28,12,11,1,3,2,2,70,41,22,16,11,2,6,5,5075,315,170
2020-580,Australian Open,Hard,128,G,20200120,149,201616,,,Lauren Davis,R,157,USA,26.2,220367,Q,,Leylah Fernandez,L,168,CAN,17.3,6-4 6-2,3,R128,84,1,1,59,38,23,13,9,2,4,1,3,60,46,24,4,9,3,8,62,949,207,286
2020-580,Australian Open,Hard,128,G,20200120,150,202469,,,Garbine Muguruza,R,182,ESP,26.2,201603,Q,,Shelby Rogers,R,175,USA,27.2,0-6 6-1 6-0,3,R128,94,5,1,62,38,27,8,10,1,5,2,3,62,36,20,8,9,9,15,32,1526,155,380
2020-580,Australian Open,Hard,128,G,20200120,151,201548,,,Ajla Tomljanovic,R,180,AUS,26.7,201545,31,,Anastasija Sevastova,R,169,LAT,29.7,6-1 6-1,3,R128,77,2,3,63,35,28,13,7,7,7,3,1,56,39,20,5,7,8,13,52,1095,33,1518
2020-580,Australian Open,Hard,128,G,20200120,152,201610,,,Zarina Diyas,R,172,KAZ,26.2,216153,21,,Amanda Anisimova,R,180,USA,18.3,6-3 4-6 6-3,3,R128,106,1,5,79,53,34,12,14,2,7,3,4,102,67,32,17,14,5,12,73,835,24,1843
2020-580,Australian Open,Hard,128,G,20200120,153,215020,,,Anna Blinkova,R,179,RUS,21.3,211148,,,Jasmine Paolini,R,160,ITA,24.0,7-5 6-4,3,R128,100,3,3,79,50,29,15,11,9,13,2,1,76,40,19,19,11,6,12,58,989,96,691
2020-580,Australian Open,Hard,128,G,20200120,154,201613,WC,,Arina Rodionova,R,168,AUS,30.0,201435,,,Kateryna Bondarenko,R,175,UKR,33.4,3-6 7-6(5) 6-0,3,R128,117,5,4,102,73,44,13,14,7,11,2,6,99,62,37,14,13,6,12,163,366,535,66
2020-580,Australian Open,Hard,128,G,20200120,155,202428,9,,Kiki Bertens,R,182,NED,28.1,201593,,,Irina Camelia Begu,R,181,ROU,29.4,6-1 6-4,3,R128,75,3,3,59,40,31,7,9,4,5,0,5,45,29,17,5,8,1,5,10,4165,105,627
2020-580,Australian Open,Hard,128,G,20200120,156,201320,,,Svetlana Kuznetsova,R,174,RUS,34.5,214954,15,,Marketa Vondrousova,L,173,CZE,20.5,6-2 4-6 6-4,3,R128,112,2,2,79,55,35,8,14,3,10,0,3,83,52,23,12,14,3,12,53,1053,16,2490
2020-580,Australian Open,Hard,128,G,20200120,157,202429,,,Camila Giorgi,R,168,ITA,28.0,204430,Q,,Antonia Lottner,R,185,GER,23.4,6-3 6-3,3,R128,80,1,3,55,33,25,11,9,0,1,3,4,65,37,21,12,9,0,4,102,654,156,375
2020-580,Australian Open,Hard,128,G,20200120,158,211880,WC,,Priscilla Hon,R,171,AUS,21.6,203462,,,Kateryna Baindl,R,175,UKR,25.9,6-3 6-4,3,R128,86,3,0,71,44,24,11,10,6,11,3,2,56,43,20,3,9,4,11,139,428,83,746
2020-580,Australian Open,Hard,128,G,20200120,159,201493,17,,Angelique Kerber,L,173,GER,32.0,220714,Q,,Elisabetta Cocciaretto,R,,ITA,18.9,6-2 6-2,3,R128,82,2,1,51,34,25,10,8,4,5,2,2,73,53,29,6,8,8,13,18,2175,175,351
2020-580,Australian Open,Hard,128,G,20200120,160,201499,30,,Anastasia Pavlyuchenkova,R,177,RUS,28.5,211411,,,Nina Stojanovic,R,176,SRB,23.4,6-1 7-5,3,R128,72,7,3,59,42,31,7,10,0,2,2,7,54,29,14,11,9,2,7,30,1585,85,736
2020-580,Australian Open,Hard,128,G,20200120,161,203501,,,Taylor Townsend,L,170,USA,23.7,202468,,,Jessica Pegula,R,170,USA,25.9,6-4 7-6(5),3,R128,109,4,5,87,58,38,13,11,7,9,1,3,79,49,27,17,11,4,7,79,761,66,910
2020-580,Australian Open,Hard,128,G,20200120,162,201696,,,Laura Siegemund,R,168,GER,31.8,201535,WC,,Coco Vandeweghe,R,185,USA,28.1,6-1 6-4,3,R128,85,2,3,61,42,29,12,9,2,2,3,3,59,35,24,9,8,5,8,72,845,226,266
2020-580,Australian Open,Hard,128,G,20200120,163,201662,2,,Karolina Pliskova,R,184,CZE,27.8,201540,,,Kristina Mladenovic,R,184,FRA,26.6,6-1 7-5,3,R128,84,5,3,66,44,36,10,10,6,7,4,7,59,35,22,9,9,2,6,2,5940,41,1360
2020-580,Australian Open,Hard,128,G,20200120,164,202458,1,,Ashleigh Barty,R,166,AUS,23.7,201555,,,Polona Hercog,R,182,SLO,28.9,6-1 6-4,3,R64,66,5,1,57,34,27,12,9,6,6,1,4,52,27,17,11,8,4,7,1,8017,48,1145
2020-580,Australian Open,Hard,128,G,20200120,165,214981,29,,Elena Rybakina,R,184,KAZ,20.5,213889,Q,,Greet Minnen,R,,BEL,22.4,6-3 6-4,3,R64,74,6,1,58,31,27,12,10,1,2,1,2,63,34,23,15,9,3,6,26,1816,119,539
2020-580,Australian Open,Hard,128,G,20200120,166,201590,18,,Alison Riske Amritraj,R,173,USA,29.5,202684,,,Lin Zhu,R,173,CHN,25.9,6-3 6-1,3,R64,61,1,1,48,29,20,13,8,2,3,0,2,44,31,15,4,8,3,8,19,2130,71,850
2020-580,Australian Open,Hard,128,G,20200120,167,201504,,,Julia Goerges,R,180,GER,31.2,201549,13,,Petra Martic,R,181,CRO,29.0,4-6 6-3 7-5,3,R64,126,13,3,89,49,41,22,16,6,8,8,2,90,53,34,25,15,3,6,39,1415,14,2646
2020-580,Australian Open,Hard,128,G,20200120,168,201619,10,,Madison Keys,R,178,USA,24.9,201551,,,Arantxa Rus,L,180,NED,29.1,7-6(3) 6-2,3,R64,79,4,0,63,44,36,10,10,4,4,1,2,61,48,31,7,10,3,5,11,3072,93,701
2020-580,Australian Open,Hard,128,G,20200120,169,206289,22,,Maria Sakkari,R,172,GRE,24.4,211702,Q,,Nao Hibino,R,163,JPN,25.1,7-6(4) 6-4,3,R64,103,9,4,85,57,36,15,11,8,10,2,2,78,55,31,12,11,4,7,23,1845,103,645
2020-580,Australian Open,Hard,128,G,20200120,170,206420,25,,Ekaterina Alexandrova,R,175,RUS,25.1,206252,Q,,Barbora Krejcikova,R,178,CZE,24.0,6-1 6-3,3,R64,63,2,2,59,38,31,8,8,4,4,2,3,42,28,17,2,8,0,4,28,1645,128,489
2020-580,Australian Open,Hard,128,G,20200120,171,201520,7,,Petra Kvitova,L,183,CZE,29.8,211651,,,Paula Badosa,R,180,ESP,22.1,7-5 7-5,3,R64,98,7,5,72,46,33,13,12,5,7,3,3,82,53,32,14,12,5,9,8,4436,97,687
2020-580,Australian Open,Hard,128,G,20200120,172,211768,3,,Naomi Osaka,R,180,JPN,22.2,202453,,,Saisai Zheng,R,170,CHN,25.9,6-2 6-4,3,R64,80,0,2,54,32,20,11,9,4,7,0,3,53,36,18,5,9,6,12,4,5496,42,1350
2020-580,Australian Open,Hard,128,G,20200120,173,221103,,,Coco Gauff,R,175,USA,15.8,201514,,,Sorana Cirstea,R,176,ROU,29.7,4-6 6-3 7-5,3,R64,126,2,9,94,63,46,14,16,0,2,5,3,92,59,39,19,15,1,4,67,885,74,795
2020-580,Australian Open,Hard,128,G,20200120,174,201533,,,Shuai Zhang,R,177,CHN,30.9,216083,Q,,Caty Mcnally,R,,USA,18.1,6-2 6-4,3,R64,84,0,3,59,42,29,7,9,1,3,3,9,66,39,22,10,9,6,11,35,1505,116,552
2020-580,Australian Open,Hard,128,G,20200120,175,213550,14,,Sofia Kenin,R,170,USA,21.1,215983,Q,,Ann Li,R,170,USA,19.5,6-1 6-3,3,R64,57,2,1,49,33,26,7,8,2,3,0,0,44,32,14,6,8,3,8,15,2565,142,423
2020-580,Australian Open,Hard,128,G,20200120,176,202460,,,Ons Jabeur,R,167,TUN,25.3,201614,,,Caroline Garcia,R,177,FRA,26.2,1-6 6-2 6-3,3,R64,96,3,7,77,34,22,23,12,4,8,3,5,74,41,25,17,12,2,7,78,770,46,1235
2020-580,Australian Open,Hard,128,G,20200120,177,201496,,,Caroline Wozniacki,R,177,DEN,29.5,215035,23,,Dayana Yastremska,R,175,UKR,19.6,7-5 7-5,3,R64,122,3,2,83,60,37,9,12,4,8,6,6,83,46,26,14,12,8,14,36,1463,21,2070
2020-580,Australian Open,Hard,128,G,20200120,178,202492,27,,Qiang Wang,R,172,CHN,28.0,211539,,,Fiona Ferro,R,170,FRA,22.8,6-1 6-2,3,R64,61,0,0,44,25,17,14,8,1,2,0,1,42,32,14,4,7,4,9,29,1593,63,944
2020-580,Australian Open,Hard,128,G,20200120,179,200033,8,,Serena Williams,R,175,USA,38.3,214461,,,Tamara Zidansek,R,168,SLO,22.0,6-2 6-3,3,R64,78,7,0,61,37,29,11,9,4,4,0,4,56,32,17,11,8,10,14,9,4215,70,880
2020-580,Australian Open,Hard,128,G,20200120,180,202505,6,,Belinda Bencic,R,175,SUI,22.8,211533,,,Jelena Ostapenko,R,177,LAT,22.6,7-5 7-5,3,R64,101,4,8,77,48,30,13,12,5,10,4,9,72,39,22,11,12,1,8,7,4675,45,1250
2020-580,Australian Open,Hard,128,G,20200120,181,204426,28,,Anett Kontaveit,R,174,EST,24.0,204427,,,Sara Sorribes Tormo,R,176,ESP,23.2,6-2 4-6 6-1,3,R64,101,1,3,75,48,35,11,13,4,8,0,6,75,49,22,10,12,5,12,31,1575,91,708
2020-580,Australian Open,Hard,128,G,20200120,182,202499,19,,Donna Vekic,R,179,CRO,23.5,201427,,,Alize Cornet,R,173,FRA,29.9,6-4 6-2,3,R64,91,2,4,59,39,31,6,9,1,3,2,3,70,46,29,5,9,8,13,20,2120,61,965
2020-580,Australian Open,Hard,128,G,20200120,183,216347,,,Iga Swiatek,R,176,POL,18.6,201521,,,Carla Suarez Navarro,R,162,ESP,31.3,6-3 7-5,3,R64,88,8,4,73,50,31,14,11,5,7,0,0,64,45,27,8,10,4,8,56,997,54,1048
2020-580,Australian Open,Hard,128,G,20200120,184,210722,16,,Elise Mertens,R,179,BEL,24.1,201586,,,Heather Watson,R,170,GBR,27.6,6-3 6-0,3,R64,56,4,1,39,26,18,8,8,2,3,1,2,42,27,12,3,7,2,8,17,2250,75,784
2020-580,Australian Open,Hard,128,G,20200120,185,214263,,,Catherine Cartan Bellis,R,,USA,20.7,214096,20,,Karolina Muchova,R,178,CZE,23.4,6-4 6-4,3,R64,83,1,1,57,40,28,10,10,0,1,4,4,67,44,31,8,10,4,7,600,50,22,1847
2020-580,Australian Open,Hard,128,G,20200120,186,201709,,,Yulia Putintseva,R,163,KAZ,25.0,203389,26,,Danielle Collins,R,178,USA,26.1,6-4 2-6 7-5,3,R64,156,1,1,100,73,47,14,15,9,13,2,4,104,64,48,13,15,6,10,38,1415,25,1825
2020-580,Australian Open,Hard,128,G,20200120,187,201594,4,,Simona Halep,R,168,ROU,28.3,211279,Q,,Harriet Dart,R,175,GBR,23.4,6-2 6-4,3,R64,77,1,0,60,39,26,11,9,2,4,0,3,60,43,24,5,9,4,9,3,5561,173,353
2020-580,Australian Open,Hard,128,G,20200120,188,202494,5,,Elina Svitolina,R,174,UKR,25.3,201616,,,Lauren Davis,R,157,USA,26.2,6-2 7-6(6),3,R64,92,9,1,70,50,37,8,10,2,4,1,1,76,53,30,10,10,4,8,5,5075,62,949
2020-580,Australian Open,Hard,128,G,20200120,189,202469,,,Garbine Muguruza,R,182,ESP,26.2,201548,,,Ajla Tomljanovic,R,180,AUS,26.7,6-3 3-6 6-3,3,R64,141,2,2,94,61,43,16,14,6,9,3,3,92,52,31,23,13,4,8,32,1526,52,1095
2020-580,Australian Open,Hard,128,G,20200120,190,201610,,,Zarina Diyas,R,172,KAZ,26.2,215020,,,Anna Blinkova,R,179,RUS,21.3,4-6 6-3 6-4,3,R64,133,2,3,91,71,38,7,15,5,12,3,8,98,69,39,6,14,10,19,73,835,58,989
2020-580,Australian Open,Hard,128,G,20200120,191,202428,9,,Kiki Bertens,R,182,NED,28.1,201613,WC,,Arina Rodionova,R,168,AUS,30.0,6-3 7-5,3,R64,86,2,4,56,38,27,8,11,4,7,0,2,69,49,27,6,10,5,11,10,4165,163,366
2020-580,Australian Open,Hard,128,G,20200120,192,202429,,,Camila Giorgi,R,168,ITA,28.0,201320,,,Svetlana Kuznetsova,R,174,RUS,34.5,6-3 6-1,3,R64,63,1,3,45,29,22,9,8,3,4,2,1,54,38,20,6,8,7,12,102,654,53,1053
2020-580,Australian Open,Hard,128,G,20200120,193,201493,17,,Angelique Kerber,L,173,GER,32.0,211880,WC,,Priscilla Hon,R,171,AUS,21.6,6-3 6-2,3,R64,72,3,2,49,36,19,8,9,2,5,2,2,64,34,14,11,8,3,10,18,2175,139,428
2020-580,Australian Open,Hard,128,G,20200120,194,201499,30,,Anastasia Pavlyuchenkova,R,177,RUS,28.5,203501,,,Taylor Townsend,L,170,USA,23.7,7-5 7-6(1),3,R64,127,2,2,83,54,38,15,12,5,7,0,3,106,82,47,11,12,11,14,30,1585,79,761
2020-580,Australian Open,Hard,128,G,20200120,195,201662,2,,Karolina Pliskova,R,184,CZE,27.8,201696,,,Laura Siegemund,R,168,GER,31.8,6-3 6-3,3,R64,86,8,2,58,35,23,15,9,1,2,3,2,66,50,28,7,9,4,8,2,5940,72,845
2020-580,Australian Open,Hard,128,G,20200120,196,202458,1,,Ashleigh Barty,R,166,AUS,23.7,214981,29,,Elena Rybakina,R,184,KAZ,20.5,6-3 6-2,3,R32,78,5,0,69,45,32,10,9,8,10,2,4,59,31,16,11,8,4,9,1,8017,26,1816
2020-580,Australian Open,Hard,128,G,20200120,197,201590,18,,Alison Riske Amritraj,R,173,USA,29.5,201504,,,Julia Goerges,R,180,GER,31.2,1-6 7-6(4) 6-2,3,R32,136,3,10,94,56,40,17,14,3,7,10,6,105,54,35,25,13,7,10,19,2130,39,1415
2020-580,Australian Open,Hard,128,G,20200120,198,206289,22,,Maria Sakkari,R,172,GRE,24.4,201619,10,,Madison Keys,R,178,USA,24.9,6-4 6-4,3,R32,75,0,1,60,34,22,17,10,3,5,6,1,63,42,30,6,10,6,10,23,1845,11,3072
2020-580,Australian Open,Hard,128,G,20200120,199,201520,7,,Petra Kvitova,L,183,CZE,29.8,206420,25,,Ekaterina Alexandrova,R,175,RUS,25.1,6-1 6-2,3,R32,58,4,0,49,31,26,10,8,1,1,3,5,47,27,17,5,7,2,6,8,4436,28,1645
2020-580,Australian Open,Hard,128,G,20200120,200,221103,,,Coco Gauff,R,175,USA,15.8,211768,3,,Naomi Osaka,R,180,JPN,22.2,6-3 6-4,3,R32,67,1,4,56,42,32,9,10,1,2,5,1,49,34,25,5,9,1,4,67,885,4,5496
2020-580,Australian Open,Hard,128,G,20200120,201,213550,14,,Sofia Kenin,R,170,USA,21.1,201533,,,Shuai Zhang,R,177,CHN,30.9,7-5 7-6(7),3,R32,122,1,2,100,75,45,16,12,3,6,3,1,94,59,40,16,12,7,11,15,2565,35,1505
2020-580,Australian Open,Hard,128,G,20200120,202,202460,,,Ons Jabeur,R,167,TUN,25.3,201496,,,Caroline Wozniacki,R,177,DEN,29.5,7-5 3-6 7-5,3,R32,127,6,5,108,59,43,22,17,8,12,1,0,108,82,51,13,16,7,12,78,770,36,1463
2020-580,Australian Open,Hard,128,G,20200120,203,202492,27,,Qiang Wang,R,172,CHN,28.0,200033,8,,Serena Williams,R,175,USA,38.3,6-4 6-7(2) 7-5,3,R32,161,2,1,114,72,50,25,17,5,6,8,4,118,66,46,26,17,9,12,29,1593,9,4215
2020-580,Australian Open,Hard,128,G,20200120,204,204426,28,,Anett Kontaveit,R,174,EST,24.0,202505,6,,Belinda Bencic,R,175,SUI,22.8,6-0 6-1,3,R32,49,0,3,38,22,19,10,7,0,0,3,4,44,24,12,6,6,3,8,31,1575,7,4675
2020-580,Australian Open,Hard,128,G,20200120,205,216347,,,Iga Swiatek,R,176,POL,18.6,202499,19,,Donna Vekic,R,179,CRO,23.5,7-5 6-3,3,R32,104,6,2,73,40,31,18,11,8,9,5,4,68,43,28,11,10,5,8,56,997,20,2120
2020-580,Australian Open,Hard,128,G,20200120,206,210722,16,,Elise Mertens,R,179,BEL,24.1,214263,,,Catherine Cartan Bellis,R,,USA,20.7,6-1 6-7(5) 6-0,3,R32,119,12,5,77,48,38,18,13,1,2,0,3,90,60,30,17,12,8,15,17,2250,600,50
2020-580,Australian Open,Hard,128,G,20200120,207,201594,4,,Simona Halep,R,168,ROU,28.3,201709,,,Yulia Putintseva,R,163,KAZ,25.0,6-1 6-4,3,R32,78,3,3,60,39,30,8,9,5,7,0,2,54,35,18,6,8,4,9,3,5561,38,1415
2020-580,Australian Open,Hard,128,G,20200120,208,202469,,,Garbine Muguruza,R,182,ESP,26.2,202494,5,,Elina Svitolina,R,174,UKR,25.3,6-1 6-2,3,R32,67,4,1,45,25,21,12,8,2,2,2,0,52,40,21,3,7,9,13,32,1526,5,5075
2020-580,Australian Open,Hard,128,G,20200120,209,202428,9,,Kiki Bertens,R,182,NED,28.1,201610,,,Zarina Diyas,R,172,KAZ,26.2,6-2 7-6(3),3,R32,95,2,3,61,42,32,10,10,0,1,1,3,79,58,34,9,10,6,9,10,4165,73,835
2020-580,Australian Open,Hard,128,G,20200120,210,201493,17,,Angelique Kerber,L,173,GER,32.0,202429,,,Camila Giorgi,R,168,ITA,28.0,6-2 6-7(4) 6-3,3,R32,128,4,2,91,59,44,17,15,5,7,6,11,88,49,34,17,14,1,6,18,2175,102,654
2020-580,Australian Open,Hard,128,G,20200120,211,201499,30,,Anastasia Pavlyuchenkova,R,177,RUS,28.5,201662,2,,Karolina Pliskova,R,184,CZE,27.8,7-6(4) 7-6(3),3,R32,145,5,11,100,66,49,14,12,8,10,6,4,121,75,49,22,12,13,15,30,1585,2,5940
2020-580,Australian Open,Hard,128,G,20200120,212,202458,1,,Ashleigh Barty,R,166,AUS,23.7,201590,18,,Alison Riske Amritraj,R,173,USA,29.5,6-3 1-6 6-4,3,R16,96,4,1,71,46,37,7,13,1,5,2,2,71,50,30,13,13,2,6,1,8017,19,2130
2020-580,Australian Open,Hard,128,G,20200120,213,201520,7,,Petra Kvitova,L,183,CZE,29.8,206289,22,,Maria Sakkari,R,172,GRE,24.4,6-7(4) 6-3 6-2,3,R16,132,5,6,89,58,40,12,15,6,10,3,6,99,55,28,22,14,10,18,8,4436,23,1845
2020-580,Australian Open,Hard,128,G,20200120,214,213550,14,,Sofia Kenin,R,170,USA,21.1,221103,,,Coco Gauff,R,175,USA,15.8,6-7(5) 6-3 6-0,3,R16,129,1,3,89,65,47,13,14,3,4,7,7,93,52,34,18,13,7,12,15,2565,67,885
2020-580,Australian Open,Hard,128,G,20200120,215,202460,,,Ons Jabeur,R,167,TUN,25.3,202492,27,,Qiang Wang,R,172,CHN,28.0,7-6(4) 6-1,3,R16,77,2,0,60,34,24,17,10,2,4,0,2,64,39,26,12,9,6,10,78,770,29,1593
2020-580,Australian Open,Hard,128,G,20200120,216,204426,28,,Anett Kontaveit,R,174,EST,24.0,216347,,,Iga Swiatek,R,176,POL,18.6,6-7(4) 7-5 7-5,3,R16,162,4,3,116,71,43,21,18,12,19,4,6,111,54,32,25,18,5,14,31,1575,56,997
2020-580,Australian Open,Hard,128,G,20200120,217,201594,4,,Simona Halep,R,168,ROU,28.3,210722,16,,Elise Mertens,R,179,BEL,24.1,6-4 6-4,3,R16,97,2,1,57,39,29,6,10,2,5,0,3,87,57,32,13,10,9,14,3,5561,17,2250
2020-580,Australian Open,Hard,128,G,20200120,218,202469,,,Garbine Muguruza,R,182,ESP,26.2,202428,9,,Kiki Bertens,R,182,NED,28.1,6-3 6-3,3,R16,68,6,4,46,31,28,4,9,2,4,5,2,53,32,21,7,9,4,9,32,1526,10,4165
2020-580,Australian Open,Hard,128,G,20200120,219,201499,30,,Anastasia Pavlyuchenkova,R,177,RUS,28.5,201493,17,,Angelique Kerber,L,173,GER,32.0,6-7(5) 7-6(4) 6-2,3,R16,157,4,3,99,74,52,13,16,1,4,2,6,150,86,60,23,16,13,18,30,1585,18,2175
2020-580,Australian Open,Hard,128,G,20200120,220,202458,1,,Ashleigh Barty,R,166,AUS,23.7,201520,7,,Petra Kvitova,L,183,CZE,29.8,7-6(6) 6-2,3,QF,104,5,3,84,53,39,11,10,10,12,2,6,71,40,25,14,10,4,8,1,8017,8,4436
2020-580,Australian Open,Hard,128,G,20200120,221,213550,14,,Sofia Kenin,R,170,USA,21.1,202460,,,Ons Jabeur,R,167,TUN,25.3,6-4 6-4,3,QF,92,0,3,78,56,36,12,10,6,7,5,1,63,36,26,10,10,6,9,15,2565,78,770
2020-580,Australian Open,Hard,128,G,20200120,222,201594,4,,Simona Halep,R,168,ROU,28.3,204426,28,,Anett Kontaveit,R,174,EST,24.0,6-1 6-1,3,QF,53,5,1,41,32,25,4,7,1,1,0,0,47,31,15,7,7,6,11,3,5561,31,1575
2020-580,Australian Open,Hard,128,G,20200120,223,202469,,,Garbine Muguruza,R,182,ESP,26.2,201499,30,,Anastasia Pavlyuchenkova,R,177,RUS,28.5,7-5 6-3,3,QF,93,6,4,64,36,27,11,11,3,6,4,8,63,42,27,3,10,2,7,32,1526,30,1585
2020-580,Australian Open,Hard,128,G,20200120,224,213550,14,,Sofia Kenin,R,170,USA,21.1,202458,1,,Ashleigh Barty,R,166,AUS,23.7,7-6(6) 7-5,3,SF,105,2,1,79,55,38,15,12,3,4,8,1,80,40,32,20,12,2,4,15,2565,1,8017
2020-580,Australian Open,Hard,128,G,20200120,225,202469,,,Garbine Muguruza,R,182,ESP,26.2,201594,4,,Simona Halep,R,168,ROU,28.3,7-6(8) 7-5,3,SF,125,10,2,87,51,36,15,12,10,13,2,1,90,65,40,11,12,10,14,32,1526,3,5561
2020-580,Australian Open,Hard,128,G,20200120,226,213550,14,,Sofia Kenin,R,170,USA,21.1,202469,,,Garbine Muguruza,R,182,ESP,26.2,4-6 6-2 6-2,3,F,123,2,0,87,64,41,15,13,10,12,9,8,82,47,35,11,13,1,6,15,2565,32,1526
2021-580,Australian Open,Hard,128,G,20210208,100,202458,1,,Ashleigh Barty,R,166,AUS,24.7,203575,,,Danka Kovinic,R,169,MNE,26.2,6-0 6-0,3,R128,44,5,0,27,18,16,8,6,0,0,2,2,33,17,4,3,6,2,8,1,9186,82,952
2021-580,Australian Open,Hard,128,G,20210208,101,201611,,WC,Daria Saville,R,166,AUS,26.9,204427,,,Sara Sorribes Tormo,R,176,ESP,24.3,6-1 7-5,3,R128,92,1,3,59,39,25,10,10,3,5,0,4,59,39,21,6,9,3,9,387,126,64,1110
2021-580,Australian Open,Hard,128,G,20210208,102,206252,,,Barbora Krejcikova,R,178,CZE,25.1,202453,,,Saisai Zheng,R,170,CHN,27.0,6-3 2-6 6-2,3,R128,147,2,3,85,55,36,15,13,6,9,3,4,104,63,39,19,12,18,23,59,1183,44,1510
2021-580,Australian Open,Hard,128,G,20210208,103,206420,29,,Ekaterina Alexandrova,R,175,RUS,26.2,203354,,,Martina Trevisan,L,160,ITA,27.2,6-3 6-4,3,R128,82,6,9,62,30,25,13,10,2,4,2,3,68,46,23,11,9,5,10,32,1900,89,879
2021-580,Australian Open,Hard,128,G,20210208,104,204426,21,,Anett Kontaveit,R,174,EST,25.1,205925,,,Aliaksandra Sasnovich,R,174,BLR,26.8,7-5 6-2,3,R128,69,4,0,57,42,31,6,10,4,6,4,1,55,36,19,9,10,4,9,22,2575,92,838
2021-580,Australian Open,Hard,128,G,20210208,105,201586,,,Heather Watson,R,170,GBR,28.7,201697,,,Kristyna Pliskova,L,184,CZE,28.8,7-6(4) 7-6(3),3,R128,107,7,2,78,50,38,14,12,2,3,11,5,88,55,45,11,12,4,5,60,1176,73,1020
2021-580,Australian Open,Hard,128,G,20210208,106,201603,,,Shelby Rogers,R,175,USA,28.3,215936,,Q,Francesca Jones,R,,GBR,20.3,6-4 6-1,3,R128,67,10,2,43,29,25,8,9,0,1,1,4,53,31,19,7,8,4,8,57,1221,245,268
2021-580,Australian Open,Hard,128,G,20210208,107,215337,,Q,Olga Danilovic,L,,SRB,20.0,201549,16,,Petra Martic,R,181,CRO,30.0,7-5 3-6 6-4,3,R128,127,5,11,101,60,40,19,16,8,14,1,3,90,54,36,16,15,4,10,183,384,19,2850
2021-580,Australian Open,Hard,128,G,20210208,108,202505,11,,Belinda Bencic,R,175,SUI,23.9,201616,,,Lauren Davis,R,157,USA,27.3,6-3 4-6 6-1,3,R128,147,8,12,90,53,34,14,13,9,14,5,7,105,63,36,14,13,11,19,12,4010,80,967
2021-580,Australian Open,Hard,128,G,20210208,109,201320,,,Svetlana Kuznetsova,R,174,RUS,35.6,201366,,,Barbora Strycova,R,164,CZE,34.8,6-2 6-2,3,R128,85,0,5,56,37,29,8,8,6,6,0,3,54,31,20,8,8,3,7,37,1631,38,1630
2021-580,Australian Open,Hard,128,G,20210208,110,202684,,,Lin Zhu,R,173,CHN,27.0,215992,,Q,Whitney Osuigwe,R,168,USA,18.8,6-1 6-1,3,R128,65,2,5,47,31,24,4,7,4,6,0,3,48,38,12,3,7,5,12,94,830,163,447
2021-580,Australian Open,Hard,128,G,20210208,111,210722,18,,Elise Mertens,R,179,BEL,25.2,220367,,,Leylah Fernandez,L,168,CAN,18.4,6-1 6-3,3,R128,86,1,3,55,32,25,11,8,3,4,0,6,56,37,19,6,8,4,9,16,3060,86,904
2021-580,Australian Open,Hard,128,G,20210208,112,214096,25,,Karolina Muchova,R,178,CZE,24.4,211533,,,Jelena Ostapenko,R,177,LAT,23.6,7-5 6-2,3,R128,98,5,4,79,54,35,10,10,8,11,4,7,78,43,29,10,10,5,11,27,2135,47,1485
2021-580,Australian Open,Hard,128,G,20210208,113,201621,,,Mona Barthel,R,185,GER,30.5,220714,,Q,Elisabetta Cocciaretto,R,,ITA,20.0,3-6 6-4 6-4,3,R128,127,5,4,85,44,38,20,15,4,6,1,2,106,77,52,13,14,9,12,212,313,126,608
2021-580,Australian Open,Hard,128,G,20210208,114,203389,,,Danielle Collins,R,178,USA,27.1,202536,,,Ana Bogdan,R,171,ROU,28.2,6-3 6-1,3,R128,65,4,3,53,30,22,12,8,5,6,3,3,44,24,14,5,8,1,6,40,1574,96,820
2021-580,Australian Open,Hard,128,G,20210208,115,201662,6,,Karolina Pliskova,R,184,CZE,28.8,211148,,,Jasmine Paolini,R,160,ITA,25.0,6-0 6-2,3,R128,47,6,3,41,25,21,8,7,0,0,0,3,39,30,15,1,7,3,8,6,5205,95,826
2021-580,Australian Open,Hard,128,G,20210208,116,213550,4,,Sofia Kenin,R,170,USA,22.2,213666,,WC,Maddison Inglis,R,171,AUS,23.0,7-5 6-4,3,R128,86,2,3,63,35,26,16,11,3,5,2,3,65,43,26,11,11,5,9,4,5760,133,586
2021-580,Australian Open,Hard,128,G,20210208,117,201466,,,Kaia Kanepi,R,181,EST,35.6,201545,,,Anastasija Sevastova,R,169,LAT,30.8,6-3 6-1,3,R128,58,1,3,46,23,17,14,8,1,2,2,0,52,32,16,8,8,5,10,65,1108,53,1317
2021-580,Australian Open,Hard,128,G,20210208,118,206408,,,Nadia Podoroska,R,170,ARG,23.9,201539,,,Christina Mchale,R,170,USA,28.7,6-4 6-4,3,R128,96,2,3,59,36,20,11,10,2,6,0,3,68,44,22,8,10,6,12,45,1497,84,909
2021-580,Australian Open,Hard,128,G,20210208,119,202499,28,,Donna Vekic,R,179,CRO,24.6,206374,,,Yafan Wang,R,170,CHN,26.7,4-6 6-3 6-4,3,R128,158,3,5,90,47,26,22,15,5,10,2,6,121,72,39,24,14,10,17,33,1880,98,795
2021-580,Australian Open,Hard,128,G,20210208,120,206108,22,,Jennifer Brady,R,178,USA,25.8,211901,,,Aliona Bolsova,R,172,MDA,23.2,6-1 6-3,3,R128,59,2,0,39,20,17,15,8,0,0,4,1,53,31,19,9,8,3,7,24,2475,102,761
2021-580,Australian Open,Hard,128,G,20210208,121,201483,,,Madison Brengle,R,168,USA,30.8,201613,,WC,Arina Rodionova,R,168,AUS,31.1,6-1 6-2,3,R128,61,0,5,54,36,26,7,8,1,3,0,4,46,30,12,4,7,5,11,85,906,169,428
2021-580,Australian Open,Hard,128,G,20210208,122,210886,,Q,Mayar Sherif,R,180,EGY,24.7,203564,,Q,Chloe Paquet,R,179,FRA,26.6,7-5 7-5,3,R128,101,2,0,67,48,40,10,12,1,1,5,5,71,37,26,19,12,1,3,131,591,187,359
2021-580,Australian Open,Hard,128,G,20210208,123,215219,,Q,Kaja Juvan,R,170,SLO,20.2,202427,13,,Johanna Konta,R,180,GBR,29.7,4-6 2-0 RET,3,R128,64,2,1,35,15,12,9,6,3,5,0,4,35,21,15,5,6,2,4,104,748,15,3206
2021-580,Australian Open,Hard,128,G,20210208,124,202468,,,Jessica Pegula,R,170,USA,26.9,201458,12,,Victoria Azarenka,R,180,BLR,31.5,7-5 6-4,3,R128,99,6,1,69,39,27,16,11,0,2,2,7,72,42,27,15,11,3,7,61,1138,13,3525
2021-580,Australian Open,Hard,128,G,20210208,125,201325,,WC,Samantha Stosur,R,172,AUS,36.8,215018,,WC,Destanee Aiava,R,175,AUS,20.7,6-4 6-4,3,R128,97,2,2,64,46,30,5,10,4,8,3,1,78,56,26,11,10,6,12,112,667,203,329
2021-580,Australian Open,Hard,128,G,20210208,126,211702,,,Nao Hibino,R,163,JPN,26.1,206292,,WC,Astra Sharma,R,178,AUS,25.4,2-6 6-3 7-5,3,R128,117,1,3,91,58,35,17,15,6,11,4,4,83,49,28,20,14,3,8,76,973,132,589
2021-580,Australian Open,Hard,128,G,20210208,127,201540,,,Kristina Mladenovic,R,184,FRA,27.7,206289,20,,Maria Sakkari,R,172,GRE,25.5,6-2 0-6 6-3,3,R128,105,5,6,77,41,26,17,12,4,8,4,4,74,45,31,10,11,6,10,52,1335,23,2570
2021-580,Australian Open,Hard,128,G,20210208,128,201709,26,,Yulia Putintseva,R,163,KAZ,26.0,201585,,,Sloane Stephens,R,170,USA,27.8,4-6 6-2 6-3,3,R128,130,3,1,83,52,36,14,14,6,10,2,4,93,61,34,13,13,10,16,28,2015,41,1573
2021-580,Australian Open,Hard,128,G,20210208,129,202421,,,Alison Van Uytvanck,R,173,BEL,26.8,216262,,Q,Clara Burel,R,176,FRA,19.8,4-6 6-3 6-4,3,R128,113,5,2,101,63,37,19,15,6,12,2,13,85,44,30,13,14,8,15,67,1095,237,279
2021-580,Australian Open,Hard,128,G,20210208,130,221103,,,Coco Gauff,R,175,USA,16.9,213525,,,Jil Teichmann,L,170,SUI,23.5,6-3 6-2,3,R128,57,8,3,54,39,34,6,9,2,2,1,4,42,28,16,7,8,0,3,48,1423,58,1206
2021-580,Australian Open,Hard,128,G,20210208,131,202494,5,,Elina Svitolina,R,174,UKR,26.4,213631,,,Marie Bouzkova,R,180,CZE,22.5,6-3 7-6(5),3,R128,120,3,2,101,57,40,21,11,5,6,4,1,63,46,25,14,10,2,4,5,5260,50,1344
2021-580,Australian Open,Hard,128,G,20210208,132,215370,8,,Bianca Andreescu,R,170,CAN,20.6,202596,,LL,Mihaela Buzarnescu,L,175,ROU,32.7,6-2 4-6 6-3,3,R128,122,3,0,73,47,37,17,14,3,4,0,3,87,57,37,15,13,6,9,9,4555,138,558
2021-580,Australian Open,Hard,128,G,20210208,133,201444,,,Su Wei Hsieh,R,169,TPE,35.0,201450,,Q,Tsvetana Pironkova,R,180,BUL,33.4,7-5 6-2,3,R128,76,1,3,62,45,32,8,10,4,6,3,1,60,28,21,12,10,8,13,71,1035,125,615
2021-580,Australian Open,Hard,128,G,20210208,134,200748,,,Venus Williams,R,185,USA,40.6,201465,,,Kirsten Flipkens,R,165,BEL,35.0,7-5 6-2,3,R128,92,3,2,60,36,29,10,10,0,1,3,3,73,46,29,9,10,7,11,81,958,90,878
2021-580,Australian Open,Hard,128,G,20210208,135,201506,,Q,Sara Errani,R,164,ITA,33.7,202492,30,,Qiang Wang,R,172,CHN,29.0,2-6 6-4 6-4,3,R128,134,0,3,100,78,39,7,14,8,17,8,6,84,45,24,15,14,9,18,134,584,34,1735
2021-580,Australian Open,Hard,128,G,20210208,136,214954,19,,Marketa Vondrousova,L,173,CZE,21.6,202490,,,Rebecca Peterson,R,173,SWE,25.5,2-6 7-5 7-5,3,R128,142,2,10,110,71,39,18,16,9,17,1,3,96,66,35,13,16,8,16,20,2722,55,1255
2021-580,Australian Open,Hard,128,G,20210208,137,201606,,Q,Rebecca Marino,R,183,CAN,30.1,214040,,WC,Kimberly Birrell,R,170,AUS,22.7,6-0 7-6(9),3,R128,104,10,2,55,34,30,13,9,0,0,0,4,84,53,31,16,9,6,9,317,185,739,35
2021-580,Australian Open,Hard,128,G,20210208,138,201514,,,Sorana Cirstea,R,176,ROU,30.8,206255,,,Patricia Maria Tig,R,,ROU,26.5,6-2 6-1,3,R128,59,4,2,43,30,24,10,8,1,1,0,0,42,22,12,8,7,3,7,68,1079,56,1229
2021-580,Australian Open,Hard,128,G,20210208,139,201520,9,,Petra Kvitova,L,183,CZE,30.9,213889,,Q,Greet Minnen,R,,BEL,23.4,6-3 6-4,3,R128,81,5,10,67,37,27,14,10,4,6,2,0,60,43,26,7,9,3,7,8,4571,110,696
2021-580,Australian Open,Hard,128,G,20210208,140,202469,14,,Garbine Muguruza,R,182,ESP,27.3,202506,,LL,Margarita Gasparyan,R,183,RUS,26.4,6-4 6-0,3,R128,73,0,1,43,26,18,12,8,0,1,0,4,56,34,19,7,8,2,7,14,3320,127,601
2021-580,Australian Open,Hard,128,G,20210208,141,214643,,Q,Liudmila Samsonova,R,180,RUS,22.2,211651,,,Paula Badosa,R,180,ESP,23.2,6-7(4) 7-6(4) 7-5,3,R128,158,6,6,124,85,61,14,18,5,9,8,10,119,85,59,13,18,3,8,130,593,70,1044
2021-580,Australian Open,Hard,128,G,20210208,142,201610,,,Zarina Diyas,R,172,KAZ,27.3,214461,,,Tamara Zidansek,R,168,SLO,23.1,6-2 7-5,3,R128,81,1,4,57,35,29,10,10,1,2,0,2,66,42,28,8,10,2,6,83,928,91,865
2021-580,Australian Open,Hard,128,G,20210208,143,211095,,,Bernarda Pera,L,175,USA,26.1,201493,23,,Angelique Kerber,L,173,GER,33.0,6-0 6-4,3,R128,70,2,5,50,37,26,8,8,3,4,0,7,58,34,20,6,8,6,11,66,1105,25,2370
2021-580,Australian Open,Hard,128,G,20210208,144,202460,27,,Ons Jabeur,R,167,TUN,26.4,201492,,,Andrea Petkovic,R,180,GER,33.4,6-3 3-6 6-4,3,R128,121,6,6,95,51,37,18,14,6,10,3,3,109,77,45,16,14,9,14,30,1915,103,760
2021-580,Australian Open,Hard,128,G,20210208,145,203533,,LL,Anna Karolina Schmiedlova,R,176,SVK,26.4,206349,,Q,Mayo Hibi,R,165,JPN,24.8,7-6(2) 6-4,3,R128,143,2,1,87,54,29,21,11,4,8,0,1,84,65,38,7,11,7,12,129,595,176,408
2021-580,Australian Open,Hard,128,G,20210208,146,201614,,,Caroline Garcia,R,177,FRA,27.3,201555,,,Polona Hercog,R,182,SLO,30.0,7-6(6) 6-3,3,R128,103,8,1,77,59,39,11,11,4,5,5,4,79,33,24,20,10,4,7,43,1520,51,1335
2021-580,Australian Open,Hard,128,G,20210208,147,211768,3,,Naomi Osaka,R,180,JPN,23.3,201499,,,Anastasia Pavlyuchenkova,R,177,RUS,29.6,6-1 6-2,3,R128,68,2,0,45,27,22,10,8,1,2,1,2,59,34,18,8,7,2,7,3,5965,39,1630
2021-580,Australian Open,Hard,128,G,20210208,148,214544,7,,Aryna Sabalenka,R,182,BLR,22.7,214149,,,Viktoria Hruncakova,R,,SVK,22.7,6-0 6-4,3,R128,63,2,3,43,21,16,12,8,2,4,2,2,55,37,17,6,8,4,10,7,4580,100,775
2021-580,Australian Open,Hard,128,G,20210208,149,214082,,,Daria Kasatkina,R,170,RUS,23.7,211107,,,Katie Boulter,R,180,GBR,24.5,6-1 6-4,3,R128,71,2,2,39,29,19,7,9,0,2,2,3,60,31,15,11,8,7,13,75,1010,315,186
2021-580,Australian Open,Hard,128,G,20210208,150,201427,,,Alize Cornet,R,173,FRA,31.0,202443,,Q,Valeria Savinykh,R,167,RUS,29.9,6-2 4-6 7-6(7),3,R128,166,1,4,108,65,39,21,15,7,13,0,2,111,84,48,11,15,4,11,54,1290,228,287
2021-580,Australian Open,Hard,128,G,20210208,151,215983,,,Ann Li,R,170,USA,20.6,201533,31,,Shuai Zhang,R,177,CHN,32.0,6-2 6-0,3,R128,47,2,3,40,22,15,10,7,3,5,0,1,38,23,7,2,7,3,10,69,1059,35,1693
2021-580,Australian Open,Hard,128,G,20210208,152,215713,,,Anastasia Potapova,R,175,RUS,19.8,201590,24,,Alison Riske Amritraj,R,173,USA,30.6,6-2 6-1,3,R128,51,3,2,48,25,18,10,8,0,2,2,5,39,26,13,1,7,2,8,101,771,26,2256
2021-580,Australian Open,Hard,128,G,20210208,153,201693,,Q,Timea Babos,R,179,HUN,27.7,204434,,LL,Ysaline Bonaventure,L,178,BEL,26.4,7-6(0) 6-4,3,R128,90,9,3,72,45,35,12,11,2,4,2,4,73,51,32,10,11,2,5,114,660,123,632
2021-580,Australian Open,Hard,128,G,20210208,154,211411,,,Nina Stojanovic,R,176,SRB,24.5,201593,,,Irina Camelia Begu,R,181,ROU,30.4,6-3 6-4,3,R128,103,1,5,72,46,29,14,10,8,10,3,6,67,42,26,8,9,3,7,99,779,74,1014
2021-580,Australian Open,Hard,128,G,20210208,155,200033,10,,Serena Williams,R,175,USA,39.3,201696,,,Laura Siegemund,R,168,GER,32.9,6-1 6-1,3,R128,56,4,1,34,20,16,9,7,0,1,0,3,43,31,8,6,7,3,9,11,4265,49,1356
2021-580,Australian Open,Hard,128,G,20210208,156,216347,15,,Iga Swiatek,R,176,POL,19.6,201551,,,Arantxa Rus,L,180,NED,30.1,6-1 6-3,3,R128,76,0,0,46,33,24,7,8,0,1,4,3,74,55,31,5,8,12,17,17,3014,77,971
2021-580,Australian Open,Hard,128,G,20210208,157,202429,,,Camila Giorgi,R,168,ITA,29.1,201468,,,Yaroslava Shvedova,R,180,KAZ,33.4,6-3 6-3,3,R128,74,3,4,59,23,16,22,9,0,1,7,1,46,25,16,7,9,1,5,79,970,1337,3
2021-580,Australian Open,Hard,128,G,20210208,158,211539,,,Fiona Ferro,R,170,FRA,23.9,211701,,,Katerina Siniakova,R,174,CZE,24.7,6-7(5) 6-2 6-4,3,R128,138,1,1,94,63,41,18,15,2,6,6,8,105,66,38,15,15,9,16,46,1497,62,1135
2021-580,Australian Open,Hard,128,G,20210208,159,214981,17,,Elena Rybakina,R,184,KAZ,21.6,201329,,,Vera Zvonareva,R,172,RUS,36.4,4-6 6-4 6-4,3,R128,124,4,4,101,64,47,11,15,5,9,0,2,79,49,33,12,15,3,8,21,2718,145,523
2021-580,Australian Open,Hard,128,G,20210208,160,206368,32,,Veronika Kudermetova,R,175,RUS,23.7,216146,,,Marta Kostyuk,R,175,UKR,18.6,6-2 7-6(5),3,R128,81,3,6,66,34,27,16,10,3,5,5,5,70,50,32,9,10,6,10,36,1680,78,971
2021-580,Australian Open,Hard,128,G,20210208,161,219875,,,Varvara Gracheva,R,,FRA,20.5,215020,,,Anna Blinkova,R,179,RUS,22.4,6-1 3-6 7-6(7),3,R128,165,1,2,88,62,40,16,14,3,7,3,11,144,80,49,28,14,20,25,97,816,63,1114
2021-580,Australian Open,Hard,128,G,20210208,162,201548,,,Ajla Tomljanovic,R,180,AUS,27.7,201595,,,Misaki Doi,L,159,JPN,29.7,6-2 6-1,3,R128,71,6,6,44,26,19,9,8,0,1,1,2,71,40,21,9,7,8,14,72,1035,87,896
2021-580,Australian Open,Hard,128,G,20210208,163,201594,2,,Simona Halep,R,168,ROU,29.3,211878,,WC,Lizette Cabrera,R,167,AUS,23.1,6-2 6-1,3,R128,59,1,0,48,33,23,9,8,5,6,0,0,50,37,12,7,7,2,8,2,7255,140,544
2021-580,Australian Open,Hard,128,G,20210208,164,202458,1,,Ashleigh Barty,R,166,AUS,24.7,201611,,WC,Daria Saville,R,166,AUS,26.9,6-1 7-6(7),3,R64,92,7,6,74,40,27,14,10,6,10,2,6,59,34,20,7,9,0,6,1,9186,387,126
2021-580,Australian Open,Hard,128,G,20210208,165,206420,29,,Ekaterina Alexandrova,R,175,RUS,26.2,206252,,,Barbora Krejcikova,R,178,CZE,25.1,6-3 7-6(4),3,R64,110,9,6,80,34,26,27,11,4,5,4,6,81,45,34,13,10,5,7,32,1900,59,1183
2021-580,Australian Open,Hard,128,G,20210208,166,204426,21,,Anett Kontaveit,R,174,EST,25.1,201586,,,Heather Watson,R,170,GBR,28.7,6-7(5) 6-4 6-2,3,R64,126,10,3,94,57,44,18,15,4,6,6,3,100,53,34,21,15,2,7,22,2575,60,1176
2021-580,Australian Open,Hard,128,G,20210208,167,201603,,,Shelby Rogers,R,175,USA,28.3,215337,,Q,Olga Danilovic,L,,SRB,20.0,6-2 6-3,3,R64,71,7,2,40,22,19,11,9,0,1,1,6,68,42,22,10,8,7,12,57,1221,183,384
2021-580,Australian Open,Hard,128,G,20210208,168,202505,11,,Belinda Bencic,R,175,SUI,23.9,201320,,,Svetlana Kuznetsova,R,174,RUS,35.6,7-5 2-6 6-4,3,R64,159,1,11,93,48,33,22,15,5,10,5,2,103,67,40,18,15,8,13,12,4010,37,1631
2021-580,Australian Open,Hard,128,G,20210208,169,210722,18,,Elise Mertens,R,179,BEL,25.2,202684,,,Lin Zhu,R,173,CHN,27.0,7-6(8) 6-1,3,R64,104,5,4,72,51,34,9,10,3,6,1,4,60,37,23,7,9,1,6,16,3060,94,830
2021-580,Australian Open,Hard,128,G,20210208,170,214096,25,,Karolina Muchova,R,178,CZE,24.4,201621,,,Mona Barthel,R,185,GER,30.5,6-4 6-1,3,R64,73,2,2,51,31,20,13,9,2,3,5,5,61,38,21,8,8,6,11,27,2135,212,313
2021-580,Australian Open,Hard,128,G,20210208,171,201662,6,,Karolina Pliskova,R,184,CZE,28.8,203389,,,Danielle Collins,R,178,USA,27.1,7-5 6-2,3,R64,85,7,3,53,36,26,8,10,2,5,4,3,64,38,21,9,10,6,12,6,5205,40,1574
2021-580,Australian Open,Hard,128,G,20210208,172,201466,,,Kaia Kanepi,R,181,EST,35.6,213550,4,,Sofia Kenin,R,170,USA,22.2,6-3 6-2,3,R64,64,10,2,58,35,28,14,9,7,7,1,3,51,35,21,7,8,4,7,65,1108,4,5760
2021-580,Australian Open,Hard,128,G,20210208,173,202499,28,,Donna Vekic,R,179,CRO,24.6,206408,,,Nadia Podoroska,R,170,ARG,23.9,6-2 6-2,3,R64,60,4,3,51,31,23,7,8,3,5,0,7,45,19,13,4,8,2,8,33,1880,45,1497
2021-580,Australian Open,Hard,128,G,20210208,174,206108,22,,Jennifer Brady,R,178,USA,25.8,201483,,,Madison Brengle,R,168,USA,30.8,6-1 6-2,3,R64,52,5,2,47,29,23,11,8,0,0,0,2,41,29,15,4,7,2,6,24,2475,85,906
2021-580,Australian Open,Hard,128,G,20210208,175,215219,,Q,Kaja Juvan,R,170,SLO,20.2,210886,,Q,Mayar Sherif,R,180,EGY,24.7,3-6 7-6(2) 6-3,3,R64,159,5,2,130,74,51,28,15,16,19,0,1,97,73,46,14,15,4,6,104,748,131,591
2021-580,Australian Open,Hard,128,G,20210208,176,202468,,,Jessica Pegula,R,170,USA,26.9,201325,,WC,Samantha Stosur,R,172,AUS,36.8,6-0 6-1,3,R64,50,4,0,37,25,19,8,7,0,0,1,4,42,26,12,3,6,2,8,61,1138,112,667
2021-580,Australian Open,Hard,128,G,20210208,177,201540,,,Kristina Mladenovic,R,184,FRA,27.7,211702,,,Nao Hibino,R,163,JPN,26.1,7-5 6-1,3,R64,81,2,2,45,26,22,12,10,0,1,0,4,69,47,22,13,9,4,9,52,1335,76,973
2021-580,Australian Open,Hard,128,G,20210208,178,201709,26,,Yulia Putintseva,R,163,KAZ,26.0,202421,,,Alison Van Uytvanck,R,173,BEL,26.8,6-4 1-6 6-2,3,R64,115,1,2,70,47,32,13,13,2,4,1,3,82,52,32,18,12,5,8,28,2015,67,1095
2021-580,Australian Open,Hard,128,G,20210208,179,202494,5,,Elina Svitolina,R,174,UKR,26.4,221103,,,Coco Gauff,R,175,USA,16.9,6-4 6-3,3,R64,77,4,1,68,43,34,11,10,4,4,5,1,53,41,26,7,9,1,3,5,5260,48,1423
2021-580,Australian Open,Hard,128,G,20210208,180,201444,,,Su Wei Hsieh,R,169,TPE,35.0,215370,8,,Bianca Andreescu,R,170,CAN,20.6,6-3 6-2,3,R64,83,3,2,51,34,20,10,9,2,4,3,5,57,34,21,6,8,3,9,71,1035,9,4555
2021-580,Australian Open,Hard,128,G,20210208,181,201506,,Q,Sara Errani,R,164,ITA,33.7,200748,,,Venus Williams,R,185,USA,40.6,6-1 6-0,3,R64,75,0,3,39,32,24,3,7,5,5,2,4,54,34,15,7,6,7,13,134,584,81,958
2021-580,Australian Open,Hard,128,G,20210208,182,214954,19,,Marketa Vondrousova,L,173,CZE,21.6,201606,,Q,Rebecca Marino,R,183,CAN,30.1,6-1 7-5,3,R64,80,1,6,68,30,19,22,10,9,11,3,3,65,34,22,10,9,4,10,20,2722,317,185
2021-580,Australian Open,Hard,128,G,20210208,183,201514,,,Sorana Cirstea,R,176,ROU,30.8,201520,9,,Petra Kvitova,L,183,CZE,30.9,6-4 1-6 6-1,3,R64,123,2,7,89,51,28,19,12,8,13,1,7,84,50,27,16,12,10,16,68,1079,8,4571
2021-580,Australian Open,Hard,128,G,20210208,184,202469,14,,Garbine Muguruza,R,182,ESP,27.3,214643,,Q,Liudmila Samsonova,R,180,RUS,22.2,6-3 6-1,3,R64,64,1,1,47,34,27,8,8,0,0,7,3,57,39,23,6,8,3,7,14,3320,130,593
2021-580,Australian Open,Hard,128,G,20210208,185,201610,,,Zarina Diyas,R,172,KAZ,27.3,211095,,,Bernarda Pera,L,175,USA,26.1,6-4 3-6 6-3,3,R64,124,3,5,87,60,45,10,14,3,5,4,5,102,61,34,26,14,11,14,83,928,66,1105
2021-580,Australian Open,Hard,128,G,20210208,186,202460,27,,Ons Jabeur,R,167,TUN,26.4,203533,,LL,Anna Karolina Schmiedlova,R,176,SVK,26.4,6-3 6-2,3,R64,67,6,1,46,31,26,9,9,2,2,0,3,66,40,24,10,8,1,5,30,1915,129,595
2021-580,Australian Open,Hard,128,G,20210208,187,211768,3,,Naomi Osaka,R,180,JPN,23.3,201614,,,Caroline Garcia,R,177,FRA,27.3,6-2 6-3,3,R64,61,10,2,48,28,24,14,9,0,0,6,1,52,35,20,9,8,4,7,3,5965,43,1520
2021-580,Australian Open,Hard,128,G,20210208,188,214544,7,,Aryna Sabalenka,R,182,BLR,22.7,214082,,,Daria Kasatkina,R,170,RUS,23.7,7-6(5) 6-3,3,R64,89,7,6,65,37,24,13,11,1,4,1,4,65,41,24,11,10,2,7,7,4580,75,1010
2021-580,Australian Open,Hard,128,G,20210208,189,215983,,,Ann Li,R,170,USA,20.6,201427,,,Alize Cornet,R,173,FRA,31.0,6-2 7-6(6),3,R64,98,0,3,79,48,31,16,10,5,8,1,5,76,57,31,8,10,4,9,69,1059,54,1290
2021-580,Australian Open,Hard,128,G,20210208,190,215713,,,Anastasia Potapova,R,175,RUS,19.8,201693,,Q,Timea Babos,R,179,HUN,27.7,6-2 6-4,3,R64,77,2,5,52,27,21,15,9,1,2,4,3,60,33,18,12,9,2,6,101,771,114,660
2021-580,Australian Open,Hard,128,G,20210208,191,200033,10,,Serena Williams,R,175,USA,39.3,211411,,,Nina Stojanovic,R,176,SRB,24.5,6-3 6-0,3,R64,69,6,1,49,28,24,11,8,3,3,1,4,50,26,17,7,7,5,9,11,4265,99,779
2021-580,Australian Open,Hard,128,G,20210208,192,216347,15,,Iga Swiatek,R,176,POL,19.6,202429,,,Camila Giorgi,R,168,ITA,29.1,6-2 6-4,3,R64,80,4,0,61,39,30,10,9,5,6,0,4,50,27,16,12,9,2,6,17,3014,79,970
2021-580,Australian Open,Hard,128,G,20210208,193,211539,,,Fiona Ferro,R,170,FRA,23.9,214981,17,,Elena Rybakina,R,184,KAZ,21.6,6-4 6-4,3,R64,94,3,1,81,53,33,16,10,2,3,2,5,59,35,24,13,10,2,5,46,1497,21,2718
2021-580,Australian Open,Hard,128,G,20210208,194,206368,32,,Veronika Kudermetova,R,175,RUS,23.7,219875,,,Varvara Gracheva,R,,FRA,20.5,5-7 6-2 6-2,3,R64,126,7,3,105,57,45,21,14,9,11,2,3,76,45,27,18,14,1,6,36,1680,97,816
2021-580,Australian Open,Hard,128,G,20210208,195,201594,2,,Simona Halep,R,168,ROU,29.3,201548,,,Ajla Tomljanovic,R,180,AUS,27.7,4-6 6-4 7-5,3,R64,154,5,5,121,80,51,12,16,10,17,6,9,103,68,36,15,16,6,14,2,7255,72,1035
2021-580,Australian Open,Hard,128,G,20210208,196,202458,1,,Ashleigh Barty,R,166,AUS,24.7,206420,29,,Ekaterina Alexandrova,R,175,RUS,26.2,6-2 6-4,3,R32,80,4,3,51,29,22,11,9,1,3,4,1,70,43,24,11,9,12,17,1,9186,32,1900
2021-580,Australian Open,Hard,128,G,20210208,197,201603,,,Shelby Rogers,R,175,USA,28.3,204426,21,,Anett Kontaveit,R,174,EST,25.1,6-4 6-3,3,R32,83,1,3,58,30,21,18,10,0,1,1,3,67,35,20,17,9,6,10,57,1221,22,2575
2021-580,Australian Open,Hard,128,G,20210208,198,210722,18,,Elise Mertens,R,179,BEL,25.2,202505,11,,Belinda Bencic,R,175,SUI,23.9,6-2 6-1,3,R32,62,7,0,35,24,20,9,8,0,0,2,4,49,23,12,11,7,2,7,16,3060,12,4010
2021-580,Australian Open,Hard,128,G,20210208,199,214096,25,,Karolina Muchova,R,178,CZE,24.4,201662,6,,Karolina Pliskova,R,184,CZE,28.8,7-5 7-5,3,R32,114,3,1,80,53,27,18,12,8,12,6,10,91,53,29,16,12,5,11,27,2135,6,5205
2021-580,Australian Open,Hard,128,G,20210208,200,202499,28,,Donna Vekic,R,179,CRO,24.6,201466,,,Kaia Kanepi,R,181,EST,35.6,5-7 7-6(2) 6-4,3,R32,156,4,4,107,64,43,23,17,3,7,7,3,123,69,45,29,17,13,17,33,1880,65,1108
2021-580,Australian Open,Hard,128,G,20210208,201,206108,22,,Jennifer Brady,R,178,USA,25.8,215219,,Q,Kaja Juvan,R,170,SLO,20.2,6-1 6-3,3,R32,88,1,1,70,33,23,19,8,7,8,0,3,51,27,13,10,8,5,10,24,2475,104,748
2021-580,Australian Open,Hard,128,G,20210208,202,202468,,,Jessica Pegula,R,170,USA,26.9,201540,,,Kristina Mladenovic,R,184,FRA,27.7,6-2 6-1,3,R32,68,2,1,47,25,16,15,8,3,4,1,3,45,22,9,8,7,2,8,61,1138,52,1335
2021-580,Australian Open,Hard,128,G,20210208,203,202494,5,,Elina Svitolina,R,174,UKR,26.4,201709,26,,Yulia Putintseva,R,163,KAZ,26.0,6-4 6-0,3,R32,83,1,2,56,32,17,17,8,2,4,0,5,57,39,20,4,8,8,14,5,5260,28,2015
2021-580,Australian Open,Hard,128,G,20210208,204,201444,,,Su Wei Hsieh,R,169,TPE,35.0,201506,,Q,Sara Errani,R,164,ITA,33.7,6-4 2-6 7-5,3,R32,164,2,3,117,87,42,12,15,10,19,0,4,115,94,47,6,15,10,19,71,1035,134,584
2021-580,Australian Open,Hard,128,G,20210208,205,214954,19,,Marketa Vondrousova,L,173,CZE,21.6,201514,,,Sorana Cirstea,R,176,ROU,30.8,6-2 6-4,3,R32,85,1,5,59,40,30,8,9,2,3,0,1,67,48,26,9,9,5,9,20,2722,68,1079
2021-580,Australian Open,Hard,128,G,20210208,206,202469,14,,Garbine Muguruza,R,182,ESP,27.3,201610,,,Zarina Diyas,R,172,KAZ,27.3,6-1 6-1,3,R32,56,3,0,49,31,22,11,7,5,5,0,1,37,23,8,6,7,3,8,14,3320,83,928
2021-580,Australian Open,Hard,128,G,20210208,207,211768,3,,Naomi Osaka,R,180,JPN,23.3,202460,27,,Ons Jabeur,R,167,TUN,26.4,6-3 6-2,3,R32,78,8,5,81,35,26,22,9,6,7,5,3,54,26,20,8,8,3,7,3,5965,30,1915
2021-580,Australian Open,Hard,128,G,20210208,208,214544,7,,Aryna Sabalenka,R,182,BLR,22.7,215983,,,Ann Li,R,170,USA,20.6,6-3 6-1,3,R32,60,7,4,54,36,28,10,8,4,4,1,0,57,37,21,7,8,6,10,7,4580,69,1059
2021-580,Australian Open,Hard,128,G,20210208,209,200033,10,,Serena Williams,R,175,USA,39.3,215713,,,Anastasia Potapova,R,175,RUS,19.8,7-6(5) 6-2,3,R32,97,9,4,75,47,36,9,10,9,12,2,8,66,30,14,19,10,3,8,11,4265,101,771
2021-580,Australian Open,Hard,128,G,20210208,210,216347,15,,Iga Swiatek,R,176,POL,19.6,211539,,,Fiona Ferro,R,170,FRA,23.9,6-4 6-3,3,R32,84,1,2,52,33,22,7,10,1,4,0,5,65,38,20,9,9,11,17,17,3014,46,1497
2021-580,Australian Open,Hard,128,G,20210208,211,201594,2,,Simona Halep,R,168,ROU,29.3,206368,32,,Veronika Kudermetova,R,175,RUS,23.7,6-1 6-3,3,R32,78,4,3,55,40,24,7,8,2,4,1,2,67,28,15,13,8,7,13,2,7255,36,1680
2021-580,Australian Open,Hard,128,G,20210208,212,202458,1,,Ashleigh Barty,R,166,AUS,24.7,201603,,,Shelby Rogers,R,175,USA,28.3,6-3 6-4,3,R16,71,5,3,60,41,31,11,10,2,3,5,1,54,36,22,11,9,3,6,1,9186,57,1221
2021-580,Australian Open,Hard,128,G,20210208,213,214096,25,,Karolina Muchova,R,178,CZE,24.4,210722,18,,Elise Mertens,R,179,BEL,25.2,7-6(5) 7-5,3,R16,116,4,1,71,52,35,8,12,2,6,2,2,75,51,33,7,12,1,6,27,2135,16,3060
2021-580,Australian Open,Hard,128,G,20210208,214,206108,22,,Jennifer Brady,R,178,USA,25.8,202499,28,,Donna Vekic,R,179,CRO,24.6,6-1 7-5,3,R16,94,9,3,63,34,29,14,10,3,4,4,7,64,31,20,12,9,2,6,24,2475,33,1880
2021-580,Australian Open,Hard,128,G,20210208,215,202468,,,Jessica Pegula,R,170,USA,26.9,202494,5,,Elina Svitolina,R,174,UKR,26.4,6-4 3-6 6-3,3,R16,115,4,2,82,57,38,14,14,4,7,4,3,96,59,41,16,14,10,14,61,1138,5,5260
2021-580,Australian Open,Hard,128,G,20210208,216,201444,,,Su Wei Hsieh,R,169,TPE,35.0,214954,19,,Marketa Vondrousova,L,173,CZE,21.6,6-4 6-2,3,R16,68,0,2,52,35,28,9,9,2,3,3,5,62,43,26,7,9,4,8,71,1035,20,2722
2021-580,Australian Open,Hard,128,G,20210208,217,211768,3,,Naomi Osaka,R,180,JPN,23.3,202469,14,,Garbine Muguruza,R,182,ESP,27.3,4-6 6-4 7-5,3,R16,115,11,4,87,53,37,18,16,4,8,8,2,96,76,52,6,16,9,14,3,5965,14,3320
2021-580,Australian Open,Hard,128,G,20210208,218,200033,10,,Serena Williams,R,175,USA,39.3,214544,7,,Aryna Sabalenka,R,182,BLR,22.7,6-4 2-6 6-4,3,R16,129,9,8,99,51,40,19,14,7,11,4,4,89,53,36,18,14,5,9,11,4265,7,4580
2021-580,Australian Open,Hard,128,G,20210208,219,201594,2,,Simona Halep,R,168,ROU,29.3,216347,15,,Iga Swiatek,R,176,POL,19.6,3-6 6-1 6-4,3,R16,110,3,1,69,43,33,14,13,1,3,2,1,90,59,35,17,13,6,10,2,7255,17,3014
2021-580,Australian Open,Hard,128,G,20210208,220,214096,25,,Karolina Muchova,R,178,CZE,24.4,202458,1,,Ashleigh Barty,R,166,AUS,24.7,1-6 6-3 6-2,3,QF,117,2,3,81,46,28,22,12,10,13,3,3,74,40,27,17,12,7,11,27,2135,1,9186
2021-580,Australian Open,Hard,128,G,20210208,221,206108,22,,Jennifer Brady,R,178,USA,25.8,202468,,,Jessica Pegula,R,170,USA,26.9,4-6 6-2 6-1,3,QF,100,7,5,77,38,31,15,13,6,10,0,3,66,36,20,12,12,3,10,24,2475,61,1138
2021-580,Australian Open,Hard,128,G,20210208,222,211768,3,,Naomi Osaka,R,180,JPN,23.3,201444,,,Su Wei Hsieh,R,169,TPE,35.0,6-2 6-2,3,QF,66,7,1,52,25,23,15,8,3,3,0,3,57,39,23,7,8,8,12,3,5965,71,1035
2021-580,Australian Open,Hard,128,G,20210208,223,200033,10,,Serena Williams,R,175,USA,39.3,201594,2,,Simona Halep,R,168,ROU,29.3,6-3 6-3,3,QF,81,4,1,47,26,20,8,9,1,4,0,2,71,48,25,9,9,7,13,11,4265,2,7255
2021-580,Australian Open,Hard,128,G,20210208,224,206108,22,,Jennifer Brady,R,178,USA,25.8,214096,25,,Karolina Muchova,R,178,CZE,24.4,6-4 3-6 6-4,3,SF,115,8,2,96,48,33,28,15,4,7,1,2,67,45,33,15,14,0,3,24,2475,27,2135
2021-580,Australian Open,Hard,128,G,20210208,225,211768,3,,Naomi Osaka,R,180,JPN,23.3,200033,10,,Serena Williams,R,175,USA,39.3,6-3 6-4,3,SF,75,6,8,60,27,23,16,10,5,7,3,1,50,23,15,12,9,0,4,3,5965,11,4265
2021-580,Australian Open,Hard,128,G,20210208,226,211768,3,,Naomi Osaka,R,180,JPN,23.3,206108,22,,Jennifer Brady,R,178,USA,25.8,6-4 6-3,3,F,77,6,2,63,30,22,18,10,2,4,2,4,60,29,18,13,9,1,5,3,5965,24,2475
2022-580,Australian Open,Hard,128,G,20220117,100,202458,1,,Ashleigh Barty,R,166,AUS,25.7,201615,Q,,Lesia Tsurenko,R,174,UKR,32.6,6-0 6-1,3,R128,54,5,0,45,26,19,12,7,2,2,0,1,38,22,8,6,6,3,8,1,7111,119,634
2022-580,Australian Open,Hard,128,G,20220117,101,214459,Q,,Lucia Bronzetti,R,,ITA,23.1,219875,,,Varvara Gracheva,R,,FRA,21.4,3-6 6-2 6-3,3,R128,109,4,2,71,38,24,20,13,2,5,0,6,78,54,32,11,13,4,9,142,511,78,907
2022-580,Australian Open,Hard,128,G,20220117,102,206124,,,Tereza Martincova,R,178,CZE,27.2,201616,,,Lauren Davis,R,157,USA,28.2,7-5 6-2,3,R128,101,6,0,76,57,36,7,10,7,10,3,1,71,42,22,13,10,5,11,47,1226,90,852
2022-580,Australian Open,Hard,128,G,20220117,103,202429,30,,Camila Giorgi,R,168,ITA,30.0,215713,,,Anastasia Potapova,R,175,RUS,20.8,6-4 6-0,3,R128,72,2,3,56,26,21,16,8,4,4,1,5,50,26,13,11,8,0,4,33,1692,68,1015
2022-580,Australian Open,Hard,128,G,20220117,104,202505,22,,Belinda Bencic,R,175,SUI,24.8,201540,,,Kristina Mladenovic,R,184,FRA,28.6,6-4 6-3,3,R128,89,4,2,60,37,25,14,10,2,4,2,2,58,39,23,6,9,2,6,22,2415,88,860
2022-580,Australian Open,Hard,128,G,20220117,105,216153,,,Amanda Anisimova,R,180,USA,20.3,215996,Q,,Arianne Hartono,R,,NED,25.7,2-6 6-4 6-3,3,R128,104,0,3,81,53,34,11,14,3,9,1,5,105,69,39,15,13,13,19,60,1060,189,363
2022-580,Australian Open,Hard,128,G,20220117,106,201483,,,Madison Brengle,R,168,USA,31.7,215035,,,Dayana Yastremska,R,175,UKR,21.6,6-1 0-6 5-0 RET,3,R128,88,0,2,61,41,23,10,9,4,8,1,3,63,34,16,14,9,7,13,54,1132,144,502
2022-580,Australian Open,Hard,128,G,20220117,107,211768,13,,Naomi Osaka,R,180,JPN,24.2,215785,,,Camila Osorio,R,162,COL,20.0,6-3 6-3,3,R128,68,4,3,57,29,24,14,9,4,5,1,4,54,33,20,10,9,2,6,14,2696,50,1167
2022-580,Australian Open,Hard,128,G,20220117,108,203463,,,Nuria Parrizas Diaz,R,167,ESP,30.5,210705,LL,,Irina Bara,R,,ROU,26.8,6-3 6-1,3,R128,69,0,0,55,43,26,8,8,2,4,0,3,44,27,9,6,8,0,6,63,1043,134,573
2022-580,Australian Open,Hard,128,G,20220117,109,202628,,,Maryna Zanevska,R,175,BEL,28.3,215219,,,Kaja Juvan,R,170,SLO,21.1,7-6(7) 7-6(4),3,R128,126,1,6,82,45,33,12,12,0,5,2,1,81,37,23,19,12,2,7,80,892,89,858
2022-580,Australian Open,Hard,128,G,20220117,110,211095,,,Bernarda Pera,L,175,USA,27.1,206420,,,Ekaterina Alexandrova,R,175,RUS,27.1,7-5 6-3,3,R128,90,3,5,73,42,30,15,11,3,5,4,4,71,45,26,11,10,7,12,105,728,45,1356
2022-580,Australian Open,Hard,128,G,20220117,111,202468,21,,Jessica Pegula,R,170,USA,27.8,211843,,,Anhelina Kalinina,R,179,UKR,24.9,4-6 7-6(1) 7-5,3,R128,172,5,3,116,66,41,30,17,10,14,2,6,118,87,54,16,17,13,17,21,2474,49,1188
2022-580,Australian Open,Hard,128,G,20220117,112,206368,28,,Veronika Kudermetova,R,175,RUS,24.7,214906,,,Claire Liu,R,170,USA,21.6,6-4 6-4,3,R128,82,2,6,58,30,21,14,10,1,4,11,3,62,38,23,10,10,2,7,32,1695,93,838
2022-580,Australian Open,Hard,128,G,20220117,113,211817,,,Elena Gabriela Ruse,R,,ROU,24.1,211148,,,Jasmine Paolini,R,160,ITA,26.0,6-1 6-3,3,R128,69,4,4,50,24,17,11,8,4,7,0,1,47,27,9,8,8,1,8,72,951,52,1153
2022-580,Australian Open,Hard,128,G,20220117,114,221012,Q,,Qinwen Zheng,R,,CHN,19.2,205925,,,Aliaksandra Sasnovich,R,174,BLR,27.8,6-3 1-6 7-6(5),3,R128,147,6,10,95,41,29,25,14,3,8,3,4,102,67,37,20,14,9,13,108,719,76,923
2022-580,Australian Open,Hard,128,G,20220117,115,206289,5,,Maria Sakkari,R,172,GRE,26.4,213583,,,Tatjana Maria,R,172,GER,34.4,6-4 7-6(2),3,R128,105,4,2,73,44,32,17,11,3,4,4,5,76,40,27,18,11,4,6,8,4071,287,234
2022-580,Australian Open,Hard,128,G,20220117,116,206252,4,,Barbora Krejcikova,R,178,CZE,26.0,201492,,,Andrea Petkovic,R,180,GER,34.3,6-2 6-0,3,R128,67,2,1,42,26,20,9,7,3,4,0,5,51,29,14,6,7,2,8,4,5213,73,949
2022-580,Australian Open,Hard,128,G,20220117,117,216016,WC,,Xiyu Wang,L,,CHN,20.8,214149,Q,,Viktoria Hruncakova,R,,SVK,23.6,7-5 6-3,3,R128,80,1,6,53,34,27,9,11,2,4,0,3,68,46,25,9,10,3,8,139,547,160,429
2022-580,Australian Open,Hard,128,G,20220117,118,201590,,,Alison Riske Amritraj,R,173,USA,31.5,202499,,,Donna Vekic,R,179,CRO,25.5,6-2 6-2,3,R128,71,6,0,39,25,21,11,8,0,0,3,7,63,28,18,14,8,7,11,46,1271,79,896
2022-580,Australian Open,Hard,128,G,20220117,119,211533,26,,Jelena Ostapenko,R,177,LAT,24.6,203533,,,Anna Karolina Schmiedlova,R,176,SVK,27.3,6-7(7) 6-4 6-1,3,R128,135,5,7,113,67,46,22,15,10,13,1,6,96,51,27,23,14,5,11,27,2035,87,862
2022-580,Australian Open,Hard,128,G,20220117,120,201458,24,,Victoria Azarenka,R,180,BLR,32.4,215910,,,Panna Udvardy,R,170,HUN,23.3,6-3 6-1,3,R128,65,3,5,53,35,28,7,8,4,5,0,1,41,23,11,5,8,1,6,25,2166,95,811
2022-580,Australian Open,Hard,128,G,20220117,121,213525,,,Jil Teichmann,L,170,SUI,24.5,201549,,,Petra Martic,R,181,CRO,30.9,6-3 6-3,3,R128,74,2,3,57,37,29,10,9,3,4,2,2,58,32,19,11,9,0,4,34,1620,57,1097
2022-580,Australian Open,Hard,128,G,20220117,122,211552,,,Harmony Tan,R,,FRA,24.3,201709,,,Yulia Putintseva,R,163,KAZ,27.0,6-3 6-3,3,R128,78,3,3,55,34,25,9,9,0,2,2,0,51,35,15,9,9,1,6,107,721,42,1400
2022-580,Australian Open,Hard,128,G,20220117,123,202494,15,,Elina Svitolina,R,174,UKR,27.3,211539,,,Fiona Ferro,R,170,FRA,24.8,6-1 7-6(4),3,R128,92,4,1,65,46,30,12,10,2,3,0,2,82,50,27,15,9,4,8,17,2641,101,758
2022-580,Australian Open,Hard,128,G,20220117,124,201619,,,Madison Keys,R,178,USA,26.9,213550,11,,Sofia Kenin,R,170,USA,23.1,7-6(2) 7-5,3,R128,91,15,1,74,50,42,12,12,2,3,0,2,75,55,36,11,12,2,4,51,1153,13,2762
2022-580,Australian Open,Hard,128,G,20220117,125,211713,,,Jaqueline Cristian,R,180,ROU,23.6,213889,,,Greet Minnen,R,,BEL,24.4,7-5 6-4,3,R128,102,4,2,85,50,30,17,11,9,13,2,5,63,36,22,8,11,3,9,69,991,84,867
2022-580,Australian Open,Hard,128,G,20220117,126,202421,,,Alison Van Uytvanck,R,173,BEL,27.8,213710,Q,,Cristina Bucsa,R,,ESP,24.0,6-3 6-4,3,R128,83,0,1,56,29,21,19,10,5,6,1,1,70,47,28,10,9,5,8,55,1125,154,444
2022-580,Australian Open,Hard,128,G,20220117,127,202492,,,Qiang Wang,R,172,CHN,30.0,221103,18,,Coco Gauff,R,175,USA,17.8,6-4 6-2,3,R128,73,3,2,54,29,19,18,9,3,4,1,3,57,35,20,10,9,3,7,110,714,16,2655
2022-580,Australian Open,Hard,128,G,20220117,128,204427,32,,Sara Sorribes Tormo,R,176,ESP,25.2,201465,,,Kirsten Flipkens,R,165,BEL,36.0,6-4 6-1,3,R128,90,1,2,56,49,31,3,9,3,5,0,0,69,52,27,3,8,8,14,35,1588,326,192
2022-580,Australian Open,Hard,128,G,20220117,129,216146,,,Marta Kostyuk,R,175,UKR,19.5,220348,WC,,Diane Parry,R,170,FRA,19.3,6-1 7-6(2),3,R128,96,3,5,73,46,35,12,10,4,5,2,2,79,48,31,11,9,6,10,66,1030,114,682
2022-580,Australian Open,Hard,128,G,20220117,130,203354,Q,,Martina Trevisan,L,160,ITA,28.2,211702,LL,,Nao Hibino,R,163,JPN,27.1,6-2 6-3,3,R128,71,1,1,55,36,25,12,9,2,2,1,2,58,45,24,6,8,3,7,111,713,125,598
2022-580,Australian Open,Hard,128,G,20220117,131,211651,8,,Paula Badosa,R,180,ESP,24.1,201548,,,Ajla Tomljanovic,R,180,AUS,28.6,6-4 6-0,3,R128,82,7,5,51,35,25,4,8,2,5,1,3,61,47,20,4,8,4,11,6,4264,43,1395
2022-580,Australian Open,Hard,128,G,20220117,132,204426,6,,Anett Kontaveit,R,174,EST,26.0,211701,,,Katerina Siniakova,R,174,CZE,25.6,6-2 6-3,3,R128,81,3,4,70,41,32,11,9,9,11,2,4,63,45,22,7,8,9,14,7,4231,48,1220
2022-580,Australian Open,Hard,128,G,20220117,133,220704,,,Clara Tauson,R,182,DEN,19.0,206292,,,Astra Sharma,R,178,AUS,26.3,6-3 6-4,3,R128,80,1,0,57,33,24,15,10,3,4,1,2,62,43,24,9,9,3,6,39,1459,97,806
2022-580,Australian Open,Hard,128,G,20220117,134,211951,,,Ana Konjuh,R,174,CRO,24.0,201603,,,Shelby Rogers,R,175,USA,29.2,4-6 6-3 7-5,3,R128,138,7,7,106,69,45,18,16,4,8,3,4,97,61,37,17,15,4,9,58,1063,36,1583
2022-580,Australian Open,Hard,128,G,20220117,135,203389,27,,Danielle Collins,R,178,USA,28.0,214452,Q,,Caroline Dolehide,R,178,USA,23.3,6-1 6-3,3,R128,66,3,0,51,32,23,12,8,5,6,1,3,53,33,19,5,8,4,9,30,1911,200,342
2022-580,Australian Open,Hard,128,G,20220117,136,210722,19,,Elise Mertens,R,179,BEL,26.1,201329,,,Vera Zvonareva,R,172,RUS,37.3,6-4 7-5,3,R128,112,11,5,73,43,29,16,11,2,4,1,3,75,61,33,7,11,2,6,26,2091,91,846
2022-580,Australian Open,Hard,128,G,20220117,137,201593,,,Irina Camelia Begu,R,181,ROU,31.3,206219,,,Oceane Dodin,R,,FRA,25.2,2-6 7-5 6-3,3,R128,157,13,7,105,59,37,19,15,8,15,5,6,114,56,33,23,14,10,17,64,1033,85,866
2022-580,Australian Open,Hard,128,G,20220117,138,201533,,,Shuai Zhang,R,177,CHN,32.9,203530,,,Viktorija Golubic,R,169,SUI,29.2,6-3 6-4,3,R128,77,6,1,64,39,27,16,10,2,3,1,0,53,40,26,6,9,3,6,74,946,40,1452
2022-580,Australian Open,Hard,128,G,20220117,139,214981,12,,Elena Rybakina,R,184,KAZ,22.5,201610,,,Zarina Diyas,R,172,KAZ,28.2,6-7(3) 7-6(3) 6-1,3,R128,155,9,5,116,70,51,26,16,8,10,0,1,104,73,41,21,15,8,12,12,2765,104,732
2022-580,Australian Open,Hard,128,G,20220117,140,201594,14,,Simona Halep,R,168,ROU,30.3,211684,,,Magdalena Frech,R,171,POL,24.0,6-4 6-3,3,R128,89,4,1,50,31,19,9,10,1,5,0,3,72,43,20,10,9,5,12,15,2657,102,744
2022-580,Australian Open,Hard,128,G,20220117,141,206242,,,Beatriz Haddad Maia,L,185,BRA,25.6,220465,Q,,Katie Volynets,R,,USA,20.0,3-6 6-2 6-3,3,R128,130,1,3,93,65,37,13,13,9,14,0,3,78,55,27,10,13,2,9,83,868,176,390
2022-580,Australian Open,Hard,128,G,20220117,142,203575,,,Danka Kovinic,R,169,MNE,27.1,204294,Q,,Su Jeong Jang,R,,KOR,26.8,6-3 2-6 6-4,3,R128,189,0,4,111,59,38,25,14,9,13,1,3,113,86,50,12,13,11,15,98,799,210,333
2022-580,Australian Open,Hard,128,G,20220117,143,221054,17,,Emma Raducanu,R,175,GBR,19.1,201585,,,Sloane Stephens,R,170,USA,28.8,6-0 2-6 6-1,3,R128,105,0,6,82,56,37,12,11,5,8,0,1,56,38,18,8,10,2,8,18,2595,67,1023
2022-580,Australian Open,Hard,128,G,20220117,144,214461,29,,Tamara Zidansek,R,168,SLO,24.0,201551,,,Arantxa Rus,L,180,NED,31.0,3-6 6-3 7-6(8),3,R128,146,0,4,117,77,47,22,15,9,13,1,3,101,77,42,16,15,4,8,29,1931,65,1031
2022-580,Australian Open,Hard,128,G,20220117,145,201586,,,Heather Watson,R,170,GBR,29.6,210886,,,Mayar Sherif,R,180,EGY,25.7,6-3 5-7 6-2,3,R128,135,4,2,78,45,33,20,15,1,4,5,2,100,66,43,12,14,6,12,94,819,62,1049
2022-580,Australian Open,Hard,128,G,20220117,146,201427,,,Alize Cornet,R,173,FRA,31.9,202600,Q,,Viktoriya Tomova,R,170,BUL,26.8,6-3 6-3,3,R128,92,0,1,57,27,15,19,9,1,4,0,3,58,42,18,7,9,7,13,61,1050,118,639
2022-580,Australian Open,Hard,128,G,20220117,147,202469,3,,Garbine Muguruza,R,182,ESP,28.2,216262,,,Clara Burel,R,176,FRA,20.8,6-3 6-4,3,R128,88,1,3,56,38,27,9,10,4,6,1,12,70,29,20,12,9,7,12,3,5425,77,914
2022-580,Australian Open,Hard,128,G,20220117,148,216347,7,,Iga Swiatek,R,176,POL,20.6,211279,Q,,Harriet Dart,R,175,GBR,25.4,6-3 6-0,3,R128,72,0,0,44,25,19,13,8,5,6,0,3,56,27,11,14,7,2,7,9,3916,123,619
2022-580,Australian Open,Hard,128,G,20220117,149,202490,,,Rebecca Peterson,R,173,SWE,26.4,201611,WC,,Daria Saville,R,166,AUS,27.8,6-2 6-3,3,R128,81,1,2,60,38,28,10,9,4,6,2,5,49,35,20,2,8,2,7,82,871,426,122
2022-580,Australian Open,Hard,128,G,20220117,150,202663,,,Magda Linette,R,171,POL,29.9,201545,,,Anastasija Sevastova,R,169,LAT,31.7,6-4 7-5,3,R128,98,2,0,63,40,22,10,11,2,7,0,5,88,56,27,13,11,5,12,53,1142,71,956
2022-580,Australian Open,Hard,128,G,20220117,151,214082,25,,Daria Kasatkina,R,170,RUS,24.6,201527,Q,,Stefanie Voegele,R,170,SUI,31.8,6-3 6-1,3,R128,67,5,5,58,36,28,8,8,2,4,2,0,52,31,16,5,8,5,11,23,2360,145,497
2022-580,Australian Open,Hard,128,G,20220117,152,201514,,,Sorana Cirstea,R,176,ROU,31.7,201520,20,,Petra Kvitova,L,183,CZE,31.8,6-2 6-2,3,R128,71,2,1,52,30,22,14,8,2,2,1,6,49,27,16,9,8,3,7,38,1502,19,2530
2022-580,Australian Open,Hard,128,G,20220117,153,201568,,,Kristina Kucova,R,163,SVK,31.6,201595,,,Misaki Doi,L,159,JPN,30.7,6-3 7-5,3,R128,88,1,0,54,45,31,3,11,0,2,4,2,68,51,33,4,10,8,13,96,807,75,926
2022-580,Australian Open,Hard,128,G,20220117,154,201325,WC,,Samantha Stosur,R,172,AUS,37.8,203513,WC,,Robin Anderson,R,160,USA,28.7,6-7(5) 6-3 6-3,3,R128,150,12,4,107,67,51,17,15,7,9,7,5,102,59,38,22,15,7,12,487,97,169,412
2022-580,Australian Open,Hard,128,G,20220117,155,201499,10,,Anastasia Pavlyuchenkova,R,177,RUS,30.5,214388,,,Anna Bondar,R,,HUN,24.6,6-2 6-1,3,R128,64,0,0,49,44,32,4,8,1,1,2,1,43,23,15,6,7,5,9,11,2968,92,844
2022-580,Australian Open,Hard,128,G,20220117,156,201466,,,Kaia Kanepi,R,181,EST,36.6,201493,16,,Angelique Kerber,L,173,GER,33.9,6-4 6-3,3,R128,80,4,1,71,41,25,18,10,2,4,0,3,61,43,26,5,9,5,9,115,673,20,2517
2022-580,Australian Open,Hard,128,G,20220117,157,213631,,,Marie Bouzkova,R,180,CZE,23.4,201606,Q,,Rebecca Marino,R,183,CAN,31.0,6-1 6-3,3,R128,75,0,1,44,28,22,12,8,2,2,2,2,62,35,20,11,8,9,13,86,863,143,504
2022-580,Australian Open,Hard,128,G,20220117,158,221024,Q,,Hailey Baptiste,R,,USA,20.2,201614,,,Caroline Garcia,R,177,FRA,28.2,4-6 7-6(4) 6-3,3,R128,128,8,8,109,57,42,19,16,5,9,8,5,86,47,35,22,15,1,6,165,420,70,990
2022-580,Australian Open,Hard,128,G,20220117,159,213666,WC,,Maddison Inglis,R,171,AUS,24.0,220367,23,,Leylah Fernandez,L,168,CAN,19.3,6-4 6-2,3,R128,83,2,4,64,48,35,8,9,3,3,2,6,60,36,24,9,9,2,5,133,573,24,2279
2022-580,Australian Open,Hard,128,G,20220117,160,214954,31,,Marketa Vondrousova,L,173,CZE,22.5,211880,WC,,Priscilla Hon,R,171,AUS,23.6,6-2 6-3,3,R128,70,2,3,42,25,17,12,9,0,1,1,3,64,35,22,10,8,3,8,41,1447,221,320
2022-580,Australian Open,Hard,128,G,20220117,161,214643,,,Liudmila Samsonova,R,180,RUS,23.1,211765,Q,,Emina Bektas,R,,USA,28.8,7-5 6-4,3,R128,87,7,5,68,36,28,18,11,5,6,8,0,68,56,36,4,11,3,6,37,1577,212,331
2022-580,Australian Open,Hard,128,G,20220117,162,216133,,,Xin Yu Wang,R,182,CHN,20.3,215983,,,Ann Li,R,170,USA,21.5,7-6(5) 6-3,3,R128,96,2,2,74,53,34,14,11,3,5,0,7,83,46,27,19,10,7,10,100,786,56,1119
2022-580,Australian Open,Hard,128,G,20220117,163,214544,2,,Aryna Sabalenka,R,182,BLR,23.7,204411,WC,,Storm Hunter,L,166,AUS,27.4,5-7 6-3 6-2,3,R128,122,7,12,90,60,39,13,15,6,11,2,11,98,51,32,19,14,10,17,2,5698,128,581
2022-580,Australian Open,Hard,128,G,20220117,164,202458,1,,Ashleigh Barty,R,166,AUS,25.7,214459,Q,,Lucia Bronzetti,R,,ITA,23.1,6-1 6-1,3,R64,52,8,2,43,22,19,12,7,0,0,1,5,33,20,8,3,7,1,6,1,7111,142,511
2022-580,Australian Open,Hard,128,G,20220117,165,202429,30,,Camila Giorgi,R,168,ITA,30.0,206124,,,Tereza Martincova,R,178,CZE,27.2,6-2 7-6(2),3,R64,97,5,11,70,32,26,18,10,6,8,1,2,72,52,27,10,10,0,4,33,1692,47,1226
2022-580,Australian Open,Hard,128,G,20220117,166,216153,,,Amanda Anisimova,R,180,USA,20.3,202505,22,,Belinda Bencic,R,175,SUI,24.8,6-2 7-5,3,R64,88,7,4,51,35,26,8,10,0,2,2,5,76,50,29,10,10,8,13,60,1060,22,2415
2022-580,Australian Open,Hard,128,G,20220117,167,211768,13,,Naomi Osaka,R,180,JPN,24.2,201483,,,Madison Brengle,R,168,USA,31.7,6-0 6-4,3,R64,65,8,1,59,32,25,13,8,9,10,0,1,47,30,13,7,8,2,7,14,2696,54,1132
2022-580,Australian Open,Hard,128,G,20220117,168,203463,,,Nuria Parrizas Diaz,R,167,ESP,30.5,202628,,,Maryna Zanevska,R,175,BEL,28.3,W/O,3,R64,0,0,0,0,0,0,0,0,0,0,0,0,0,0,0,0,0,0,0,63,1043,80,892
2022-580,Australian Open,Hard,128,G,20220117,169,202468,21,,Jessica Pegula,R,170,USA,27.8,211095,,,Bernarda Pera,L,175,USA,27.1,6-4 6-4,3,R64,83,1,4,74,46,26,19,10,8,10,2,2,62,38,25,11,10,3,7,21,2474,105,728
2022-580,Australian Open,Hard,128,G,20220117,170,206368,28,,Veronika Kudermetova,R,175,RUS,24.7,211817,,,Elena Gabriela Ruse,R,,ROU,24.1,6-2 7-5,3,R64,84,4,3,68,43,35,10,10,4,5,2,5,61,38,22,11,10,4,8,32,1695,72,951
2022-580,Australian Open,Hard,128,G,20220117,171,206289,5,,Maria Sakkari,R,172,GRE,26.4,221012,Q,,Qinwen Zheng,R,,CHN,19.2,6-1 6-4,3,R64,89,3,2,51,35,25,8,9,1,2,8,2,72,44,27,7,8,4,9,8,4071,108,719
2022-580,Australian Open,Hard,128,G,20220117,172,206252,4,,Barbora Krejcikova,R,178,CZE,26.0,216016,WC,,Xiyu Wang,L,,CHN,20.8,6-2 6-3,3,R64,77,0,1,45,26,19,8,9,2,5,1,5,59,37,17,5,8,5,12,4,5213,139,547
2022-580,Australian Open,Hard,128,G,20220117,173,211533,26,,Jelena Ostapenko,R,177,LAT,24.6,201590,,,Alison Riske Amritraj,R,173,USA,31.5,4-6 6-2 6-4,3,R64,115,3,3,94,58,38,19,14,8,11,5,3,80,54,36,9,14,4,9,27,2035,46,1271
2022-580,Australian Open,Hard,128,G,20220117,174,201458,24,,Victoria Azarenka,R,180,BLR,32.4,213525,,,Jil Teichmann,L,170,SUI,24.5,6-1 6-2,3,R64,73,1,2,52,31,23,13,8,5,5,1,5,45,21,16,5,7,0,4,25,2166,34,1620
2022-580,Australian Open,Hard,128,G,20220117,175,202494,15,,Elina Svitolina,R,174,UKR,27.3,211552,,,Harmony Tan,R,,FRA,24.3,6-3 5-7 5-1 RET,3,R64,127,4,2,87,54,34,17,14,2,7,0,7,87,38,22,19,13,3,10,17,2641,107,721
2022-580,Australian Open,Hard,128,G,20220117,176,201619,,,Madison Keys,R,178,USA,26.9,211713,,,Jaqueline Cristian,R,180,ROU,23.6,6-2 7-5,3,R64,90,3,4,72,47,31,13,10,8,10,0,3,69,41,19,13,10,7,12,51,1153,69,991
2022-580,Australian Open,Hard,128,G,20220117,177,202492,,,Qiang Wang,R,172,CHN,30.0,202421,,,Alison Van Uytvanck,R,173,BEL,27.8,2-6 7-6(5) 6-3,3,R64,135,0,1,101,63,38,18,15,4,9,1,4,98,61,42,17,14,6,10,110,714,55,1125
2022-580,Australian Open,Hard,128,G,20220117,178,216146,,,Marta Kostyuk,R,175,UKR,19.5,204427,32,,Sara Sorribes Tormo,R,176,ESP,25.2,7-6(5) 6-3,3,R64,113,1,3,62,38,23,13,11,0,4,0,4,76,54,29,9,10,4,10,66,1030,35,1588
2022-580,Australian Open,Hard,128,G,20220117,179,211651,8,,Paula Badosa,R,180,ESP,24.1,203354,Q,,Martina Trevisan,L,160,ITA,28.2,6-0 6-3,3,R64,71,5,0,37,20,16,13,8,0,0,0,5,59,36,19,8,7,8,13,6,4264,111,713
2022-580,Australian Open,Hard,128,G,20220117,180,220704,,,Clara Tauson,R,182,DEN,19.0,204426,6,,Anett Kontaveit,R,174,EST,26.0,6-2 6-4,3,R64,79,5,0,56,33,24,13,9,3,5,2,1,58,31,17,10,9,4,9,39,1459,7,4231
2022-580,Australian Open,Hard,128,G,20220117,181,203389,27,,Danielle Collins,R,178,USA,28.0,211951,,,Ana Konjuh,R,174,CRO,24.0,6-4 6-3,3,R64,79,4,4,67,42,31,15,10,4,5,0,8,55,26,21,11,9,0,3,30,1911,58,1063
2022-580,Australian Open,Hard,128,G,20220117,182,210722,19,,Elise Mertens,R,179,BEL,26.1,201593,,,Irina Camelia Begu,R,181,ROU,31.3,6-3 6-2,3,R64,75,1,2,59,37,28,13,9,2,2,1,2,46,28,16,8,8,1,4,26,2091,64,1033
2022-580,Australian Open,Hard,128,G,20220117,183,201533,,,Shuai Zhang,R,177,CHN,32.9,214981,12,,Elena Rybakina,R,184,KAZ,22.5,6-4 1-0 RET,3,R64,42,3,0,32,20,16,7,6,0,0,4,0,30,22,14,5,5,2,4,74,946,12,2765
2022-580,Australian Open,Hard,128,G,20220117,184,201594,14,,Simona Halep,R,168,ROU,30.3,206242,,,Beatriz Haddad Maia,L,185,BRA,25.6,6-2 6-0,3,R64,66,2,2,37,22,17,11,7,0,0,0,1,51,40,20,3,7,5,10,15,2657,83,868
2022-580,Australian Open,Hard,128,G,20220117,185,203575,,,Danka Kovinic,R,169,MNE,27.1,221054,17,,Emma Raducanu,R,175,GBR,19.1,6-4 4-6 6-3,3,R64,158,4,2,100,57,37,16,15,9,15,0,4,87,66,35,6,14,4,11,98,799,18,2595
2022-580,Australian Open,Hard,128,G,20220117,186,214461,29,,Tamara Zidansek,R,168,SLO,24.0,201586,,,Heather Watson,R,170,GBR,29.6,7-6(4) 6-4,3,R64,107,1,6,82,47,35,12,11,6,10,2,4,69,37,21,13,11,5,10,29,1931,94,819
2022-580,Australian Open,Hard,128,G,20220117,187,201427,,,Alize Cornet,R,173,FRA,31.9,202469,3,,Garbine Muguruza,R,182,ESP,28.2,6-3 6-3,3,R64,87,0,4,50,30,25,12,9,0,0,2,3,63,38,22,13,9,9,12,61,1050,3,5425
2022-580,Australian Open,Hard,128,G,20220117,188,216347,7,,Iga Swiatek,R,176,POL,20.6,202490,,,Rebecca Peterson,R,173,SWE,26.4,6-2 6-2,3,R64,77,1,1,51,33,22,12,8,0,1,0,1,55,39,18,7,8,4,9,9,3916,82,871
2022-580,Australian Open,Hard,128,G,20220117,189,214082,25,,Daria Kasatkina,R,170,RUS,24.6,202663,,,Magda Linette,R,171,POL,29.9,6-2 6-3,3,R64,79,4,1,54,40,34,5,9,4,4,2,1,62,40,24,9,8,2,6,23,2360,53,1142
2022-580,Australian Open,Hard,128,G,20220117,190,201514,,,Sorana Cirstea,R,176,ROU,31.7,201568,,,Kristina Kucova,R,163,SVK,31.6,6-2 6-4,3,R64,76,3,1,48,30,20,13,9,3,5,1,5,63,47,25,6,9,8,13,38,1502,96,807
2022-580,Australian Open,Hard,128,G,20220117,191,201499,10,,Anastasia Pavlyuchenkova,R,177,RUS,30.5,201325,WC,,Samantha Stosur,R,172,AUS,37.8,6-2 6-2,3,R64,69,3,6,49,37,28,4,8,2,3,1,2,50,30,18,5,8,0,5,11,2968,487,97
2022-580,Australian Open,Hard,128,G,20220117,192,201466,,,Kaia Kanepi,R,181,EST,36.6,213631,,,Marie Bouzkova,R,180,CZE,23.4,6-2 7-6(3),3,R64,96,3,9,60,29,21,15,10,1,4,3,2,70,43,24,10,10,6,11,115,673,86,863
2022-580,Australian Open,Hard,128,G,20220117,193,213666,WC,,Maddison Inglis,R,171,AUS,24.0,221024,Q,,Hailey Baptiste,R,,USA,20.2,7-6(4) 2-6 6-2,3,R64,127,2,2,81,52,27,17,14,3,9,9,8,97,53,31,20,14,7,13,133,573,165,420
2022-580,Australian Open,Hard,128,G,20220117,194,214954,31,,Marketa Vondrousova,L,173,CZE,22.5,214643,,,Liudmila Samsonova,R,180,RUS,23.1,6-2 7-5,3,R64,88,4,8,73,41,28,14,10,3,5,1,10,58,23,13,17,10,5,10,41,1447,37,1577
2022-580,Australian Open,Hard,128,G,20220117,195,214544,2,,Aryna Sabalenka,R,182,BLR,23.7,216133,,,Xin Yu Wang,R,182,CHN,20.3,1-6 6-4 6-2,3,R64,115,5,19,94,46,30,20,13,5,10,5,7,73,38,27,13,12,5,10,2,5698,100,786
2022-580,Australian Open,Hard,128,G,20220117,196,202458,1,,Ashleigh Barty,R,166,AUS,25.7,202429,30,,Camila Giorgi,R,168,ITA,30.0,6-2 6-3,3,R32,61,4,2,48,27,25,13,9,4,4,0,5,43,20,13,14,8,2,5,1,7111,33,1692
2022-580,Australian Open,Hard,128,G,20220117,197,216153,,,Amanda Anisimova,R,180,USA,20.3,211768,13,,Naomi Osaka,R,180,JPN,24.2,4-6 6-3 7-6(5),3,R32,135,11,8,117,79,57,23,16,9,10,5,3,108,66,50,22,15,7,8,60,1060,14,2696
2022-580,Australian Open,Hard,128,G,20220117,198,202468,21,,Jessica Pegula,R,170,USA,27.8,203463,,,Nuria Parrizas Diaz,R,167,ESP,30.5,7-6(3) 6-2,3,R32,91,7,1,65,37,24,16,10,5,7,0,1,60,39,20,13,10,3,7,21,2474,63,1043
2022-580,Australian Open,Hard,128,G,20220117,199,206289,5,,Maria Sakkari,R,172,GRE,26.4,206368,28,,Veronika Kudermetova,R,175,RUS,24.7,6-4 6-1,3,R32,82,4,1,44,26,20,11,9,0,1,2,2,61,30,19,10,8,3,8,8,4071,32,1695
2022-580,Australian Open,Hard,128,G,20220117,200,206252,4,,Barbora Krejcikova,R,178,CZE,26.0,211533,26,,Jelena Ostapenko,R,177,LAT,24.6,2-6 6-4 6-4,3,R32,130,7,7,96,57,41,17,14,7,10,5,1,93,63,40,16,14,4,7,4,5213,27,2035
2022-580,Australian Open,Hard,128,G,20220117,201,201458,24,,Victoria Azarenka,R,180,BLR,32.4,202494,15,,Elina Svitolina,R,174,UKR,27.3,6-0 6-2,3,R32,67,4,1,54,34,26,11,7,4,4,1,3,39,20,12,5,7,2,7,25,2166,17,2641
2022-580,Australian Open,Hard,128,G,20220117,202,201619,,,Madison Keys,R,178,USA,26.9,202492,,,Qiang Wang,R,172,CHN,30.0,4-6 6-3 7-6(2),3,R32,141,3,6,111,68,42,24,16,3,9,0,4,108,64,38,18,15,6,12,51,1153,110,714
2022-580,Australian Open,Hard,128,G,20220117,203,211651,8,,Paula Badosa,R,180,ESP,24.1,216146,,,Marta Kostyuk,R,175,UKR,19.5,6-2 5-7 6-4,3,R32,139,4,9,109,62,40,21,15,10,15,2,6,87,46,23,21,15,3,10,6,4264,66,1030
2022-580,Australian Open,Hard,128,G,20220117,204,203389,27,,Danielle Collins,R,178,USA,28.0,220704,,,Clara Tauson,R,182,DEN,19.0,4-6 6-4 7-5,3,R32,155,4,9,93,53,43,19,16,3,6,2,4,104,53,35,26,16,9,13,30,1911,39,1459
2022-580,Australian Open,Hard,128,G,20220117,205,210722,19,,Elise Mertens,R,179,BEL,26.1,201533,,,Shuai Zhang,R,177,CHN,32.9,6-2 6-2,3,R32,70,4,1,41,28,21,10,8,1,2,2,2,53,28,18,7,8,3,8,26,2091,74,946
2022-580,Australian Open,Hard,128,G,20220117,206,201594,14,,Simona Halep,R,168,ROU,30.3,203575,,,Danka Kovinic,R,169,MNE,27.1,6-2 6-1,3,R32,64,3,1,41,30,21,6,8,3,4,0,2,54,23,10,11,7,4,10,15,2657,98,799
2022-580,Australian Open,Hard,128,G,20220117,207,201427,,,Alize Cornet,R,173,FRA,31.9,214461,29,,Tamara Zidansek,R,168,SLO,24.0,4-6 6-4 6-2,3,R32,163,0,4,97,67,40,10,14,10,16,1,3,113,62,33,21,14,7,15,61,1050,29,1931
2022-580,Australian Open,Hard,128,G,20220117,208,216347,7,,Iga Swiatek,R,176,POL,20.6,214082,25,,Daria Kasatkina,R,170,RUS,24.6,6-2 6-3,3,R32,95,4,1,75,50,31,15,9,8,9,3,3,58,36,19,12,8,4,8,9,3916,23,2360
2022-580,Australian Open,Hard,128,G,20220117,209,201514,,,Sorana Cirstea,R,176,ROU,31.7,201499,10,,Anastasia Pavlyuchenkova,R,177,RUS,30.5,6-3 2-6 6-2,3,R32,102,2,1,69,40,27,15,13,2,6,3,4,70,45,27,11,12,4,9,38,1502,11,2968
2022-580,Australian Open,Hard,128,G,20220117,210,201466,,,Kaia Kanepi,R,181,EST,36.6,213666,WC,,Maddison Inglis,R,171,AUS,24.0,2-6 6-2 6-0,3,R32,91,5,5,65,26,22,16,11,0,4,1,3,64,41,23,6,11,2,9,115,673,133,573
2022-580,Australian Open,Hard,128,G,20220117,211,214544,2,,Aryna Sabalenka,R,182,BLR,23.7,214954,31,,Marketa Vondrousova,L,173,CZE,22.5,4-6 6-3 6-1,3,R32,109,1,10,80,52,41,11,13,4,6,6,5,87,52,32,14,13,3,8,2,5698,41,1447
2022-580,Australian Open,Hard,128,G,20220117,212,202458,1,,Ashleigh Barty,R,166,AUS,25.7,216153,,,Amanda Anisimova,R,180,USA,20.3,6-4 6-3,3,R16,74,7,3,54,36,28,9,10,4,5,4,1,73,49,30,9,9,7,11,1,7111,60,1060
2022-580,Australian Open,Hard,128,G,20220117,213,202468,21,,Jessica Pegula,R,170,USA,27.8,206289,5,,Maria Sakkari,R,172,GRE,26.4,7-6(0) 6-3,3,R16,95,6,2,65,37,28,18,11,4,6,4,5,71,39,28,11,10,2,5,21,2474,8,4071
2022-580,Australian Open,Hard,128,G,20220117,214,206252,4,,Barbora Krejcikova,R,178,CZE,26.0,201458,24,,Victoria Azarenka,R,180,BLR,32.4,6-2 6-2,3,R16,84,6,2,48,30,26,8,8,3,4,1,6,54,30,19,7,8,5,10,4,5213,25,2166
2022-580,Australian Open,Hard,128,G,20220117,215,201619,,,Madison Keys,R,178,USA,26.9,211651,8,,Paula Badosa,R,180,ESP,24.1,6-3 6-1,3,R16,69,3,1,49,33,25,8,8,0,1,1,10,68,40,23,9,8,11,16,51,1153,6,4264
2022-580,Australian Open,Hard,128,G,20220117,216,203389,27,,Danielle Collins,R,178,USA,28.0,210722,19,,Elise Mertens,R,179,BEL,26.1,4-6 6-4 6-4,3,R16,171,1,7,99,52,33,25,15,5,9,8,9,115,67,45,18,15,13,18,30,1911,26,2091
2022-580,Australian Open,Hard,128,G,20220117,217,201427,,,Alize Cornet,R,173,FRA,31.9,201594,14,,Simona Halep,R,168,ROU,30.3,6-4 3-6 6-4,3,R16,153,1,9,94,62,35,13,15,5,11,0,1,87,58,32,15,14,6,12,61,1050,15,2657
2022-580,Australian Open,Hard,128,G,20220117,218,216347,7,,Iga Swiatek,R,176,POL,20.6,201514,,,Sorana Cirstea,R,176,ROU,31.7,5-7 6-3 6-3,3,R16,147,2,5,106,68,52,9,15,8,12,2,2,94,60,35,15,15,8,14,9,3916,38,1502
2022-580,Australian Open,Hard,128,G,20220117,219,201466,,,Kaia Kanepi,R,181,EST,36.6,214544,2,,Aryna Sabalenka,R,182,BLR,23.7,5-7 6-2 7-6(7),3,R16,139,5,4,106,52,38,32,16,5,8,7,15,107,68,48,18,16,9,13,115,673,2,5698
2022-580,Australian Open,Hard,128,G,20220117,220,202458,1,,Ashleigh Barty,R,166,AUS,25.7,202468,21,,Jessica Pegula,R,170,USA,27.8,6-2 6-0,3,QF,63,6,2,45,27,22,10,7,1,1,1,3,56,30,17,8,7,4,9,1,7111,21,2474
2022-580,Australian Open,Hard,128,G,20220117,221,201619,,,Madison Keys,R,178,USA,26.9,206252,4,,Barbora Krejcikova,R,178,CZE,26.0,6-3 6-2,3,QF,85,11,1,65,47,36,6,9,7,8,2,4,66,37,18,14,8,8,12,51,1153,4,5213
2022-580,Australian Open,Hard,128,G,20220117,222,203389,27,,Danielle Collins,R,178,USA,28.0,201427,,,Alize Cornet,R,173,FRA,31.9,7-5 6-1,3,QF,88,5,4,57,31,28,11,10,2,3,2,0,66,39,20,15,9,5,9,30,1911,61,1050
2022-580,Australian Open,Hard,128,G,20220117,223,216347,7,,Iga Swiatek,R,176,POL,20.6,201466,,,Kaia Kanepi,R,181,EST,36.6,4-6 7-6(2) 6-3,3,QF,181,5,12,113,72,49,15,16,8,13,5,4,124,73,42,25,15,7,13,9,3916,115,673
2022-580,Australian Open,Hard,128,G,20220117,224,202458,1,,Ashleigh Barty,R,166,AUS,25.7,201619,,,Madison Keys,R,178,USA,26.9,6-1 6-3,3,SF,62,5,0,46,28,24,12,8,2,2,1,1,58,41,20,9,8,2,6,1,7111,51,1153
2022-580,Australian Open,Hard,128,G,20220117,225,203389,27,,Danielle Collins,R,178,USA,28.0,216347,7,,Iga Swiatek,R,176,POL,20.6,6-4 6-1,3,SF,78,7,4,50,32,25,7,9,1,3,1,4,53,32,19,3,8,4,10,30,1911,9,3916
2022-580,Australian Open,Hard,128,G,20220117,226,202458,1,,Ashleigh Barty,R,166,AUS,25.7,203389,27,,Danielle Collins,R,178,USA,28.0,6-3 7-6(2),3,F,87,10,3,67,38,31,13,11,2,4,1,2,64,40,25,12,10,2,5,1,7111,30,1911
2023-580,Australian Open,Hard,128,G,20230116,100,216347,1,,Iga Swiatek,R,176,POL,21.6,215898,,,Jule Niemeier,R,178,GER,23.4,6-4 7-5,3,R128,119,0,3,78,38,29,22,11,2,3,3,1,71,45,32,9,11,2,5,1,11025,69,845
2023-580,Australian Open,Hard,128,G,20230116,101,215785,,,Camila Osorio,R,162,COL,21.0,215910,,,Panna Udvardy,R,170,HUN,24.3,6-4 6-1,3,R128,79,0,3,62,44,31,7,9,3,5,4,5,63,38,22,7,8,6,11,84,744,89,695
2023-580,Australian Open,Hard,128,G,20230116,102,213710,,Q,Cristina Bucsa,R,,ESP,25.0,220332,,Q,Eva Lys,R,165,GER,21.0,2-6 6-0 6-2,3,R128,106,4,0,80,49,30,16,11,5,8,1,5,73,48,24,11,11,9,15,100,611,126,507
2023-580,Australian Open,Hard,128,G,20230116,103,215370,,,Bianca Andreescu,R,170,CAN,22.5,213631,25,,Marie Bouzkova,R,180,CZE,24.4,6-2 6-4,3,R128,101,0,0,56,35,26,14,9,3,3,2,2,60,50,30,4,9,2,5,43,1121,26,1581
2023-580,Australian Open,Hard,128,G,20230116,104,214981,22,,Elena Rybakina,R,184,KAZ,23.5,220714,,,Elisabetta Cocciaretto,R,,ITA,21.9,7-5 6-3,3,R128,83,5,4,55,22,17,19,11,1,4,2,1,60,33,19,12,10,7,12,25,1585,48,1015
2023-580,Australian Open,Hard,128,G,20230116,105,215219,,,Kaja Juvan,R,170,SLO,22.1,221911,,Q,Selena Janicijevic,R,183,FRA,20.4,7-5 6-1,3,R128,79,0,0,52,35,28,10,10,3,4,0,4,57,36,22,7,9,3,8,104,603,185,345
2023-580,Australian Open,Hard,128,G,20230116,106,214096,,,Karolina Muchova,R,178,CZE,26.4,201615,,Q,Lesia Tsurenko,R,174,UKR,33.6,6-2 6-1,3,R128,78,2,1,55,35,19,11,8,5,8,0,5,51,30,9,6,7,1,9,133,476,134,473
2023-580,Australian Open,Hard,128,G,20230116,107,203389,13,,Danielle Collins,R,178,USA,29.0,214939,,,Anna Kalinskaya,R,175,RUS,24.1,7-5 5-7 6-4,3,R128,183,6,5,111,72,49,24,17,6,8,4,4,122,87,61,17,17,6,9,11,2388,59,948
2023-580,Australian Open,Hard,128,G,20230116,108,216083,,,Caty Mcnally,R,,USA,21.1,206007,,LL,Laura Pigossi,R,164,BRA,28.4,7-5 6-1,3,R128,95,0,4,67,43,24,13,10,7,10,0,4,57,41,19,5,9,3,10,94,661,112,559
2023-580,Australian Open,Hard,128,G,20230116,109,203462,,,Kateryna Baindl,R,175,UKR,28.9,215872,,,Kamilla Rakhimova,R,,RUS,21.3,7-5 6-7(8) 6-1,3,R128,172,5,4,113,78,58,15,16,5,7,1,4,105,65,39,21,15,7,12,95,638,110,585
2023-580,Australian Open,Hard,128,G,20230116,110,214388,,,Anna Bondar,R,,HUN,25.6,202536,,,Ana Bogdan,R,171,ROU,30.1,6-2 2-6 6-3,3,R128,120,8,1,88,59,31,19,13,7,11,4,3,82,55,32,13,12,7,13,81,756,63,910
2023-580,Australian Open,Hard,128,G,20230116,111,211533,17,,Jelena Ostapenko,R,177,LAT,25.6,215035,,,Dayana Yastremska,R,175,UKR,22.6,6-4 6-2,3,R128,71,4,0,52,38,30,8,9,1,1,5,3,55,29,17,13,9,0,3,17,2040,101,611
2023-580,Australian Open,Hard,128,G,20230116,112,221012,29,,Qinwen Zheng,R,,CHN,20.2,213646,,,Dalma Galfi,R,178,HUN,24.4,6-0 6-2,3,R128,56,3,2,41,23,18,8,7,3,4,0,3,41,22,11,4,7,3,9,28,1534,88,715
2023-580,Australian Open,Hard,128,G,20230116,113,211095,,,Bernarda Pera,L,175,USA,28.1,220416,,WC,Moyuka Uchijima,R,171,JPN,21.4,2-6 6-3 6-1,3,R128,102,5,4,75,55,36,11,12,5,8,7,7,75,39,25,16,12,3,8,41,1145,116,546
2023-580,Australian Open,Hard,128,G,20230116,114,221054,,,Emma Raducanu,R,175,GBR,20.1,211337,,,Tamara Korpatsch,R,170,GER,27.6,6-3 6-2,3,R128,85,2,3,50,30,20,10,9,2,4,0,3,65,40,24,5,8,7,13,77,784,76,787
2023-580,Australian Open,Hard,128,G,20230116,115,221103,7,,Coco Gauff,R,175,USA,18.8,211701,,,Katerina Siniakova,R,174,CZE,26.6,6-1 6-4,3,R128,75,1,1,61,43,33,7,9,3,4,1,2,45,28,17,7,8,1,5,7,3762,46,1055
2023-580,Australian Open,Hard,128,G,20230116,116,202468,3,,Jessica Pegula,R,170,USA,28.8,211713,,,Jaqueline Cristian,R,180,ROU,24.6,6-0 6-1,3,R128,59,2,1,45,30,25,7,7,3,3,3,1,48,30,14,5,6,3,8,3,5000,161,388
2023-580,Australian Open,Hard,128,G,20230116,117,205925,,,Aliaksandra Sasnovich,R,174,BLR,28.8,259104,,Q,Brenda Fruhvirtova,R,,CZE,15.7,7-5 6-2,3,R128,80,6,1,56,36,28,8,10,3,5,2,2,56,39,20,7,10,3,8,38,1231,136,471
2023-580,Australian Open,Hard,128,G,20230116,118,216265,,WC,Olivia Gadecki,R,,AUS,20.7,221236,,Q,Polina Kudermetova,R,,RUS,19.6,7-5 6-1,3,R128,76,7,4,55,43,35,7,10,1,1,3,4,62,33,22,14,9,7,10,199,326,182,353
2023-580,Australian Open,Hard,128,G,20230116,119,216146,,,Marta Kostyuk,R,175,UKR,20.5,216153,28,,Amanda Anisimova,R,180,USA,21.3,6-3 6-4,3,R128,78,8,5,73,46,34,11,10,5,7,0,1,48,34,21,6,9,0,4,61,915,27,1535
2023-580,Australian Open,Hard,128,G,20230116,120,206252,20,,Barbora Krejcikova,R,178,CZE,27.0,239383,,Q,Sara Bejlek,L,,CZE,16.9,6-3 6-1,3,R128,71,2,2,41,26,21,10,8,0,1,0,6,59,41,18,9,8,3,8,23,1600,175,363
2023-580,Australian Open,Hard,128,G,20230116,121,216262,,Q,Clara Burel,R,176,FRA,21.8,221883,,WC,Talia Gibson,R,,AUS,18.5,6-3 6-4,3,R128,79,3,9,69,29,24,20,10,6,8,3,6,53,36,23,5,9,1,5,130,499,344,157
2023-580,Australian Open,Hard,128,G,20230116,122,211843,,,Anhelina Kalinina,R,179,UKR,25.9,201535,,Q,Coco Vandeweghe,R,185,USA,31.1,6-3 6-1,3,R128,75,4,3,54,36,24,11,8,3,4,7,5,58,29,15,12,8,4,9,39,1227,139,451
2023-580,Australian Open,Hard,128,G,20230116,123,201520,15,,Petra Kvitova,L,183,CZE,32.8,202421,,,Alison Van Uytvanck,R,173,BEL,28.8,7-6(3) 6-2,3,R128,92,5,4,58,33,28,17,10,0,0,3,3,75,52,34,10,10,5,7,15,2221,68,846
2023-580,Australian Open,Hard,128,G,20230116,124,201619,10,,Madison Keys,R,178,USA,27.9,215020,,,Anna Blinkova,R,179,RUS,24.3,6-4 3-6 6-2,3,R128,119,3,3,93,64,32,13,14,8,16,2,8,81,52,27,6,13,4,13,13,2318,60,922
2023-580,Australian Open,Hard,128,G,20230116,125,216133,,,Xin Yu Wang,R,182,CHN,21.3,204411,,WC,Storm Hunter,L,166,AUS,28.4,7-6(2) 6-4,3,R128,99,5,6,79,49,36,15,11,10,12,2,1,65,49,29,10,11,1,4,79,768,239,263
2023-580,Australian Open,Hard,128,G,20230116,126,206408,,,Nadia Podoroska,R,170,ARG,25.9,206417,,LL,Leolia Jeanjean,R,,FRA,27.4,6-0 6-3,3,R128,76,4,2,47,34,25,8,8,3,3,2,2,52,29,15,8,7,3,8,191,335,109,589
2023-580,Australian Open,Hard,128,G,20230116,127,201458,24,,Victoria Azarenka,R,180,BLR,33.4,213550,,,Sofia Kenin,R,170,USA,24.1,6-4 7-6(3),3,R128,124,7,2,79,52,39,16,11,6,7,0,3,74,60,44,3,11,8,10,24,1598,203,323
2023-580,Australian Open,Hard,128,G,20230116,128,213525,32,,Jil Teichmann,L,170,SUI,25.5,211279,,,Harriet Dart,R,175,GBR,26.4,7-5 6-1,3,R128,105,4,1,78,39,26,23,10,7,9,3,3,63,37,18,13,9,6,11,33,1429,96,637
2023-580,Australian Open,Hard,128,G,20230116,129,202684,,,Lin Zhu,R,173,CHN,28.9,201606,,,Rebecca Marino,R,183,CAN,32.0,6-2 6-4,3,R128,66,2,2,49,34,29,6,9,1,2,0,1,52,29,15,12,9,3,7,87,724,67,859
2023-580,Australian Open,Hard,128,G,20230116,130,223670,,Q,Diana Shnaider,L,,RUS,18.7,201568,,,Kristina Kucova,R,163,SVK,32.6,7-6(6) 7-5,3,R128,114,9,3,86,60,42,13,12,5,7,1,6,78,46,33,14,12,2,5,106,593,272,227
2023-580,Australian Open,Hard,128,G,20230116,131,206289,6,,Maria Sakkari,R,172,GRE,27.4,206294,,,Yue Yuan,R,184,CHN,24.3,6-1 6-4,3,R128,94,3,2,43,23,20,10,9,3,4,4,2,86,59,30,11,8,8,13,6,3921,117,538
2023-580,Australian Open,Hard,128,G,20230116,132,219875,,,Varvara Gracheva,R,,FRA,22.4,214082,8,,Daria Kasatkina,R,170,RUS,25.6,6-1 6-1,3,R128,54,0,2,42,28,18,8,7,3,4,0,3,45,35,15,2,7,4,10,97,630,8,3500
2023-580,Australian Open,Hard,128,G,20230116,133,214593,,Q,Lucrezia Stefanini,R,,ITA,24.6,213583,,,Tatjana Maria,R,172,GER,35.4,3-6 7-5 6-4,3,R128,165,0,4,109,79,43,15,16,6,13,2,4,95,47,26,23,15,6,13,141,447,71,834
2023-580,Australian Open,Hard,128,G,20230116,134,201709,,,Yulia Putintseva,R,163,KAZ,28.0,201514,,,Sorana Cirstea,R,176,ROU,32.7,2-6 6-4 6-3,3,R128,111,3,0,89,60,39,14,14,8,12,3,1,76,58,37,7,13,0,5,47,1054,42,1136
2023-580,Australian Open,Hard,128,G,20230116,135,201662,30,,Karolina Pliskova,R,184,CZE,30.8,216016,,,Xiyu Wang,L,,CHN,21.8,6-1 6-3,3,R128,64,2,4,50,31,23,12,8,1,1,2,1,43,32,18,3,8,1,5,31,1450,53,993
2023-580,Australian Open,Hard,128,G,20230116,136,201533,23,,Shuai Zhang,R,177,CHN,33.9,206255,,,Patricia Maria Tig,R,,ROU,28.4,6-1 4-6 6-0,3,R128,130,3,1,64,41,32,10,12,0,2,2,6,101,63,33,15,11,8,15,22,1600,777,29
2023-580,Australian Open,Hard,128,G,20230116,137,201549,,,Petra Martic,R,181,CRO,31.9,203530,,,Viktorija Golubic,R,169,SUI,30.2,6-3 6-4,3,R128,102,6,2,72,48,34,10,10,9,11,0,3,69,53,28,6,9,7,11,37,1237,83,744
2023-580,Australian Open,Hard,128,G,20230116,138,220465,,Q,Katie Volynets,R,,USA,21.0,201516,,,Evgeniya Rodina,R,170,RUS,33.9,6-3 6-2,3,R128,85,4,0,53,37,23,10,9,5,7,0,1,61,49,21,7,8,3,9,113,556,445,101
2023-580,Australian Open,Hard,128,G,20230116,139,206368,9,,Veronika Kudermetova,R,175,RUS,25.7,202628,,,Maryna Zanevska,R,175,BEL,29.3,6-2 7-6(4),3,R128,97,6,2,63,38,31,13,10,5,6,3,4,66,44,30,6,10,1,4,9,2800,80,762
2023-580,Australian Open,Hard,128,G,20230116,140,204426,16,,Anett Kontaveit,R,174,EST,27.0,211814,,,Julia Grabher,R,170,AUT,26.5,6-2 6-3,3,R128,71,1,1,58,41,28,10,9,1,2,2,4,48,23,17,8,8,2,6,19,1909,85,744
2023-580,Australian Open,Hard,128,G,20230116,141,202663,,,Magda Linette,R,171,POL,30.9,210886,,,Mayar Sherif,R,180,EGY,26.6,7-5 6-1,3,R128,85,2,1,52,35,27,14,10,1,2,3,2,56,34,19,9,9,6,10,45,1060,54,991
2023-580,Australian Open,Hard,128,G,20230116,142,203501,,WC,Taylor Townsend,L,170,USA,26.7,220348,,WC,Diane Parry,R,170,FRA,20.3,6-1 6-1,3,R128,57,7,3,35,22,19,9,7,0,0,2,0,44,26,15,4,7,4,9,135,471,107,590
2023-580,Australian Open,Hard,128,G,20230116,143,206420,19,,Ekaterina Alexandrova,R,175,RUS,28.1,204434,,,Ysaline Bonaventure,L,178,BEL,28.3,6-2 6-1,3,R128,52,5,6,54,26,18,17,8,4,5,3,4,42,24,11,6,7,1,6,18,1910,90,694
2023-580,Australian Open,Hard,128,G,20230116,144,201593,27,,Irina Camelia Begu,R,181,ROU,32.3,216097,,LL,Elizabeth Mandlik,R,,USA,21.6,3-6 7-6(1) 6-2,3,R128,158,4,9,106,62,35,19,15,6,15,1,5,109,56,30,18,14,7,16,30,1472,129,500
2023-580,Australian Open,Hard,128,G,20230116,145,201696,,,Laura Siegemund,R,168,GER,34.8,214459,,,Lucia Bronzetti,R,,ITA,24.1,2-6 6-4 6-3,3,R128,163,0,2,91,70,45,9,14,4,8,4,3,92,58,33,20,13,7,12,158,397,52,996
2023-580,Australian Open,Hard,128,G,20230116,146,220367,,,Leylah Fernandez,L,168,CAN,20.3,201427,,,Alize Cornet,R,173,FRA,32.9,7-5 6-2,3,R128,101,1,1,63,41,25,16,10,0,1,2,7,71,39,26,12,10,5,9,40,1198,34,1347
2023-580,Australian Open,Hard,128,G,20230116,147,201614,4,,Caroline Garcia,R,177,FRA,29.2,214684,,Q,Katherine Sebov,R,173,CAN,24.0,6-3 6-0,3,R128,65,5,2,42,18,17,17,8,2,2,0,2,44,32,17,4,7,2,6,4,4415,190,338
2023-580,Australian Open,Hard,128,G,20230116,148,214544,5,,Aryna Sabalenka,R,182,BLR,24.7,206124,,,Tereza Martincova,R,178,CZE,28.2,6-1 6-4,3,R128,69,3,3,55,31,27,12,9,5,5,2,3,45,33,20,4,8,3,6,5,4340,74,800
2023-580,Australian Open,Hard,128,G,20230116,149,201603,,,Shelby Rogers,R,175,USA,30.2,215996,,Q,Arianne Hartono,R,,NED,26.7,6-4 6-3,3,R128,84,6,5,52,27,22,10,10,5,8,1,5,72,47,20,12,9,4,10,51,1002,240,263
2023-580,Australian Open,Hard,128,G,20230116,150,201616,,,Lauren Davis,R,157,USA,29.2,203575,,,Danka Kovinic,R,169,MNE,28.1,1-6 7-5 6-1,3,R128,143,3,2,87,59,38,10,13,5,10,3,8,85,52,34,12,13,9,15,57,954,55,966
2023-580,Australian Open,Hard,128,G,20230116,151,210722,26,,Elise Mertens,R,179,BEL,27.1,202469,,,Garbine Muguruza,R,182,ESP,29.2,3-6 7-6(3) 6-1,3,R128,151,5,7,76,41,31,14,14,0,5,2,5,102,59,36,15,14,8,15,32,1449,73,824
2023-580,Australian Open,Hard,128,G,20230116,152,203533,,Q,Anna Karolina Schmiedlova,R,176,SVK,28.3,203354,21,,Martina Trevisan,L,160,ITA,29.2,6-3 6-2,3,R128,71,2,2,47,27,20,10,9,0,2,1,3,43,24,16,5,8,0,5,105,603,21,1672
2023-580,Australian Open,Hard,128,G,20230116,153,202429,,,Camila Giorgi,R,168,ITA,31.0,201499,,,Anastasia Pavlyuchenkova,R,177,RUS,31.5,6-0 6-1,3,R128,55,4,6,45,26,22,7,7,2,3,1,3,33,17,5,3,6,4,10,70,836,364,142
2023-580,Australian Open,Hard,128,G,20230116,154,214906,,,Claire Liu,R,170,USA,22.6,201483,,,Madison Brengle,R,168,USA,32.7,6-3 6-4,3,R128,78,0,3,57,41,25,8,10,2,5,0,2,52,40,22,3,9,3,8,62,912,72,831
2023-580,Australian Open,Hard,128,G,20230116,155,202505,12,,Belinda Bencic,R,175,SUI,25.8,202600,,,Viktoriya Tomova,R,170,BUL,27.8,6-1 6-2,3,R128,67,5,3,35,22,19,9,8,0,0,0,2,59,34,18,8,7,5,10,10,2735,91,682
2023-580,Australian Open,Hard,128,G,20230116,156,203463,,,Nuria Parrizas Diaz,R,167,ESP,31.5,206242,14,,Beatriz Haddad Maia,L,185,BRA,26.6,7-6(11) 6-2,3,R128,129,1,1,78,55,34,11,10,2,5,4,4,76,53,32,7,10,4,9,75,790,14,2255
2023-580,Australian Open,Hard,128,G,20230116,157,215713,,,Anastasia Potapova,R,175,RUS,21.7,201585,,,Sloane Stephens,R,170,USA,29.8,7-6(2) 6-4,3,R128,100,1,6,66,37,24,12,11,4,9,0,2,79,53,28,10,11,7,13,44,1079,36,1244
2023-580,Australian Open,Hard,128,G,20230116,158,202499,,,Donna Vekic,R,179,CRO,26.5,221407,,Q,Oksana Selekhmeteva,L,,RUS,20.0,6-2 2-6 7-6(7),3,R128,174,6,7,94,52,37,16,14,4,8,3,8,112,77,46,15,14,13,17,64,906,179,356
2023-580,Australian Open,Hard,128,G,20230116,159,214643,18,,Liudmila Samsonova,R,180,RUS,24.1,211148,,,Jasmine Paolini,R,160,ITA,27.0,6-2 6-4,3,R128,69,5,4,47,29,22,13,9,0,1,1,5,61,38,22,9,9,2,6,20,1905,66,867
2023-580,Australian Open,Hard,128,G,20230116,160,214040,,WC,Kimberly Birrell,R,170,AUS,24.7,201466,31,,Kaia Kanepi,R,181,EST,37.6,3-6 7-6(4) 6-1,3,R128,151,2,6,96,53,39,20,14,6,9,0,1,87,56,35,15,14,1,6,167,374,29,1472
2023-580,Australian Open,Hard,128,G,20230116,161,222258,,,Linda Fruhvirtova,R,,CZE,17.7,215096,,WC,Jaimee Fourlis,R,168,AUS,23.3,6-0 6-4,3,R128,74,3,4,54,39,26,3,8,3,6,1,3,49,34,11,5,8,6,13,82,746,160,389
2023-580,Australian Open,Hard,128,G,20230116,162,214954,,,Marketa Vondrousova,L,173,CZE,23.5,201590,,,Alison Riske Amritraj,R,173,USA,32.5,5-7 6-1 6-4,3,R128,119,4,4,74,46,27,18,15,2,7,0,7,84,61,33,8,14,2,10,86,732,49,1013
2023-580,Australian Open,Hard,128,G,20230116,163,202460,2,,Ons Jabeur,R,167,TUN,28.3,214461,,,Tamara Zidansek,R,168,SLO,25.0,7-6(8) 4-6 6-1,3,R128,137,3,1,89,41,26,29,15,1,5,0,4,113,80,41,18,14,4,10,2,5140,98,617
2023-580,Australian Open,Hard,128,G,20230116,164,216347,1,,Iga Swiatek,R,176,POL,21.6,215785,,,Camila Osorio,R,162,COL,21.0,6-2 6-3,3,R64,84,0,0,56,45,28,6,9,2,5,0,2,47,33,12,6,8,2,8,1,11025,84,744
2023-580,Australian Open,Hard,128,G,20230116,165,213710,,Q,Cristina Bucsa,R,,ESP,25.0,215370,,,Bianca Andreescu,R,170,CAN,22.5,2-6 7-6(7) 6-4,3,R64,171,1,4,94,55,30,22,15,2,8,3,4,106,66,43,18,15,7,12,100,611,43,1121
2023-580,Australian Open,Hard,128,G,20230116,166,214981,22,,Elena Rybakina,R,184,KAZ,23.5,215219,,,Kaja Juvan,R,170,SLO,22.1,6-2 6-1,3,R64,58,5,1,43,24,21,11,8,0,0,2,0,45,31,19,2,7,4,8,25,1585,104,603
2023-580,Australian Open,Hard,128,G,20230116,167,203389,13,,Danielle Collins,R,178,USA,29.0,214096,,,Karolina Muchova,R,178,CZE,26.4,6-7(1) 6-2 7-6(6),3,R64,175,2,2,110,69,42,25,16,3,6,4,2,114,78,45,20,16,6,11,11,2388,133,476
2023-580,Australian Open,Hard,128,G,20230116,168,203462,,,Kateryna Baindl,R,175,UKR,28.9,216083,,,Caty Mcnally,R,,USA,21.1,6-1 7-6(4),3,R64,104,1,3,71,53,36,8,10,1,3,1,2,66,51,28,7,9,5,9,95,638,94,661
2023-580,Australian Open,Hard,128,G,20230116,169,211533,17,,Jelena Ostapenko,R,177,LAT,25.6,214388,,,Anna Bondar,R,,HUN,25.6,7-6(5) 5-7 6-0,3,R64,157,4,6,104,59,35,23,15,6,11,7,4,96,48,32,16,15,3,10,17,2040,81,756
2023-580,Australian Open,Hard,128,G,20230116,170,211095,,,Bernarda Pera,L,175,USA,28.1,221012,29,,Qinwen Zheng,R,,CHN,20.2,6-4 6-4,3,R64,88,3,4,73,43,30,18,10,6,7,8,3,54,31,25,8,10,2,5,41,1145,28,1534
2023-580,Australian Open,Hard,128,G,20230116,171,221103,7,,Coco Gauff,R,175,USA,18.8,221054,,,Emma Raducanu,R,175,GBR,20.1,6-3 7-6(4),3,R64,102,3,3,90,65,43,12,11,8,10,1,3,57,35,24,12,10,4,7,7,3762,77,784
2023-580,Australian Open,Hard,128,G,20230116,172,202468,3,,Jessica Pegula,R,170,USA,28.8,205925,,,Aliaksandra Sasnovich,R,174,BLR,28.8,6-2 7-6(5),3,R64,91,3,4,72,47,31,11,10,4,7,2,5,69,42,25,8,10,6,11,3,5000,38,1231
2023-580,Australian Open,Hard,128,G,20230116,173,216146,,,Marta Kostyuk,R,175,UKR,20.5,216265,,WC,Olivia Gadecki,R,,AUS,20.7,6-2 6-1,3,R64,56,3,0,36,19,17,11,8,0,0,3,3,51,33,16,7,7,3,8,61,915,199,326
2023-580,Australian Open,Hard,128,G,20230116,174,206252,20,,Barbora Krejcikova,R,178,CZE,27.0,216262,,Q,Clara Burel,R,176,FRA,21.8,6-4 6-1,3,R64,89,3,3,58,34,22,11,9,4,7,0,6,55,29,11,11,8,4,10,23,1600,130,499
2023-580,Australian Open,Hard,128,G,20230116,175,211843,,,Anhelina Kalinina,R,179,UKR,25.9,201520,15,,Petra Kvitova,L,183,CZE,32.8,7-5 6-4,3,R64,118,3,1,69,43,32,16,11,3,4,6,4,84,52,35,13,11,8,11,39,1227,15,2221
2023-580,Australian Open,Hard,128,G,20230116,176,201619,10,,Madison Keys,R,178,USA,27.9,216133,,,Xin Yu Wang,R,182,CHN,21.3,6-3 6-2,3,R64,77,3,1,54,42,32,7,9,2,3,1,2,65,39,23,10,8,13,17,13,2318,79,768
2023-580,Australian Open,Hard,128,G,20230116,177,201458,24,,Victoria Azarenka,R,180,BLR,33.4,206408,,,Nadia Podoroska,R,170,ARG,25.9,6-1 6-0,3,R64,57,0,0,34,27,21,4,7,0,0,0,1,38,27,12,1,6,1,7,24,1598,191,335
2023-580,Australian Open,Hard,128,G,20230116,178,202684,,,Lin Zhu,R,173,CHN,28.9,213525,32,,Jil Teichmann,L,170,SUI,25.5,6-2 6-2,3,R64,86,0,1,49,37,29,7,8,4,4,2,2,50,36,20,6,8,3,7,87,724,33,1429
2023-580,Australian Open,Hard,128,G,20230116,179,206289,6,,Maria Sakkari,R,172,GRE,27.4,223670,,Q,Diana Shnaider,L,,RUS,18.7,3-6 7-5 6-3,3,R64,153,7,9,91,51,36,21,15,2,6,5,3,123,67,44,22,15,12,17,6,3921,106,593
2023-580,Australian Open,Hard,128,G,20230116,180,219875,,,Varvara Gracheva,R,,FRA,22.4,214593,,Q,Lucrezia Stefanini,R,,ITA,24.6,6-3 6-1,3,R64,82,0,2,53,36,21,7,8,3,6,0,1,52,36,14,5,8,6,13,97,630,141,447
2023-580,Australian Open,Hard,128,G,20230116,181,201662,30,,Karolina Pliskova,R,184,CZE,30.8,201709,,,Yulia Putintseva,R,163,KAZ,28.0,6-0 7-5,3,R64,77,8,2,63,39,28,10,9,2,4,0,1,57,41,22,3,9,7,13,31,1450,47,1054
2023-580,Australian Open,Hard,128,G,20230116,182,201533,23,,Shuai Zhang,R,177,CHN,33.9,201549,,,Petra Martic,R,181,CRO,31.9,6-3 6-3,3,R64,73,2,3,62,42,34,9,9,1,1,9,2,53,38,23,7,9,1,4,22,1600,37,1237
2023-580,Australian Open,Hard,128,G,20230116,183,220465,,Q,Katie Volynets,R,,USA,21.0,206368,9,,Veronika Kudermetova,R,175,RUS,25.7,6-4 2-6 6-2,3,R64,128,0,2,90,68,42,10,13,6,10,4,1,81,58,34,13,13,6,11,113,556,9,2800
2023-580,Australian Open,Hard,128,G,20230116,184,202663,,,Magda Linette,R,171,POL,30.9,204426,16,,Anett Kontaveit,R,174,EST,27.0,3-6 6-3 6-4,3,R64,112,7,2,92,65,43,13,14,4,8,2,4,75,52,33,11,14,1,6,45,1060,19,1909
2023-580,Australian Open,Hard,128,G,20230116,185,206420,19,,Ekaterina Alexandrova,R,175,RUS,28.1,203501,,WC,Taylor Townsend,L,170,USA,26.7,1-6 6-2 6-3,3,R64,117,4,4,97,65,42,13,12,10,14,5,1,82,55,33,12,12,9,14,18,1910,135,471
2023-580,Australian Open,Hard,128,G,20230116,186,201696,,,Laura Siegemund,R,168,GER,34.8,201593,27,,Irina Camelia Begu,R,181,ROU,32.3,5-7 7-5 6-3,3,R64,192,0,3,111,89,49,12,17,13,18,0,8,107,76,43,14,16,9,16,158,397,30,1472
2023-580,Australian Open,Hard,128,G,20230116,187,201614,4,,Caroline Garcia,R,177,FRA,29.2,220367,,,Leylah Fernandez,L,168,CAN,20.3,7-6(5) 7-5,3,R64,112,11,4,90,53,41,17,12,8,9,0,5,72,48,34,15,12,1,3,4,4415,40,1198
2023-580,Australian Open,Hard,128,G,20230116,188,214544,5,,Aryna Sabalenka,R,182,BLR,24.7,201603,,,Shelby Rogers,R,175,USA,30.2,6-3 6-1,3,R64,87,3,0,49,31,23,11,8,3,4,7,4,78,42,26,11,8,6,11,5,4340,51,1002
2023-580,Australian Open,Hard,128,G,20230116,189,210722,26,,Elise Mertens,R,179,BEL,27.1,201616,,,Lauren Davis,R,157,USA,29.2,6-4 6-3,3,R64,72,7,4,47,25,19,14,10,0,1,0,2,45,28,21,7,9,2,6,32,1449,57,954
2023-580,Australian Open,Hard,128,G,20230116,190,202429,,,Camila Giorgi,R,168,ITA,31.0,203533,,Q,Anna Karolina Schmiedlova,R,176,SVK,28.3,6-4 6-3,3,R64,89,2,7,64,32,25,12,10,7,10,2,4,63,38,22,7,9,3,9,70,836,105,603
2023-580,Australian Open,Hard,128,G,20230116,191,202505,12,,Belinda Bencic,R,175,SUI,25.8,214906,,,Claire Liu,R,170,USA,22.6,7-6(3) 6-3,3,R64,111,3,2,72,46,33,9,11,0,4,3,5,72,52,30,6,10,5,10,10,2735,62,912
2023-580,Australian Open,Hard,128,G,20230116,192,203463,,,Nuria Parrizas Diaz,R,167,ESP,31.5,215713,,,Anastasia Potapova,R,175,RUS,21.7,6-3 6-2,3,R64,72,2,1,56,36,24,10,9,5,7,2,4,50,28,16,5,8,5,11,75,790,44,1079
2023-580,Australian Open,Hard,128,G,20230116,193,202499,,,Donna Vekic,R,179,CRO,26.5,214643,18,,Liudmila Samsonova,R,180,RUS,24.1,6-3 6-0,3,R64,66,2,4,41,24,22,10,8,0,0,3,3,45,19,15,7,7,5,9,64,906,20,1905
2023-580,Australian Open,Hard,128,G,20230116,194,222258,,,Linda Fruhvirtova,R,,CZE,17.7,214040,,WC,Kimberly Birrell,R,170,AUS,24.7,6-3 6-2,3,R64,84,6,4,60,38,30,9,9,5,6,3,3,55,36,21,7,8,5,9,82,746,167,374
2023-580,Australian Open,Hard,128,G,20230116,195,214954,,,Marketa Vondrousova,L,173,CZE,23.5,202460,2,,Ons Jabeur,R,167,TUN,28.3,6-1 5-7 6-1,3,R64,101,1,3,83,54,32,15,13,2,6,4,2,87,53,29,12,13,8,16,86,732,2,5140
2023-580,Australian Open,Hard,128,G,20230116,196,216347,1,,Iga Swiatek,R,176,POL,21.6,213710,,Q,Cristina Bucsa,R,,ESP,25.0,6-0 6-1,3,R32,55,3,0,34,20,17,11,7,0,0,1,3,37,23,9,4,6,5,10,1,11025,100,611
2023-580,Australian Open,Hard,128,G,20230116,197,214981,22,,Elena Rybakina,R,184,KAZ,23.5,203389,13,,Danielle Collins,R,178,USA,29.0,6-2 5-7 6-2,3,R32,125,8,1,76,45,37,20,14,0,1,3,6,94,57,40,16,14,2,6,25,1585,11,2388
2023-580,Australian Open,Hard,128,G,20230116,198,211533,17,,Jelena Ostapenko,R,177,LAT,25.6,203462,,,Kateryna Baindl,R,175,UKR,28.9,6-3 6-0,3,R32,66,2,6,48,26,23,9,8,0,1,0,1,57,43,19,6,7,3,8,17,2040,95,638
2023-580,Australian Open,Hard,128,G,20230116,199,221103,7,,Coco Gauff,R,175,USA,18.8,211095,,,Bernarda Pera,L,175,USA,28.1,6-3 6-2,3,R32,94,7,3,65,43,30,10,9,4,5,1,3,85,53,28,14,8,12,16,7,3762,41,1145
2023-580,Australian Open,Hard,128,G,20230116,200,202468,3,,Jessica Pegula,R,170,USA,28.8,216146,,,Marta Kostyuk,R,175,UKR,20.5,6-0 6-2,3,R32,65,0,4,50,27,21,10,7,8,9,1,8,58,36,21,4,7,6,12,3,5000,61,915
2023-580,Australian Open,Hard,128,G,20230116,201,206252,20,,Barbora Krejcikova,R,178,CZE,27.0,211843,,,Anhelina Kalinina,R,179,UKR,25.9,6-2 6-3,3,R32,86,3,2,60,41,28,9,9,3,4,0,3,59,37,17,12,8,2,7,23,1600,39,1227
2023-580,Australian Open,Hard,128,G,20230116,202,201458,24,,Victoria Azarenka,R,180,BLR,33.4,201619,10,,Madison Keys,R,178,USA,27.9,1-6 6-2 6-1,3,R32,99,2,4,58,34,23,11,11,3,7,2,5,73,47,24,13,11,6,12,24,1598,13,2318
2023-580,Australian Open,Hard,128,G,20230116,203,202684,,,Lin Zhu,R,173,CHN,28.9,206289,6,,Maria Sakkari,R,172,GRE,27.4,7-6(3) 1-6 6-4,3,R32,153,3,1,88,60,32,17,15,1,8,6,6,110,74,43,16,14,10,15,87,724,6,3921
2023-580,Australian Open,Hard,128,G,20230116,204,201662,30,,Karolina Pliskova,R,184,CZE,30.8,219875,,,Varvara Gracheva,R,,FRA,22.4,6-4 6-2,3,R32,77,6,2,47,34,28,8,9,0,0,4,3,63,42,26,10,9,4,7,31,1450,97,630
2023-580,Australian Open,Hard,128,G,20230116,205,201533,23,,Shuai Zhang,R,177,CHN,33.9,220465,,Q,Katie Volynets,R,,USA,21.0,6-3 6-2,3,R32,63,0,0,44,35,27,7,9,1,1,0,4,51,32,21,6,8,1,5,22,1600,113,556
2023-580,Australian Open,Hard,128,G,20230116,206,202663,,,Magda Linette,R,171,POL,30.9,206420,19,,Ekaterina Alexandrova,R,175,RUS,28.1,6-3 6-4,3,R32,76,5,0,58,35,24,13,10,0,2,2,5,55,32,20,10,9,1,5,45,1060,18,1910
2023-580,Australian Open,Hard,128,G,20230116,207,201614,4,,Caroline Garcia,R,177,FRA,29.2,201696,,,Laura Siegemund,R,168,GER,34.8,1-6 6-3 6-3,3,R32,130,6,4,76,52,37,11,13,6,9,2,0,89,67,38,14,12,6,10,4,4415,158,397
2023-580,Australian Open,Hard,128,G,20230116,208,214544,5,,Aryna Sabalenka,R,182,BLR,24.7,210722,26,,Elise Mertens,R,179,BEL,27.1,6-2 6-3,3,R32,74,4,4,50,28,21,14,9,2,3,4,4,56,39,21,7,8,3,7,5,4340,32,1449
2023-580,Australian Open,Hard,128,G,20230116,209,202505,12,,Belinda Bencic,R,175,SUI,25.8,202429,,,Camila Giorgi,R,168,ITA,31.0,6-2 7-5,3,R32,100,3,4,64,39,27,13,10,2,4,1,5,67,43,21,12,10,5,10,10,2735,70,836
2023-580,Australian Open,Hard,128,G,20230116,210,202499,,,Donna Vekic,R,179,CRO,26.5,203463,,,Nuria Parrizas Diaz,R,167,ESP,31.5,6-2 6-2,3,R32,64,5,0,38,25,18,9,8,0,2,1,4,46,33,16,3,8,1,7,64,906,75,790
2023-580,Australian Open,Hard,128,G,20230116,211,222258,,,Linda Fruhvirtova,R,,CZE,17.7,214954,,,Marketa Vondrousova,L,173,CZE,23.5,7-5 2-6 6-3,3,R32,137,4,11,98,65,41,13,15,7,13,4,6,88,61,37,9,14,2,8,82,746,86,732
2023-580,Australian Open,Hard,128,G,20230116,212,214981,22,,Elena Rybakina,R,184,KAZ,23.5,216347,1,,Iga Swiatek,R,176,POL,21.6,6-4 6-4,3,R16,89,6,1,54,30,24,11,10,2,4,2,1,56,35,20,12,10,2,6,25,1585,1,11025
2023-580,Australian Open,Hard,128,G,20230116,213,211533,17,,Jelena Ostapenko,R,177,LAT,25.6,221103,7,,Coco Gauff,R,175,USA,18.8,7-5 6-3,3,R16,93,4,3,75,49,39,11,11,7,8,6,2,68,34,23,18,10,0,3,17,2040,7,3762
2023-580,Australian Open,Hard,128,G,20230116,214,202468,3,,Jessica Pegula,R,170,USA,28.8,206252,20,,Barbora Krejcikova,R,178,CZE,27.0,7-5 6-2,3,R16,101,0,0,57,32,20,17,10,0,2,3,3,87,59,33,10,10,13,18,3,5000,23,1600
2023-580,Australian Open,Hard,128,G,20230116,215,201458,24,,Victoria Azarenka,R,180,BLR,33.4,202684,,,Lin Zhu,R,173,CHN,28.9,4-6 6-1 6-4,3,R16,160,3,4,102,64,45,12,14,9,14,2,2,100,71,40,14,13,8,15,24,1598,87,724
2023-580,Australian Open,Hard,128,G,20230116,216,201662,30,,Karolina Pliskova,R,184,CZE,30.8,201533,23,,Shuai Zhang,R,177,CHN,33.9,6-0 6-4,3,R16,55,12,4,49,34,28,5,8,1,2,0,2,48,32,19,2,8,1,6,31,1450,22,1600
2023-580,Australian Open,Hard,128,G,20230116,217,202663,,,Magda Linette,R,171,POL,30.9,201614,4,,Caroline Garcia,R,177,FRA,29.2,7-6(3) 6-4,3,R16,117,3,1,65,49,32,11,11,1,3,3,3,91,45,33,18,11,7,10,45,1060,4,4415
2023-580,Australian Open,Hard,128,G,20230116,218,214544,5,,Aryna Sabalenka,R,182,BLR,24.7,202505,12,,Belinda Bencic,R,175,SUI,25.8,7-5 6-2,3,R16,87,4,4,54,32,25,14,10,0,1,4,8,57,30,19,13,10,1,5,5,4340,10,2735
2023-580,Australian Open,Hard,128,G,20230116,219,202499,,,Donna Vekic,R,179,CRO,26.5,222258,,,Linda Fruhvirtova,R,,CZE,17.7,6-2 1-6 6-3,3,R16,127,7,5,85,48,25,22,12,6,10,7,11,72,35,26,13,12,1,6,64,906,82,746
2023-580,Australian Open,Hard,128,G,20230116,220,214981,22,,Elena Rybakina,R,184,KAZ,23.5,211533,17,,Jelena Ostapenko,R,177,LAT,25.6,6-2 6-4,3,QF,79,11,3,64,38,29,13,9,7,8,1,1,55,33,18,12,9,2,6,25,1585,17,2040
2023-580,Australian Open,Hard,128,G,20230116,221,201458,24,,Victoria Azarenka,R,180,BLR,33.4,202468,3,,Jessica Pegula,R,170,USA,28.8,6-4 6-1,3,QF,97,0,2,62,37,25,13,9,2,4,3,2,66,40,20,10,8,8,13,24,1598,3,5000
2023-580,Australian Open,Hard,128,G,20230116,222,202663,,,Magda Linette,R,171,POL,30.9,201662,30,,Karolina Pliskova,R,184,CZE,30.8,6-3 7-5,3,QF,87,3,1,64,40,29,16,11,3,4,3,7,59,38,28,6,10,6,9,45,1060,31,1450
2023-580,Australian Open,Hard,128,G,20230116,223,214544,5,,Aryna Sabalenka,R,182,BLR,24.7,202499,,,Donna Vekic,R,179,CRO,26.5,6-3 6-2,3,QF,109,9,9,78,44,31,12,9,12,14,4,13,70,35,23,9,8,8,13,5,4340,64,906
2023-580,Australian Open,Hard,128,G,20230116,224,214981,22,,Elena Rybakina,R,184,KAZ,23.5,201458,24,,Victoria Azarenka,R,180,BLR,33.4,7-6(4) 6-3,3,SF,101,9,3,64,37,28,11,11,5,8,3,6,76,49,31,6,10,6,11,25,1585,24,1598
2023-580,Australian Open,Hard,128,G,20230116,225,214544,5,,Aryna Sabalenka,R,182,BLR,24.7,202663,,,Magda Linette,R,171,POL,30.9,7-6(1) 6-2,3,SF,93,6,2,62,37,26,16,10,3,4,1,1,67,46,27,11,10,4,7,5,4340,45,1060
2023-580,Australian Open,Hard,128,G,20230116,226,214544,5,,Aryna Sabalenka,R,182,BLR,24.7,214981,22,,Elena Rybakina,R,184,KAZ,23.5,4-6 6-3 6-4,3,F,148,17,7,108,70,50,18,15,5,7,9,1,105,62,44,19,14,10,13,5,4340,25,1585
2024-580,Australian Open,Hard,128,G,20240115,100,216347,1,,Iga Swiatek,R,176,POL,22.6,213550,,,Sofia Kenin,R,170,USA,25.1,7-6(2) 6-2,3,R128,111,5,0,71,49,32,14,10,3,5,2,3,72,47,30,8,10,5,9,1,9880,41,1225
2024-580,Australian Open,Hard,128,G,20240115,101,203389,,,Danielle Collins,R,178,USA,30.0,201493,,,Angelique Kerber,L,173,GER,35.9,6-2 3-6 6-1,3,R128,112,4,6,81,50,36,9,12,6,10,0,2,84,59,31,8,12,12,19,62,1022,655,60
2024-580,Australian Open,Hard,128,G,20240115,102,220520,,WC,Mccartney Kessler,R,,USA,24.5,211539,,Q,Fiona Ferro,R,170,FRA,26.8,3-6 6-3 6-2,3,R128,103,3,3,71,50,38,10,13,2,4,0,0,82,53,33,14,13,7,11,206,371,153,496
2024-580,Australian Open,Hard,128,G,20240115,103,222328,,,Linda Noskova,R,,CZE,19.1,213631,31,,Marie Bouzkova,R,180,CZE,25.4,6-1 7-5,3,R128,97,3,3,72,43,31,14,10,8,9,3,1,61,37,23,11,9,3,7,50,1143,34,1382
2024-580,Australian Open,Hard,128,G,20240115,104,202494,19,,Elina Svitolina,R,174,UKR,29.3,223194,,WC,Taylah Preston,R,,AUS,18.2,6-2 6-2,3,R128,59,2,0,42,24,17,10,8,0,2,2,5,53,33,16,4,8,4,10,23,1972,201,383
2024-580,Australian Open,Hard,128,G,20240115,105,202600,,,Viktoriya Tomova,R,170,BUL,28.8,215037,,,Kayla Day,L,173,USA,24.2,6-4 6-2,3,R128,112,2,4,66,46,33,7,9,4,6,2,2,79,48,24,14,9,10,15,70,957,86,825
2024-580,Australian Open,Hard,128,G,20240115,106,211701,,,Katerina Siniakova,R,174,CZE,27.6,211713,,,Jaqueline Cristian,R,180,ROU,25.6,6-2 7-5,3,R128,87,4,8,67,42,31,8,10,5,8,2,3,58,32,17,7,10,3,9,49,1155,83,831
2024-580,Australian Open,Hard,128,G,20240115,107,203530,,,Viktorija Golubic,R,169,SUI,31.2,206368,15,,Veronika Kudermetova,R,175,RUS,26.7,7-6(4) 1-6 6-1,3,R128,141,1,0,94,63,44,13,13,4,7,6,2,88,57,39,13,13,2,5,85,829,17,2555
2024-580,Australian Open,Hard,128,G,20240115,108,211533,11,,Jelena Ostapenko,R,177,LAT,26.6,214040,,WC,Kimberly Birrell,R,170,AUS,25.7,7-6(5) 6-1,3,R128,100,5,5,64,40,30,12,10,7,8,4,7,84,54,34,11,9,8,12,10,3328,116,671
2024-580,Australian Open,Hard,128,G,20240115,109,201548,,,Ajla Tomljanovic,R,180,AUS,30.6,201549,,,Petra Martic,R,181,CRO,32.9,7-6(3) 4-6 6-4,3,R128,174,7,10,110,71,48,15,16,6,13,11,7,120,71,49,16,16,7,14,271,271,40,1283
2024-580,Australian Open,Hard,128,G,20240115,110,220704,,,Clara Tauson,R,182,DEN,21.0,213889,,,Greet Minnen,R,,BEL,26.4,7-5 7-5,3,R128,90,6,3,56,35,30,14,12,0,1,5,3,70,46,32,10,12,4,7,96,749,67,999
2024-580,Australian Open,Hard,128,G,20240115,111,201458,18,,Victoria Azarenka,R,180,BLR,34.4,202429,,,Camila Giorgi,R,168,ITA,32.0,6-1 4-6 6-3,3,R128,146,8,7,85,45,38,16,13,6,8,5,7,96,49,32,19,13,7,12,22,2011,53,1120
2024-580,Australian Open,Hard,128,G,20240115,112,215613,27,,Emma Navarro,R,,USA,22.6,216016,,,Xiyu Wang,L,,CHN,22.8,6-1 6-7(5) 7-5,3,R128,155,3,5,100,64,43,19,16,7,10,5,7,98,58,40,13,15,4,10,26,1730,60,1034
2024-580,Australian Open,Hard,128,G,20240115,113,220714,,,Elisabetta Cocciaretto,R,,ITA,22.9,215138,,Q,Lulu Sun,L,,NZL,22.7,6-1 7-5,3,R128,72,3,2,61,44,32,12,10,4,4,3,4,60,35,22,12,9,4,7,66,1000,193,401
2024-580,Australian Open,Hard,128,G,20240115,114,219875,,,Varvara Gracheva,R,,FRA,23.4,201518,,,Yanina Wickmayer,R,182,BEL,34.2,6-3 6-4,3,R128,77,2,3,70,50,34,8,10,5,7,1,2,53,39,25,4,9,3,7,39,1290,79,880
2024-580,Australian Open,Hard,128,G,20240115,115,215035,,Q,Dayana Yastremska,R,175,UKR,23.6,214954,7,,Marketa Vondrousova,L,173,CZE,24.5,6-1 6-2,3,R128,76,2,2,65,45,32,8,8,3,4,2,7,46,27,12,7,7,5,10,93,777,7,3966
2024-580,Australian Open,Hard,128,G,20240115,116,214981,3,,Elena Rybakina,R,184,KAZ,24.5,201662,,,Karolina Pliskova,R,184,CZE,31.8,7-6(6) 6-4,3,R128,93,6,1,60,37,27,17,11,0,1,4,1,76,56,38,9,11,6,8,3,6918,38,1322
2024-580,Australian Open,Hard,128,G,20240115,117,215020,,,Anna Blinkova,R,179,RUS,25.3,213710,,,Cristina Bucsa,R,,ESP,26.0,6-2 6-4,3,R128,77,3,4,68,47,34,10,9,4,4,0,2,53,32,22,10,9,4,7,57,1072,56,1088
2024-580,Australian Open,Hard,128,G,20240115,118,213583,,,Tatjana Maria,R,172,GER,36.4,215785,,,Camila Osorio,R,162,COL,22.0,7-5 6-7(4) 6-4,3,R128,171,9,1,105,62,42,23,17,5,10,1,6,109,70,51,12,17,3,10,42,1215,77,893
2024-580,Australian Open,Hard,128,G,20240115,119,211148,26,,Jasmine Paolini,R,160,ITA,28.0,223670,,,Diana Shnaider,L,,RUS,19.7,6-3 6-4,3,R128,69,1,1,55,38,26,8,10,0,2,1,1,50,34,19,7,9,1,5,31,1530,92,785
2024-580,Australian Open,Hard,128,G,20240115,120,201551,,,Arantxa Rus,L,180,NED,33.0,211843,24,,Anhelina Kalinina,R,179,UKR,26.9,6-1 6-0,3,R128,87,4,4,80,55,33,15,7,14,14,1,0,29,14,4,4,6,2,7,45,1188,30,1600
2024-580,Australian Open,Hard,128,G,20240115,121,214939,,,Anna Kalinskaya,R,175,RUS,25.1,220465,,Q,Katie Volynets,R,,USA,22.0,6-3 3-6 6-2,3,R128,131,4,4,99,71,50,15,13,7,8,4,3,104,75,50,11,13,13,16,75,923,103,732
2024-580,Australian Open,Hard,128,G,20240115,122,201585,,,Sloane Stephens,R,170,USA,30.8,216265,,WC,Olivia Gadecki,R,,AUS,21.7,6-3 6-1,3,R128,56,0,1,43,32,24,6,8,0,1,2,3,40,26,14,3,8,3,8,44,1202,120,655
2024-580,Australian Open,Hard,128,G,20240115,123,214082,14,,Daria Kasatkina,R,170,RUS,26.6,220548,,,Peyton Stearns,R,,USA,22.2,6-2 3-6 6-2,3,R128,108,2,6,70,48,35,10,13,2,4,3,7,84,55,35,11,12,4,9,13,2778,48,1168
2024-580,Australian Open,Hard,128,G,20240115,124,221012,12,,Qinwen Zheng,R,,CHN,21.2,221909,,,Ashlyn Krueger,R,185,USA,19.6,3-6 6-2 6-3,3,R128,138,12,11,101,54,41,19,13,6,9,3,9,89,56,36,13,13,10,15,15,2720,76,896
2024-580,Australian Open,Hard,128,G,20240115,125,211107,,,Katie Boulter,R,180,GBR,27.4,206294,,,Yue Yuan,R,184,CHN,25.3,7-5 7-6(1),3,R128,115,7,9,84,46,38,15,12,3,5,4,3,80,48,31,15,12,4,7,54,1109,61,1028
2024-580,Australian Open,Hard,128,G,20240115,126,221054,,,Emma Raducanu,R,175,GBR,21.1,201603,,,Shelby Rogers,R,175,USA,31.2,6-3 6-2,3,R128,76,4,3,53,33,30,10,9,0,0,2,2,48,29,20,7,8,2,5,296,231,161,476
2024-580,Australian Open,Hard,128,G,20240115,127,206374,,,Yafan Wang,R,170,CHN,29.7,201514,22,,Sorana Cirstea,R,176,ROU,33.7,0-6 7-5 6-2,3,R128,117,3,2,78,46,31,11,13,3,8,2,3,85,54,32,14,13,2,7,94,771,27,1722
2024-580,Australian Open,Hard,128,G,20240115,128,206219,,,Oceane Dodin,R,,FRA,27.2,202684,29,,Lin Zhu,R,173,CHN,29.9,6-4 6-3,3,R128,90,4,8,67,37,32,12,10,8,8,4,4,69,37,21,19,9,5,8,95,765,32,1464
2024-580,Australian Open,Hard,128,G,20240115,129,203354,,,Martina Trevisan,L,160,ITA,30.1,213887,,Q,Renata Zarazua,R,,MEX,26.2,4-6 6-4 6-2,3,R128,172,1,3,99,70,44,15,14,9,13,1,1,86,68,37,9,14,5,11,59,1045,97,749
2024-580,Australian Open,Hard,128,G,20240115,130,216262,,,Clara Burel,R,176,FRA,22.8,202434,,,Aleksandra Krunic,R,163,SRB,30.8,6-4 6-1,3,R128,65,3,5,53,26,19,10,9,2,6,1,5,52,28,10,9,8,0,7,51,1140,687,53
2024-580,Australian Open,Hard,128,G,20240115,131,202468,5,,Jessica Pegula,R,170,USA,29.8,201606,,Q,Rebecca Marino,R,183,CAN,33.0,6-2 6-4,3,R128,65,4,3,62,44,33,8,9,2,3,5,4,52,23,13,15,9,1,5,5,6065,182,425
2024-580,Australian Open,Hard,128,G,20240115,132,206289,8,,Maria Sakkari,R,172,GRE,28.4,211702,,,Nao Hibino,R,163,JPN,29.1,6-4 6-1,3,R128,71,4,3,54,27,21,15,9,2,3,0,1,46,33,16,6,8,1,5,8,3770,88,808
2024-580,Australian Open,Hard,128,G,20240115,133,220589,,,Elina Avanesyan,R,,ARM,21.3,222296,,,Zhuoxuan Bai,R,,CHN,21.1,4-6 7-5 6-2,3,R128,147,0,3,95,65,38,13,15,6,12,0,0,90,62,30,14,15,5,13,74,939,87,825
2024-580,Australian Open,Hard,128,G,20240115,134,216146,,,Marta Kostyuk,R,175,UKR,21.5,214906,,,Claire Liu,R,170,USA,23.6,6-3 4-6 6-1,3,R128,123,1,7,77,38,26,24,13,2,5,0,0,76,48,29,11,13,2,8,37,1330,99,742
2024-580,Australian Open,Hard,128,G,20240115,135,210722,25,,Elise Mertens,R,179,BEL,28.1,210886,,,Mayar Sherif,R,180,EGY,27.6,6-2 2-0 RET,3,R128,50,1,3,29,15,12,9,5,0,0,2,2,26,16,8,2,5,1,4,28,1713,58,1053
2024-580,Australian Open,Hard,128,G,20240115,136,201496,,WC,Caroline Wozniacki,R,177,DEN,33.5,202663,20,,Magda Linette,R,171,POL,31.9,6-2 2-0 RET,3,R128,55,0,0,36,23,14,8,5,4,5,2,1,26,11,5,4,5,3,7,252,302,24,1896
2024-580,Australian Open,Hard,128,G,20240115,137,221237,,Q,Maria Timofeeva,R,,RUS,20.1,201427,,WC,Alize Cornet,R,173,FRA,33.9,6-2 6-4,3,R128,123,0,4,67,45,31,11,9,6,7,0,2,76,48,25,14,9,11,15,170,451,110,690
2024-580,Australian Open,Hard,128,G,20240115,138,252499,,Q,Alina Korneeva,U,,RUS,16.5,204427,,,Sara Sorribes Tormo,R,176,ESP,27.2,4-6 6-3 6-2,3,R128,138,3,4,89,46,27,20,14,7,13,1,2,73,51,22,9,13,1,9,179,427,52,1127
2024-580,Australian Open,Hard,128,G,20240115,139,206242,10,,Beatriz Haddad Maia,L,185,BRA,27.6,222258,,,Linda Fruhvirtova,R,,CZE,18.7,6-2 3-6 6-2,3,R128,138,1,2,80,57,38,15,13,3,5,4,1,86,52,33,13,12,6,11,12,2830,84,829
2024-580,Australian Open,Hard,128,G,20240115,140,201614,16,,Caroline Garcia,R,177,FRA,30.2,211768,,,Naomi Osaka,R,180,JPN,26.2,6-4 7-6(2),3,R128,86,13,4,65,37,33,18,11,0,0,11,3,71,36,28,21,11,2,3,19,2330,831,32
2024-580,Australian Open,Hard,128,G,20240115,141,211684,,,Magdalena Frech,R,171,POL,26.0,201611,,WC,Daria Saville,R,166,AUS,29.8,6-7(5) 6-3 7-5,3,R128,193,3,5,105,67,44,16,17,2,8,3,14,109,61,37,15,16,7,16,69,965,152,496
2024-580,Australian Open,Hard,128,G,20240115,142,220435,,Q,Anastasia Zakharova,R,,RUS,21.9,201709,,,Yulia Putintseva,R,163,KAZ,29.0,2-6 6-0 6-3,3,R128,110,3,1,69,36,22,18,12,3,7,0,1,74,54,23,13,11,6,12,190,404,64,1014
2024-580,Australian Open,Hard,128,G,20240115,143,215219,,,Kaja Juvan,R,170,SLO,23.1,215713,23,,Anastasia Potapova,R,175,RUS,22.7,6-1 6-4,3,R128,71,0,0,56,38,25,13,9,2,2,0,6,57,33,23,7,8,5,9,109,696,29,1694
2024-580,Australian Open,Hard,128,G,20240115,144,220367,32,,Leylah Fernandez,L,168,CAN,21.3,239383,,Q,Sara Bejlek,L,,CZE,17.9,7-6(5) 6-2,3,R128,93,2,2,65,45,32,9,10,2,4,0,1,70,43,22,13,10,5,9,35,1355,133,574
2024-580,Australian Open,Hard,128,G,20240115,145,219917,,,Alycia Parks,R,185,USA,23.0,220750,,Q,Daria Snigur,R,,UKR,21.8,2-6 6-2 6-4,3,R128,105,10,7,85,47,34,18,13,3,6,0,1,83,68,39,7,13,4,8,82,838,134,566
2024-580,Australian Open,Hard,128,G,20240115,146,214452,,,Caroline Dolehide,R,178,USA,25.3,206417,,Q,Leolia Jeanjean,R,,FRA,28.4,6-2 6-4,3,R128,72,1,0,48,44,36,2,9,1,1,2,2,61,37,25,10,9,6,9,43,1208,143,523
2024-580,Australian Open,Hard,128,G,20240115,147,221103,4,,Coco Gauff,R,175,USA,19.8,203533,,,Anna Karolina Schmiedlova,R,176,SVK,29.3,6-3 6-0,3,R128,60,3,1,38,21,15,10,8,2,5,0,3,37,16,5,3,7,2,9,4,6660,68,996
2024-580,Australian Open,Hard,128,G,20240115,148,202460,6,,Ons Jabeur,R,167,TUN,29.3,263857,,Q,Yuliia Starodubtseva,R,,UKR,23.9,6-3 6-1,3,R128,67,5,1,47,24,18,11,8,2,4,0,2,59,39,16,9,8,6,12,6,4076,150,504
2024-580,Australian Open,Hard,128,G,20240115,149,259799,,,Mirra Andreeva,R,,RUS,16.7,211095,,,Bernarda Pera,L,175,USA,29.1,7-5 6-2,3,R128,78,3,1,61,40,27,12,10,2,4,1,1,56,26,17,13,10,4,9,47,1168,71,956
2024-580,Australian Open,Hard,128,G,20240115,150,215872,,,Kamilla Rakhimova,R,,RUS,22.3,211765,,,Emina Bektas,R,,USA,30.7,6-4 6-4,3,R128,72,4,6,53,30,27,10,10,1,3,9,0,58,42,28,5,10,5,9,90,793,89,804
2024-580,Australian Open,Hard,128,G,20240115,151,220348,,,Diane Parry,R,170,FRA,21.3,216133,30,,Xin Yu Wang,R,182,CHN,22.3,6-3 2-6 6-3,3,R128,141,9,4,93,49,34,19,13,8,13,2,3,102,61,38,17,13,8,14,72,943,36,1353
2024-580,Australian Open,Hard,128,G,20240115,152,201696,,,Laura Siegemund,R,168,GER,35.8,206420,17,,Ekaterina Alexandrova,R,175,RUS,29.1,6-2 3-6 7-6(9),3,R128,181,0,4,106,83,46,9,15,9,16,2,8,105,67,41,13,14,10,18,78,892,20,2215
2024-580,Australian Open,Hard,128,G,20240115,153,204411,,Q,Storm Hunter,L,166,AUS,29.4,201506,,,Sara Errani,R,164,ITA,36.7,6-4 6-3,3,R128,89,2,1,55,33,22,12,10,2,4,0,0,68,46,24,10,9,8,13,180,426,101,738
2024-580,Australian Open,Hard,128,G,20240115,154,211337,,,Tamara Korpatsch,R,170,GER,28.6,214839,,,Jodie Burrage,R,,GBR,24.6,2-6 6-3 6-0,3,R128,108,0,5,82,48,28,19,12,3,6,4,4,67,51,29,7,11,4,9,80,847,102,733
2024-580,Australian Open,Hard,128,G,20240115,155,206252,9,,Barbora Krejcikova,R,178,CZE,28.0,215988,,WC,Mai Hontama,R,,JPN,24.3,2-6 6-4 6-3,3,R128,150,2,1,91,61,35,12,14,6,12,2,5,98,64,33,16,13,7,13,11,2891,121,645
2024-580,Australian Open,Hard,128,G,20240115,156,216153,,,Amanda Anisimova,R,180,USA,22.3,214643,13,,Liudmila Samsonova,R,180,RUS,25.1,6-3 6-4,3,R128,84,4,4,64,34,24,17,10,3,5,4,7,62,29,20,13,9,5,9,442,130,14,2760
2024-580,Australian Open,Hard,128,G,20240115,157,206408,,,Nadia Podoroska,R,170,ARG,26.9,214461,,,Tamara Zidansek,R,168,SLO,26.0,6-1 6-0,3,R128,75,1,0,47,31,22,10,7,4,4,0,3,58,36,19,5,6,8,13,65,1009,98,745
2024-580,Australian Open,Hard,128,G,20240115,158,211651,,,Paula Badosa,R,180,ESP,26.1,203501,,,Taylor Townsend,L,170,USA,27.7,6-1 6-3,3,R128,57,8,2,44,26,22,11,8,3,3,1,2,46,29,20,4,8,3,7,100,738,73,942
2024-580,Australian Open,Hard,128,G,20240115,159,201499,,,Anastasia Pavlyuchenkova,R,177,RUS,32.5,202499,21,,Donna Vekic,R,179,CRO,27.5,6-4 6-4,3,R128,109,5,9,78,39,31,16,10,6,8,2,7,69,36,19,16,10,5,9,46,1178,25,1865
2024-580,Australian Open,Hard,128,G,20240115,160,201615,28,,Lesia Tsurenko,R,174,UKR,34.6,214459,,,Lucia Bronzetti,R,,ITA,25.0,3-6 7-5 6-3,3,R128,158,0,8,103,72,36,15,15,8,16,1,5,107,64,31,17,15,9,18,33,1452,55,1099
2024-580,Australian Open,Hard,128,G,20240115,161,214119,,,Rebeka Masarova,R,186,ESP,24.4,205925,,,Aliaksandra Sasnovich,R,174,BLR,29.8,6-3 6-4,3,R128,97,6,3,66,37,28,11,10,2,5,0,6,67,44,23,8,9,9,14,91,786,81,843
2024-580,Australian Open,Hard,128,G,20240115,162,259104,,Q,Brenda Fruhvirtova,R,,CZE,16.7,202536,,,Ana Bogdan,R,171,ROU,31.1,2-6 6-4 6-3,3,R128,139,2,5,95,61,43,14,14,7,11,3,2,85,55,35,15,13,9,13,107,704,63,1016
2024-580,Australian Open,Hard,128,G,20240115,163,214544,2,,Aryna Sabalenka,R,182,BLR,25.6,230870,,Q,Ella Seidel,R,,GER,18.9,6-0 6-1,3,R128,53,6,2,44,30,24,7,7,0,0,0,2,38,22,7,6,6,4,9,2,8905,173,439
2024-580,Australian Open,Hard,128,G,20240115,164,216347,1,,Iga Swiatek,R,176,POL,22.6,203389,,,Danielle Collins,R,178,USA,30.0,6-4 3-6 6-4,3,R64,194,1,4,94,64,41,9,15,9,15,2,7,110,62,39,17,14,8,15,1,9880,62,1022
2024-580,Australian Open,Hard,128,G,20240115,165,222328,,,Linda Noskova,R,,CZE,19.1,220520,,WC,Mccartney Kessler,R,,USA,24.5,6-3 1-6 6-4,3,R64,113,2,5,81,46,35,18,13,2,4,7,2,90,54,38,20,13,7,9,50,1143,206,371
2024-580,Australian Open,Hard,128,G,20240115,166,202494,19,,Elina Svitolina,R,174,UKR,29.3,202600,,,Viktoriya Tomova,R,170,BUL,28.8,6-1 6-3,3,R64,65,1,1,43,29,20,8,8,2,4,1,2,55,37,14,8,8,1,7,23,1972,70,957
2024-580,Australian Open,Hard,128,G,20240115,167,203530,,,Viktorija Golubic,R,169,SUI,31.2,211701,,,Katerina Siniakova,R,174,CZE,27.6,6-3 2-6 6-4,3,R64,137,0,1,90,70,39,10,14,7,12,1,7,82,58,37,8,13,4,9,85,829,49,1155
2024-580,Australian Open,Hard,128,G,20240115,168,211533,11,,Jelena Ostapenko,R,177,LAT,26.6,201548,,,Ajla Tomljanovic,R,180,AUS,30.6,6-0 3-6 6-4,3,R64,102,3,4,86,48,33,20,13,8,11,4,7,67,45,31,7,12,3,8,10,3328,271,271
2024-580,Australian Open,Hard,128,G,20240115,169,201458,18,,Victoria Azarenka,R,180,BLR,34.4,220704,,,Clara Tauson,R,182,DEN,21.0,6-4 3-6 6-2,3,R64,135,0,2,82,48,34,17,14,3,6,11,5,100,63,45,12,13,9,14,22,2011,96,749
2024-580,Australian Open,Hard,128,G,20240115,170,215613,27,,Emma Navarro,R,,USA,22.6,220714,,,Elisabetta Cocciaretto,R,,ITA,22.9,4-6 6-3 6-3,3,R64,133,1,1,85,57,41,13,14,6,9,1,3,119,87,49,15,14,13,18,26,1730,66,1000
2024-580,Australian Open,Hard,128,G,20240115,171,215035,,Q,Dayana Yastremska,R,175,UKR,23.6,219875,,,Varvara Gracheva,R,,FRA,23.4,6-3 6-2,3,R64,66,5,1,51,32,22,16,9,1,1,2,1,56,33,18,13,8,1,4,93,777,39,1290
2024-580,Australian Open,Hard,128,G,20240115,172,215020,,,Anna Blinkova,R,179,RUS,25.3,214981,3,,Elena Rybakina,R,184,KAZ,24.5,6-4 4-6 7-6(20),3,R64,166,4,6,124,77,57,14,16,2,7,9,2,112,68,47,21,16,1,6,57,1072,3,6918
2024-580,Australian Open,Hard,128,G,20240115,173,211148,26,,Jasmine Paolini,R,160,ITA,28.0,213583,,,Tatjana Maria,R,172,GER,36.4,6-2 6-3,3,R64,70,1,1,58,48,35,4,9,4,5,1,4,60,41,23,7,8,3,7,31,1530,42,1215
2024-580,Australian Open,Hard,128,G,20240115,174,214939,,,Anna Kalinskaya,R,175,RUS,25.1,201551,,,Arantxa Rus,L,180,NED,33.0,6-1 7-5,3,R64,82,1,1,55,45,29,6,10,3,5,3,1,67,53,27,5,9,8,14,75,923,45,1188
2024-580,Australian Open,Hard,128,G,20240115,175,201585,,,Sloane Stephens,R,170,USA,30.8,214082,14,,Daria Kasatkina,R,170,RUS,26.6,4-6 6-3 6-3,3,R64,126,1,1,96,73,48,11,14,8,10,3,2,91,65,44,11,14,7,11,44,1202,13,2778
2024-580,Australian Open,Hard,128,G,20240115,176,221012,12,,Qinwen Zheng,R,,CHN,21.2,211107,,,Katie Boulter,R,180,GBR,27.4,6-3 6-3,3,R64,95,7,8,71,39,30,11,9,7,9,1,3,54,26,16,9,9,1,6,15,2720,54,1109
2024-580,Australian Open,Hard,128,G,20240115,177,206374,,,Yafan Wang,R,170,CHN,29.7,221054,,,Emma Raducanu,R,175,GBR,21.1,6-4 4-6 6-4,3,R64,174,6,4,114,69,46,23,15,15,19,6,2,103,77,45,14,15,7,12,94,771,296,231
2024-580,Australian Open,Hard,128,G,20240115,178,206219,,,Oceane Dodin,R,,FRA,27.2,203354,,,Martina Trevisan,L,160,ITA,30.1,6-4 6-4,3,R64,95,5,7,62,29,24,15,10,5,7,0,3,63,47,29,5,10,5,9,95,765,59,1045
2024-580,Australian Open,Hard,128,G,20240115,179,216262,,,Clara Burel,R,176,FRA,22.8,202468,5,,Jessica Pegula,R,170,USA,29.8,6-4 6-2,3,R64,70,2,4,49,28,20,13,9,1,3,0,2,67,35,21,13,9,5,10,51,1140,5,6065
2024-580,Australian Open,Hard,128,G,20240115,180,220589,,,Elina Avanesyan,R,,ARM,21.3,206289,8,,Maria Sakkari,R,172,GRE,28.4,6-4 6-4,3,R64,103,2,2,71,58,37,6,10,4,6,1,1,75,49,29,12,10,8,12,74,939,8,3770
2024-580,Australian Open,Hard,128,G,20240115,181,216146,,,Marta Kostyuk,R,175,UKR,21.5,210722,25,,Elise Mertens,R,179,BEL,28.1,5-7 6-1 7-6(6),3,R64,173,3,11,108,69,52,17,16,10,13,1,6,105,67,46,15,15,4,8,37,1330,28,1713
2024-580,Australian Open,Hard,128,G,20240115,182,221237,,Q,Maria Timofeeva,R,,RUS,20.1,201496,,WC,Caroline Wozniacki,R,177,DEN,33.5,1-6 6-4 6-1,3,R64,141,1,0,96,67,36,15,12,10,15,0,1,93,68,37,9,12,7,13,170,451,252,302
2024-580,Australian Open,Hard,128,G,20240115,183,206242,10,,Beatriz Haddad Maia,L,185,BRA,27.6,252499,,Q,Alina Korneeva,U,,RUS,16.5,6-1 6-2,3,R64,80,1,0,47,32,25,10,8,3,3,2,3,50,30,15,8,7,2,6,12,2830,179,427
2024-580,Australian Open,Hard,128,G,20240115,184,211684,,,Magdalena Frech,R,171,POL,26.0,201614,16,,Caroline Garcia,R,177,FRA,30.2,6-4 7-6(2),3,R64,124,4,1,94,62,42,13,11,6,9,4,1,82,50,35,11,11,7,11,69,965,19,2330
2024-580,Australian Open,Hard,128,G,20240115,185,220435,,Q,Anastasia Zakharova,R,,RUS,21.9,215219,,,Kaja Juvan,R,170,SLO,23.1,6-1 6-1,3,R64,49,0,1,40,34,28,3,7,1,1,1,5,40,26,9,6,7,2,7,190,404,109,696
2024-580,Australian Open,Hard,128,G,20240115,186,219917,,,Alycia Parks,R,185,USA,23.0,220367,32,,Leylah Fernandez,L,168,CAN,21.3,7-5 6-4,3,R64,103,13,5,76,44,31,18,11,4,5,0,3,68,48,31,10,11,6,9,82,838,35,1355
2024-580,Australian Open,Hard,128,G,20240115,187,221103,4,,Coco Gauff,R,175,USA,19.8,214452,,,Caroline Dolehide,R,178,USA,25.3,7-6(2) 6-2,3,R64,104,3,4,77,48,38,11,10,6,8,1,2,66,47,29,6,10,3,7,4,6660,43,1208
2024-580,Australian Open,Hard,128,G,20240115,188,259799,,,Mirra Andreeva,R,,RUS,16.7,202460,6,,Ons Jabeur,R,167,TUN,29.3,6-0 6-2,3,R64,54,2,1,40,26,22,8,7,1,1,2,0,39,19,8,8,7,2,7,47,1168,6,4076
2024-580,Australian Open,Hard,128,G,20240115,189,220348,,,Diane Parry,R,170,FRA,21.3,215872,,,Kamilla Rakhimova,R,,RUS,22.3,7-5 6-2,3,R64,103,11,3,75,48,38,10,10,6,7,2,7,70,41,27,11,10,6,10,72,943,90,793
2024-580,Australian Open,Hard,128,G,20240115,190,204411,,Q,Storm Hunter,L,166,AUS,29.4,201696,,,Laura Siegemund,R,168,GER,35.8,6-4 3-6 6-3,3,R64,141,0,3,84,58,30,16,14,5,11,3,1,88,68,32,12,14,7,14,180,426,78,892
2024-580,Australian Open,Hard,128,G,20240115,191,206252,9,,Barbora Krejcikova,R,178,CZE,28.0,211337,,,Tamara Korpatsch,R,170,GER,28.6,6-2 6-2,3,R64,85,8,0,42,27,23,11,8,2,2,2,4,73,41,23,14,8,7,11,11,2891,80,847
2024-580,Australian Open,Hard,128,G,20240115,192,216153,,,Amanda Anisimova,R,180,USA,22.3,206408,,,Nadia Podoroska,R,170,ARG,26.9,6-2 6-3,3,R64,64,2,6,58,32,19,14,9,3,6,1,1,47,32,11,8,8,1,7,442,130,65,1009
2024-580,Australian Open,Hard,128,G,20240115,193,211651,,,Paula Badosa,R,180,ESP,26.1,201499,,,Anastasia Pavlyuchenkova,R,177,RUS,32.5,6-2 6-3,3,R64,72,9,4,57,30,25,15,9,5,5,4,2,54,32,17,11,8,4,8,100,738,46,1178
2024-580,Australian Open,Hard,128,G,20240115,194,201615,28,,Lesia Tsurenko,R,174,UKR,34.6,214119,,,Rebeka Masarova,R,186,ESP,24.4,6-3 6-4,3,R64,96,0,2,52,35,20,9,10,3,6,2,6,90,56,31,11,9,11,17,33,1452,91,786
2024-580,Australian Open,Hard,128,G,20240115,195,214544,2,,Aryna Sabalenka,R,182,BLR,25.6,259104,,Q,Brenda Fruhvirtova,R,,CZE,16.7,6-3 6-2,3,R64,67,4,3,48,26,21,13,9,1,2,2,4,55,29,17,10,8,2,6,2,8905,107,704
2024-580,Australian Open,Hard,128,G,20240115,196,222328,,,Linda Noskova,R,,CZE,19.1,216347,1,,Iga Swiatek,R,176,POL,22.6,3-6 6-3 6-4,3,R32,140,10,4,100,63,45,17,14,5,7,4,1,86,54,35,18,14,4,7,50,1143,1,9880
2024-580,Australian Open,Hard,128,G,20240115,197,202494,19,,Elina Svitolina,R,174,UKR,29.3,203530,,,Viktorija Golubic,R,169,SUI,31.2,6-2 6-3,3,R32,64,2,2,50,30,23,9,9,1,3,1,2,50,35,19,5,8,3,8,23,1972,85,829
2024-580,Australian Open,Hard,128,G,20240115,198,201458,18,,Victoria Azarenka,R,180,BLR,34.4,211533,11,,Jelena Ostapenko,R,177,LAT,26.6,6-1 7-5,3,R32,83,11,3,70,45,36,9,10,6,7,3,2,48,29,20,6,9,0,4,22,2011,10,3328
2024-580,Australian Open,Hard,128,G,20240115,199,215035,,Q,Dayana Yastremska,R,175,UKR,23.6,215613,27,,Emma Navarro,R,,USA,22.6,6-2 2-6 6-1,3,R32,106,5,3,79,36,26,23,12,4,7,0,3,73,51,31,8,11,3,8,93,777,26,1730
2024-580,Australian Open,Hard,128,G,20240115,200,211148,26,,Jasmine Paolini,R,160,ITA,28.0,215020,,,Anna Blinkova,R,179,RUS,25.3,7-6(1) 6-4,3,R32,86,3,1,61,50,34,5,11,2,5,1,1,64,38,20,12,11,1,5,31,1530,57,1072
2024-580,Australian Open,Hard,128,G,20240115,201,214939,,,Anna Kalinskaya,R,175,RUS,25.1,201585,,,Sloane Stephens,R,170,USA,30.8,6-7(8) 6-1 6-4,3,R32,165,5,1,118,81,53,22,15,12,13,2,1,110,82,52,12,14,10,14,75,923,44,1202
2024-580,Australian Open,Hard,128,G,20240115,202,221012,12,,Qinwen Zheng,R,,CHN,21.2,206374,,,Yafan Wang,R,170,CHN,29.7,6-4 2-6 7-6(8),3,R32,160,10,8,93,50,40,20,15,1,5,1,2,106,70,43,23,15,4,7,15,2720,94,771
2024-580,Australian Open,Hard,128,G,20240115,203,206219,,,Oceane Dodin,R,,FRA,27.2,216262,,,Clara Burel,R,176,FRA,22.8,6-2 6-4,3,R32,74,4,1,55,28,19,15,9,0,2,8,4,61,32,17,12,9,6,11,95,765,51,1140
2024-580,Australian Open,Hard,128,G,20240115,204,216146,,,Marta Kostyuk,R,175,UKR,21.5,220589,,,Elina Avanesyan,R,,ARM,21.3,2-6 6-4 6-4,3,R32,152,6,5,103,59,32,19,14,9,16,1,5,120,81,44,15,14,17,24,37,1330,74,939
2024-580,Australian Open,Hard,128,G,20240115,205,221237,,Q,Maria Timofeeva,R,,RUS,20.1,206242,10,,Beatriz Haddad Maia,L,185,BRA,27.6,7-6(7) 6-3,3,R32,129,1,1,69,46,37,10,11,0,2,0,3,76,52,34,10,10,5,8,170,451,12,2830
2024-580,Australian Open,Hard,128,G,20240115,206,211684,,,Magdalena Frech,R,171,POL,26.0,220435,,Q,Anastasia Zakharova,R,,RUS,21.9,4-6 7-5 6-4,3,R32,170,7,1,118,79,48,12,16,13,20,2,5,114,79,45,15,16,17,25,69,965,190,404
2024-580,Australian Open,Hard,128,G,20240115,207,221103,4,,Coco Gauff,R,175,USA,19.8,219917,,,Alycia Parks,R,185,USA,23.0,6-0 6-2,3,R32,61,3,3,39,26,23,6,7,0,0,2,8,46,22,10,9,7,0,5,4,6660,82,838
2024-580,Australian Open,Hard,128,G,20240115,208,259799,,,Mirra Andreeva,R,,RUS,16.7,220348,,,Diane Parry,R,170,FRA,21.3,1-6 6-1 7-6(5),3,R32,143,5,4,91,66,43,10,13,7,12,0,1,90,56,35,14,13,7,12,47,1168,72,943
2024-580,Australian Open,Hard,128,G,20240115,209,206252,9,,Barbora Krejcikova,R,178,CZE,28.0,204411,,Q,Storm Hunter,L,166,AUS,29.4,4-6 7-5 6-3,3,R32,150,8,7,109,66,47,21,16,5,8,1,4,94,62,39,16,15,4,8,11,2891,180,426
2024-580,Australian Open,Hard,128,G,20240115,210,216153,,,Amanda Anisimova,R,180,USA,22.3,211651,,,Paula Badosa,R,180,ESP,26.1,7-5 6-4,3,R32,88,4,6,79,59,38,9,11,5,8,3,3,62,35,20,13,11,3,8,442,130,100,738
2024-580,Australian Open,Hard,128,G,20240115,211,214544,2,,Aryna Sabalenka,R,182,BLR,25.6,201615,28,,Lesia Tsurenko,R,174,UKR,34.6,6-0 6-0,3,R32,52,0,0,39,25,19,8,6,1,1,0,6,39,26,9,3,6,4,10,2,8905,33,1452
2024-580,Australian Open,Hard,128,G,20240115,212,222328,,,Linda Noskova,R,,CZE,19.1,202494,19,,Elina Svitolina,R,174,UKR,29.3,3-0 RET,3,R16,23,1,0,4,1,1,3,2,0,0,0,1,26,13,7,4,1,1,3,50,1143,23,1972
2024-580,Australian Open,Hard,128,G,20240115,213,215035,,Q,Dayana Yastremska,R,175,UKR,23.6,201458,18,,Victoria Azarenka,R,180,BLR,34.4,7-6(6) 6-4,3,R16,127,5,6,84,47,31,15,11,4,8,4,3,76,42,22,17,11,6,11,93,777,22,2011
2024-580,Australian Open,Hard,128,G,20240115,214,214939,,,Anna Kalinskaya,R,175,RUS,25.1,211148,26,,Jasmine Paolini,R,160,ITA,28.0,6-4 6-2,3,R16,77,1,1,54,38,25,12,9,3,4,3,0,57,37,17,12,9,4,8,75,923,31,1530
2024-580,Australian Open,Hard,128,G,20240115,215,221012,12,,Qinwen Zheng,R,,CHN,21.2,206219,,,Oceane Dodin,R,,FRA,27.2,6-0 6-3,3,R16,59,5,3,50,22,19,13,8,1,2,1,3,37,22,11,5,7,2,7,15,2720,95,765
2024-580,Australian Open,Hard,128,G,20240115,216,216146,,,Marta Kostyuk,R,175,UKR,21.5,221237,,Q,Maria Timofeeva,R,,RUS,20.1,6-2 6-1,3,R16,76,1,1,56,36,26,13,8,4,4,0,2,47,30,16,7,7,1,5,37,1330,170,451
2024-580,Australian Open,Hard,128,G,20240115,217,221103,4,,Coco Gauff,R,175,USA,19.8,211684,,,Magdalena Frech,R,171,POL,26.0,6-1 6-2,3,R16,63,1,1,38,21,16,12,8,0,0,2,0,48,32,15,7,7,4,9,4,6660,69,965
2024-580,Australian Open,Hard,128,G,20240115,218,206252,9,,Barbora Krejcikova,R,178,CZE,28.0,259799,,,Mirra Andreeva,R,,RUS,16.7,4-6 6-3 6-2,3,R16,119,1,5,87,55,35,18,14,5,9,3,5,79,54,31,9,13,5,11,11,2891,47,1168
2024-580,Australian Open,Hard,128,G,20240115,219,214544,2,,Aryna Sabalenka,R,182,BLR,25.6,216153,,,Amanda Anisimova,R,180,USA,22.3,6-3 6-2,3,R16,70,6,1,50,31,27,11,9,1,1,3,1,48,32,21,6,8,3,6,2,8905,442,130
2024-580,Australian Open,Hard,128,G,20240115,220,215035,,Q,Dayana Yastremska,R,175,UKR,23.6,222328,,,Linda Noskova,R,,CZE,19.1,6-3 6-4,3,QF,78,3,3,62,34,26,15,10,2,3,4,2,54,38,24,7,9,2,5,93,777,50,1143
2024-580,Australian Open,Hard,128,G,20240115,221,221012,12,,Qinwen Zheng,R,,CHN,21.2,214939,,,Anna Kalinskaya,R,175,RUS,25.1,6-7(4) 6-3 6-1,3,QF,140,10,2,81,45,36,19,14,0,2,2,5,96,73,44,7,14,3,9,15,2720,75,923
2024-580,Australian Open,Hard,128,G,20240115,222,221103,4,,Coco Gauff,R,175,USA,19.8,216146,,,Marta Kostyuk,R,175,UKR,21.5,7-6(6) 6-7(3) 6-2,3,QF,188,1,9,118,64,38,21,16,7,14,2,8,128,65,35,26,16,13,22,4,6660,37,1330
2024-580,Australian Open,Hard,128,G,20240115,223,214544,2,,Aryna Sabalenka,R,182,BLR,25.6,206252,9,,Barbora Krejcikova,R,178,CZE,28.0,6-2 6-3,3,QF,71,4,2,40,25,18,8,9,2,4,2,3,49,29,16,4,8,3,9,2,8905,11,2891
2024-580,Australian Open,Hard,128,G,20240115,224,221012,12,,Qinwen Zheng,R,,CHN,21.2,215035,,Q,Dayana Yastremska,R,175,UKR,23.6,6-4 6-4,3,SF,102,4,3,67,37,28,15,10,8,10,3,5,63,34,21,13,10,7,11,15,2720,93,777
2024-580,Australian Open,Hard,128,G,20240115,225,214544,2,,Aryna Sabalenka,R,182,BLR,25.6,221103,4,,Coco Gauff,R,175,USA,19.8,7-6(2) 6-4,3,SF,102,4,2,66,50,35,8,11,1,4,5,8,84,48,31,14,11,6,10,2,8905,4,6660
2024-580,Australian Open,Hard,128,G,20240115,226,214544,2,,Aryna Sabalenka,R,182,BLR,25.6,221012,12,,Qinwen Zheng,R,,CHN,21.2,6-3 6-2,3,F,76,3,0,57,38,32,8,9,4,4,6,6,51,27,20,9,8,3,6,2,8905,15,2720
2025-580,Australian Open,Hard,128,G,20250113,100,214544,1,,Aryna Sabalenka,R,182,BLR,26.6,201585,,,Sloane Stephens,R,170,USA,31.8,6-3 6-2,3,R128,71,2,2,46,32,22,8,9,0,2,2,0,63,52,26,4,8,8,13,1,9656,81,851
2025-580,Australian Open,Hard,128,G,20250113,101,222601,,,Jessica Bouzas Maneiro,R,,ESP,22.3,222661,,,Sonay Kartal,R,,GBR,23.2,6-1 7-6(5),3,R128,84,0,1,62,42,28,11,10,1,3,1,1,65,40,19,13,9,2,7,54,1057,87,836
2025-580,Australian Open,Hard,128,G,20250113,102,213583,,,Tatjana Maria,R,172,GER,37.4,211095,,,Bernarda Pera,L,175,USA,30.1,7-6(3) 6-4,3,R128,108,2,2,76,40,23,22,11,4,8,3,11,76,45,31,10,11,6,11,90,826,78,877
2025-580,Australian Open,Hard,128,G,20250113,103,220704,,,Clara Tauson,R,182,DEN,22.0,222328,29,,Linda Noskova,R,,CZE,20.1,5-7 6-3 6-4,3,R128,124,13,7,90,52,41,18,16,2,5,7,7,79,40,29,22,15,1,5,42,1271,28,1778
2025-580,Australian Open,Hard,128,G,20250113,104,211684,23,,Magdalena Frech,R,171,POL,27.0,221236,,Q,Polina Kudermetova,R,,UZB,21.6,6-4 6-4,3,R128,79,3,0,58,38,23,9,10,3,7,0,2,63,35,16,12,10,2,8,26,1910,57,1036
2025-580,Australian Open,Hard,128,G,20250113,105,215020,,,Anna Blinkova,R,179,RUS,26.3,201611,,WC,Daria Saville,R,166,AUS,30.8,1-6 6-4 7-5,3,R128,152,0,4,97,62,43,17,15,12,15,4,5,88,64,49,8,14,5,8,73,898,124,587
2025-580,Australian Open,Hard,128,G,20250113,106,220416,,,Moyuka Uchijima,R,171,JPN,23.4,202663,,,Magda Linette,R,171,POL,32.9,4-6 6-2 7-6(8),3,R128,133,5,6,95,61,44,13,15,7,12,4,6,99,66,44,13,15,2,8,63,981,40,1376
2025-580,Australian Open,Hard,128,G,20250113,107,259799,14,,Mirra Andreeva,R,,RUS,17.7,213631,,,Marie Bouzkova,R,180,CZE,26.4,6-3 6-3,3,R128,94,1,3,66,48,33,6,9,3,6,1,1,56,41,20,4,9,4,10,15,2665,43,1262
2025-580,Australian Open,Hard,128,G,20250113,108,223670,12,,Diana Shnaider,L,,RUS,20.7,220714,,,Elisabetta Cocciaretto,R,,ITA,23.9,7-6(4) 6-4,3,R128,105,3,0,78,50,30,19,11,5,7,0,6,82,55,35,13,11,8,11,13,2895,56,1048
2025-580,Australian Open,Hard,128,G,20250113,109,201548,,WC,Ajla Tomljanovic,R,180,AUS,31.6,221909,,,Ashlyn Krueger,R,185,USA,20.6,6-4 4-6 6-4,3,R128,142,0,8,93,58,37,15,15,6,12,8,7,103,66,42,11,15,3,10,114,667,52,1141
2025-580,Australian Open,Hard,128,G,20250113,110,211279,,LL,Harriet Dart,R,175,GBR,28.4,213544,,Q,Jana Fett,R,168,CRO,28.1,7-5 2-6 7-6(7),3,R128,194,6,3,112,70,37,17,16,11,21,1,9,124,85,49,11,16,12,21,112,675,133,545
2025-580,Australian Open,Hard,128,G,20250113,111,202499,18,,Donna Vekic,R,179,CRO,28.5,220348,,,Diane Parry,R,170,FRA,22.3,6-4 6-4,3,R128,103,9,2,63,39,30,11,10,3,5,3,2,75,46,26,13,10,6,10,19,2228,66,950
2025-580,Australian Open,Hard,128,G,20250113,112,201499,27,,Anastasia Pavlyuchenkova,R,177,RUS,33.5,206294,,,Yue Yuan,R,184,CHN,26.3,6-4 4-6 6-3,3,R128,136,6,3,86,58,37,13,15,2,7,7,0,97,62,33,19,14,9,15,32,1675,53,1086
2025-580,Australian Open,Hard,128,G,20250113,113,215713,,,Anastasia Potapova,R,175,RUS,23.7,214461,,Q,Tamara Zidansek,R,168,SLO,27.0,6-2 7-5,3,R128,91,3,4,69,35,24,20,10,3,5,1,3,66,42,27,7,10,8,13,36,1434,180,390
2025-580,Australian Open,Hard,128,G,20250113,114,201696,,,Laura Siegemund,R,168,GER,36.8,221024,,,Hailey Baptiste,R,,USA,23.1,4-6 7-5 6-4,3,R128,196,0,3,118,87,47,14,16,7,14,4,14,124,59,37,24,16,16,24,97,786,88,834
2025-580,Australian Open,Hard,128,G,20250113,115,221012,5,,Qinwen Zheng,R,,CHN,22.2,223331,,Q,Anca Alexia Todoni,R,,ROU,20.2,7-6(3) 6-1,3,R128,116,8,3,68,41,34,13,10,5,6,4,4,75,42,28,13,9,2,5,5,5325,111,690
2025-580,Australian Open,Hard,128,G,20250113,116,221103,3,,Coco Gauff,R,175,USA,20.8,213550,,,Sofia Kenin,R,170,USA,26.1,6-3 6-3,3,R128,80,12,9,74,52,40,6,9,5,6,3,0,60,44,22,9,9,5,9,3,6888,74,892
2025-580,Australian Open,Hard,128,G,20250113,117,214839,,,Jodie Burrage,R,,GBR,25.6,206417,,Q,Leolia Jeanjean,R,,FRA,29.4,6-2 6-4,3,R128,72,5,2,47,26,21,15,9,0,0,1,1,55,32,20,13,9,3,6,173,425,149,486
2025-580,Australian Open,Hard,128,G,20250113,118,213710,,,Cristina Bucsa,R,,ESP,27.0,203564,,WC,Chloe Paquet,R,179,FRA,30.5,6-2 6-3,3,R128,85,0,0,52,41,27,5,9,2,3,3,4,62,35,20,10,8,3,8,110,690,122,593
2025-580,Australian Open,Hard,128,G,20250113,119,220367,30,,Leylah Fernandez,L,168,CAN,22.3,263857,,,Yuliia Starodubtseva,R,,UKR,24.9,7-5 6-4,3,R128,131,2,6,82,45,31,16,11,8,11,5,4,81,44,26,16,11,5,10,29,1755,100,750
2025-580,Australian Open,Hard,128,G,20250113,120,214096,20,,Karolina Muchova,R,178,CZE,28.3,206408,,,Nadia Podoroska,R,170,ARG,27.9,6-1 6-1,3,R128,61,7,3,48,28,24,9,7,3,3,1,3,48,27,13,7,7,1,6,20,2079,96,787
2025-580,Australian Open,Hard,128,G,20250113,121,211768,,,Naomi Osaka,R,180,JPN,27.2,201614,,,Caroline Garcia,R,177,FRA,31.2,6-3 3-6 6-3,3,R128,105,7,3,81,41,32,21,14,4,6,7,0,83,58,35,14,13,2,6,51,1145,67,944
2025-580,Australian Open,Hard,128,G,20250113,122,215480,,,Suzan Lamens,R,,NED,25.5,220662,,Q,Veronika Erjavec,R,,SLO,25.0,7-5 7-6(2),3,R128,117,3,6,94,54,36,21,12,8,11,4,2,79,47,27,15,12,5,9,77,879,171,432
2025-580,Australian Open,Hard,128,G,20250113,123,202505,,,Belinda Bencic,R,175,SUI,27.8,211533,16,,Jelena Ostapenko,R,177,LAT,27.6,6-3 7-6(6),3,R128,116,2,8,77,51,34,11,11,3,7,8,10,79,41,27,13,10,11,16,294,223,22,2041
2025-580,Australian Open,Hard,128,G,20250113,124,211651,11,,Paula Badosa,R,180,ESP,27.1,216133,,,Xin Yu Wang,R,182,CHN,23.2,6-3 7-6(5),3,R128,87,3,2,69,51,34,10,11,1,3,4,3,58,35,27,10,10,0,3,12,2958,37,1413
2025-580,Australian Open,Hard,128,G,20250113,125,221883,,WC,Talia Gibson,R,,AUS,20.5,220309,,,Zeynep Sonmez,R,,TUR,22.7,3-6 7-6(5) 6-1,3,R128,137,5,5,98,59,34,17,14,3,10,4,6,110,69,40,13,14,11,18,150,480,94,807
2025-580,Australian Open,Hard,128,G,20250113,126,215898,,,Jule Niemeier,R,178,GER,25.4,216081,,Q,Maja Chwalinska,L,,POL,23.2,6-0 6-1,3,R128,74,5,3,56,36,28,9,7,5,5,0,1,35,21,6,7,6,2,7,93,817,126,574
2025-580,Australian Open,Hard,128,G,20250113,127,216146,17,,Marta Kostyuk,R,175,UKR,22.5,211702,,Q,Nao Hibino,R,163,JPN,30.1,3-6 6-3 6-1,3,R128,105,6,11,89,50,38,16,13,10,13,2,4,61,34,17,17,12,0,5,18,2364,141,517
2025-580,Australian Open,Hard,128,G,20250113,128,214643,25,,Liudmila Samsonova,R,180,RUS,26.1,215872,,,Kamilla Rakhimova,R,,UZB,23.3,6-2 6-4,3,R128,83,2,2,55,36,25,11,9,2,3,3,4,54,28,18,11,9,2,6,21,2070,62,987
2025-580,Australian Open,Hard,128,G,20250113,129,215337,,,Olga Danilovic,L,,SRB,23.9,201551,,,Arantxa Rus,L,180,NED,34.0,6-4 6-4,3,R128,97,5,3,55,40,30,9,10,1,2,4,3,74,50,34,9,10,7,10,55,1055,79,874
2025-580,Australian Open,Hard,128,G,20250113,130,210722,,,Elise Mertens,R,179,BEL,29.1,203530,,Q,Viktorija Golubic,R,169,SUI,32.2,4-6 7-6(8) 6-4,3,R128,167,5,7,120,65,45,25,16,3,7,1,0,96,63,42,17,16,3,7,34,1524,95,797
2025-580,Australian Open,Hard,128,G,20250113,131,202468,7,,Jessica Pegula,R,170,USA,30.8,233741,,WC,Maya Joint,R,,AUS,18.7,6-3 6-0,3,R128,59,2,1,37,25,20,8,8,0,0,0,3,60,38,17,11,7,7,12,6,4801,105,734
2025-580,Australian Open,Hard,128,G,20250113,132,214981,6,,Elena Rybakina,R,184,KAZ,25.5,263644,,WC,Emerson Jones,R,,AUS,16.5,6-1 6-1,3,R128,53,11,0,40,23,18,11,7,3,3,0,6,50,28,15,5,7,2,7,7,4723,293,223
2025-580,Australian Open,Hard,128,G,20250113,133,260300,,WC,Iva Jovic,R,,USA,17.1,203463,,,Nuria Parrizas Diaz,R,167,ESP,33.5,6-2 6-1,3,R128,86,2,1,59,33,26,11,8,6,7,0,2,39,21,9,5,7,0,5,191,361,99,753
2025-580,Australian Open,Hard,128,G,20250113,134,203575,,,Danka Kovinic,R,169,MNE,30.1,215138,,,Lulu Sun,L,,NZL,23.7,6-3 7-5,3,R128,88,4,3,64,35,28,16,11,4,5,3,3,70,40,27,12,10,5,8,1289,6,44,1253
2025-580,Australian Open,Hard,128,G,20250113,135,215035,32,,Dayana Yastremska,R,175,UKR,24.6,210886,,,Mayar Sherif,R,180,EGY,28.6,6-1 6-4,3,R128,72,5,2,66,38,29,16,9,6,6,0,1,50,33,16,12,8,4,7,33,1594,65,955
2025-580,Australian Open,Hard,128,G,20250113,136,201619,19,,Madison Keys,R,178,USA,29.9,215983,,,Ann Li,R,170,USA,24.5,6-4 7-5,3,R128,68,6,1,62,44,32,10,11,3,4,3,2,61,45,33,5,11,0,3,14,2680,84,844
2025-580,Australian Open,Hard,128,G,20250113,137,211817,,Q,Elena Gabriela Ruse,R,,ROU,27.1,201593,,,Irina Camelia Begu,R,181,ROU,34.3,6-4 6-0,3,R128,79,3,1,44,26,20,12,8,2,3,4,5,54,27,17,9,8,3,8,125,581,80,866
2025-580,Australian Open,Hard,128,G,20250113,138,215018,,Q,Destanee Aiava,R,175,AUS,24.6,213889,,,Greet Minnen,R,,BEL,27.4,5-7 7-5 7-6(5),3,R128,180,6,4,118,72,53,17,18,5,9,6,8,140,90,54,26,18,9,13,195,352,91,823
2025-580,Australian Open,Hard,128,G,20250113,139,203389,10,,Danielle Collins,R,178,USA,31.0,220750,,Q,Daria Snigur,R,,UKR,22.8,7-6(4) 6-3,3,R128,100,7,4,73,38,22,21,11,5,8,0,6,91,65,37,11,10,10,15,11,3147,138,527
2025-580,Australian Open,Hard,128,G,20250113,140,206242,15,,Beatriz Haddad Maia,L,185,BRA,28.6,220699,,Q,Julia Riera,R,,ARG,22.6,4-6 7-5 6-2,3,R128,160,3,5,96,61,42,21,15,7,9,7,5,114,68,43,21,15,9,13,17,2554,146,495
2025-580,Australian Open,Hard,128,G,20250113,141,222965,,,Erika Andreeva,R,,RUS,20.5,202453,,,Saisai Zheng,R,170,CHN,30.9,6-1 7-6(6),3,R128,119,2,3,77,43,25,20,10,6,9,0,4,79,48,29,10,9,5,10,86,838,681,51
2025-580,Australian Open,Hard,128,G,20250113,142,206368,,,Veronika Kudermetova,R,175,RUS,27.7,216265,,,Olivia Gadecki,R,,AUS,22.7,6-1 6-1,3,R128,56,1,1,37,28,22,5,7,1,2,0,4,41,21,10,5,7,2,8,75,888,106,725
2025-580,Australian Open,Hard,128,G,20250113,143,211107,22,,Katie Boulter,R,180,GBR,28.4,201606,,,Rebecca Marino,R,183,CAN,34.0,6-4 3-6 7-5,3,R128,134,6,4,101,57,42,23,16,5,7,10,4,86,41,31,27,15,2,5,25,1931,98,770
2025-580,Australian Open,Hard,128,G,20250113,144,202494,28,,Elina Svitolina,R,174,UKR,30.3,201514,,,Sorana Cirstea,R,176,ROU,34.7,6-4 6-4,3,R128,91,2,4,57,33,28,12,10,1,2,4,4,78,49,32,11,10,9,12,27,1779,71,913
2025-580,Australian Open,Hard,128,G,20250113,145,214452,,,Caroline Dolehide,R,178,USA,26.3,239383,,Q,Sara Bejlek,L,,CZE,18.9,7-6(5) 6-2,3,R128,99,1,2,77,57,37,10,10,2,4,1,6,68,48,28,8,10,4,8,83,844,155,466
2025-580,Australian Open,Hard,128,G,20250113,146,213887,,,Renata Zarazua,R,,MEX,27.2,203501,,,Taylor Townsend,L,170,USA,28.7,6-7(6) 6-1 6-2,3,R128,145,3,1,100,76,51,13,14,6,7,12,10,92,49,31,20,13,5,11,70,920,85,843
2025-580,Australian Open,Hard,128,G,20250113,147,211148,4,,Jasmine Paolini,R,160,ITA,29.0,221096,,Q,Sijia Wei,R,,CHN,21.1,6-0 6-4,3,R128,73,2,1,64,47,33,9,8,4,4,2,2,53,35,21,6,8,5,9,4,5399,117,630
2025-580,Australian Open,Hard,128,G,20250113,148,215613,8,,Emma Navarro,R,,USA,23.6,220548,,,Peyton Stearns,R,,USA,23.2,6-7(5) 7-6(5) 7-5,3,R128,200,7,4,117,69,43,24,18,4,11,4,5,134,79,48,23,18,7,15,8,3409,46,1198
2025-580,Australian Open,Hard,128,G,20250113,149,216016,,,Xiyu Wang,L,,CHN,23.7,211814,,,Julia Grabher,R,170,AUT,28.5,6-1 7-5,3,R128,79,2,8,49,18,15,18,10,0,2,0,4,58,32,16,9,9,5,11,108,706,415,142
2025-580,Australian Open,Hard,128,G,20250113,150,202460,,,Ons Jabeur,R,167,TUN,30.3,211843,,,Anhelina Kalinina,R,179,UKR,27.9,6-3 6-3,3,R128,72,5,3,55,28,19,13,9,3,6,0,2,54,35,20,5,9,2,8,39,1394,48,1171
2025-580,Australian Open,Hard,128,G,20250113,151,215785,,,Camila Osorio,R,162,COL,23.0,206289,31,,Maria Sakkari,R,172,GRE,29.4,6-4 6-7(4) 6-4,3,R128,152,3,1,91,63,39,18,16,5,9,2,10,113,57,36,25,16,4,10,59,1001,30,1727
2025-580,Australian Open,Hard,128,G,20250113,152,201709,24,,Yulia Putintseva,R,163,KAZ,30.0,220589,,,Elina Avanesyan,R,,ARM,22.3,4-6 7-5 6-2,3,R128,127,1,3,92,68,48,8,15,1,5,1,1,95,67,34,17,15,6,12,23,2017,41,1280
2025-580,Australian Open,Hard,128,G,20250113,153,201533,,WC,Shuai Zhang,R,177,CHN,35.9,220520,,,Mccartney Kessler,R,,USA,25.5,6-3 6-4,3,R128,76,0,0,48,31,24,11,10,1,2,3,3,69,46,26,10,9,4,8,204,341,47,1176
2025-580,Australian Open,Hard,128,G,20250113,154,206374,,,Yafan Wang,R,170,CHN,30.7,214388,,,Anna Bondar,R,,HUN,27.6,3-6 6-3 6-4,3,R128,133,2,6,96,65,44,17,14,9,11,6,0,84,49,33,18,14,3,6,64,969,92,821
2025-580,Australian Open,Hard,128,G,20250113,155,214082,9,,Daria Kasatkina,R,170,AUS,27.6,202600,,,Viktoriya Tomova,R,170,BUL,29.8,6-1 6-3,3,R128,67,2,0,52,34,25,11,8,4,5,0,5,49,35,17,5,8,5,10,10,3151,58,1013
2025-580,Australian Open,Hard,128,G,20250113,156,220332,,LL,Eva Lys,R,165,GER,23.0,214040,,Q,Kimberly Birrell,R,170,AUS,26.7,6-2 6-2,3,R128,70,2,4,44,22,16,10,8,2,5,0,4,50,27,10,9,8,4,11,128,566,101,750
2025-580,Australian Open,Hard,128,G,20250113,157,219875,,,Varvara Gracheva,R,,FRA,24.4,216083,,,Caty Mcnally,R,,USA,23.1,6-3 6-4,3,R128,83,0,0,58,39,28,12,10,1,3,2,0,55,41,24,6,9,5,9,69,925,540,88
2025-580,Australian Open,Hard,128,G,20250113,158,211713,,,Jaqueline Cristian,R,180,ROU,26.6,201549,,LL,Petra Martic,R,181,CRO,33.9,6-2 4-6 7-6(7),3,R128,158,7,5,96,58,37,19,15,2,7,5,6,95,48,37,19,15,6,12,82,847,131,556
2025-580,Australian Open,Hard,128,G,20250113,159,214459,,,Lucia Bronzetti,R,,ITA,26.0,201458,21,,Victoria Azarenka,R,180,BLR,35.4,6-2 7-6(2),3,R128,133,8,2,96,59,39,17,10,6,8,5,3,62,38,26,10,10,2,6,76,885,24,1992
2025-580,Australian Open,Hard,128,G,20250113,160,221054,,,Emma Raducanu,R,175,GBR,22.1,206420,26,,Ekaterina Alexandrova,R,175,RUS,30.1,7-6(4) 7-6(2),3,R128,136,9,15,101,58,39,13,12,8,14,1,4,81,50,28,11,12,4,10,61,995,31,1713
2025-580,Australian Open,Hard,128,G,20250113,161,216153,,,Amanda Anisimova,R,180,USA,23.3,214604,,,Maria Lourdes Carle,R,,ARG,24.9,6-2 6-3,3,R128,75,0,4,55,27,17,16,9,1,3,0,2,50,38,19,4,8,4,9,35,1486,89,829
2025-580,Australian Open,Hard,128,G,20250113,162,211685,,,Rebecca Sramkova,R,,SVK,28.2,220465,,,Katie Volynets,R,,USA,23.0,3-6 6-2 6-2,3,R128,116,1,2,82,54,32,15,13,3,7,1,2,77,62,32,7,12,8,15,49,1166,60,996
2025-580,Australian Open,Hard,128,G,20250113,163,216347,2,,Iga Swiatek,R,176,POL,23.6,211701,,,Katerina Siniakova,R,174,CZE,28.6,6-3 6-4,3,R128,81,1,0,55,39,31,7,10,1,3,1,4,57,34,19,11,9,1,5,2,8120,50,1152
2025-580,Australian Open,Hard,128,G,20250113,164,214544,1,,Aryna Sabalenka,R,182,BLR,26.6,222601,,,Jessica Bouzas Maneiro,R,,ESP,22.3,6-3 7-5,3,R64,94,2,1,80,54,33,15,11,8,11,4,5,61,39,23,9,10,1,6,1,9656,54,1057
2025-580,Australian Open,Hard,128,G,20250113,165,220704,,,Clara Tauson,R,182,DEN,22.0,213583,,,Tatjana Maria,R,172,GER,37.4,6-2 6-2,3,R64,68,4,1,44,28,24,6,8,0,1,1,3,54,31,16,8,8,1,6,42,1271,90,826
2025-580,Australian Open,Hard,128,G,20250113,166,211684,23,,Magdalena Frech,R,171,POL,27.0,215020,,,Anna Blinkova,R,179,RUS,26.3,0-6 6-0 6-2,3,R64,95,3,2,60,45,30,6,10,5,8,2,3,67,32,20,13,10,3,8,26,1910,73,898
2025-580,Australian Open,Hard,128,G,20250113,167,259799,14,,Mirra Andreeva,R,,RUS,17.7,220416,,,Moyuka Uchijima,R,171,JPN,23.4,6-4 3-6 7-6(8),3,R64,139,9,3,110,69,47,22,16,6,10,1,5,104,59,44,21,15,6,10,15,2665,63,981
2025-580,Australian Open,Hard,128,G,20250113,168,223670,12,,Diana Shnaider,L,,RUS,20.7,201548,,WC,Ajla Tomljanovic,R,180,AUS,31.6,6-4 7-5,3,R64,90,3,1,67,40,27,14,11,2,5,3,5,65,46,27,8,11,3,8,13,2895,114,667
2025-580,Australian Open,Hard,128,G,20250113,169,202499,18,,Donna Vekic,R,179,CRO,28.5,211279,,LL,Harriet Dart,R,175,GBR,28.4,4-6 6-0 6-2,3,R64,125,2,3,78,40,22,23,12,6,9,0,8,78,42,23,12,12,6,13,19,2228,112,675
2025-580,Australian Open,Hard,128,G,20250113,170,201499,27,,Anastasia Pavlyuchenkova,R,177,RUS,33.5,215713,,,Anastasia Potapova,R,175,RUS,23.7,7-6(2) 2-6 6-2,3,R64,144,1,9,94,59,40,9,14,4,11,3,6,90,51,33,11,14,6,13,32,1675,36,1434
2025-580,Australian Open,Hard,128,G,20250113,171,201696,,,Laura Siegemund,R,168,GER,36.8,221012,5,,Qinwen Zheng,R,,CHN,22.2,7-6(3) 6-3,3,R64,136,1,3,80,64,44,7,11,4,6,11,3,79,44,28,17,10,3,6,97,786,5,5325
2025-580,Australian Open,Hard,128,G,20250113,172,221103,3,,Coco Gauff,R,175,USA,20.8,214839,,,Jodie Burrage,R,,GBR,25.6,6-3 7-5,3,R64,89,3,7,67,39,26,15,11,2,5,5,6,68,42,26,8,10,6,11,3,6888,173,425
2025-580,Australian Open,Hard,128,G,20250113,173,220367,30,,Leylah Fernandez,L,168,CAN,22.3,213710,,,Cristina Bucsa,R,,ESP,27.0,3-6 6-4 6-4,3,R64,160,2,7,110,63,38,29,15,7,10,0,4,91,57,39,17,14,6,9,29,1755,110,690
2025-580,Australian Open,Hard,128,G,20250113,174,211768,,,Naomi Osaka,R,180,JPN,27.2,214096,20,,Karolina Muchova,R,178,CZE,28.3,1-6 6-1 6-3,3,R64,117,6,1,69,41,29,15,12,4,6,4,4,95,51,29,23,11,13,17,51,1145,20,2079
2025-580,Australian Open,Hard,128,G,20250113,175,202505,,,Belinda Bencic,R,175,SUI,27.8,215480,,,Suzan Lamens,R,,NED,25.5,6-1 7-6(3),3,R64,100,0,2,57,37,23,10,10,2,5,4,5,74,42,24,8,9,5,11,294,223,77,879
2025-580,Australian Open,Hard,128,G,20250113,176,211651,11,,Paula Badosa,R,180,ESP,27.1,221883,,WC,Talia Gibson,R,,AUS,20.5,6-1 6-0,3,R64,48,3,2,40,22,19,12,7,0,0,0,2,32,18,8,4,6,0,5,12,2958,150,480
2025-580,Australian Open,Hard,128,G,20250113,177,216146,17,,Marta Kostyuk,R,175,UKR,22.5,215898,,,Jule Niemeier,R,178,GER,25.4,6-3 6-0,3,R64,64,3,4,48,32,25,7,8,3,4,1,4,42,21,11,6,7,1,6,18,2364,93,817
2025-580,Australian Open,Hard,128,G,20250113,178,215337,,,Olga Danilovic,L,,SRB,23.9,214643,25,,Liudmila Samsonova,R,180,RUS,26.1,6-1 6-2,3,R64,65,3,0,38,26,17,8,8,0,1,1,2,55,38,15,7,7,7,13,55,1055,21,2070
2025-580,Australian Open,Hard,128,G,20250113,179,202468,7,,Jessica Pegula,R,170,USA,30.8,210722,,,Elise Mertens,R,179,BEL,29.1,6-4 6-2,3,R64,71,1,0,53,39,26,11,9,2,3,3,2,48,28,16,9,9,4,8,6,4801,34,1524
2025-580,Australian Open,Hard,128,G,20250113,180,214981,6,,Elena Rybakina,R,184,KAZ,25.5,260300,,WC,Iva Jovic,R,,USA,17.1,6-0 6-3,3,R64,80,4,5,61,30,22,16,8,3,4,0,2,60,29,14,11,7,6,11,7,4723,191,361
2025-580,Australian Open,Hard,128,G,20250113,181,215035,32,,Dayana Yastremska,R,175,UKR,24.6,203575,,,Danka Kovinic,R,169,MNE,30.1,6-0 6-1,3,R64,51,3,1,35,21,15,11,7,1,1,2,1,39,25,10,2,6,1,7,33,1594,1289,6
2025-580,Australian Open,Hard,128,G,20250113,182,201619,19,,Madison Keys,R,178,USA,29.9,211817,,Q,Elena Gabriela Ruse,R,,ROU,27.1,7-6(1) 2-6 7-5,3,R64,150,1,4,98,68,44,15,16,2,7,4,4,116,66,41,23,16,4,8,14,2680,125,581
2025-580,Australian Open,Hard,128,G,20250113,183,203389,10,,Danielle Collins,R,178,USA,31.0,215018,,Q,Destanee Aiava,R,175,AUS,24.6,7-6(4) 4-6 6-2,3,R64,145,6,12,99,56,44,18,15,9,12,5,3,106,69,48,16,15,9,13,11,3147,195,352
2025-580,Australian Open,Hard,128,G,20250113,184,206242,15,,Beatriz Haddad Maia,L,185,BRA,28.6,222965,,,Erika Andreeva,R,,RUS,20.5,6-2 6-3,3,R64,80,4,3,42,26,20,10,9,2,3,1,3,50,29,16,8,8,5,10,17,2554,86,838
2025-580,Australian Open,Hard,128,G,20250113,185,206368,,,Veronika Kudermetova,R,175,RUS,27.7,211107,22,,Katie Boulter,R,180,GBR,28.4,7-6(3) 2-6 6-2,3,R64,137,7,3,95,60,41,14,14,2,7,5,3,82,51,31,15,14,0,5,75,888,25,1931
2025-580,Australian Open,Hard,128,G,20250113,186,202494,28,,Elina Svitolina,R,174,UKR,30.3,214452,,,Caroline Dolehide,R,178,USA,26.3,6-1 6-4,3,R64,74,7,3,64,41,29,15,9,8,8,4,0,54,34,19,11,8,7,10,27,1779,83,844
2025-580,Australian Open,Hard,128,G,20250113,187,211148,4,,Jasmine Paolini,R,160,ITA,29.0,213887,,,Renata Zarazua,R,,MEX,27.2,6-2 6-3,3,R64,76,5,1,48,32,21,8,9,0,3,0,1,59,46,19,6,8,5,11,4,5399,70,920
2025-580,Australian Open,Hard,128,G,20250113,188,215613,8,,Emma Navarro,R,,USA,23.6,216016,,,Xiyu Wang,L,,CHN,23.7,6-3 3-6 6-4,3,R64,131,1,3,85,56,37,11,14,4,10,1,5,89,58,36,11,14,5,12,8,3409,108,706
2025-580,Australian Open,Hard,128,G,20250113,189,202460,,,Ons Jabeur,R,167,TUN,30.3,215785,,,Camila Osorio,R,162,COL,23.0,7-5 6-3,3,R64,96,1,1,64,36,23,14,11,5,8,0,7,65,45,24,7,10,4,10,39,1394,59,1001
2025-580,Australian Open,Hard,128,G,20250113,190,201709,24,,Yulia Putintseva,R,163,KAZ,30.0,201533,,WC,Shuai Zhang,R,177,CHN,35.9,6-2 6-1,3,R64,62,3,1,40,23,18,10,8,0,1,0,0,55,34,18,4,7,3,9,23,2017,204,341
2025-580,Australian Open,Hard,128,G,20250113,191,214082,9,,Daria Kasatkina,R,170,AUS,27.6,206374,,,Yafan Wang,R,170,CHN,30.7,6-2 6-0,3,R64,78,1,2,54,34,21,15,7,7,7,2,2,50,31,16,6,7,7,12,10,3151,64,969
2025-580,Australian Open,Hard,128,G,20250113,192,220332,,LL,Eva Lys,R,165,GER,23.0,219875,,,Varvara Gracheva,R,,FRA,24.4,6-2 3-6 6-4,3,R64,116,1,1,78,43,30,19,14,5,8,5,5,86,52,30,17,13,1,6,128,566,69,925
2025-580,Australian Open,Hard,128,G,20250113,193,211713,,,Jaqueline Cristian,R,180,ROU,26.6,214459,,,Lucia Bronzetti,R,,ITA,26.0,7-5 7-5,3,R64,124,3,0,70,44,27,17,12,3,6,0,2,79,50,29,12,12,3,8,82,847,76,885
2025-580,Australian Open,Hard,128,G,20250113,194,221054,,,Emma Raducanu,R,175,GBR,22.1,216153,,,Amanda Anisimova,R,180,USA,23.3,6-3 7-5,3,R64,114,0,5,79,52,28,11,11,8,13,2,7,73,42,23,8,10,2,10,61,995,35,1486
2025-580,Australian Open,Hard,128,G,20250113,195,216347,2,,Iga Swiatek,R,176,POL,23.6,211685,,,Rebecca Sramkova,R,,SVK,28.2,6-0 6-2,3,R64,60,2,2,37,18,15,13,7,0,0,0,4,38,19,10,7,7,1,6,2,8120,49,1166
2025-580,Australian Open,Hard,128,G,20250113,196,214544,1,,Aryna Sabalenka,R,182,BLR,26.6,220704,,,Clara Tauson,R,182,DEN,22.0,7-6(5) 6-4,3,R32,126,0,2,72,52,31,8,11,4,9,3,6,109,70,43,10,11,11,17,1,9656,42,1271
2025-580,Australian Open,Hard,128,G,20250113,197,259799,14,,Mirra Andreeva,R,,RUS,17.7,211684,23,,Magdalena Frech,R,171,POL,27.0,6-2 1-6 6-2,3,R32,117,4,3,76,48,30,15,12,6,10,1,1,78,50,28,13,11,4,9,15,2665,26,1910
2025-580,Australian Open,Hard,128,G,20250113,198,202499,18,,Donna Vekic,R,179,CRO,28.5,223670,12,,Diana Shnaider,L,,RUS,20.7,7-6(4) 6-7(3) 7-5,3,R32,178,10,5,117,70,52,19,18,7,12,5,6,122,74,48,22,18,3,9,19,2228,13,2895
2025-580,Australian Open,Hard,128,G,20250113,199,201499,27,,Anastasia Pavlyuchenkova,R,177,RUS,33.5,201696,,,Laura Siegemund,R,168,GER,36.8,6-1 6-2,3,R32,92,1,0,56,36,25,13,8,3,3,2,5,54,41,23,2,7,6,10,32,1675,97,786
2025-580,Australian Open,Hard,128,G,20250113,200,221103,3,,Coco Gauff,R,175,USA,20.8,220367,30,,Leylah Fernandez,L,168,CAN,22.3,6-4 6-2,3,R32,76,5,4,45,27,24,10,9,0,1,1,3,58,36,19,12,9,6,10,3,6888,29,1755
2025-580,Australian Open,Hard,128,G,20250113,201,202505,,,Belinda Bencic,R,175,SUI,27.8,211768,,,Naomi Osaka,R,180,JPN,27.2,7-6(3) 0-0 RET,3,R32,58,0,0,40,28,19,7,6,1,3,8,0,46,26,18,7,6,2,4,294,223,51,1145
2025-580,Australian Open,Hard,128,G,20250113,202,211651,11,,Paula Badosa,R,180,ESP,27.1,216146,17,,Marta Kostyuk,R,175,UKR,22.5,6-4 4-6 6-3,3,R32,152,3,3,108,63,41,24,15,13,17,6,16,111,62,40,21,14,10,15,12,2958,18,2364
2025-580,Australian Open,Hard,128,G,20250113,203,215337,,,Olga Danilovic,L,,SRB,23.9,202468,7,,Jessica Pegula,R,170,USA,30.8,7-6(3) 6-1,3,R32,90,5,1,72,55,42,10,10,6,6,1,3,54,31,21,15,9,4,6,55,1055,6,4801
2025-580,Australian Open,Hard,128,G,20250113,204,214981,6,,Elena Rybakina,R,184,KAZ,25.5,215035,32,,Dayana Yastremska,R,175,UKR,24.6,6-3 6-4,3,R32,90,2,2,64,37,28,16,10,3,4,5,8,69,38,23,15,9,8,11,7,4723,33,1594
2025-580,Australian Open,Hard,128,G,20250113,205,201619,19,,Madison Keys,R,178,USA,29.9,203389,10,,Danielle Collins,R,178,USA,31.0,6-4 6-4,3,R32,83,4,4,65,52,36,7,10,1,2,3,3,55,28,19,15,10,3,6,14,2680,11,3147
2025-580,Australian Open,Hard,128,G,20250113,206,206368,,,Veronika Kudermetova,R,175,RUS,27.7,206242,15,,Beatriz Haddad Maia,L,185,BRA,28.6,6-4 6-2,3,R32,106,1,0,49,30,21,10,9,0,2,4,4,72,46,24,12,9,6,11,75,888,17,2554
2025-580,Australian Open,Hard,128,G,20250113,207,202494,28,,Elina Svitolina,R,174,UKR,30.3,211148,4,,Jasmine Paolini,R,160,ITA,29.0,2-6 6-4 6-0,3,R32,106,7,5,74,36,30,16,12,4,7,0,3,77,53,30,11,12,6,11,27,1779,4,5399
2025-580,Australian Open,Hard,128,G,20250113,208,215613,8,,Emma Navarro,R,,USA,23.6,202460,,,Ons Jabeur,R,167,TUN,30.3,6-4 3-6 6-4,3,R32,123,1,5,98,63,39,13,15,10,16,4,2,87,58,35,12,14,8,14,8,3409,39,1394
2025-580,Australian Open,Hard,128,G,20250113,209,214082,9,,Daria Kasatkina,R,170,AUS,27.6,201709,24,,Yulia Putintseva,R,163,KAZ,30.0,7-5 6-1,3,R32,79,1,7,55,37,24,10,10,1,3,0,1,56,37,17,8,9,0,6,10,3151,23,2017
2025-580,Australian Open,Hard,128,G,20250113,210,220332,,LL,Eva Lys,R,165,GER,23.0,211713,,,Jaqueline Cristian,R,180,ROU,26.6,4-6 6-3 6-3,3,R32,145,0,1,80,54,40,14,14,5,8,3,4,98,47,28,26,14,9,14,128,566,82,847
2025-580,Australian Open,Hard,128,G,20250113,211,216347,2,,Iga Swiatek,R,176,POL,23.6,221054,,,Emma Raducanu,R,175,GBR,22.1,6-1 6-0,3,R32,70,2,3,35,24,20,8,7,0,0,1,4,53,31,17,5,6,7,12,2,8120,61,995
2025-580,Australian Open,Hard,128,G,20250113,212,214544,1,,Aryna Sabalenka,R,182,BLR,26.6,259799,14,,Mirra Andreeva,R,,RUS,17.7,6-1 6-2,3,R16,62,3,0,54,36,28,10,8,3,3,2,3,37,18,10,7,7,3,7,1,9656,15,2665
2025-580,Australian Open,Hard,128,G,20250113,213,201499,27,,Anastasia Pavlyuchenkova,R,177,RUS,33.5,202499,18,,Donna Vekic,R,179,CRO,28.5,7-6(0) 6-0,3,R16,105,10,0,72,50,36,13,9,5,5,2,5,69,35,23,15,9,3,6,32,1675,19,2228
2025-580,Australian Open,Hard,128,G,20250113,214,221103,3,,Coco Gauff,R,175,USA,20.8,202505,,,Belinda Bencic,R,175,SUI,27.8,5-7 6-2 6-1,3,R16,146,8,9,100,62,48,16,14,4,6,1,1,85,54,30,15,13,2,7,3,6888,294,223
2025-580,Australian Open,Hard,128,G,20250113,215,211651,11,,Paula Badosa,R,180,ESP,27.1,215337,,,Olga Danilovic,L,,SRB,23.9,6-1 7-6(2),3,R16,80,7,3,57,38,31,9,10,1,3,1,0,56,36,21,10,9,4,8,12,2958,55,1055
2025-580,Australian Open,Hard,128,G,20250113,216,201619,19,,Madison Keys,R,178,USA,29.9,214981,6,,Elena Rybakina,R,184,KAZ,25.5,6-3 1-6 6-3,3,R16,109,4,6,89,62,38,13,13,9,13,3,6,85,47,35,13,12,4,9,14,2680,7,4723
2025-580,Australian Open,Hard,128,G,20250113,217,202494,28,,Elina Svitolina,R,174,UKR,30.3,206368,,,Veronika Kudermetova,R,175,RUS,27.7,6-4 6-1,3,R16,83,5,3,53,33,22,11,9,1,3,0,0,49,21,13,10,8,4,9,27,1779,75,888
2025-580,Australian Open,Hard,128,G,20250113,218,215613,8,,Emma Navarro,R,,USA,23.6,214082,9,,Daria Kasatkina,R,170,AUS,27.6,6-4 5-7 7-5,3,R16,160,3,5,107,75,48,8,17,3,11,3,9,135,98,57,7,17,16,25,8,3409,10,3151
2025-580,Australian Open,Hard,128,G,20250113,219,216347,2,,Iga Swiatek,R,176,POL,23.6,220332,,LL,Eva Lys,R,165,GER,23.0,6-0 6-1,3,R16,59,3,2,39,26,21,9,7,2,2,0,2,47,32,12,6,6,4,9,2,8120,128,566
2025-580,Australian Open,Hard,128,G,20250113,220,214544,1,,Aryna Sabalenka,R,182,BLR,26.6,201499,27,,Anastasia Pavlyuchenkova,R,177,RUS,33.5,6-2 2-6 6-3,3,QF,113,3,3,75,52,34,10,13,3,8,3,5,79,49,31,11,12,2,8,1,9656,32,1675
2025-580,Australian Open,Hard,128,G,20250113,221,211651,11,,Paula Badosa,R,180,ESP,27.1,221103,3,,Coco Gauff,R,175,USA,20.8,7-5 6-4,3,QF,103,3,2,63,36,23,17,11,1,3,4,6,86,52,36,12,11,6,10,12,2958,3,6888
2025-580,Australian Open,Hard,128,G,20250113,222,201619,19,,Madison Keys,R,178,USA,29.9,202494,28,,Elina Svitolina,R,174,UKR,30.3,3-6 6-3 6-4,3,QF,113,6,4,87,52,40,18,14,1,2,3,1,92,54,39,21,14,7,9,14,2680,27,1779
2025-580,Australian Open,Hard,128,G,20250113,223,216347,2,,Iga Swiatek,R,176,POL,23.6,215613,8,,Emma Navarro,R,,USA,23.6,6-1 6-2,3,QF,89,1,2,53,28,23,12,8,1,1,1,1,59,37,18,9,7,4,9,2,8120,8,3409
2025-580,Australian Open,Hard,128,G,20250113,224,214544,1,,Aryna Sabalenka,R,182,BLR,26.6,211651,11,,Paula Badosa,R,180,ESP,27.1,6-4 6-2,3,SF,86,2,1,49,31,24,11,9,0,1,4,4,72,38,25,14,9,5,9,1,9656,12,2958
2025-580,Australian Open,Hard,128,G,20250113,225,201619,19,,Madison Keys,R,178,USA,29.9,216347,2,,Iga Swiatek,R,176,POL,23.6,5-7 6-1 7-6(8),3,SF,155,7,4,106,73,47,11,16,10,16,0,7,105,73,39,13,15,8,16,14,2680,2,8120
2025-580,Australian Open,Hard,128,G,20250113,226,201619,19,,Madison Keys,R,178,USA,29.9,214544,1,,Aryna Sabalenka,R,182,BLR,26.6,6-3 2-6 7-5,3,F,122,6,0,87,58,40,14,15,5,8,3,5,96,67,40,18,14,5,9,14,2680,1,9656
2026-580,Australian Open,Hard,128,G,20260119,100,214544,1,,Aryna Sabalenka,R,182,BLR,27.7,239456,,WC,Tiantsoa Sarah Rakotomanga Rajaonah,L,,FRA,20.0,6-4 6-1,3,R128,76,2,1,47,29,23,12,9,3,4,0,3,61,36,21,9,8,6,10,1,10990,118,640
2026-580,Australian Open,Hard,128,G,20260119,101,222296,,Q,Zhuoxuan Bai,R,,CHN,23.1,201499,,,Anastasia Pavlyuchenkova,R,177,RUS,34.5,6-4 2-6 7-6(10),3,R128,163,2,3,102,61,39,22,15,7,11,7,8,117,64,44,24,15,7,10,702,55,47,1185
2026-580,Australian Open,Hard,128,G,20260119,102,215713,,,Anastasia Potapova,R,175,RUS,24.8,215480,,,Suzan Lamens,R,,NED,26.5,3-6 7-5 6-2,3,R128,132,3,8,92,56,36,14,15,4,10,2,6,98,58,32,14,14,7,14,55,1106,97,780
2026-580,Australian Open,Hard,128,G,20260119,103,221054,28,,Emma Raducanu,R,175,GBR,23.1,216566,,,Mananchaya Sawangkaew,R,,THA,23.5,6-4 6-1,3,R128,71,2,1,53,41,30,5,9,2,3,1,4,47,34,22,2,8,0,4,29,1607,197,366
2026-580,Australian Open,Hard,128,G,20260119,104,239475,17,,Victoria Mboko,R,,CAN,19.4,263644,,WC,Emerson Jones,R,,AUS,17.5,6-4 6-1,3,R128,72,2,2,47,30,23,10,9,0,0,2,5,70,44,27,9,8,6,10,16,2447,153,464
2026-580,Australian Open,Hard,128,G,20260119,105,216083,,,Caty Mcnally,R,,USA,24.1,221124,,Q,Himeno Sakatsume,R,,JPN,24.4,6-3 6-1,3,R128,82,0,4,52,38,29,7,8,6,6,1,1,58,41,24,6,8,4,8,85,836,140,514
2026-580,Australian Open,Hard,128,G,20260119,106,221236,,,Polina Kudermetova,R,,UZB,22.6,215571,,Q,Guiomar Maristany Zuleta De Reales,U,,ESP,26.9,6-2 6-3,3,R128,80,4,2,64,35,26,13,9,6,7,1,4,54,37,22,4,8,3,8,150,490,185,386
2026-580,Australian Open,Hard,128,G,20260119,107,220704,14,,Clara Tauson,R,182,DEN,23.0,213646,,,Dalma Galfi,R,178,HUN,27.4,6-3 6-3,3,R128,68,5,0,50,26,23,15,9,2,2,6,2,50,36,28,4,9,2,5,14,2530,91,805
2026-580,Australian Open,Hard,128,G,20260119,108,220309,,Q,Zeynep Sonmez,R,,TUR,23.7,206420,11,,Ekaterina Alexandrova,R,175,RUS,31.1,7-5 4-6 6-4,3,R128,157,4,5,119,64,37,25,16,7,14,10,7,109,63,43,13,16,9,17,112,694,11,3375
2026-580,Australian Open,Hard,128,G,20260119,109,214388,,,Anna Bondar,R,,HUN,28.6,216097,,WC,Elizabeth Mandlik,R,,USA,24.6,6-0 6-4,3,R128,69,5,0,46,28,20,11,8,0,1,0,2,54,37,22,4,8,3,8,74,913,182,387
2026-580,Australian Open,Hard,128,G,20260119,110,201709,,,Yulia Putintseva,R,163,KAZ,31.0,206242,,,Beatriz Haddad Maia,L,185,BRA,29.6,3-6 7-5 6-3,3,R128,173,3,1,100,68,44,13,15,6,11,1,7,109,63,37,21,15,9,15,94,799,61,1052
2026-580,Australian Open,Hard,128,G,20260119,111,221039,,,Elsa Jacquemot,R,,FRA,22.7,216146,20,,Marta Kostyuk,R,175,UKR,23.5,6-7(4) 7-6(4) 7-6(7),3,R128,211,4,11,160,102,73,25,18,17,20,8,5,134,80,58,26,18,9,12,60,1070,20,1983
2026-580,Australian Open,Hard,128,G,20260119,112,260300,29,,Iva Jovic,R,,USA,18.1,220465,,,Katie Volynets,R,,USA,24.0,6-2 6-3,3,R128,88,2,0,46,24,18,15,9,1,2,2,0,62,47,21,9,8,5,9,27,1671,96,783
2026-580,Australian Open,Hard,128,G,20260119,113,211880,,WC,Priscilla Hon,R,171,AUS,27.6,222233,,Q,Marina Stakusic,R,,CAN,21.1,1-6 6-4 5-3 RET,3,R128,121,3,2,74,51,31,12,13,5,9,2,5,75,52,32,13,12,3,7,121,620,127,565
2026-580,Australian Open,Hard,128,G,20260119,114,211684,,,Magdalena Frech,R,171,POL,28.0,220662,,,Veronika Erjavec,R,,SLO,26.0,6-1 6-1,3,R128,62,0,0,49,35,24,8,7,4,4,0,1,46,26,14,5,7,2,7,57,1093,102,765
2026-580,Australian Open,Hard,128,G,20260119,115,211148,7,,Jasmine Paolini,R,160,ITA,30.0,205925,,Q,Aliaksandra Sasnovich,R,174,BLR,31.8,6-1 6-2,3,R128,69,3,0,42,33,25,8,8,1,1,1,4,52,29,13,11,7,6,10,8,4267,104,755
2026-580,Australian Open,Hard,128,G,20260119,116,221103,3,,Coco Gauff,R,175,USA,21.8,215872,,,Kamilla Rakhimova,R,,UZB,24.3,6-2 6-3,3,R128,99,1,7,64,40,29,8,9,5,7,1,4,65,41,22,6,8,8,14,3,6423,93,802
2026-580,Australian Open,Hard,128,G,20260119,117,215337,,,Olga Danilovic,L,,SRB,24.9,200748,,WC,Venus Williams,R,185,USA,45.5,6-7(5) 6-3 6-4,3,R128,137,5,1,94,69,44,17,16,1,4,9,5,102,61,45,14,15,3,8,69,981,578,82
2026-580,Australian Open,Hard,128,G,20260119,118,204411,,Q,Storm Hunter,L,166,AUS,31.4,222601,,,Jessica Bouzas Maneiro,R,,ESP,23.3,6-4 6-4,3,R128,86,2,7,66,36,23,15,10,4,7,1,6,68,44,27,7,10,4,9,367,169,40,1262
2026-580,Australian Open,Hard,128,G,20260119,119,221024,,,Hailey Baptiste,R,,USA,24.2,203501,,LL,Taylor Townsend,L,170,USA,29.7,6-3 6-7(3) 6-3,3,R128,158,9,4,124,73,55,25,15,9,10,5,1,102,82,53,10,15,12,15,70,979,116,652
2026-580,Australian Open,Hard,128,G,20260119,120,214096,19,,Karolina Muchova,R,178,CZE,29.4,211713,,,Jaqueline Cristian,R,180,ROU,27.6,6-3 7-6(6),3,R128,113,2,2,71,43,26,19,11,3,6,2,8,81,45,28,15,10,12,16,19,2083,35,1427
2026-580,Australian Open,Hard,128,G,20260119,121,219917,,,Alycia Parks,R,185,USA,25.0,223253,,,Alexandra Eala,L,173,PHI,20.6,0-6 6-3 6-2,3,R128,115,12,10,94,60,41,11,12,13,17,1,5,70,41,28,13,11,4,8,99,770,49,1159
2026-580,Australian Open,Hard,128,G,20260119,122,215983,,,Ann Li,R,170,USA,25.5,215785,,,Camila Osorio,R,162,COL,24.0,6-4 6-7(5) 7-5,3,R128,152,6,2,116,62,49,28,17,3,5,4,3,111,71,51,22,17,7,11,38,1316,84,840
2026-580,Australian Open,Hard,128,G,20260119,123,202663,,,Magda Linette,R,171,POL,33.9,215613,15,,Emma Navarro,R,,USA,24.6,3-6 6-3 6-3,3,R128,121,4,4,78,42,34,16,14,1,3,4,5,89,55,35,19,13,3,7,50,1157,15,2515
2026-580,Australian Open,Hard,128,G,20260119,124,202494,12,,Elina Svitolina,R,174,UKR,31.3,213710,,,Cristina Bucsa,R,,ESP,28.0,6-4 6-1,3,R128,69,1,3,49,24,16,16,9,1,2,1,6,63,43,25,5,8,5,10,12,2856,52,1134
2026-580,Australian Open,Hard,128,G,20260119,125,221626,,Q,Linda Klimovicova,R,,CZE,21.5,215936,,,Francesca Jones,R,,GBR,25.3,6-2 3-2 RET,3,R128,64,5,3,35,17,15,11,7,2,2,1,2,45,30,15,7,6,2,5,134,538,71,951
2026-580,Australian Open,Hard,128,G,20260119,126,221883,,WC,Talia Gibson,R,,AUS,21.5,215020,,,Anna Blinkova,R,179,RUS,27.3,6-1 6-3,3,R128,76,5,4,51,29,21,13,8,3,4,1,1,61,41,22,7,8,5,10,119,634,64,1016
2026-580,Australian Open,Hard,128,G,20260119,127,223670,23,,Diana Shnaider,L,,RUS,21.7,206252,,,Barbora Krejcikova,R,178,CZE,30.0,2-6 6-3 6-3,3,R128,132,3,4,87,58,37,15,13,7,10,5,6,98,61,38,19,13,7,11,22,1953,58,1081
2026-580,Australian Open,Hard,128,G,20260119,128,211817,,,Elena Gabriela Ruse,R,,ROU,28.2,215035,26,,Dayana Yastremska,R,175,UKR,25.6,6-4 7-5,3,R128,108,1,5,64,38,30,10,11,3,6,0,6,86,50,31,15,11,9,14,79,872,28,1610
2026-580,Australian Open,Hard,128,G,20260119,129,201548,,,Ajla Tomljanovic,R,180,AUS,32.7,263857,,Q,Yuliia Starodubtseva,R,,UKR,25.9,4-6 7-6(3) 6-1,3,R128,150,1,5,88,61,43,11,15,7,11,5,3,95,57,34,18,14,6,12,78,881,110,701
2026-580,Australian Open,Hard,128,G,20260119,130,206289,,,Maria Sakkari,R,172,GRE,30.4,206417,,,Leolia Jeanjean,R,,FRA,30.4,6-4 6-2,3,R128,78,4,0,45,36,26,8,9,0,1,3,3,50,29,15,9,9,1,5,53,1133,103,760
2026-580,Australian Open,Hard,128,G,20260119,131,259799,8,,Mirra Andreeva,R,,RUS,18.7,202499,,,Donna Vekic,R,179,CRO,29.5,4-6 6-3 6-0,3,R128,114,1,3,71,46,37,13,13,1,3,2,4,79,44,25,16,12,6,11,7,4731,72,935
2026-580,Australian Open,Hard,128,G,20260119,132,202468,6,,Jessica Pegula,R,170,USA,31.9,220435,,,Anastasia Zakharova,R,,RUS,24.0,6-2 6-1,3,R128,66,9,2,37,23,18,9,8,2,3,2,3,62,34,16,9,7,9,15,6,5453,105,742
2026-580,Australian Open,Hard,128,G,20260119,133,220520,,,Mccartney Kessler,R,,USA,26.5,215306,,,Emiliana Arango,R,,COL,25.1,6-3 6-2,3,R128,70,1,2,71,47,29,15,9,7,8,0,0,38,26,13,5,8,1,5,37,1335,51,1149
2026-580,Australian Open,Hard,128,G,20260119,134,221407,,,Oksana Selekhmeteva,L,,RUS,23.0,230870,,,Ella Seidel,R,,GER,20.9,6-3 3-6 6-0,3,R128,107,2,6,73,50,32,11,12,3,6,3,2,82,44,28,13,12,4,10,101,769,82,850
2026-580,Australian Open,Hard,128,G,20260119,135,211651,25,,Paula Badosa,R,180,ESP,28.1,201610,,WC,Zarina Diyas,R,172,KAZ,32.2,6-2 6-4,3,R128,80,5,6,66,36,28,14,9,4,5,1,3,60,41,25,6,9,5,9,26,1676,290,232
2026-580,Australian Open,Hard,128,G,20260119,136,222145,,,Janice Tjen,R,,INA,23.7,220367,22,,Leylah Fernandez,L,168,CAN,23.3,6-2 7-6(1),3,R128,103,4,6,74,38,28,18,10,6,8,2,5,65,36,20,15,10,3,7,59,1075,23,1821
2026-580,Australian Open,Hard,128,G,20260119,137,201662,,,Karolina Pliskova,R,184,CZE,33.8,201585,,Q,Sloane Stephens,R,170,USA,32.8,7-6(7) 6-2,3,R128,93,3,8,69,46,29,8,10,4,8,2,2,71,55,30,4,10,1,7,1057,16,1102,14
2026-580,Australian Open,Hard,128,G,20260119,138,221909,,,Ashlyn Krueger,R,185,USA,21.7,239383,,,Sara Bejlek,L,,CZE,19.9,6-3 6-3,3,R128,80,1,3,61,46,28,8,9,6,8,0,3,55,30,14,13,9,7,12,62,1026,89,821
2026-580,Australian Open,Hard,128,G,20260119,139,201619,9,,Madison Keys,R,178,USA,30.9,220716,,,Oleksandra Oliynykova,R,,UKR,25.0,7-6(6) 6-1,3,R128,100,2,8,61,39,28,9,10,4,7,1,1,80,59,29,8,9,3,9,9,4111,92,804
2026-580,Australian Open,Hard,128,G,20260119,140,222328,13,,Linda Noskova,R,,CZE,21.1,221985,,,Darja Semenistaja,L,,LAT,23.3,6-3 6-0,3,R128,58,9,2,43,27,21,7,8,4,5,2,3,50,32,16,4,7,1,7,13,2641,98,779
2026-580,Australian Open,Hard,128,G,20260119,141,223194,,WC,Taylah Preston,R,,AUS,20.2,201533,,,Shuai Zhang,R,177,CHN,36.9,6-3 2-6 6-3,3,R128,93,2,4,76,47,28,12,13,4,9,2,2,77,45,26,14,13,3,9,161,443,75,899
2026-580,Australian Open,Hard,128,G,20260119,142,216133,,,Xin Yu Wang,R,182,CHN,24.3,211843,,Q,Anhelina Kalinina,R,179,UKR,28.9,6-3 6-3,3,R128,93,10,2,56,31,25,13,9,1,2,1,2,65,43,26,8,9,4,8,46,1197,179,393
2026-580,Australian Open,Hard,128,G,20260119,143,211533,24,,Jelena Ostapenko,R,177,LAT,28.6,211685,,,Rebecca Sramkova,R,,SVK,29.2,6-4 6-4,3,R128,77,4,4,60,32,26,12,10,5,7,5,3,62,39,25,9,10,2,6,24,1741,73,914
2026-580,Australian Open,Hard,128,G,20260119,144,220548,,,Peyton Stearns,R,,USA,24.2,213550,27,,Sofia Kenin,R,170,USA,27.1,6-3 6-2,3,R128,74,15,1,53,28,24,15,9,1,1,1,4,55,34,22,9,8,4,7,68,987,30,1567
2026-580,Australian Open,Hard,128,G,20260119,145,238075,,,Petra Marcinko,U,,CRO,20.1,213583,,,Tatjana Maria,R,172,GER,38.4,6-3 7-5,3,R128,88,1,1,56,39,28,8,11,1,4,7,2,73,34,24,13,10,5,10,81,854,42,1232
2026-580,Australian Open,Hard,128,G,20260119,146,211701,,,Katerina Siniakova,R,174,CZE,29.6,215910,,,Panna Udvardy,R,170,HUN,27.3,6-1 6-2,3,R128,59,3,3,45,32,24,7,8,1,2,1,2,42,20,12,6,7,6,11,45,1215,90,819
2026-580,Australian Open,Hard,128,G,20260119,147,216153,4,,Amanda Anisimova,R,180,USA,24.3,215899,,,Simona Waltert,R,,SUI,25.1,6-3 6-2,3,R128,60,2,3,45,30,24,9,9,0,1,2,6,45,25,15,9,8,2,6,4,6320,87,824
2026-580,Australian Open,Hard,128,G,20260119,148,214981,5,,Elena Rybakina,R,184,KAZ,26.5,215219,,,Kaja Juvan,R,170,SLO,25.1,6-4 6-3,3,R128,72,5,0,56,35,29,13,10,1,1,2,2,56,35,26,8,9,0,2,5,5850,100,770
2026-580,Australian Open,Hard,128,G,20260119,149,219875,,,Varvara Gracheva,R,,FRA,25.4,203530,,,Viktorija Golubic,R,169,SUI,33.2,6-1 2-6 6-1,3,R128,101,2,7,79,50,29,15,11,5,9,1,6,72,53,27,6,11,3,10,77,887,83,841
2026-580,Australian Open,Hard,128,G,20260119,150,222258,,Q,Linda Fruhvirtova,R,,CZE,20.7,215138,,,Lulu Sun,L,,NZL,24.7,6-3 7-5,3,R128,92,4,5,71,45,32,9,11,0,4,2,7,80,41,24,13,10,7,13,132,548,86,825
2026-580,Australian Open,Hard,128,G,20260119,151,238184,,,Tereza Valentova,U,,CZE,18.9,233741,30,,Maya Joint,R,,AUS,19.7,6-4 6-4,3,R128,92,6,6,65,44,32,7,10,1,4,3,8,77,49,29,10,10,12,17,54,1121,31,1549
2026-580,Australian Open,Hard,128,G,20260119,152,210722,21,,Elise Mertens,R,179,BEL,30.1,222290,,Q,Lanlana Tararudee,R,,THA,21.5,7-5 6-1,3,R128,92,2,2,52,33,25,11,10,1,2,0,3,64,35,20,10,9,1,6,21,1956,131,549
2026-580,Australian Open,Hard,128,G,20260119,153,220416,,,Moyuka Uchijima,R,171,JPN,24.4,221333,,,Solana Sierra,R,,ARG,21.5,6-3 6-1,3,R128,63,3,1,46,29,23,9,8,1,2,1,5,58,27,12,16,8,8,13,88,822,63,1018
2026-580,Australian Open,Hard,128,G,20260119,154,223360,,Q,Nikola Bartunkova,R,,CZE,19.8,214082,,,Daria Kasatkina,R,170,AUS,28.7,7-6(7) 0-6 6-3,3,R128,123,2,6,86,44,27,16,14,7,14,2,8,76,49,29,10,13,1,6,126,582,43,1227
2026-580,Australian Open,Hard,128,G,20260119,155,202505,10,,Belinda Bencic,R,175,SUI,28.8,211107,,,Katie Boulter,R,180,GBR,29.4,6-0 7-5,3,R128,87,1,2,51,32,25,11,9,2,3,3,5,52,28,17,8,9,6,11,10,3512,113,684
2026-580,Australian Open,Hard,128,G,20260119,156,211768,16,,Naomi Osaka,R,180,JPN,28.2,222045,,,Antonia Ruzic,R,,CRO,22.9,6-3 3-6 6-4,3,R128,142,11,2,91,62,45,10,14,2,6,0,5,103,70,41,15,14,7,12,17,2366,65,1008
2026-580,Australian Open,Hard,128,G,20260119,157,201514,,,Sorana Cirstea,R,176,ROU,35.7,220332,,,Eva Lys,R,165,GER,24.0,3-6 6-4 6-3,3,R128,130,9,3,101,58,38,20,14,7,11,0,2,89,63,37,14,14,6,11,41,1249,39,1303
2026-580,Australian Open,Hard,128,G,20260119,158,213666,,Q,Maddison Inglis,R,171,AUS,28.0,214040,,,Kimberly Birrell,R,170,AUS,27.7,7-6(6) 6-7(9) 6-4,3,R128,181,3,1,109,77,54,18,17,1,4,5,7,111,68,48,21,17,1,5,168,418,76,892
2026-580,Australian Open,Hard,128,G,20260119,159,201696,,,Laura Siegemund,R,168,GER,37.8,214643,18,,Liudmila Samsonova,R,180,RUS,27.1,0-6 7-5 6-4,3,R128,151,1,3,89,68,39,9,14,9,15,2,5,83,56,36,11,14,2,7,48,1171,18,2122
2026-580,Australian Open,Hard,128,G,20260119,160,214939,31,,Anna Kalinskaya,R,175,RUS,27.1,222661,,,Sonay Kartal,R,,GBR,24.2,7-6(3) 6-1,3,R128,98,2,0,68,48,35,11,10,1,2,1,2,68,39,24,14,9,4,7,33,1511,66,1004
2026-580,Australian Open,Hard,128,G,20260119,161,211814,,,Julia Grabher,R,170,AUT,29.5,220714,,,Elisabetta Cocciaretto,R,,ITA,24.9,7-5 2-6 6-4,3,R128,149,5,10,100,53,33,18,15,10,16,1,2,91,57,36,17,15,6,12,95,799,56,1099
2026-580,Australian Open,Hard,128,G,20260119,162,213631,,,Marie Bouzkova,R,180,CZE,27.4,213887,,,Renata Zarazua,R,,MEX,28.3,6-2 7-5,3,R128,133,0,4,72,52,34,9,10,8,10,0,0,71,60,24,9,10,5,10,44,1225,80,855
2026-580,Australian Open,Hard,128,G,20260119,163,216347,2,,Iga Swiatek,R,176,POL,24.6,206294,,Q,Yue Yuan,R,184,CHN,27.3,7-6(5) 6-3,3,R128,120,3,3,72,43,31,12,11,4,7,2,0,82,48,29,13,10,5,10,2,8328,130,552
2026-580,Australian Open,Hard,128,G,20260119,164,214544,1,,Aryna Sabalenka,R,182,BLR,27.7,222296,,Q,Zhuoxuan Bai,R,,CHN,23.1,6-3 6-1,3,R64,72,4,1,54,39,25,9,8,1,2,2,2,58,33,20,4,8,7,12,1,10990,702,55
2026-580,Australian Open,Hard,128,G,20260119,165,215713,,,Anastasia Potapova,R,175,RUS,24.8,221054,28,,Emma Raducanu,R,175,GBR,23.1,7-6(3) 6-2,3,R64,92,3,3,68,36,23,14,10,2,6,1,2,60,41,19,8,10,2,8,55,1106,29,1607
2026-580,Australian Open,Hard,128,G,20260119,166,239475,17,,Victoria Mboko,R,,CAN,19.4,216083,,,Caty Mcnally,R,,USA,24.1,6-4 6-3,3,R64,92,1,2,59,35,21,14,10,4,7,0,6,66,43,26,6,9,5,10,16,2447,85,836
2026-580,Australian Open,Hard,128,G,20260119,167,220704,14,,Clara Tauson,R,182,DEN,23.0,221236,,,Polina Kudermetova,R,,UZB,22.6,6-3 3-6 7-5,3,R64,113,12,2,80,51,33,14,15,4,10,4,10,90,47,36,10,15,1,8,14,2530,150,490
2026-580,Australian Open,Hard,128,G,20260119,168,220309,,Q,Zeynep Sonmez,R,,TUR,23.7,214388,,,Anna Bondar,R,,HUN,28.6,6-2 6-4,3,R64,90,1,1,49,24,16,16,9,0,1,2,3,56,31,21,10,9,3,7,112,694,74,913
2026-580,Australian Open,Hard,128,G,20260119,169,201709,,,Yulia Putintseva,R,163,KAZ,31.0,221039,,,Elsa Jacquemot,R,,FRA,22.7,6-1 6-2,3,R64,74,0,1,54,43,31,4,8,6,7,1,2,48,32,16,5,7,1,6,94,799,60,1070
2026-580,Australian Open,Hard,128,G,20260119,170,260300,29,,Iva Jovic,R,,USA,18.1,211880,,WC,Priscilla Hon,R,171,AUS,27.6,6-1 6-2,3,R64,71,2,2,41,29,22,8,8,0,1,4,3,52,28,13,9,7,2,7,27,1671,121,620
2026-580,Australian Open,Hard,128,G,20260119,171,211148,7,,Jasmine Paolini,R,160,ITA,30.0,211684,,,Magdalena Frech,R,171,POL,28.0,6-2 6-3,3,R64,107,0,0,77,47,31,11,9,11,14,0,1,64,35,14,15,8,4,10,8,4267,57,1093
2026-580,Australian Open,Hard,128,G,20260119,172,221103,3,,Coco Gauff,R,175,USA,21.8,215337,,,Olga Danilovic,L,,SRB,24.9,6-2 6-2,3,R64,78,1,4,46,31,26,5,8,1,2,2,2,68,44,22,10,8,12,17,3,6423,69,981
2026-580,Australian Open,Hard,128,G,20260119,173,221024,,,Hailey Baptiste,R,,USA,24.2,204411,,Q,Storm Hunter,L,166,AUS,31.4,6-2 6-1,3,R64,63,2,2,44,28,21,9,8,2,3,0,3,53,42,17,6,7,7,12,70,979,367,169
2026-580,Australian Open,Hard,128,G,20260119,174,214096,19,,Karolina Muchova,R,178,CZE,29.4,219917,,,Alycia Parks,R,185,USA,25.0,4-6 6-4 6-4,3,R64,157,3,5,108,64,42,24,15,9,12,11,5,103,60,43,18,15,9,13,19,2083,99,770
2026-580,Australian Open,Hard,128,G,20260119,175,202663,,,Magda Linette,R,171,POL,33.9,215983,,,Ann Li,R,170,USA,25.5,6-3 6-3,3,R64,106,3,3,76,44,29,17,9,4,5,0,4,75,45,28,9,9,5,9,50,1157,38,1316
2026-580,Australian Open,Hard,128,G,20260119,176,202494,12,,Elina Svitolina,R,174,UKR,31.3,221626,,Q,Linda Klimovicova,R,,CZE,21.5,7-5 6-1,3,R64,75,3,2,61,39,30,11,10,5,6,3,3,55,27,17,11,9,2,6,12,2856,134,538
2026-580,Australian Open,Hard,128,G,20260119,177,223670,23,,Diana Shnaider,L,,RUS,21.7,221883,,WC,Talia Gibson,R,,AUS,21.5,3-6 7-5 6-3,3,R64,133,7,4,96,59,39,17,15,6,11,8,6,99,51,33,20,15,4,10,22,1953,119,634
2026-580,Australian Open,Hard,128,G,20260119,178,211817,,,Elena Gabriela Ruse,R,,ROU,28.2,201548,,,Ajla Tomljanovic,R,180,AUS,32.7,6-4 6-4,3,R64,89,3,1,55,32,26,13,10,0,1,1,7,73,54,32,9,10,7,10,79,872,78,881
2026-580,Australian Open,Hard,128,G,20260119,179,259799,8,,Mirra Andreeva,R,,RUS,18.7,206289,,,Maria Sakkari,R,172,GRE,30.4,6-0 6-4,3,R64,67,1,4,50,33,21,10,8,3,4,1,0,45,34,14,7,8,6,11,7,4731,53,1133
2026-580,Australian Open,Hard,128,G,20260119,180,202468,6,,Jessica Pegula,R,170,USA,31.9,220520,,,Mccartney Kessler,R,,USA,26.5,6-0 6-2,3,R64,58,0,0,40,30,22,6,7,1,2,3,2,39,24,12,2,7,3,9,6,5453,37,1335
2026-580,Australian Open,Hard,128,G,20260119,181,221407,,,Oksana Selekhmeteva,L,,RUS,23.0,211651,25,,Paula Badosa,R,180,ESP,28.1,6-4 6-4,3,R64,99,0,7,77,48,29,14,10,9,12,4,6,64,35,21,13,10,6,11,101,769,26,1676
2026-580,Australian Open,Hard,128,G,20260119,182,201662,,,Karolina Pliskova,R,184,CZE,33.8,222145,,,Janice Tjen,R,,INA,23.7,6-4 6-4,3,R64,98,3,2,76,49,33,17,10,4,4,7,3,64,39,27,13,10,2,4,1057,16,59,1075
2026-580,Australian Open,Hard,128,G,20260119,183,201619,9,,Madison Keys,R,178,USA,30.9,221909,,,Ashlyn Krueger,R,185,USA,21.7,6-1 7-5,3,R64,73,1,4,53,33,23,10,10,0,2,2,5,58,40,20,8,9,5,11,9,4111,62,1026
2026-580,Australian Open,Hard,128,G,20260119,184,222328,13,,Linda Noskova,R,,CZE,21.1,223194,,WC,Taylah Preston,R,,AUS,20.2,6-2 4-6 6-2,3,R64,104,11,4,89,45,30,22,13,9,12,4,4,80,45,26,15,13,2,8,13,2641,161,443
2026-580,Australian Open,Hard,128,G,20260119,185,216133,,,Xin Yu Wang,R,182,CHN,24.3,211533,24,,Jelena Ostapenko,R,177,LAT,28.6,4-6 6-4 6-4,3,R64,139,6,3,108,73,46,12,15,11,18,1,6,93,56,35,9,15,8,16,46,1197,24,1741
2026-580,Australian Open,Hard,128,G,20260119,186,220548,,,Peyton Stearns,R,,USA,24.2,238075,,,Petra Marcinko,U,,CRO,20.1,6-2 7-5,3,R64,80,4,1,68,37,31,15,10,5,6,3,5,51,29,20,10,10,0,4,68,987,81,854
2026-580,Australian Open,Hard,128,G,20260119,187,216153,4,,Amanda Anisimova,R,180,USA,24.3,211701,,,Katerina Siniakova,R,174,CZE,29.6,6-1 6-4,3,R64,103,3,8,86,51,37,15,9,12,13,1,7,68,39,24,9,8,10,14,4,6320,45,1215
2026-580,Australian Open,Hard,128,G,20260119,188,214981,5,,Elena Rybakina,R,184,KAZ,26.5,219875,,,Varvara Gracheva,R,,FRA,25.4,7-5 6-2,3,R64,75,5,0,58,34,26,14,10,5,7,3,2,56,35,20,9,10,2,7,5,5850,77,887
2026-580,Australian Open,Hard,128,G,20260119,189,238184,,,Tereza Valentova,U,,CZE,18.9,222258,,Q,Linda Fruhvirtova,R,,CZE,20.7,7-5 2-6 6-3,3,R64,161,1,3,99,54,33,19,15,6,12,4,8,112,64,39,16,14,10,17,54,1121,132,548
2026-580,Australian Open,Hard,128,G,20260119,190,210722,21,,Elise Mertens,R,179,BEL,30.1,220416,,,Moyuka Uchijima,R,171,JPN,24.4,6-3 6-1,3,R64,76,2,5,45,22,17,9,8,0,2,0,4,54,26,12,9,8,3,9,21,1956,88,822
2026-580,Australian Open,Hard,128,G,20260119,191,223360,,Q,Nikola Bartunkova,R,,CZE,19.8,202505,10,,Belinda Bencic,R,175,SUI,28.8,6-3 0-6 6-4,3,R64,131,1,2,77,40,24,15,13,3,9,2,4,74,49,31,8,12,4,9,126,582,10,3512
2026-580,Australian Open,Hard,128,G,20260119,192,211768,16,,Naomi Osaka,R,180,JPN,28.2,201514,,,Sorana Cirstea,R,176,ROU,35.7,6-3 4-6 6-2,3,R64,120,3,0,83,54,37,16,14,5,8,1,0,73,46,26,16,13,3,8,17,2366,41,1249
2026-580,Australian Open,Hard,128,G,20260119,193,213666,,Q,Maddison Inglis,R,171,AUS,28.0,201696,,,Laura Siegemund,R,168,GER,37.8,6-4 6-7(3) 7-6(7),3,R64,200,2,3,110,68,42,22,17,5,10,7,4,116,82,51,16,17,4,10,168,418,48,1171
2026-580,Australian Open,Hard,128,G,20260119,194,214939,31,,Anna Kalinskaya,R,175,RUS,27.1,211814,,,Julia Grabher,R,170,AUT,29.5,6-3 6-3,3,R64,73,2,3,51,32,21,10,9,2,5,2,4,64,42,24,4,9,3,9,33,1511,95,799
2026-580,Australian Open,Hard,128,G,20260119,195,216347,2,,Iga Swiatek,R,176,POL,24.6,213631,,,Marie Bouzkova,R,180,CZE,27.4,6-2 6-3,3,R64,79,3,1,56,38,27,9,9,2,4,0,4,50,31,14,9,8,3,8,2,8328,44,1225
2026-580,Australian Open,Hard,128,G,20260119,196,214544,1,,Aryna Sabalenka,R,182,BLR,27.7,215713,,,Anastasia Potapova,R,175,RUS,24.8,7-6(4) 7-6(7),3,R32,122,3,2,86,63,38,15,12,3,7,2,6,91,44,26,23,12,4,8,1,10990,55,1106
2026-580,Australian Open,Hard,128,G,20260119,197,239475,17,,Victoria Mboko,R,,CAN,19.4,220704,14,,Clara Tauson,R,182,DEN,23.0,7-6(5) 5-7 6-3,3,R32,139,6,9,99,63,42,17,17,1,6,5,4,102,62,39,21,16,8,13,16,2447,14,2530
2026-580,Australian Open,Hard,128,G,20260119,198,201709,,,Yulia Putintseva,R,163,KAZ,31.0,220309,,Q,Zeynep Sonmez,R,,TUR,23.7,6-3 6-7(3) 6-3,3,R32,154,2,1,106,77,52,11,15,9,13,1,4,93,61,38,12,15,7,13,94,799,112,694
2026-580,Australian Open,Hard,128,G,20260119,199,260300,29,,Iva Jovic,R,,USA,18.1,211148,7,,Jasmine Paolini,R,160,ITA,30.0,6-2 7-6(3),3,R32,106,3,2,59,34,20,14,10,2,6,0,0,71,46,23,10,10,6,12,27,1671,8,4267
2026-580,Australian Open,Hard,128,G,20260119,200,221103,3,,Coco Gauff,R,175,USA,21.8,221024,,,Hailey Baptiste,R,,USA,24.2,3-6 6-0 6-3,3,R32,110,0,6,61,40,33,10,12,1,3,2,2,93,55,33,17,12,5,10,3,6423,70,979
2026-580,Australian Open,Hard,128,G,20260119,201,214096,19,,Karolina Muchova,R,178,CZE,29.4,202663,,,Magda Linette,R,171,POL,33.9,6-1 6-1,3,R32,63,1,1,38,21,19,10,7,1,1,2,4,49,29,12,9,7,4,9,19,2083,50,1157
2026-580,Australian Open,Hard,128,G,20260119,202,202494,12,,Elina Svitolina,R,174,UKR,31.3,223670,23,,Diana Shnaider,L,,RUS,21.7,7-6(4) 6-3,3,R32,93,5,5,77,43,30,16,11,1,5,0,3,63,37,22,10,10,1,6,12,2856,22,1953
2026-580,Australian Open,Hard,128,G,20260119,203,259799,8,,Mirra Andreeva,R,,RUS,18.7,211817,,,Elena Gabriela Ruse,R,,ROU,28.2,6-3 6-4,3,R32,95,1,3,64,41,27,14,10,6,8,0,3,62,38,24,8,9,3,7,7,4731,79,872
2026-580,Australian Open,Hard,128,G,20260119,204,202468,6,,Jessica Pegula,R,170,USA,31.9,221407,,,Oksana Selekhmeteva,L,,RUS,23.0,6-3 6-2,3,R32,66,0,0,43,25,22,11,9,2,2,3,0,61,47,27,5,8,4,8,6,5453,101,769
2026-580,Australian Open,Hard,128,G,20260119,205,201619,9,,Madison Keys,R,178,USA,30.9,201662,,,Karolina Pliskova,R,184,CZE,33.8,6-3 6-3,3,R32,75,6,5,54,37,28,8,9,1,2,1,6,70,48,27,10,9,5,9,9,4111,1057,16
2026-580,Australian Open,Hard,128,G,20260119,206,216133,,,Xin Yu Wang,R,182,CHN,24.3,222328,13,,Linda Noskova,R,,CZE,21.1,7-5 6-4,3,R32,87,5,5,71,38,29,16,11,6,8,4,4,61,36,27,10,11,1,5,46,1197,13,2641
2026-580,Australian Open,Hard,128,G,20260119,207,216153,4,,Amanda Anisimova,R,180,USA,24.3,220548,,,Peyton Stearns,R,,USA,24.2,6-1 6-4,3,R32,71,4,7,61,37,28,9,9,6,8,2,1,46,25,15,6,8,3,8,4,6320,68,987
2026-580,Australian Open,Hard,128,G,20260119,208,214981,5,,Elena Rybakina,R,184,KAZ,26.5,238184,,,Tereza Valentova,U,,CZE,18.9,6-2 6-3,3,R32,82,4,1,61,38,24,14,9,7,9,4,8,58,29,19,9,8,2,7,5,5850,54,1121
2026-580,Australian Open,Hard,128,G,20260119,209,210722,21,,Elise Mertens,R,179,BEL,30.1,223360,,Q,Nikola Bartunkova,R,,CZE,19.8,6-0 6-4,3,R32,76,8,2,49,34,27,6,8,1,2,1,3,56,37,21,4,8,5,10,21,1956,126,582
2026-580,Australian Open,Hard,128,G,20260119,210,213666,,Q,Maddison Inglis,R,171,AUS,28.0,211768,16,,Naomi Osaka,R,180,JPN,28.2,W/O,3,R32,0,,,,,,,,,,,,,,,,,,,168,418,17,2366
2026-580,Australian Open,Hard,128,G,20260119,211,216347,2,,Iga Swiatek,R,176,POL,24.6,214939,31,,Anna Kalinskaya,R,175,RUS,27.1,6-1 1-6 6-1,3,R32,104,2,4,68,41,27,14,11,4,7,2,2,68,48,23,12,10,6,11,2,8328,33,1511
2026-580,Australian Open,Hard,128,G,20260119,212,214544,1,,Aryna Sabalenka,R,182,BLR,27.7,239475,17,,Victoria Mboko,R,,CAN,19.4,6-1 7-6(1),3,R16,86,6,3,78,53,34,13,10,4,6,3,3,53,35,18,7,9,1,5,1,10990,16,2447
2026-580,Australian Open,Hard,128,G,20260119,213,260300,29,,Iva Jovic,R,,USA,18.1,201709,,,Yulia Putintseva,R,163,KAZ,31.0,6-0 6-1,3,R16,53,3,1,38,27,18,8,7,3,4,0,3,36,22,6,5,6,6,12,27,1671,94,799
2026-580,Australian Open,Hard,128,G,20260119,214,221103,3,,Coco Gauff,R,175,USA,21.8,214096,19,,Karolina Muchova,R,178,CZE,29.4,6-1 3-6 6-3,3,R16,119,2,3,80,54,35,18,13,3,5,2,1,75,58,35,9,12,4,8,3,6423,19,2083
2026-580,Australian Open,Hard,128,G,20260119,215,202494,12,,Elina Svitolina,R,174,UKR,31.3,259799,8,,Mirra Andreeva,R,,RUS,18.7,6-2 6-4,3,R16,83,4,1,61,37,22,13,9,7,9,1,3,58,38,24,5,9,5,10,12,2856,7,4731
2026-580,Australian Open,Hard,128,G,20260119,216,202468,6,,Jessica Pegula,R,170,USA,31.9,201619,9,,Madison Keys,R,178,USA,30.9,6-3 6-4,3,R16,78,2,1,66,39,27,13,10,4,6,4,6,59,37,23,7,9,1,5,6,5453,9,4111
2026-580,Australian Open,Hard,128,G,20260119,217,216153,4,,Amanda Anisimova,R,180,USA,24.3,216133,,,Xin Yu Wang,R,182,CHN,24.3,7-6(4) 6-4,3,R16,102,7,1,58,43,33,12,11,0,1,6,3,85,62,42,12,11,8,10,4,6320,46,1197
2026-580,Australian Open,Hard,128,G,20260119,218,214981,5,,Elena Rybakina,R,184,KAZ,26.5,210722,21,,Elise Mertens,R,179,BEL,30.1,6-1 6-3,3,R16,77,10,1,49,32,23,12,8,1,1,3,6,60,28,19,11,8,5,9,5,5850,21,1956
2026-580,Australian Open,Hard,128,G,20260119,219,216347,2,,Iga Swiatek,R,176,POL,24.6,213666,,Q,Maddison Inglis,R,171,AUS,28.0,6-0 6-3,3,R16,73,0,1,43,24,20,12,8,2,3,1,1,49,29,14,7,7,1,6,2,8328,168,418
2026-580,Australian Open,Hard,128,G,20260119,220,214544,1,,Aryna Sabalenka,R,182,BLR,27.7,260300,29,,Iva Jovic,R,,USA,18.1,6-3 6-0,3,QF,89,7,3,56,36,30,8,8,5,5,1,1,56,33,18,9,7,5,9,1,10990,27,1671
2026-580,Australian Open,Hard,128,G,20260119,221,202494,12,,Elina Svitolina,R,174,UKR,31.3,221103,3,,Coco Gauff,R,175,USA,21.8,6-1 6-2,3,QF,59,4,0,45,31,22,7,8,1,2,0,5,43,32,13,2,7,1,7,12,2856,3,6423
2026-580,Australian Open,Hard,128,G,20260119,222,202468,6,,Jessica Pegula,R,170,USA,31.9,216153,4,,Amanda Anisimova,R,180,USA,24.3,6-2 7-6(1),3,QF,95,6,2,62,37,26,16,10,2,4,2,7,71,43,25,11,10,7,11,6,5453,4,6320
2026-580,Australian Open,Hard,128,G,20260119,223,214981,5,,Elena Rybakina,R,184,KAZ,26.5,216347,2,,Iga Swiatek,R,176,POL,24.6,7-5 6-1,3,QF,95,11,3,59,29,23,17,10,3,4,3,1,55,30,18,10,9,3,7,5,5850,2,8328
2026-580,Australian Open,Hard,128,G,20260119,224,214544,1,,Aryna Sabalenka,R,182,BLR,27.7,202494,12,,Elina Svitolina,R,174,UKR,31.3,6-2 6-3,3,SF,76,0,1,54,36,25,12,9,3,4,2,3,57,32,18,11,8,3,7,1,10990,12,2856
2026-580,Australian Open,Hard,128,G,20260119,225,214981,5,,Elena Rybakina,R,184,KAZ,26.5,202468,6,,Jessica Pegula,R,170,USA,31.9,6-3 7-6(7),3,SF,100,6,0,73,40,29,16,11,1,4,2,0,76,49,30,10,10,6,10,5,5850,6,5453
2026-580,Australian Open,Hard,128,G,20260119,226,214981,5,,Elena Rybakina,R,184,KAZ,26.5,214544,1,,Aryna Sabalenka,R,182,BLR,27.7,6-4 4-6 6-4,3,F,138,6,3,98,54,41,21,15,6,8,5,2,86,53,40,16,15,3,6,5,5850,1,10990
