tourney_id,tourney_name,surface,draw_size,tourney_level,tourney_date,match_num,winner_id,winner_seed,winner_entry,winner_name,winner_hand,winner_ht,winner_ioc,winner_age,loser_id,loser_seed,loser_entry,loser_name,loser_hand,loser_ht,loser_ioc,loser_age,score,best_of,round,minutes,w_ace,w_df,w_svpt,w_1stIn,w_1stWon,w_2ndWon,w_SvGms,w_bpSaved,w_bpFaced,l_ace,l_df,l_svpt,l_1stIn,l_1stWon,l_2ndWon,l_SvGms,l_bpSaved,l_bpFaced,winner_rank,winner_rank_points,loser_rank,loser_rank_points
2000-580,Australian Open,Hard,128,G,20000117,1,101736,1,,Andre Agassi,R,180,USA,29.7,103264,,,Mariano Puerta,L,180,ARG,21.3,6-2 6-2 6-3,5,R128,87,6,1,61,40,32,17,13,1,1,7,4,79,49,31,8,12,4,10,1,4135,112,353
2000-580,Australian Open,Hard,128,G,20000117,2,102854,,,Sjeng Schalken,R,193,NED,23.3,102869,,,Galo Blanco,R,173,ESP,23.2,7-6(8) 6-4 7-6(2),5,R128,136,3,5,115,77,57,22,17,4,5,5,7,123,66,50,28,17,4,6,47,728,77,518
2000-580,Australian Open,Hard,128,G,20000117,3,103151,,,Mariano Zabaleta,R,183,ARG,21.8,102456,,,Felix Mantilla,R,180,ESP,25.3,6-1 5-7 6-3 7-6(5),5,R128,174,10,6,111,52,42,33,20,2,5,2,3,146,90,55,27,20,9,15,33,936,27,1111
2000-580,Australian Open,Hard,128,G,20000117,4,101889,,WC,Todd Woodbridge,R,178,AUS,28.7,101733,,,Jan Siemerink,L,183,NED,29.7,6-4 6-1 6-3,5,R128,102,1,2,82,56,42,14,13,2,2,4,4,79,43,27,15,13,3,8,204,166,93,432
2000-580,Australian Open,Hard,128,G,20000117,5,102776,,,Andrew Ilie,R,180,AUS,23.7,101543,,,Jeff Tarango,L,180,USA,31.1,6-3 7-6(4) 4-6 6-3,5,R128,147,17,5,146,76,54,40,20,6,10,7,9,113,61,48,21,20,5,10,46,732,65,599
2000-580,Australian Open,Hard,128,G,20000117,6,102562,,,Jiri Novak,R,190,CZE,24.8,103182,,,Markus Hipfl,R,178,AUT,21.7,6-3 4-6 6-3 5-7 6-2,5,R128,164,14,5,146,93,71,23,24,5,10,5,7,161,93,63,27,24,7,15,37,841,75,539
2000-580,Australian Open,Hard,128,G,20000117,7,103171,,Q,Raemon Sluiter,R,185,NED,21.7,102247,,,Andrea Gaudenzi,R,183,ITA,26.4,3-6 6-1 3-6 6-3 13-11,5,R128,218,21,9,176,109,82,40,29,4,7,11,9,176,104,80,34,29,8,13,166,221,88,440
2000-580,Australian Open,Hard,128,G,20000117,8,102882,16,,Mark Philippoussis,R,196,AUS,23.1,103174,,Q,Noam Okun,R,185,ISR,21.7,6-4 6-2 2-6 3-6 6-2,5,R128,163,10,9,135,71,50,30,21,10,15,8,8,145,90,63,23,22,14,21,19,1258,189,184
2000-580,Australian Open,Hard,128,G,20000117,9,101990,9,,Richard Krajicek,R,196,NED,28.1,102148,,,Fabrice Santoro,R,178,FRA,27.1,6-1 6-2 7-5,5,R128,96,21,1,81,43,39,24,14,1,1,2,2,71,39,22,18,13,1,6,10,1717,25,1157
2000-580,Australian Open,Hard,128,G,20000117,10,102765,,,Nicolas Escude,R,185,FRA,23.7,101793,,,Jim Courier,R,185,USA,29.4,6-7(4) 6-3 7-5 6-1,5,R128,154,17,7,112,54,45,35,20,1,3,8,4,132,85,56,22,20,10,17,34,877,36,860
2000-580,Australian Open,Hard,128,G,20000117,11,102233,,Q,Leander Paes,R,178,IND,26.5,103162,,WC,Dejan Petrovic,R,,SRB,21.7,6-2 3-6 7-6(5) 6-4,5,R128,154,6,4,109,61,45,33,19,5,7,9,5,119,60,48,28,20,3,7,137,277,201,173
2000-580,Australian Open,Hard,128,G,20000117,12,103714,,,Andreas Vinciguerra,L,180,SWE,18.9,102024,,,Hernan Gumy,R,188,ARG,27.8,7-6(2) 6-1 6-1,5,R128,105,7,4,84,51,41,19,13,3,4,4,5,92,52,32,16,13,5,11,99,405,63,606
2000-580,Australian Open,Hard,128,G,20000117,13,102966,,Q,Fredrik Jonsson,R,193,SWE,22.8,102831,,,Jacobo Diaz,R,173,ESP,23.5,4-6 4-6 6-2 7-5 6-3,5,R128,189,14,3,158,100,72,33,24,6,9,7,13,160,105,70,26,25,11,16,123,313,84,453
2000-580,Australian Open,Hard,128,G,20000117,14,102271,,,Hicham Arazi,L,175,MAR,26.2,103031,,,Julian Alonso,R,185,ESP,22.4,6-3 7-6(6) 6-2,5,R128,116,4,3,86,44,35,24,14,3,5,12,4,113,66,45,16,15,9,15,41,800,111,354
2000-580,Australian Open,Hard,128,G,20000117,15,102950,,,Fernando Vicente,R,180,ESP,22.8,102238,,,Alberto Berasategui,R,173,ESP,26.5,6-0 6-2 6-2,5,R128,82,1,3,87,56,37,13,11,5,8,0,7,77,54,25,3,11,6,16,55,694,59,653
2000-580,Australian Open,Hard,128,G,20000117,16,101774,8,,Todd Martin,R,198,USA,29.5,101647,,,Byron Black,R,175,ZIM,30.2,5-7 6-7(4) 6-4 6-2 8-6,5,R128,239,39,11,210,127,99,38,28,20,22,8,4,176,122,86,31,28,9,14,9,1753,71,567
2000-580,Australian Open,Hard,128,G,20000117,17,101948,3,,Pete Sampras,R,185,USA,28.4,101885,,,Wayne Arthurs,L,190,AUS,28.8,6-4 7-5 6-4,5,R128,99,10,3,78,50,46,19,16,2,2,15,8,89,46,38,21,16,3,6,3,2419,105,366
2000-580,Australian Open,Hard,128,G,20000117,18,102025,,,Mikael Tillstrom,R,185,SWE,27.8,102205,,,Sebastien Lareau,R,183,CAN,26.7,4-6 6-4 6-2 6-1,5,R128,120,9,5,113,64,47,28,17,7,9,5,3,109,76,52,9,18,6,12,79,506,103,374
2000-580,Australian Open,Hard,128,G,20000117,19,101820,,,Marc Rosset,R,201,SUI,29.1,102965,,LL,Jamie Delgado,R,178,GBR,22.8,7-6(0) 6-3 7-6(3),5,R128,142,14,7,106,48,41,34,17,5,7,6,7,135,62,46,33,16,14,17,45,778,143,260
2000-580,Australian Open,Hard,128,G,20000117,20,102286,,Q,Wayne Black,R,170,ZIM,26.1,102998,,,Jan Michael Gambill,R,190,USA,22.6,7-6(3) 6-1 6-4,5,R128,129,11,2,112,58,44,30,14,15,17,6,6,92,31,25,26,15,2,7,151,246,57,684
2000-580,Australian Open,Hard,128,G,20000117,21,102644,,,Franco Squillari,L,183,ARG,24.4,102512,,WC,Joseph Sirianni,R,175,AUS,24.9,6-3 6-2 6-1,5,R128,92,5,8,73,31,26,22,12,4,6,3,6,89,42,20,18,12,6,14,48,723,356,78
2000-580,Australian Open,Hard,128,G,20000117,22,101185,,WC,Mark Woodforde,L,188,AUS,34.3,102106,,Q,Davide Sanguinetti,R,188,ITA,27.3,6-3 6-4 7-6(4),5,R128,116,3,4,84,50,37,21,16,1,5,9,4,108,56,38,22,15,7,13,126,301,113,353
2000-580,Australian Open,Hard,128,G,20000117,23,101792,,,Slava Dosedel,R,183,CZE,29.4,102369,,Q,Julien Boutter,R,190,FRA,25.7,7-6(4) 5-7 6-3 7-5,5,R128,177,1,2,129,94,68,20,22,4,9,21,11,157,90,56,35,23,13,19,64,603,155,243
2000-580,Australian Open,Hard,128,G,20000117,24,103387,,,Paradorn Srichaphan,R,185,THA,20.5,102344,14,,Karol Kucera,R,188,SVK,25.8,6-2 6-4 3-6 6-3,5,R128,144,6,6,120,53,36,35,18,4,8,5,10,110,34,29,33,18,4,11,102,393,18,1286
2000-580,Australian Open,Hard,128,G,20000117,25,102450,11,,Tim Henman,R,185,GBR,25.3,102259,,,Jerome Golmard,L,188,FRA,26.3,6-7(3) 6-3 7-6(4) 7-6(7),5,R128,211,30,7,162,101,82,33,23,7,7,16,6,157,85,65,42,22,10,11,13,1507,31,982
2000-580,Australian Open,Hard,128,G,20000117,26,102783,,,Rainer Schuettler,R,180,GER,23.7,102548,,,Juan Antonio Marin,R,175,CRC,24.8,6-3 6-3 6-3,5,R128,112,0,3,83,59,38,10,14,3,7,1,3,97,43,21,22,13,8,17,60,652,73,544
2000-580,Australian Open,Hard,128,G,20000117,27,102422,,WC,Michael Hill,R,188,AUS,25.5,101463,,,Bernd Karbacher,R,185,GER,31.7,6-4 6-2 6-2,5,R128,92,15,0,70,41,36,19,13,3,3,4,5,93,47,32,20,13,8,13,238,140,139,272
2000-580,Australian Open,Hard,128,G,20000117,28,103206,,,Sebastien Grosjean,R,175,FRA,21.6,102300,,WC,Gouichi Motomura,R,173,JPN,26.0,6-3 6-3 6-2,5,R128,111,2,2,80,38,26,24,13,4,7,0,6,91,55,28,14,13,11,19,26,1117,148,251
2000-580,Australian Open,Hard,128,G,20000117,29,102872,,WC,James Sekulov,R,180,AUS,23.2,103344,,,Ivan Ljubicic,R,193,CRO,20.8,7-6(5) 4-6 4-6 7-5 6-0,5,R128,221,9,7,180,99,69,43,25,20,24,13,10,174,76,53,50,25,13,19,133,281,72,561
2000-580,Australian Open,Hard,128,G,20000117,30,102162,,,Chris Woodruff,R,188,USA,27.0,210013,,,Martin Damm Sr,R,188,CZE,27.4,6-3 7-6(3) 6-3,5,R128,111,12,5,95,64,55,18,15,0,0,8,5,91,47,39,20,15,1,3,56,689,,
2000-580,Australian Open,Hard,128,G,20000117,31,102809,,,Axel Pretzsch,R,185,GER,23.5,101711,,Q,Alex Obrien,R,185,USA,29.8,7-6(1) 6-2 6-1,5,R128,99,8,1,80,50,42,17,14,2,3,5,5,78,46,30,16,13,4,9,115,345,162,231
2000-580,Australian Open,Hard,128,G,20000117,32,101735,,,Richard Fromberg,R,196,AUS,29.7,102358,6,,Thomas Enqvist,R,190,SWE,25.8,6-4 7-6(4) 4-6 3-6 10-8,5,R128,224,25,11,179,113,84,31,30,8,15,14,10,181,116,86,29,29,21,27,80,479,6,2107
2000-580,Australian Open,Hard,128,G,20000117,33,102287,,,Albert Portas,R,188,ESP,26.1,102856,5,,Gustavo Kuerten,R,190,BRA,23.3,4-6 4-6 6-4 7-6(8) 6-4,5,R128,179,13,7,182,95,71,44,26,8,14,30,4,153,73,65,37,26,4,10,91,434,5,2116
2000-580,Australian Open,Hard,128,G,20000117,34,102437,,,Adrian Voinea,R,185,ROU,25.4,102434,,,Vincent Spadea,R,183,USA,25.4,7-6(1) 4-6 4-6 6-3 6-2,5,R128,172,15,8,144,79,63,33,25,4,9,15,8,153,85,63,29,24,9,15,95,420,21,1245
2000-580,Australian Open,Hard,128,G,20000117,35,103720,,,Lleyton Hewitt,R,180,AUS,18.8,102834,,,Paul Goldstein,R,178,USA,23.4,6-2 6-7(5) 7-6(5) 6-4,5,R128,197,10,6,149,94,78,26,21,8,9,13,2,128,88,66,22,21,1,5,17,1335,87,447
2000-580,Australian Open,Hard,128,G,20000117,36,102374,,,Alex Corretja,R,180,ESP,25.7,102227,,,Sargis Sargsian,R,180,ARM,26.6,7-6(5) 6-4 6-4,5,R128,146,4,6,101,57,44,30,16,2,3,4,4,108,65,46,22,16,6,9,30,987,51,715
2000-580,Australian Open,Hard,128,G,20000117,37,102035,,,Jonas Bjorkman,R,183,SWE,27.8,101727,,,Jason Stoltenberg,R,185,AUS,29.7,6-7(6) 6-4 6-4 0-6 6-4,5,R128,189,2,10,175,96,68,41,24,6,10,14,5,150,87,68,32,24,3,7,76,518,81,469
2000-580,Australian Open,Hard,128,G,20000117,38,103181,,Q,Jiri Vanek,R,185,CZE,21.7,103193,,,Peter Wessels,R,196,NED,21.6,6-4 6-3 2-6 7-6(5),5,R128,141,9,4,125,67,49,30,19,11,15,14,3,123,78,51,28,20,3,8,153,245,114,349
2000-580,Australian Open,Hard,128,G,20000117,39,101150,,,Gianluca Pozzi,L,180,ITA,34.5,102720,,,Tomas Zib,R,178,CZE,23.9,6-3 7-6(7) 6-7(5) 6-1,5,R128,176,17,8,139,62,48,42,20,11,15,2,7,130,72,48,24,20,11,19,82,465,118,334
2000-580,Australian Open,Hard,128,G,20000117,40,102796,12,,Magnus Norman,R,188,SWE,23.6,102821,,,Cecil Mamiit,R,173,PHI,23.5,7-5 6-4 3-6 6-3,5,R128,159,7,5,113,68,49,24,20,6,10,9,9,149,97,64,21,20,10,16,11,1655,97,414
2000-580,Australian Open,Hard,128,G,20000117,41,101964,,,Goran Ivanisevic,L,193,CRO,28.3,101611,13,,Cedric Pioline,R,188,FRA,30.5,6-4 2-6 7-5 1-6 9-7,5,R128,180,32,14,165,78,61,46,26,9,13,26,8,148,90,69,36,27,5,8,70,575,15,1439
2000-580,Australian Open,Hard,128,G,20000117,42,101532,,,Francisco Clavet,L,183,ESP,31.2,103103,,,Dominik Hrbaty,R,183,SVK,22.0,3-6 6-1 6-4 7-6(3),5,R128,134,5,4,121,82,61,21,19,2,3,12,9,127,65,51,33,19,4,7,39,840,22,1193
2000-580,Australian Open,Hard,128,G,20000117,43,101965,,,Wayne Ferreira,R,185,RSA,28.3,102567,,,George Bastl,R,183,SUI,24.7,6-3 6-3 4-6 7-6(2),5,R128,168,16,4,136,71,52,38,20,6,8,7,5,131,81,58,24,20,3,7,53,705,78,511
2000-580,Australian Open,Hard,128,G,20000117,44,102563,,,Thomas Johansson,R,180,SWE,24.8,101900,,,Nicklas Kulti,R,190,SWE,28.7,6-1 6-2 6-4,5,R128,104,14,5,100,48,38,29,13,8,8,9,2,71,30,17,21,12,3,8,42,799,121,316
2000-580,Australian Open,Hard,128,G,20000117,45,103566,,Q,Michael Llodra,L,190,FRA,19.6,103292,,,Gaston Gaudio,R,175,ARG,21.1,6-3 6-3 6-2,5,R128,82,14,4,73,47,41,13,13,3,4,2,6,91,49,29,17,13,6,12,263,122,61,627
2000-580,Australian Open,Hard,128,G,20000117,46,102223,,,Karim Alami,R,185,MAR,26.6,102455,,,Lorenzo Manta,R,190,SUI,25.3,6-4 7-6(5) 7-5,5,R128,120,9,6,100,43,34,35,17,3,5,10,5,119,56,39,33,17,11,15,35,870,107,361
2000-580,Australian Open,Hard,128,G,20000117,47,102494,,,Tomas Behrend,R,193,GER,25.0,101897,,,Fernando Meligeni,L,180,BRA,28.7,6-2 4-6 6-7(5) 6-3 6-0,5,R128,152,6,3,132,86,65,29,22,9,12,7,11,153,87,56,31,23,12,20,106,362,28,1011
2000-580,Australian Open,Hard,128,G,20000117,48,103017,4,,Nicolas Kiefer,R,183,GER,22.5,103084,,,Guillermo Canas,R,185,ARG,22.1,4-6 6-3 6-4 6-4,5,R128,180,9,7,126,55,42,38,19,11,15,3,9,117,64,40,26,20,6,12,4,2184,74,543
2000-580,Australian Open,Hard,128,G,20000117,49,102839,7,,Nicolas Lapentti,R,188,ECU,23.4,102446,,,Andrei Medvedev,R,193,UKR,25.3,6-3 5-7 6-7(2) 6-4 8-6,5,R128,218,15,11,174,93,71,43,29,5,9,25,3,188,100,71,48,28,13,19,7,1975,32,954
2000-580,Australian Open,Hard,128,G,20000117,50,103096,,,Arnaud Clement,R,173,FRA,22.0,102770,,,John Van Lottum,R,185,NED,23.7,7-6(2) 6-4 RET,5,R128,92,5,4,65,34,24,18,11,2,4,5,2,73,35,23,19,11,5,8,54,694,66,594
2000-580,Australian Open,Hard,128,G,20000117,51,102466,,,Jan Kroslak,R,188,SVK,25.2,101826,,,Alex Lopez Moron,R,175,ESP,29.1,6-1 3-6 6-3 7-5,5,R128,135,17,12,111,71,56,21,19,3,5,5,11,142,83,55,28,18,15,20,104,372,117,337
2000-580,Australian Open,Hard,128,G,20000117,52,103819,,,Roger Federer,R,185,SUI,18.4,102021,,,Michael Chang,R,175,USA,27.9,6-4 6-4 7-6(5),5,R128,125,14,7,101,55,42,28,16,1,3,6,9,120,74,52,22,16,5,9,62,620,38,841
2000-580,Australian Open,Hard,128,G,20000117,53,103507,,,Juan Carlos Ferrero,R,183,ESP,19.9,102401,,WC,Scott Draper,L,178,AUS,25.6,7-6(3) 6-3 7-6(3),5,R128,105,8,2,96,54,44,30,16,1,2,9,7,103,56,41,25,17,2,4,40,807,200,176
2000-580,Australian Open,Hard,128,G,20000117,54,102133,,,Laurence Tieleman,R,180,ITA,27.1,103252,,,Alberto Martin,R,175,ESP,21.4,6-2 7-6(3) 6-7(3) 6-3,5,R128,148,16,6,148,76,56,43,21,10,12,5,6,114,76,52,24,20,2,7,89,439,52,715
2000-580,Australian Open,Hard,128,G,20000117,55,101962,,,Younes El Aynaoui,R,193,MAR,28.3,103157,,Q,Arvind Parmar,R,193,GBR,21.8,6-7(8) 7-6(5) 1-6 6-3 6-1,5,R128,175,14,4,172,103,68,38,23,14,19,10,4,145,91,68,26,24,3,10,29,991,257,124
2000-580,Australian Open,Hard,128,G,20000117,56,103163,10,,Tommy Haas,R,188,GER,21.7,102642,,Q,Cyril Saulnier,R,190,FRA,24.4,7-6(2) 6-4 4-6 6-2,5,R128,144,17,7,132,65,58,34,20,6,7,16,3,113,65,50,25,20,5,8,12,1510,171,215
2000-580,Australian Open,Hard,128,G,20000117,57,103294,,Q,Christophe Rochus,R,170,BEL,21.0,102610,15,,Albert Costa,R,180,ESP,24.5,6-3 6-7(8) 6-4 6-3,5,R128,148,6,10,140,85,59,24,20,4,8,7,4,123,82,53,17,20,6,13,120,319,20,1257
2000-580,Australian Open,Hard,128,G,20000117,58,102061,,Q,Kevin Ullyett,R,178,ZIM,27.6,103420,,LL,Michal Tabara,R,175,CZE,20.4,6-1 7-6(6) 4-6 6-1,5,R128,134,9,7,126,75,54,29,18,6,8,1,9,113,64,40,24,18,2,7,182,190,122,316
2000-580,Australian Open,Hard,128,G,20000117,59,102179,,,Antony Dupuis,R,185,FRA,26.8,101675,,,Martin Rodriguez,R,178,ARG,30.0,6-4 6-4 7-6(4),5,R128,121,8,0,94,58,44,26,16,1,2,13,4,102,50,44,21,16,3,6,98,406,119,330
2000-580,Australian Open,Hard,128,G,20000117,60,103018,,,Max Mirnyi,R,196,BLR,22.5,101086,,,Ronald Agenor,R,180,USA,35.1,6-7(5) 7-6(5) 6-3 6-3,5,R128,161,15,6,121,84,68,19,21,1,3,2,7,144,88,57,32,21,10,15,67,588,94,427
2000-580,Australian Open,Hard,128,G,20000117,61,102905,,,Stefan Koubek,L,175,AUT,23.0,103250,,Q,Rodolphe Cadart,L,183,FRA,21.4,6-3 5-7 6-2 6-4,5,R128,158,9,5,142,86,59,28,19,9,12,6,4,122,74,45,28,20,9,15,43,799,217,152
2000-580,Australian Open,Hard,128,G,20000117,62,101917,,Q,Grant Stafford,R,188,RSA,28.6,103498,,,Marat Safin,R,193,RUS,19.9,7-6(4) 6-4 6-1,5,R128,96,11,3,86,62,54,12,15,4,5,13,5,100,39,32,28,14,8,12,472,46,23,1186
2000-580,Australian Open,Hard,128,G,20000117,63,101888,,,Daniel Vacek,R,190,CZE,28.7,101969,,,Orlin Stanoytchev,R,185,BUL,28.3,1-6 7-6(4) 7-6(11) 6-2,5,R128,166,11,10,136,65,50,41,20,4,8,8,6,131,81,58,27,19,2,5,44,786,109,356
2000-580,Australian Open,Hard,128,G,20000117,64,102338,2,,Yevgeny Kafelnikov,R,190,RUS,25.9,102533,,,Jens Knippschild,R,190,GER,24.9,6-7(4) 6-4 6-1 6-2,5,R128,152,3,2,113,61,47,32,18,4,5,20,3,136,65,48,29,19,9,16,2,2915,85,452
2000-580,Australian Open,Hard,128,G,20000117,65,101736,1,,Andre Agassi,R,180,USA,29.7,102854,,,Sjeng Schalken,R,193,NED,23.3,7-5 6-0 6-3,5,R64,93,8,1,76,50,40,14,14,0,2,3,6,74,31,19,16,13,4,11,1,4135,47,728
2000-580,Australian Open,Hard,128,G,20000117,66,103151,,,Mariano Zabaleta,R,183,ARG,21.8,101889,,WC,Todd Woodbridge,R,178,AUS,28.7,7-6(6) 4-6 6-1 6-4,5,R64,182,11,7,145,71,58,29,20,10,14,6,7,112,64,45,22,19,3,9,33,936,204,166
2000-580,Australian Open,Hard,128,G,20000117,67,102776,,,Andrew Ilie,R,180,AUS,23.7,102562,,,Jiri Novak,R,190,CZE,24.8,6-3 7-6(5) 6-7(4) 6-4,5,R64,160,7,5,139,71,50,44,22,5,7,10,3,139,83,59,27,21,4,8,46,732,37,841
2000-580,Australian Open,Hard,128,G,20000117,68,102882,16,,Mark Philippoussis,R,196,AUS,23.1,103171,,Q,Raemon Sluiter,R,185,NED,21.7,6-1 2-6 7-6(4) 6-1,5,R64,117,27,5,107,60,49,24,17,5,8,6,3,102,54,40,20,17,5,10,19,1258,166,221
2000-580,Australian Open,Hard,128,G,20000117,69,102765,,,Nicolas Escude,R,185,FRA,23.7,101990,9,,Richard Krajicek,R,196,NED,28.1,2-6 6-3 6-1 6-3,5,R64,117,12,2,104,48,36,33,16,2,4,14,6,92,56,39,17,17,4,9,34,877,10,1717
2000-580,Australian Open,Hard,128,G,20000117,70,103714,,,Andreas Vinciguerra,L,180,SWE,18.9,102233,,Q,Leander Paes,R,178,IND,26.5,7-6(3) 6-4 6-3,5,R64,106,10,3,95,63,49,21,15,3,4,10,4,96,59,42,19,16,4,7,99,405,137,277
2000-580,Australian Open,Hard,128,G,20000117,71,102271,,,Hicham Arazi,L,175,MAR,26.2,102966,,Q,Fredrik Jonsson,R,193,SWE,22.8,6-3 6-4 6-4,5,R64,107,11,5,103,63,54,17,14,6,6,3,0,100,57,42,19,15,8,11,41,800,123,313
2000-580,Australian Open,Hard,128,G,20000117,72,102950,,,Fernando Vicente,R,180,ESP,22.8,101774,8,,Todd Martin,R,198,USA,29.5,6-4 2-6 3-6 6-3 7-5,5,R64,167,9,7,132,72,55,31,24,4,9,20,7,136,82,65,25,24,3,8,55,694,9,1753
2000-580,Australian Open,Hard,128,G,20000117,73,101948,3,,Pete Sampras,R,185,USA,28.4,102025,,,Mikael Tillstrom,R,185,SWE,27.8,6-3 7-6(6) 6-1,5,R64,91,14,1,100,70,52,17,14,2,2,11,7,78,46,35,14,14,2,5,3,2419,79,506
2000-580,Australian Open,Hard,128,G,20000117,74,102286,,Q,Wayne Black,R,170,ZIM,26.1,101820,,,Marc Rosset,R,201,SUI,29.1,6-1 2-6 7-6(1) 6-3,5,R64,138,9,2,117,64,48,33,18,2,4,20,10,115,72,57,15,18,12,15,151,246,45,778
2000-580,Australian Open,Hard,128,G,20000117,75,102644,,,Franco Squillari,L,183,ARG,24.4,101185,,WC,Mark Woodforde,L,188,AUS,34.3,6-4 7-6(3) 3-6 6-4,5,R64,178,17,14,141,71,52,39,21,11,15,1,6,125,74,54,26,20,9,13,48,723,126,301
2000-580,Australian Open,Hard,128,G,20000117,76,101792,,,Slava Dosedel,R,183,CZE,29.4,103387,,,Paradorn Srichaphan,R,185,THA,20.5,4-6 6-2 6-4 6-1,5,R64,140,1,0,100,77,51,15,18,6,9,5,9,127,60,39,27,17,15,23,64,603,102,393
2000-580,Australian Open,Hard,128,G,20000117,77,102450,11,,Tim Henman,R,185,GBR,25.3,102783,,,Rainer Schuettler,R,180,GER,23.7,6-2 4-1 RET,5,R64,51,5,1,28,18,16,8,7,0,0,1,1,64,51,26,6,6,9,13,13,1507,60,652
2000-580,Australian Open,Hard,128,G,20000117,78,103206,,,Sebastien Grosjean,R,175,FRA,21.6,102422,,WC,Michael Hill,R,188,AUS,25.5,4-6 6-1 7-6(3) 6-0,5,R64,121,16,0,98,65,53,23,17,1,2,8,10,101,52,38,22,18,3,8,26,1117,238,140
2000-580,Australian Open,Hard,128,G,20000117,79,102162,,,Chris Woodruff,R,188,USA,27.0,102872,,WC,James Sekulov,R,180,AUS,23.2,6-3 6-2 6-2,5,R64,73,8,1,59,40,35,18,12,0,0,2,2,66,41,25,11,13,5,10,56,689,133,281
2000-580,Australian Open,Hard,128,G,20000117,80,101735,,,Richard Fromberg,R,196,AUS,29.7,102809,,,Axel Pretzsch,R,185,GER,23.5,7-6(6) 7-6(6) 6-4,5,R64,149,10,5,104,59,46,26,17,0,2,14,11,132,62,52,29,17,4,7,80,479,115,345
2000-580,Australian Open,Hard,128,G,20000117,81,102437,,,Adrian Voinea,R,185,ROU,25.4,102287,,,Albert Portas,R,188,ESP,26.1,6-2 6-1 6-3,5,R64,83,17,3,74,44,36,15,12,7,8,2,5,67,30,14,18,12,2,9,95,420,91,434
2000-580,Australian Open,Hard,128,G,20000117,82,103720,,,Lleyton Hewitt,R,180,AUS,18.8,102374,,,Alex Corretja,R,180,ESP,25.7,6-0 6-0 6-1,5,R64,87,5,1,55,27,19,20,10,0,0,1,5,57,21,9,9,9,3,12,17,1335,30,987
2000-580,Australian Open,Hard,128,G,20000117,83,102035,,,Jonas Bjorkman,R,183,SWE,27.8,103181,,Q,Jiri Vanek,R,185,CZE,21.7,6-4 3-6 6-4 7-6(4),5,R64,143,3,3,121,80,58,26,21,4,6,15,2,129,79,65,23,20,6,9,76,518,153,245
2000-580,Australian Open,Hard,128,G,20000117,84,102796,12,,Magnus Norman,R,188,SWE,23.6,101150,,,Gianluca Pozzi,L,180,ITA,34.5,6-4 6-3 6-4,5,R64,119,5,5,87,62,40,14,14,8,11,4,2,88,35,25,23,15,5,12,11,1655,82,465
2000-580,Australian Open,Hard,128,G,20000117,85,101532,,,Francisco Clavet,L,183,ESP,31.2,101964,,,Goran Ivanisevic,L,193,CRO,28.3,7-6(5) 6-4 6-2,5,R64,96,4,0,82,56,46,20,15,0,0,10,7,91,47,38,25,15,2,5,39,840,70,575
2000-580,Australian Open,Hard,128,G,20000117,86,101965,,,Wayne Ferreira,R,185,RSA,28.3,102563,,,Thomas Johansson,R,180,SWE,24.8,6-3 6-2 6-7(2) 4-6 6-2,5,R64,186,21,8,153,91,70,32,24,6,8,11,7,165,73,51,43,23,13,19,53,705,42,799
2000-580,Australian Open,Hard,128,G,20000117,87,102223,,,Karim Alami,R,185,MAR,26.6,103566,,Q,Michael Llodra,L,190,FRA,19.6,7-6(4) 6-3 6-2,5,R64,95,6,3,92,46,39,28,14,3,4,6,6,82,49,35,14,15,1,5,35,870,263,122
2000-580,Australian Open,Hard,128,G,20000117,88,103017,4,,Nicolas Kiefer,R,183,GER,22.5,102494,,,Tomas Behrend,R,193,GER,25.0,7-6(5) 6-0 6-2,5,R64,106,11,9,84,48,39,21,13,2,3,3,6,87,46,23,20,13,2,8,4,2184,106,362
2000-580,Australian Open,Hard,128,G,20000117,89,103096,,,Arnaud Clement,R,173,FRA,22.0,102839,7,,Nicolas Lapentti,R,188,ECU,23.4,3-6 7-6(3) 6-2 4-1 RET,5,R64,135,5,1,104,62,48,20,17,1,4,11,6,114,73,53,16,17,10,14,54,694,7,1975
2000-580,Australian Open,Hard,128,G,20000117,90,103819,,,Roger Federer,R,185,SUI,18.4,102466,,,Jan Kroslak,R,188,SVK,25.2,7-6(1) 6-2 6-3,5,R64,106,9,4,106,64,43,28,14,9,10,6,6,105,68,41,16,15,8,12,62,620,104,372
2000-580,Australian Open,Hard,128,G,20000117,91,103507,,,Juan Carlos Ferrero,R,183,ESP,19.9,102133,,,Laurence Tieleman,R,180,ITA,27.1,7-6(5) 6-4 5-7 6-7(5) 6-4,5,R64,215,7,13,184,108,85,37,28,8,10,17,12,190,107,88,34,28,7,10,40,807,89,439
2000-580,Australian Open,Hard,128,G,20000117,92,101962,,,Younes El Aynaoui,R,193,MAR,28.3,103163,10,,Tommy Haas,R,188,GER,21.7,7-5 6-3 6-3,5,R64,101,10,0,79,49,43,17,15,4,5,1,5,92,41,30,24,15,6,11,29,991,12,1510
2000-580,Australian Open,Hard,128,G,20000117,93,103294,,Q,Christophe Rochus,R,170,BEL,21.0,102061,,Q,Kevin Ullyett,R,178,ZIM,27.6,6-4 6-4 6-3,5,R64,91,2,4,99,66,45,22,15,3,3,11,7,84,49,39,14,14,2,6,120,319,182,190
2000-580,Australian Open,Hard,128,G,20000117,94,103018,,,Max Mirnyi,R,196,BLR,22.5,102179,,,Antony Dupuis,R,185,FRA,26.8,6-7(3) 7-6(6) 7-6(5) 7-6(5),5,R64,193,10,5,177,122,87,34,24,9,10,25,4,162,102,83,30,24,4,5,67,588,98,406
2000-580,Australian Open,Hard,128,G,20000117,95,102905,,,Stefan Koubek,L,175,AUT,23.0,101917,,Q,Grant Stafford,R,188,RSA,28.6,5-7 7-5 2-6 6-2 6-3,5,R64,158,7,4,161,101,67,30,25,13,20,5,12,143,74,53,32,24,5,13,43,799,472,46
2000-580,Australian Open,Hard,128,G,20000117,96,102338,2,,Yevgeny Kafelnikov,R,190,RUS,25.9,101888,,,Daniel Vacek,R,190,CZE,28.7,6-3 6-0 6-1,5,R64,85,3,2,77,51,34,17,11,4,5,3,7,79,42,26,8,11,6,14,2,2915,44,786
2000-580,Australian Open,Hard,128,G,20000117,97,101736,1,,Andre Agassi,R,180,USA,29.7,103151,,,Mariano Zabaleta,R,183,ARG,21.8,6-4 6-4 6-2,5,R32,95,8,3,66,35,31,22,14,0,1,10,6,88,41,27,22,14,7,12,1,4135,33,936
2000-580,Australian Open,Hard,128,G,20000117,98,102882,16,,Mark Philippoussis,R,196,AUS,23.1,102776,,,Andrew Ilie,R,180,AUS,23.7,6-4 7-6(4) 6-1,5,R32,95,18,7,81,43,41,25,14,0,0,5,1,86,48,36,22,15,1,4,19,1258,46,732
2000-580,Australian Open,Hard,128,G,20000117,99,102765,,,Nicolas Escude,R,185,FRA,23.7,103714,,,Andreas Vinciguerra,L,180,SWE,18.9,6-4 6-4 6-3,5,R32,117,14,1,83,40,31,27,15,2,4,3,3,83,39,24,24,14,7,12,34,877,99,405
2000-580,Australian Open,Hard,128,G,20000117,100,102271,,,Hicham Arazi,L,175,MAR,26.2,102950,,,Fernando Vicente,R,180,ESP,22.8,6-3 6-3 6-2,5,R32,87,1,1,83,50,38,18,13,3,4,3,0,76,48,27,13,13,3,9,41,800,55,694
2000-580,Australian Open,Hard,128,G,20000117,101,101948,3,,Pete Sampras,R,185,USA,28.4,102286,,Q,Wayne Black,R,170,ZIM,26.1,6-7(9) 3-6 6-3 7-5 6-3,5,R32,168,36,10,147,95,79,29,26,4,5,6,1,157,90,69,38,25,5,9,3,2419,151,246
2000-580,Australian Open,Hard,128,G,20000117,102,101792,,,Slava Dosedel,R,183,CZE,29.4,102644,,,Franco Squillari,L,183,ARG,24.4,7-5 6-2 6-3,5,R32,131,3,0,90,76,58,4,14,4,5,7,7,110,58,37,25,15,13,18,64,603,48,723
2000-580,Australian Open,Hard,128,G,20000117,103,102450,11,,Tim Henman,R,185,GBR,25.3,103206,,,Sebastien Grosjean,R,175,FRA,21.6,6-1 6-4 4-6 7-6(6),5,R32,163,13,2,137,88,65,19,20,11,15,4,6,124,77,51,20,19,7,13,13,1507,26,1117
2000-580,Australian Open,Hard,128,G,20000117,104,102162,,,Chris Woodruff,R,188,USA,27.0,101735,,,Richard Fromberg,R,196,AUS,29.7,6-1 6-4 7-6(6),5,R32,120,9,8,95,52,43,24,15,4,5,7,4,92,58,40,16,14,4,8,56,689,80,479
2000-580,Australian Open,Hard,128,G,20000117,105,103720,,,Lleyton Hewitt,R,180,AUS,18.8,102437,,,Adrian Voinea,R,185,ROU,25.4,6-2 7-5 6-3,5,R32,125,5,2,78,40,30,19,14,3,7,11,5,92,54,32,10,15,3,12,17,1335,95,420
2000-580,Australian Open,Hard,128,G,20000117,106,102796,12,,Magnus Norman,R,188,SWE,23.6,102035,,,Jonas Bjorkman,R,183,SWE,27.8,6-4 6-4 7-6(8),5,R32,147,5,5,108,75,54,15,16,4,6,3,6,123,79,55,19,16,10,14,11,1655,76,518
2000-580,Australian Open,Hard,128,G,20000117,107,101965,,,Wayne Ferreira,R,185,RSA,28.3,101532,,,Francisco Clavet,L,183,ESP,31.2,6-3 6-4 3-6 6-3,5,R32,147,15,5,112,70,55,21,18,9,12,1,3,140,93,56,24,19,15,20,53,705,39,840
2000-580,Australian Open,Hard,128,G,20000117,108,103017,4,,Nicolas Kiefer,R,183,GER,22.5,102223,,,Karim Alami,R,185,MAR,26.6,6-3 6-4 6-2,5,R32,99,5,6,73,33,32,24,13,0,0,6,5,85,41,28,20,14,8,12,4,2184,35,870
2000-580,Australian Open,Hard,128,G,20000117,109,103096,,,Arnaud Clement,R,173,FRA,22.0,103819,,,Roger Federer,R,185,SUI,18.4,6-1 6-4 6-3,5,R32,101,2,0,84,50,36,21,13,3,4,7,6,88,49,32,13,13,6,12,54,694,62,620
2000-580,Australian Open,Hard,128,G,20000117,110,101962,,,Younes El Aynaoui,R,193,MAR,28.3,103507,,,Juan Carlos Ferrero,R,183,ESP,19.9,7-6(3) 4-6 4-6 7-6(5) 6-4,5,R32,194,14,7,171,99,84,38,27,6,8,9,3,152,85,70,43,27,2,3,29,991,40,807
2000-580,Australian Open,Hard,128,G,20000117,111,103294,,Q,Christophe Rochus,R,170,BEL,21.0,103018,,,Max Mirnyi,R,196,BLR,22.5,3-6 6-4 6-3 7-6(2),5,R32,136,4,7,137,95,59,21,20,8,13,23,7,122,74,53,19,20,4,10,120,319,67,588
2000-580,Australian Open,Hard,128,G,20000117,112,102338,2,,Yevgeny Kafelnikov,R,190,RUS,25.9,102905,,,Stefan Koubek,L,175,AUT,23.0,6-3 6-3 6-4,5,R32,82,4,1,70,40,34,22,14,0,0,14,4,76,44,34,16,14,3,7,2,2915,43,799
2000-580,Australian Open,Hard,128,G,20000117,113,101736,1,,Andre Agassi,R,180,USA,29.7,102882,16,,Mark Philippoussis,R,196,AUS,23.1,6-4 7-6(4) 5-7 6-3,5,R16,165,8,4,139,96,72,23,22,7,9,25,6,122,64,53,30,21,3,6,1,4135,19,1258
2000-580,Australian Open,Hard,128,G,20000117,114,102271,,,Hicham Arazi,L,175,MAR,26.2,102765,,,Nicolas Escude,R,185,FRA,23.7,6-4 6-3 7-6(7),5,R16,134,6,3,124,66,48,25,15,16,19,11,5,102,48,35,22,16,4,10,41,800,34,877
2000-580,Australian Open,Hard,128,G,20000117,115,101948,3,,Pete Sampras,R,185,USA,28.4,101792,,,Slava Dosedel,R,183,CZE,29.4,6-1 6-2 3-6 6-1,5,R16,96,20,8,96,65,55,13,16,4,5,0,2,92,64,37,11,15,3,9,3,2419,64,603
2000-580,Australian Open,Hard,128,G,20000117,116,102162,,,Chris Woodruff,R,188,USA,27.0,102450,11,,Tim Henman,R,185,GBR,25.3,7-5 1-6 6-4 3-6 7-5,5,R16,226,3,15,176,92,58,43,25,17,25,10,10,156,85,65,30,25,11,18,56,689,13,1507
2000-580,Australian Open,Hard,128,G,20000117,117,102796,12,,Magnus Norman,R,188,SWE,23.6,103720,,,Lleyton Hewitt,R,180,AUS,18.8,6-3 6-1 7-6(6),5,R16,129,16,0,112,69,54,18,14,5,6,6,4,86,54,38,12,14,2,7,11,1655,17,1335
2000-580,Australian Open,Hard,128,G,20000117,118,103017,4,,Nicolas Kiefer,R,183,GER,22.5,101965,,,Wayne Ferreira,R,185,RSA,28.3,6-3 6-4 6-2,5,R16,106,7,1,77,36,32,23,13,2,3,2,3,79,38,27,20,14,6,11,4,2184,53,705
2000-580,Australian Open,Hard,128,G,20000117,119,101962,,,Younes El Aynaoui,R,193,MAR,28.3,103096,,,Arnaud Clement,R,173,FRA,22.0,3-6 6-3 6-4 3-6 10-8,5,R16,209,17,10,147,98,77,23,27,0,3,13,6,184,115,83,35,28,15,20,29,991,54,694
2000-580,Australian Open,Hard,128,G,20000117,120,102338,2,,Yevgeny Kafelnikov,R,190,RUS,25.9,103294,,Q,Christophe Rochus,R,170,BEL,21.0,6-1 6-3 7-5,5,R16,102,14,4,102,60,45,23,14,12,12,3,9,95,54,35,17,14,5,10,2,2915,120,319
2000-580,Australian Open,Hard,128,G,20000117,121,101736,1,,Andre Agassi,R,180,USA,29.7,102271,,,Hicham Arazi,L,175,MAR,26.2,6-4 6-4 6-2,5,QF,93,6,1,68,45,38,16,14,1,2,9,3,91,48,35,16,14,5,10,1,4135,41,800
2000-580,Australian Open,Hard,128,G,20000117,122,101948,3,,Pete Sampras,R,185,USA,28.4,102162,,,Chris Woodruff,R,188,USA,27.0,7-5 6-3 6-3,5,QF,109,15,1,74,48,41,18,15,0,1,12,4,102,64,48,14,15,8,13,3,2419,56,689
2000-580,Australian Open,Hard,128,G,20000117,123,102796,12,,Magnus Norman,R,188,SWE,23.6,103017,4,,Nicolas Kiefer,R,183,GER,22.5,3-6 6-3 6-1 7-6(4),5,QF,176,11,5,133,85,67,22,19,9,10,15,7,117,65,50,27,18,7,11,11,1655,4,2184
2000-580,Australian Open,Hard,128,G,20000117,124,102338,2,,Yevgeny Kafelnikov,R,190,RUS,25.9,101962,,,Younes El Aynaoui,R,193,MAR,28.3,6-0 6-3 7-6(4),5,QF,101,8,1,79,49,42,20,13,0,0,13,2,89,58,36,15,14,4,8,2,2915,29,991
2000-580,Australian Open,Hard,128,G,20000117,125,101736,1,,Andre Agassi,R,180,USA,29.7,101948,3,,Pete Sampras,R,185,USA,28.4,6-4 3-6 6-7(0) 7-6(5) 6-1,5,SF,175,13,3,148,101,75,32,25,8,9,37,5,156,99,80,28,25,10,13,1,4135,3,2419
2000-580,Australian Open,Hard,128,G,20000117,126,102338,2,,Yevgeny Kafelnikov,R,190,RUS,25.9,102796,12,,Magnus Norman,R,188,SWE,23.6,6-1 6-2 6-4,5,SF,90,5,2,72,42,33,18,12,0,1,7,1,69,43,29,7,13,6,12,2,2915,11,1655
2000-580,Australian Open,Hard,128,G,20000117,127,101736,1,,Andre Agassi,R,180,USA,29.7,102338,2,,Yevgeny Kafelnikov,R,190,RUS,25.9,3-6 6-3 6-2 6-4,5,F,139,9,5,116,77,52,23,18,4,7,14,9,122,65,42,30,18,11,17,1,4135,2,2915
2001-580,Australian Open,Hard,128,G,20010115,1,102856,1,,Gustavo Kuerten,R,190,BRA,24.3,103292,,,Gaston Gaudio,R,175,ARG,22.1,7-5 6-7(6) 6-3 7-5,5,R128,200,18,9,151,67,53,47,23,14,17,8,6,153,85,61,29,22,10,16,1,4195,38,945
2001-580,Australian Open,Hard,128,G,20010115,2,102257,,,Greg Rusedski,L,193,GBR,27.3,102154,,Q,Marcos Ondruska,R,183,RSA,28.0,3-6 6-3 7-6(3) 6-2,5,R128,168,8,8,126,70,53,28,19,7,10,1,6,124,70,46,27,19,3,8,65,625,202,188
2001-580,Australian Open,Hard,128,G,20010115,3,102905,,,Stefan Koubek,L,175,AUT,24.0,101543,,,Jeff Tarango,L,180,USA,32.1,3-6 6-3 6-4 6-2,5,R128,124,16,2,108,62,41,31,18,7,10,10,3,106,61,41,23,18,5,11,48,780,112,364
2001-580,Australian Open,Hard,128,G,20010115,4,102694,,Q,Lars Burgsmuller,R,183,GER,25.1,103305,,,Daniel Elsner,R,183,GER,22.0,5-7 6-7(7) 6-3 7-5 6-4,5,R128,247,10,9,195,102,75,46,28,10,15,7,11,182,98,74,34,27,11,18,185,208,99,412
2001-580,Australian Open,Hard,128,G,20010115,5,102765,,,Nicolas Escude,R,185,FRA,24.7,102607,,,Juan Balcells,R,190,ESP,25.5,6-3 3-6 7-6(5) 5-7 6-4,5,R128,203,12,5,169,99,72,37,26,9,15,8,1,169,113,77,30,26,12,18,46,840,74,552
2001-580,Australian Open,Hard,128,G,20010115,6,103819,,,Roger Federer,R,185,SUI,19.4,103324,,,Arnaud Di Pasquale,R,185,FRA,21.9,6-4 4-6 6-1 7-5,5,R128,132,6,0,120,81,52,25,19,5,8,1,2,124,78,48,23,20,4,10,29,1080,61,670
2001-580,Australian Open,Hard,128,G,20010115,7,103252,,,Alberto Martin,R,175,ESP,22.4,103694,,,Olivier Rochus,R,168,BEL,19.9,6-3 6-4 6-0,5,R128,101,6,2,79,48,33,20,12,2,3,2,2,95,52,30,16,13,5,11,81,518,70,582
2001-580,Australian Open,Hard,128,G,20010115,8,103096,15,,Arnaud Clement,R,173,FRA,23.0,103990,,Q,Tommy Robredo,R,180,ESP,18.7,6-3 6-2 7-5,5,R128,104,3,1,82,56,42,14,14,2,4,2,4,84,46,28,18,15,6,12,18,1360,111,366
2001-580,Australian Open,Hard,128,G,20010115,9,101965,10,,Wayne Ferreira,R,185,RSA,29.3,102223,,,Karim Alami,R,185,MAR,27.6,6-3 7-5 6-4,5,R128,102,7,2,83,46,41,24,16,0,0,5,5,97,61,45,16,15,6,9,13,1770,55,725
2001-580,Australian Open,Hard,128,G,20010115,10,102369,,,Julien Boutter,R,190,FRA,26.7,102800,,Q,Nenad Zimonjic,R,190,SRB,24.6,6-1 6-4 6-3,5,R128,101,6,4,85,53,40,15,13,6,8,3,9,86,52,29,11,13,6,13,67,594,284,111
2001-580,Australian Open,Hard,128,G,20010115,11,103714,,,Andreas Vinciguerra,L,180,SWE,19.9,102437,,,Adrian Voinea,R,185,ROU,26.4,7-6(4) 6-3 6-2,5,R128,110,10,2,119,69,45,34,15,8,9,6,4,82,46,29,18,14,2,6,52,760,114,356
2001-580,Australian Open,Hard,128,G,20010115,12,102446,,,Andrei Medvedev,R,193,UKR,26.3,103917,,WC,Nicolas Mahut,R,190,FRA,18.9,6-2 6-4 2-6 4-6 6-4,5,R128,167,14,5,142,87,64,29,23,7,11,8,2,139,93,61,25,23,6,11,59,690,388,64
2001-580,Australian Open,Hard,128,G,20010115,13,102162,,,Chris Woodruff,R,188,USA,28.0,102998,,,Jan Michael Gambill,R,190,USA,23.6,6-3 4-6 4-6 7-5 6-3,5,R128,243,15,10,174,93,66,43,25,16,20,18,12,187,104,66,44,25,17,23,68,590,32,1055
2001-580,Australian Open,Hard,128,G,20010115,14,102880,,,Alexander Popp,R,201,GER,24.1,103387,,,Paradorn Srichaphan,R,185,THA,21.5,3-6 6-4 6-1 3-6 6-2,5,R128,151,5,7,129,83,57,21,22,8,14,9,7,142,82,53,26,21,10,19,84,500,110,372
2001-580,Australian Open,Hard,128,G,20010115,15,103017,,,Nicolas Kiefer,R,183,GER,23.5,102286,,,Wayne Black,R,170,ZIM,27.1,6-3 7-5 6-2,5,R128,141,9,4,100,41,31,32,15,5,7,2,1,83,42,27,17,14,4,10,22,1215,107,387
2001-580,Australian Open,Hard,128,G,20010115,16,102338,4,,Yevgeny Kafelnikov,R,190,RUS,26.9,102533,,,Jens Knippschild,R,190,GER,25.9,6-1 6-4 6-2,5,R128,92,8,5,90,41,31,30,12,8,9,7,1,81,36,24,15,13,6,12,5,2935,109,374
2001-580,Australian Open,Hard,128,G,20010115,17,102796,5,,Magnus Norman,R,188,SWE,24.6,101902,,,Stephane Huet,L,180,FRA,29.7,1-6 7-5 6-1 7-6(5),5,R128,163,9,0,122,75,56,18,19,5,10,10,8,127,61,37,35,19,9,15,4,3055,119,333
2001-580,Australian Open,Hard,128,G,20010115,18,102148,,,Fabrice Santoro,R,178,FRA,28.1,102021,,,Michael Chang,R,175,USA,28.8,7-5 4-6 6-3 6-4,5,R128,194,4,2,135,62,48,41,20,9,13,6,4,141,83,57,25,21,8,14,47,830,33,995
2001-580,Australian Open,Hard,128,G,20010115,19,103909,,,Guillermo Coria,R,175,ARG,19.0,103602,,,Fernando Gonzalez,R,183,CHI,20.4,4-6 7-6(5) 6-4 6-4,5,R128,151,10,4,132,79,57,33,21,7,10,8,13,139,77,60,28,21,1,5,79,526,116,343
2001-580,Australian Open,Hard,128,G,20010115,20,102231,,,Alex Calatrava,R,190,ESP,27.5,102911,,Q,Andrei Stoliarov,R,178,RUS,24.0,6-3 6-2 3-6 6-4,5,R128,129,17,1,112,67,51,23,18,6,9,7,6,100,46,31,29,18,5,11,50,761,97,430
2001-580,Australian Open,Hard,128,G,20010115,21,101150,,,Gianluca Pozzi,L,180,ITA,35.5,101711,,Q,Alex Obrien,R,185,USA,30.8,1-6 7-6(7) 6-4 6-2,5,R128,176,15,3,125,53,43,40,19,6,9,3,1,136,103,67,16,18,10,14,43,864,249,138
2001-580,Australian Open,Hard,128,G,20010115,22,102563,,,Thomas Johansson,R,180,SWE,25.8,102494,,Q,Tomas Behrend,R,193,GER,26.0,6-1 6-2 6-0,5,R128,67,7,2,51,26,23,17,10,0,0,4,10,65,32,17,10,11,1,9,34,980,152,254
2001-580,Australian Open,Hard,128,G,20010115,23,101733,,,Jan Siemerink,L,183,NED,30.7,102854,,,Sjeng Schalken,R,193,NED,24.3,2-6 6-3 6-4 3-6 6-3,5,R128,198,13,14,150,77,60,33,23,8,13,5,8,151,94,60,33,22,5,10,106,391,27,1103
2001-580,Australian Open,Hard,128,G,20010115,24,103206,16,,Sebastien Grosjean,R,175,FRA,22.6,103344,,,Ivan Ljubicic,R,193,CRO,21.8,6-0 7-6(6) 6-4,5,R128,116,6,0,76,46,37,22,14,2,3,10,2,110,61,40,20,14,5,10,19,1340,92,449
2001-580,Australian Open,Hard,128,G,20010115,25,102644,11,,Franco Squillari,L,183,ARG,25.4,103176,,,David Sanchez,R,183,ESP,22.7,6-3 6-4 6-2,5,R128,113,6,8,108,62,44,22,14,10,12,2,1,87,57,33,13,13,4,10,14,1598,85,500
2001-580,Australian Open,Hard,128,G,20010115,26,102110,,,Daniel Nestor,L,190,CAN,28.3,102456,,,Felix Mantilla,R,180,ESP,26.3,2-6 6-3 6-2 6-4,5,R128,120,14,7,108,57,45,26,18,1,4,7,3,102,76,50,11,17,5,10,218,166,100,410
2001-580,Australian Open,Hard,128,G,20010115,27,102783,,,Rainer Schuettler,R,180,GER,24.7,103281,,Q,Ladislav Svarc,R,188,SVK,22.1,7-5 4-6 7-6(4) 6-4,5,R128,178,5,9,143,94,64,29,22,7,12,7,6,144,83,60,28,22,15,20,58,700,250,138
2001-580,Australian Open,Hard,128,G,20010115,28,102227,,,Sargis Sargsian,R,180,ARM,27.6,103162,,WC,Dejan Petrovic,R,,SRB,22.7,6-1 1-6 6-0 6-3,5,R128,107,5,2,88,56,40,15,14,3,7,12,4,82,41,27,12,15,1,9,95,433,269,122
2001-580,Australian Open,Hard,128,G,20010115,29,102845,,,Carlos Moya,R,190,ESP,24.3,102701,,,Marcelo Rios,L,175,CHI,25.0,6-3 6-3 6-2,5,R128,112,7,0,80,40,32,22,13,5,7,2,3,93,52,33,14,13,11,18,42,870,23,1160
2001-580,Australian Open,Hard,128,G,20010115,30,101820,,,Marc Rosset,R,201,SUI,30.1,102652,,,Christian Vinck,L,183,GER,25.3,6-3 1-6 7-6(3),5,R128,105,16,8,95,55,43,21,14,3,4,0,1,87,66,40,10,14,4,9,30,1065,104,393
2001-580,Australian Open,Hard,128,G,20010115,31,103163,,,Tommy Haas,R,188,GER,22.7,103454,,,Nicolas Massu,R,183,CHI,21.2,6-3 6-1 6-1,5,R128,88,7,0,64,37,32,19,11,2,2,6,6,75,34,22,16,12,8,14,20,1245,66,601
2001-580,Australian Open,Hard,128,G,20010115,32,103720,7,,Lleyton Hewitt,R,180,AUS,19.8,102035,,,Jonas Bjorkman,R,183,SWE,28.8,7-5 4-6 2-6 6-3 6-2,5,R128,222,14,4,157,89,64,35,23,6,10,5,5,157,89,60,32,24,6,12,7,2560,41,895
2001-580,Australian Open,Hard,128,G,20010115,33,101736,6,,Andre Agassi,R,180,USA,30.7,103181,,,Jiri Vanek,R,185,CZE,22.7,6-0 7-5 6-3,5,R128,100,7,1,82,60,45,13,14,4,5,12,5,110,58,35,20,13,13,20,6,2765,78,532
2001-580,Australian Open,Hard,128,G,20010115,34,102834,,,Paul Goldstein,R,178,USA,24.4,102153,,,German Puentes,R,173,ESP,28.0,4-6 6-4 6-2 6-1,5,R128,131,1,3,118,76,47,25,17,5,9,2,6,111,73,43,14,18,7,16,80,522,91,451
2001-580,Australian Open,Hard,128,G,20010115,35,102821,,,Cecil Mamiit,R,173,PHI,24.5,102805,,,Matthew Breen,R,,AUS,24.5,1-6 6-4 4-6 6-3 6-4,5,R128,198,15,3,159,101,68,30,23,8,12,5,3,155,81,60,39,23,15,19,125,315,260,131
2001-580,Australian Open,Hard,128,G,20010115,36,102184,,,David Prinosil,R,185,GER,27.8,101843,,,Sergi Bruguera,R,188,ESP,29.9,7-5 6-1 1-6 2-6 6-1,5,R128,149,6,3,140,78,51,28,20,10,17,9,7,134,82,57,18,21,7,15,39,945,83,504
2001-580,Australian Open,Hard,128,G,20010115,37,104022,,,Mikhail Youzhny,R,183,RUS,18.5,102831,,,Jacobo Diaz,R,173,ESP,24.5,6-1 6-1 6-4,5,R128,98,5,2,83,52,38,17,12,5,5,3,3,86,56,35,11,12,6,12,113,357,115,345
2001-580,Australian Open,Hard,128,G,20010115,38,103151,,,Mariano Zabaleta,R,183,ARG,22.8,101889,,WC,Todd Woodbridge,R,178,AUS,29.7,6-4 6-2 5-7 2-6 6-4,5,R128,187,10,9,135,75,59,25,24,1,7,2,5,148,90,62,24,24,8,15,62,655,179,219
2001-580,Australian Open,Hard,128,G,20010115,39,102776,,,Andrew Ilie,R,180,AUS,24.7,103193,,Q,Peter Wessels,R,196,NED,22.6,6-3 6-4 3-6 6-4,5,R128,126,7,4,117,67,51,27,19,5,8,8,5,116,75,53,18,19,6,11,49,775,130,302
2001-580,Australian Open,Hard,128,G,20010115,40,103507,9,,Juan Carlos Ferrero,R,183,ESP,20.9,103553,,WC,Alun Jones,R,180,AUS,20.7,6-3 7-6(3) 6-2,5,R128,117,8,2,101,52,37,33,14,6,8,6,3,105,59,38,19,15,6,11,12,1840,400,61
2001-580,Australian Open,Hard,128,G,20010115,41,101611,13,,Cedric Pioline,R,188,FRA,31.5,102106,,,Davide Sanguinetti,R,188,ITA,28.3,7-6(3) 6-4 6-2,5,R128,118,11,4,94,53,44,24,15,3,4,4,4,90,47,34,23,15,0,4,17,1485,71,581
2001-580,Australian Open,Hard,128,G,20010115,42,101792,,,Slava Dosedel,R,183,CZE,30.4,102287,,,Albert Portas,R,188,ESP,27.1,7-6(2) 6-2 4-6 3-6 6-3,5,R128,184,5,8,165,91,64,39,24,14,19,12,8,138,69,57,24,24,6,12,72,577,51,760
2001-580,Australian Open,Hard,128,G,20010115,43,102860,,,Agustin Calleri,R,183,ARG,24.3,101727,,,Jason Stoltenberg,R,185,AUS,30.7,7-6(3) 6-4 7-6(1),5,R128,151,4,6,111,60,49,25,17,3,6,11,2,130,75,51,25,17,6,10,63,638,77,536
2001-580,Australian Open,Hard,128,G,20010115,44,101774,,,Todd Martin,R,198,USA,30.5,101647,,,Byron Black,R,175,ZIM,31.2,7-5 6-4 6-3,5,R128,112,10,5,105,69,58,16,16,6,8,1,5,101,58,36,17,15,7,12,54,730,35,970
2001-580,Australian Open,Hard,128,G,20010115,45,103428,,,Juan Ignacio Chela,R,190,ARG,21.3,102863,,WC,Takao Suzuki,R,175,JPN,24.3,6-3 6-1 6-7(0) 7-6(4),5,R128,164,13,3,133,80,61,26,20,6,8,3,4,154,89,55,33,20,11,17,64,632,159,244
2001-580,Australian Open,Hard,128,G,20010115,46,103248,,,Harel Levy,R,185,ISR,22.4,102950,,,Fernando Vicente,R,180,ESP,23.8,4-6 6-3 6-3 6-1,5,R128,108,6,3,101,71,56,18,17,5,6,2,5,106,76,50,14,18,8,13,60,677,44,860
2001-580,Australian Open,Hard,128,G,20010115,47,102539,,,Bohdan Ulihrach,R,188,CZE,25.8,103166,,,Vladimir Voltchkov,R,180,BLR,22.7,4-6 7-5 6-3 6-2,5,R128,144,6,6,125,87,63,21,19,4,5,9,8,123,78,49,26,20,6,10,57,706,37,945
2001-580,Australian Open,Hard,128,G,20010115,48,101948,3,,Pete Sampras,R,185,USA,29.4,102344,,,Karol Kucera,R,188,SVK,26.8,7-6(5) 3-6 6-4 7-6(3),5,R128,197,11,10,169,95,71,37,21,14,17,6,6,138,81,54,35,22,3,5,3,3385,75,540
2001-580,Australian Open,Hard,128,G,20010115,49,102450,8,,Tim Henman,R,185,GBR,26.3,102271,,,Hicham Arazi,L,175,MAR,27.2,7-6(5) 6-4 6-4,5,R128,159,4,4,100,57,45,26,16,6,8,2,3,118,64,42,27,16,5,9,10,2020,28,1095
2001-580,Australian Open,Hard,128,G,20010115,50,102839,,,Nicolas Lapentti,R,188,ECU,24.4,102703,,,Hyung Taik Lee,R,180,KOR,25.0,3-6 6-3 6-4 3-6 8-6,5,R128,211,5,11,164,105,73,25,25,9,15,4,3,186,106,71,38,26,14,21,24,1130,87,484
2001-580,Australian Open,Hard,128,G,20010115,51,101885,,,Wayne Arthurs,L,190,AUS,29.8,103393,,Q,Yuri Schukin,R,188,KAZ,21.5,6-3 7-5 4-6 6-2,5,R128,134,22,12,108,53,47,31,20,0,1,2,6,117,76,51,23,19,4,9,82,513,211,178
2001-580,Australian Open,Hard,128,G,20010115,52,102730,,Q,Ivo Heuberger,R,188,SUI,24.9,101962,,,Younes El Aynaoui,R,193,MAR,29.3,6-2 5-4 RET,5,R128,74,2,6,60,26,19,19,9,5,6,3,2,57,39,26,6,8,1,5,234,149,31,1055
2001-580,Australian Open,Hard,128,G,20010115,53,103356,,,Michel Kratochvil,R,185,SUI,21.7,103171,,,Raemon Sluiter,R,185,NED,22.7,6-2 6-2 7-6(2),5,R128,101,4,4,78,45,34,24,14,0,2,4,11,93,53,39,10,14,6,12,94,441,96,433
2001-580,Australian Open,Hard,128,G,20010115,54,103018,,,Max Mirnyi,R,196,BLR,23.5,102751,,WC,Todd Perry,R,175,AUS,24.8,7-6(6) 6-4 6-3,5,R128,138,10,3,98,71,58,15,16,4,4,2,3,127,72,44,33,15,4,7,45,845,484,44
2001-580,Australian Open,Hard,128,G,20010115,55,103786,,Q,Nikolay Davydenko,R,178,RUS,19.6,102921,,Q,Ota Fukarek,R,190,CZE,23.9,7-6(6) 7-5 6-3,5,R128,167,2,3,123,83,48,22,16,12,17,3,3,118,63,34,27,17,7,14,133,292,279,116
2001-580,Australian Open,Hard,128,G,20010115,56,102158,12,,Patrick Rafter,R,185,AUS,28.0,102401,,WC,Scott Draper,L,178,AUS,26.6,6-3 6-2 7-5,5,R128,88,8,3,78,58,50,12,14,3,3,12,2,79,47,34,16,15,3,7,15,1535,253,136
2001-580,Australian Open,Hard,128,G,20010115,57,103103,14,,Dominik Hrbaty,R,183,SVK,23.0,103444,,Q,Jean Rene Lisnard,R,173,MON,21.3,3-6 3-6 6-4 6-1 6-1,5,R128,154,3,12,122,72,53,20,21,6,13,3,6,127,66,36,27,21,8,18,16,1510,214,173
2001-580,Australian Open,Hard,128,G,20010115,58,101532,,,Francisco Clavet,L,183,ESP,32.2,103082,,,Markus Hantschk,R,188,GER,23.1,6-2 6-0 6-2,5,R128,81,5,1,60,35,27,18,11,2,3,3,6,72,37,21,10,11,5,13,40,900,93,447
2001-580,Australian Open,Hard,128,G,20010115,59,103294,,,Christophe Rochus,R,170,BEL,22.0,102925,,,Justin Gimelstob,R,196,USA,23.9,4-6 3-6 6-4 6-0 9-7,5,R128,210,7,6,166,114,75,29,26,12,18,12,11,177,90,56,41,25,13,21,73,562,98,420
2001-580,Australian Open,Hard,128,G,20010115,60,102987,,,Andre Sa,R,185,BRA,23.6,101735,,,Richard Fromberg,R,196,AUS,30.7,6-2 6-4 6-3,5,R128,105,2,1,76,65,47,7,13,5,6,14,6,92,52,33,19,14,9,15,103,402,86,497
2001-580,Australian Open,Hard,128,G,20010115,61,103084,,Q,Guillermo Canas,R,185,ARG,23.1,102567,,,George Bastl,R,183,SUI,25.7,6-4 6-4 6-3,5,R128,124,7,1,91,75,50,9,15,6,9,2,2,99,65,35,16,14,10,16,228,154,108,375
2001-580,Australian Open,Hard,128,G,20010115,62,103420,,,Michal Tabara,R,175,CZE,21.4,102247,,,Andrea Gaudenzi,R,183,ITA,27.4,3-6 6-4 6-4 5-7 6-4,5,R128,217,7,11,180,84,58,46,25,17,23,9,10,163,85,55,41,26,9,16,69,584,102,407
2001-580,Australian Open,Hard,128,G,20010115,63,102318,,,Andrei Pavel,R,183,ROU,26.9,103188,,Q,Michael Russell,R,173,USA,22.7,7-6(5) 6-7(5) 7-5 6-4,5,R128,187,8,5,153,99,66,31,23,7,12,1,2,150,120,70,15,23,8,15,26,1105,148,265
2001-580,Australian Open,Hard,128,G,20010115,64,103498,2,,Marat Safin,R,193,RUS,20.9,102869,,,Galo Blanco,R,173,ESP,24.2,6-4 1-6 6-4 7-6(5),5,R128,167,11,5,132,65,50,35,19,4,7,9,8,138,64,51,39,20,6,9,2,4120,117,342
2001-580,Australian Open,Hard,128,G,20010115,65,102257,,,Greg Rusedski,L,193,GBR,27.3,102856,1,,Gustavo Kuerten,R,190,BRA,24.3,4-6 6-4 6-3 2-6 9-7,5,R64,164,12,5,143,100,79,20,26,6,11,5,4,151,86,63,36,27,7,12,65,625,1,4195
2001-580,Australian Open,Hard,128,G,20010115,66,102694,,Q,Lars Burgsmuller,R,183,GER,25.1,102905,,,Stefan Koubek,L,175,AUT,24.0,7-6(3) 6-4 6-3,5,R64,141,7,4,106,66,43,25,15,5,8,6,1,112,67,38,23,16,7,12,185,208,48,780
2001-580,Australian Open,Hard,128,G,20010115,67,103819,,,Roger Federer,R,185,SUI,19.4,102765,,,Nicolas Escude,R,185,FRA,24.7,6-1 6-4 6-4,5,R64,105,12,6,104,65,47,21,13,5,6,0,2,80,47,27,20,14,2,7,29,1080,46,840
2001-580,Australian Open,Hard,128,G,20010115,68,103096,15,,Arnaud Clement,R,173,FRA,23.0,103252,,,Alberto Martin,R,175,ESP,22.4,6-2 6-1 6-1,5,R64,94,6,3,56,31,28,16,11,0,0,1,7,83,42,20,18,11,5,12,18,1360,81,518
2001-580,Australian Open,Hard,128,G,20010115,69,101965,10,,Wayne Ferreira,R,185,RSA,29.3,102369,,,Julien Boutter,R,190,FRA,26.7,3-6 6-2 6-2 6-3,5,R64,115,9,1,90,43,40,27,17,1,2,7,4,111,66,43,21,17,7,12,13,1770,67,594
2001-580,Australian Open,Hard,128,G,20010115,70,103714,,,Andreas Vinciguerra,L,180,SWE,19.9,102446,,,Andrei Medvedev,R,193,UKR,26.3,6-3 7-6(5) 6-2,5,R64,108,6,3,87,44,36,25,15,2,4,14,4,114,75,47,16,14,2,8,52,760,59,690
2001-580,Australian Open,Hard,128,G,20010115,71,102162,,,Chris Woodruff,R,188,USA,28.0,102880,,,Alexander Popp,R,201,GER,24.1,4-6 6-3 6-4 6-4,5,R64,149,8,6,132,94,69,23,20,11,12,6,3,115,74,56,21,19,6,9,68,590,84,500
2001-580,Australian Open,Hard,128,G,20010115,72,102338,4,,Yevgeny Kafelnikov,R,190,RUS,26.9,103017,,,Nicolas Kiefer,R,183,GER,23.5,6-2 3-6 3-6 6-3 6-0,5,R64,187,4,5,127,71,46,32,20,5,11,12,8,130,55,36,31,21,9,18,5,2935,22,1215
2001-580,Australian Open,Hard,128,G,20010115,73,102796,5,,Magnus Norman,R,188,SWE,24.6,102148,,,Fabrice Santoro,R,178,FRA,28.1,7-6(6) 6-3 6-0,5,R64,115,4,1,83,60,45,15,14,5,6,2,3,89,41,30,20,13,1,7,4,3055,47,830
2001-580,Australian Open,Hard,128,G,20010115,74,102231,,,Alex Calatrava,R,190,ESP,27.5,103909,,,Guillermo Coria,R,175,ARG,19.0,6-4 6-3 3-6 6-2,5,R64,144,4,1,118,64,47,26,18,9,12,11,5,111,57,43,22,18,13,19,50,761,79,526
2001-580,Australian Open,Hard,128,G,20010115,75,102563,,,Thomas Johansson,R,180,SWE,25.8,101150,,,Gianluca Pozzi,L,180,ITA,35.5,7-6(1) 7-5 6-3,5,R64,148,9,1,105,59,45,25,16,7,10,6,3,110,47,35,29,17,11,16,34,980,43,864
2001-580,Australian Open,Hard,128,G,20010115,76,103206,16,,Sebastien Grosjean,R,175,FRA,22.6,101733,,,Jan Siemerink,L,183,NED,30.7,6-3 6-0 6-4,5,R64,91,4,1,69,44,38,17,12,1,1,3,3,76,43,26,14,13,5,10,19,1340,106,391
2001-580,Australian Open,Hard,128,G,20010115,77,102110,,,Daniel Nestor,L,190,CAN,28.3,102644,11,,Franco Squillari,L,183,ARG,25.4,3-6 6-2 6-4 7-5,5,R64,152,7,7,115,65,51,28,19,1,4,7,18,139,61,41,38,20,8,13,218,166,14,1598
2001-580,Australian Open,Hard,128,G,20010115,78,102783,,,Rainer Schuettler,R,180,GER,24.7,102227,,,Sargis Sargsian,R,180,ARM,27.6,6-3 7-5 4-6 6-4,5,R64,152,5,2,117,70,42,29,21,4,10,2,2,118,72,46,21,20,4,12,58,700,95,433
2001-580,Australian Open,Hard,128,G,20010115,79,102845,,,Carlos Moya,R,190,ESP,24.3,101820,,,Marc Rosset,R,201,SUI,30.1,6-2 6-1 6-3,5,R64,90,6,1,61,36,31,19,12,1,1,7,12,95,47,33,15,12,11,17,42,870,30,1065
2001-580,Australian Open,Hard,128,G,20010115,80,103720,7,,Lleyton Hewitt,R,180,AUS,19.8,103163,,,Tommy Haas,R,188,GER,22.7,7-5 7-6(5) 6-4,5,R64,183,17,8,133,68,55,23,17,14,18,5,11,117,49,37,28,17,12,18,7,2560,20,1245
2001-580,Australian Open,Hard,128,G,20010115,81,101736,6,,Andre Agassi,R,180,USA,30.7,102834,,,Paul Goldstein,R,178,USA,24.4,6-1 6-3 6-1,5,R64,77,3,2,55,40,29,8,12,1,4,4,2,78,60,24,6,11,9,19,6,2765,80,522
2001-580,Australian Open,Hard,128,G,20010115,82,102184,,,David Prinosil,R,185,GER,27.8,102821,,,Cecil Mamiit,R,173,PHI,24.5,4-6 3-6 6-2 6-3 6-2,5,R64,165,10,2,129,74,56,26,22,5,10,7,2,132,86,53,24,22,7,15,39,945,125,315
2001-580,Australian Open,Hard,128,G,20010115,83,104022,,,Mikhail Youzhny,R,183,RUS,18.5,103151,,,Mariano Zabaleta,R,183,ARG,22.8,5-7 7-6(3) 6-2 6-4,5,R64,163,2,5,130,84,53,25,21,7,13,4,5,125,73,47,21,21,4,12,113,357,62,655
2001-580,Australian Open,Hard,128,G,20010115,84,102776,,,Andrew Ilie,R,180,AUS,24.7,103507,9,,Juan Carlos Ferrero,R,183,ESP,20.9,3-6 6-2 6-1 1-6 6-2,5,R64,149,6,6,131,70,53,28,20,11,16,3,4,101,49,30,29,19,5,12,49,775,12,1840
2001-580,Australian Open,Hard,128,G,20010115,85,101611,13,,Cedric Pioline,R,188,FRA,31.5,101792,,,Slava Dosedel,R,183,CZE,30.4,7-6(6) 1-6 6-4 6-4,5,R64,167,11,8,137,78,61,22,20,5,11,5,10,132,77,53,25,19,8,13,17,1485,72,577
2001-580,Australian Open,Hard,128,G,20010115,86,101774,,,Todd Martin,R,198,USA,30.5,102860,,,Agustin Calleri,R,183,ARG,24.3,1-6 7-6(5) 7-6(7) 4-6 6-2,5,R64,218,11,11,156,96,70,32,24,9,15,19,5,150,80,63,38,25,7,12,54,730,63,638
2001-580,Australian Open,Hard,128,G,20010115,87,103428,,,Juan Ignacio Chela,R,190,ARG,21.3,103248,,,Harel Levy,R,185,ISR,22.4,6-2 6-2 6-3,5,R64,98,9,2,89,56,40,17,13,6,7,2,1,90,59,30,13,12,7,14,64,632,60,677
2001-580,Australian Open,Hard,128,G,20010115,88,101948,3,,Pete Sampras,R,185,USA,29.4,102539,,,Bohdan Ulihrach,R,188,CZE,25.8,7-6(5) 7-6(5) 4-6 7-5,5,R64,181,12,12,142,92,62,28,23,3,9,4,7,154,95,60,32,23,3,9,3,3385,57,706
2001-580,Australian Open,Hard,128,G,20010115,89,102450,8,,Tim Henman,R,185,GBR,26.3,102839,,,Nicolas Lapentti,R,188,ECU,24.4,6-1 7-6(3) 7-6(7),5,R64,154,7,3,106,64,46,28,16,4,7,5,8,117,74,46,21,15,5,10,10,2020,24,1130
2001-580,Australian Open,Hard,128,G,20010115,90,101885,,,Wayne Arthurs,L,190,AUS,29.8,102730,,Q,Ivo Heuberger,R,188,SUI,24.9,6-3 3-6 6-3 3-6 6-1,5,R64,173,20,9,122,52,40,46,22,2,5,5,3,135,64,48,36,21,10,15,82,513,234,149
2001-580,Australian Open,Hard,128,G,20010115,91,103356,,,Michel Kratochvil,R,185,SUI,21.7,103018,,,Max Mirnyi,R,196,BLR,23.5,6-3 6-4 6-7(5) 6-3,5,R64,162,4,8,126,85,67,25,20,3,3,7,3,131,89,62,23,20,8,11,94,441,45,845
2001-580,Australian Open,Hard,128,G,20010115,92,102158,12,,Patrick Rafter,R,185,AUS,28.0,103786,,Q,Nikolay Davydenko,R,178,RUS,19.6,6-4 2-6 6-3 7-6(4),5,R64,160,15,7,122,81,61,21,19,4,7,2,3,126,86,55,25,20,5,8,15,1535,133,292
2001-580,Australian Open,Hard,128,G,20010115,93,103103,14,,Dominik Hrbaty,R,183,SVK,23.0,101532,,,Francisco Clavet,L,183,ESP,32.2,6-3 6-4 6-2,5,R64,102,9,5,85,46,39,22,14,2,2,4,0,83,51,34,16,13,3,7,16,1510,40,900
2001-580,Australian Open,Hard,128,G,20010115,94,103294,,,Christophe Rochus,R,170,BEL,22.0,102987,,,Andre Sa,R,185,BRA,23.6,6-3 6-2 6-2,5,R64,95,3,2,73,41,35,16,13,0,1,1,1,81,56,32,9,12,5,11,73,562,103,402
2001-580,Australian Open,Hard,128,G,20010115,95,103420,,,Michal Tabara,R,175,CZE,21.4,103084,,Q,Guillermo Canas,R,185,ARG,23.1,7-6(4) 6-3 6-2,5,R64,113,5,8,99,47,37,28,14,6,8,5,2,94,60,37,16,15,7,12,69,584,228,154
2001-580,Australian Open,Hard,128,G,20010115,96,103498,2,,Marat Safin,R,193,RUS,20.9,102318,,,Andrei Pavel,R,183,ROU,26.9,4-6 6-3 6-4 7-6(5),5,R64,161,22,1,124,63,56,29,20,2,5,6,1,130,73,52,30,21,4,8,2,4120,26,1105
2001-580,Australian Open,Hard,128,G,20010115,97,102257,,,Greg Rusedski,L,193,GBR,27.3,102694,,Q,Lars Burgsmuller,R,183,GER,25.1,6-1 6-2 6-1,5,R32,85,12,1,52,37,33,11,11,0,0,0,5,78,48,29,7,11,7,14,65,625,185,208
2001-580,Australian Open,Hard,128,G,20010115,98,103096,15,,Arnaud Clement,R,173,FRA,23.0,103819,,,Roger Federer,R,185,SUI,19.4,7-6(5) 6-4 6-4,5,R32,128,3,4,101,61,44,24,16,5,8,13,10,118,74,48,18,16,6,11,18,1360,29,1080
2001-580,Australian Open,Hard,128,G,20010115,99,103714,,,Andreas Vinciguerra,L,180,SWE,19.9,101965,10,,Wayne Ferreira,R,185,RSA,29.3,6-0 3-6 6-4 6-3,5,R32,114,7,7,100,50,42,29,17,2,3,13,5,89,40,31,23,17,2,7,52,760,13,1770
2001-580,Australian Open,Hard,128,G,20010115,100,102338,4,,Yevgeny Kafelnikov,R,190,RUS,26.9,102162,,,Chris Woodruff,R,188,USA,28.0,6-7(3) 7-5 6-2 6-3,5,R32,158,10,11,127,61,55,33,20,3,5,14,5,127,81,55,20,21,4,10,5,2935,68,590
2001-580,Australian Open,Hard,128,G,20010115,101,102796,5,,Magnus Norman,R,188,SWE,24.6,102231,,,Alex Calatrava,R,190,ESP,27.5,7-6(2) 3-6 7-6(2) 6-3,5,R32,155,15,0,125,98,75,14,21,5,9,13,1,117,69,49,29,21,4,7,4,3055,50,761
2001-580,Australian Open,Hard,128,G,20010115,102,103206,16,,Sebastien Grosjean,R,175,FRA,22.6,102563,,,Thomas Johansson,R,180,SWE,25.8,6-4 6-1 6-4,5,R32,121,7,3,87,53,40,18,13,8,10,2,10,89,45,30,17,14,11,17,19,1340,34,980
2001-580,Australian Open,Hard,128,G,20010115,103,102783,,,Rainer Schuettler,R,180,GER,24.7,102110,,,Daniel Nestor,L,190,CAN,28.3,6-4 6-2 7-5,5,R32,125,3,4,97,64,49,18,15,5,6,6,4,104,63,41,17,15,7,12,58,700,218,166
2001-580,Australian Open,Hard,128,G,20010115,104,102845,,,Carlos Moya,R,190,ESP,24.3,103720,7,,Lleyton Hewitt,R,180,AUS,19.8,4-6 6-1 5-7 6-2 7-5,5,R32,228,16,2,146,94,68,27,25,8,12,13,6,158,82,56,41,24,6,13,42,870,7,2560
2001-580,Australian Open,Hard,128,G,20010115,105,101736,6,,Andre Agassi,R,180,USA,30.7,102184,,,David Prinosil,R,185,GER,27.8,7-6(11) 5-0 RET,5,R32,68,8,2,54,40,29,9,9,2,3,2,3,71,44,25,11,8,4,8,6,2765,39,945
2001-580,Australian Open,Hard,128,G,20010115,106,102776,,,Andrew Ilie,R,180,AUS,24.7,104022,,,Mikhail Youzhny,R,183,RUS,18.5,7-6(3) 6-4 6-2,5,R32,112,3,2,90,55,41,18,15,0,3,4,4,91,50,35,16,15,5,11,49,775,113,357
2001-580,Australian Open,Hard,128,G,20010115,107,101774,,,Todd Martin,R,198,USA,30.5,101611,13,,Cedric Pioline,R,188,FRA,31.5,6-4 3-6 6-3 6-4,5,R32,162,16,7,107,68,55,20,19,4,7,14,6,131,71,47,29,19,7,12,54,730,17,1485
2001-580,Australian Open,Hard,128,G,20010115,108,101948,3,,Pete Sampras,R,185,USA,29.4,103428,,,Juan Ignacio Chela,R,190,ARG,21.3,6-4 4-6 4-6 7-5 6-2,5,R32,188,18,7,169,104,75,30,25,8,12,13,5,148,80,59,37,25,7,13,3,3385,64,632
2001-580,Australian Open,Hard,128,G,20010115,109,102450,8,,Tim Henman,R,185,GBR,26.3,101885,,,Wayne Arthurs,L,190,AUS,29.8,6-3 6-2 0-6 6-2,5,R32,123,4,8,105,71,52,14,16,4,7,12,5,86,49,33,17,15,2,7,10,2020,82,513
2001-580,Australian Open,Hard,128,G,20010115,110,102158,12,,Patrick Rafter,R,185,AUS,28.0,103356,,,Michel Kratochvil,R,185,SUI,21.7,6-4 6-1 7-5,5,R32,115,11,5,89,54,41,22,14,2,3,3,5,87,55,34,13,15,4,9,15,1535,94,441
2001-580,Australian Open,Hard,128,G,20010115,111,103103,14,,Dominik Hrbaty,R,183,SVK,23.0,103294,,,Christophe Rochus,R,170,BEL,22.0,6-4 6-4 6-2,5,R32,114,12,11,102,51,39,25,14,5,7,3,7,117,59,39,21,14,12,18,16,1510,73,562
2001-580,Australian Open,Hard,128,G,20010115,112,103498,2,,Marat Safin,R,193,RUS,20.9,103420,,,Michal Tabara,R,175,CZE,21.4,6-1 6-1 6-4,5,R32,84,7,2,80,35,27,25,12,9,11,2,1,72,40,23,7,12,1,9,2,4120,69,584
2001-580,Australian Open,Hard,128,G,20010115,113,103096,15,,Arnaud Clement,R,173,FRA,23.0,102257,,,Greg Rusedski,L,193,GBR,27.3,6-3 6-2 7-5,5,R16,112,1,1,85,62,46,14,14,4,5,19,5,109,59,44,17,15,10,15,18,1360,65,625
2001-580,Australian Open,Hard,128,G,20010115,114,102338,4,,Yevgeny Kafelnikov,R,190,RUS,26.9,103714,,,Andreas Vinciguerra,L,180,SWE,19.9,7-5 7-5 6-1,5,R16,106,7,3,84,53,41,18,15,1,4,4,6,108,51,34,23,16,10,17,5,2935,52,760
2001-580,Australian Open,Hard,128,G,20010115,115,103206,16,,Sebastien Grosjean,R,175,FRA,22.6,102796,5,,Magnus Norman,R,188,SWE,24.6,7-6(7) 6-3 0-6 6-4,5,R16,178,10,5,148,73,50,36,18,8,13,8,0,112,63,45,27,19,4,8,19,1340,4,3055
2001-580,Australian Open,Hard,128,G,20010115,116,102845,,,Carlos Moya,R,190,ESP,24.3,102783,,,Rainer Schuettler,R,180,GER,24.7,7-6(2) 6-3 6-4,5,R16,118,10,0,90,50,42,26,15,0,1,6,4,86,54,42,14,16,2,5,42,870,58,700
2001-580,Australian Open,Hard,128,G,20010115,117,101736,6,,Andre Agassi,R,180,USA,30.7,102776,,,Andrew Ilie,R,180,AUS,24.7,6-7(1) 6-3 6-0 6-3,5,R16,135,5,2,102,77,57,13,18,4,6,6,6,141,88,55,21,18,18,26,6,2765,49,775
2001-580,Australian Open,Hard,128,G,20010115,118,101774,,,Todd Martin,R,198,USA,30.5,101948,3,,Pete Sampras,R,185,USA,29.4,6-7(2) 6-3 6-4 6-4,5,R16,152,16,3,118,81,63,24,21,2,3,21,7,123,76,63,18,20,3,7,54,730,3,3385
2001-580,Australian Open,Hard,128,G,20010115,119,102158,12,,Patrick Rafter,R,185,AUS,28.0,102450,8,,Tim Henman,R,185,GBR,26.3,6-2 6-3 6-3,5,R16,127,7,2,84,57,45,13,13,2,2,4,8,97,54,35,18,13,5,10,15,1535,10,2020
2001-580,Australian Open,Hard,128,G,20010115,120,103103,14,,Dominik Hrbaty,R,183,SVK,23.0,103498,2,,Marat Safin,R,193,RUS,20.9,6-2 7-6(6) 6-4,5,R16,123,7,0,86,42,32,30,15,1,3,11,4,116,60,44,21,15,8,13,16,1510,2,4120
2001-580,Australian Open,Hard,128,G,20010115,121,103096,15,,Arnaud Clement,R,173,FRA,23.0,102338,4,,Yevgeny Kafelnikov,R,190,RUS,26.9,6-4 5-7 7-6(3) 7-6(3),5,QF,191,12,4,167,93,64,37,23,8,13,23,5,145,87,60,29,23,10,15,18,1360,5,2935
2001-580,Australian Open,Hard,128,G,20010115,122,103206,16,,Sebastien Grosjean,R,175,FRA,22.6,102845,,,Carlos Moya,R,190,ESP,24.3,6-1 6-4 6-2,5,QF,98,3,1,77,48,39,17,13,0,0,3,2,68,42,26,13,12,5,10,19,1340,42,870
2001-580,Australian Open,Hard,128,G,20010115,123,101736,6,,Andre Agassi,R,180,USA,30.7,101774,,,Todd Martin,R,198,USA,30.5,7-5 6-3 6-4,5,QF,118,6,0,82,55,48,11,16,4,6,14,5,103,67,37,18,15,7,13,6,2765,54,730
2001-580,Australian Open,Hard,128,G,20010115,124,102158,12,,Patrick Rafter,R,185,AUS,28.0,103103,14,,Dominik Hrbaty,R,183,SVK,23.0,6-2 6-7(4) 7-5 6-0,5,QF,151,11,6,118,66,58,22,19,2,4,7,7,127,67,43,30,19,6,14,15,1535,16,1510
2001-580,Australian Open,Hard,128,G,20010115,125,103096,15,,Arnaud Clement,R,173,FRA,23.0,103206,16,,Sebastien Grosjean,R,175,FRA,22.6,5-7 2-6 7-6(4) 7-5 6-2,5,SF,248,8,5,194,109,71,47,26,14,20,20,5,156,79,61,39,26,6,12,18,1360,19,1340
2001-580,Australian Open,Hard,128,G,20010115,126,101736,6,,Andre Agassi,R,180,USA,30.7,102158,12,,Patrick Rafter,R,185,AUS,28.0,7-5 2-6 6-7(5) 6-2 6-3,5,SF,187,10,3,148,106,83,26,25,2,4,22,6,153,96,79,22,24,7,11,6,2765,15,1535
2001-580,Australian Open,Hard,128,G,20010115,127,101736,6,,Andre Agassi,R,180,USA,30.7,103096,15,,Arnaud Clement,R,173,FRA,23.0,6-4 6-2 6-2,5,F,106,7,1,81,53,38,13,13,4,6,5,7,90,47,28,19,13,8,15,6,2765,18,1360
2002-580,Australian Open,Hard,128,G,20020114,1,103252,,,Alberto Martin,R,175,ESP,23.4,103720,1,,Lleyton Hewitt,R,180,AUS,20.8,1-6 6-1 6-4 7-6(4),5,R128,213,5,10,136,75,48,27,18,13,19,6,10,127,55,35,32,18,8,15,39,968,1,4230
2002-580,Australian Open,Hard,128,G,20020114,2,103356,,,Michel Kratochvil,R,185,SUI,22.7,101897,,,Fernando Meligeni,L,180,BRA,30.7,6-4 6-1 6-2,5,R128,92,1,3,76,50,39,14,12,2,3,2,3,68,37,23,11,13,3,9,42,903,68,539
2002-580,Australian Open,Hard,128,G,20020114,3,102701,,,Marcelo Rios,L,175,CHI,26.0,103154,,WC,Jaymon Crabb,R,183,AUS,23.8,6-2 6-0 5-7 6-4,5,R128,142,12,6,132,73,52,29,18,11,15,8,1,112,61,34,24,18,8,17,48,755,248,142
2002-580,Australian Open,Hard,128,G,20020114,4,102344,,,Karol Kucera,R,188,SVK,27.8,102854,27,,Sjeng Schalken,R,193,NED,25.3,6-1 6-4 1-6 6-1,5,R128,167,2,7,110,58,39,26,16,8,13,0,2,100,71,37,12,15,6,14,81,492,30,1140
2002-580,Australian Open,Hard,128,G,20020114,5,102839,23,,Nicolas Lapentti,R,188,ECU,25.4,102809,,,Axel Pretzsch,R,185,GER,25.5,7-5 4-6 6-0 6-0,5,R128,142,18,5,114,73,52,20,17,5,9,2,10,109,63,30,19,17,6,16,27,1170,99,408
2002-580,Australian Open,Hard,128,G,20020114,6,104076,,,Jose Acasuso,R,190,ARG,19.2,102788,,,Jan Vacek,R,198,CZE,25.6,3-6 1-6 6-4 7-6(5) 6-1,5,R128,183,5,9,166,64,46,53,23,7,14,8,10,159,92,63,33,22,11,17,85,474,72,526
2002-580,Australian Open,Hard,128,G,20020114,7,103292,,,Gaston Gaudio,R,175,ARG,23.0,102855,,Q,Jack Brasington,R,188,USA,25.3,6-4 7-6(3) 7-5,5,R128,152,4,1,104,61,46,25,17,2,4,7,15,140,77,53,25,17,12,16,47,760,197,191
2002-580,Australian Open,Hard,128,G,20020114,8,103096,15,,Arnaud Clement,R,173,FRA,24.0,103581,,,Flavio Saretta,R,183,BRA,21.5,6-4 7-6(5) 6-4,5,R128,150,7,1,114,67,46,28,16,8,10,5,3,114,72,48,21,16,7,11,17,1475,110,377
2002-580,Australian Open,Hard,128,G,20020114,9,103819,11,,Roger Federer,R,185,SUI,20.4,102021,,,Michael Chang,R,175,USA,29.8,6-4 6-4 6-3,5,R128,126,9,4,86,57,49,11,15,3,4,2,0,104,58,38,20,14,7,12,12,1845,94,445
2002-580,Australian Open,Hard,128,G,20020114,10,102722,,,Attila Savolt,R,183,HUN,25.9,103535,,Q,Olivier Patience,R,180,FRA,21.8,6-3 3-6 6-3 3-6 6-4,5,R128,193,10,8,134,68,58,34,23,3,6,6,1,140,89,62,29,23,3,7,93,447,272,124
2002-580,Australian Open,Hard,128,G,20020114,11,102783,,,Rainer Schuettler,R,180,GER,25.7,103908,,WC,Paul Henri Mathieu,R,185,FRA,20.0,2-6 6-1 4-6 6-1 6-4,5,R128,171,12,4,119,73,56,22,21,6,9,9,3,142,74,50,31,21,7,13,41,955,142,275
2002-580,Australian Open,Hard,128,G,20020114,12,102845,17,,Carlos Moya,R,190,ESP,25.3,102860,,,Agustin Calleri,R,183,ARG,25.3,2-6 6-7(3) 6-4 7-6(4) 0-1 RET,5,R128,186,9,7,154,97,67,30,21,10,15,7,6,144,87,65,30,22,10,13,19,1310,66,562
2002-580,Australian Open,Hard,128,G,20020114,13,103598,29,,Xavier Malisse,R,185,BEL,21.4,102494,,Q,Tomas Behrend,R,193,GER,27.0,6-4 6-4 7-5,5,R128,141,6,3,129,76,47,25,16,12,17,1,10,107,50,31,24,16,15,23,32,1040,130,311
2002-580,Australian Open,Hard,128,G,20020114,14,101774,,,Todd Martin,R,198,USA,31.5,102987,,,Andre Sa,R,185,BRA,24.6,6-4 6-3 7-5,5,R128,117,12,3,96,56,41,22,15,2,5,3,2,87,53,30,19,16,1,7,56,655,87,469
2002-580,Australian Open,Hard,128,G,20020114,15,103003,,Q,Jean Francois Bachelot,R,183,FRA,24.5,102999,,Q,Stefano Galvani,R,178,ITA,24.6,6-2 7-5 7-5,5,R128,134,6,3,111,69,45,20,16,11,16,2,5,100,50,29,19,16,5,14,255,138,132,306
2002-580,Australian Open,Hard,128,G,20020114,16,103163,7,,Tommy Haas,R,188,GER,23.7,102911,,,Andrei Stoliarov,R,178,RUS,25.0,6-1 6-3 6-1,5,R128,79,10,2,55,33,31,17,11,0,0,7,4,94,38,22,22,12,9,15,9,2150,101,405
2002-580,Australian Open,Hard,128,G,20020114,17,101647,,Q,Byron Black,R,175,ZIM,32.2,103789,,LL,Irakli Labadze,L,188,GEO,20.5,4-6 4-6 6-3 6-3 7-5,5,R128,174,4,1,138,103,66,18,25,6,14,11,19,151,87,55,22,25,8,18,215,171,104,399
2002-580,Australian Open,Hard,128,G,20020114,18,102610,,,Albert Costa,R,180,ESP,26.5,102456,,,Felix Mantilla,R,180,ESP,27.3,2-6 6-2 6-3 6-4,5,R128,152,11,1,108,76,55,19,17,6,9,1,0,100,56,35,26,18,7,12,40,960,34,1035
2002-580,Australian Open,Hard,128,G,20020114,19,103397,,,Alexandre Simoni,R,188,BRA,22.5,102921,,,Ota Fukarek,R,190,CZE,24.9,4-6 7-5 6-2 6-7(3) 7-5,5,R128,272,5,6,185,125,87,30,27,12,16,7,2,197,133,93,29,27,18,25,108,381,105,397
2002-580,Australian Open,Hard,128,G,20020114,20,102318,25,,Andrei Pavel,R,183,ROU,27.9,102644,,,Franco Squillari,L,183,ARG,26.3,6-4 6-3 3-6 6-2,5,R128,144,5,1,107,69,49,21,18,3,6,5,2,124,89,61,14,18,9,15,29,1155,53,690
2002-580,Australian Open,Hard,128,G,20020114,21,101965,,,Wayne Ferreira,R,185,RSA,30.3,102998,19,,Jan Michael Gambill,R,190,USA,24.6,6-2 6-4 7-6(6),5,R128,142,12,2,102,54,41,27,15,3,4,9,7,124,49,36,35,15,9,13,59,615,21,1215
2002-580,Australian Open,Hard,128,G,20020114,22,103900,,,David Nalbandian,R,180,ARG,20.0,101888,,,Daniel Vacek,R,190,CZE,30.7,7-6(0) 3-6 6-3 6-3,5,R128,153,7,3,139,84,57,33,20,10,13,4,4,119,68,50,25,19,10,14,46,829,377,77
2002-580,Australian Open,Hard,128,G,20020114,23,103344,,,Ivan Ljubicic,R,193,CRO,22.8,102539,,,Bohdan Ulihrach,R,188,CZE,26.8,6-7(4) 1-6 6-4 7-6(7) 9-7,5,R128,215,27,9,198,121,89,38,29,12,17,9,8,187,112,79,47,28,7,12,37,982,38,980
2002-580,Australian Open,Hard,128,G,20020114,24,104053,13,,Andy Roddick,R,188,USA,19.3,103151,,,Mariano Zabaleta,R,183,ARG,23.8,6-3 5-7 6-3 6-3,5,R128,170,11,1,125,81,58,26,19,6,8,3,6,129,66,50,28,20,11,16,15,1643,62,605
2002-580,Australian Open,Hard,128,G,20020114,25,103498,9,,Marat Safin,R,193,RUS,21.9,102179,,,Antony Dupuis,R,185,FRA,28.8,7-5 6-4 6-2,5,R128,112,12,4,78,43,29,25,15,0,2,4,3,88,56,32,17,15,4,10,11,1920,86,473
2002-580,Australian Open,Hard,128,G,20020114,26,103294,,,Christophe Rochus,R,170,BEL,23.0,103171,,Q,Raemon Sluiter,R,185,NED,23.7,4-6 6-3 6-4 6-2,5,R128,142,12,8,141,82,57,33,18,11,13,16,5,114,59,41,29,19,9,14,73,525,134,300
2002-580,Australian Open,Hard,128,G,20020114,27,104022,,,Mikhail Youzhny,R,183,RUS,19.5,103566,,,Michael Llodra,L,190,FRA,21.6,6-7(2) 6-2 6-2 6-3,5,R128,139,6,1,122,84,54,27,19,5,8,7,14,118,61,43,21,18,5,13,58,616,84,474
2002-580,Australian Open,Hard,128,G,20020114,28,103888,,Q,Mardy Fish,R,188,USA,20.0,102148,20,,Fabrice Santoro,R,178,FRA,29.0,6-2 1-6 6-4 6-1,5,R128,143,7,6,113,66,46,25,16,10,13,2,3,104,61,34,24,16,5,11,141,279,22,1210
2002-580,Australian Open,Hard,128,G,20020114,29,102765,30,,Nicolas Escude,R,185,FRA,25.7,104379,,WC,Todd Reid,R,180,AUS,17.6,1-6 6-1 6-4 6-4,5,R128,139,6,6,110,68,51,20,17,10,12,3,5,113,74,50,18,17,6,10,31,1060,844,10
2002-580,Australian Open,Hard,128,G,20020114,30,102231,,,Alex Calatrava,R,190,ESP,28.5,103694,,Q,Olivier Rochus,R,168,BEL,20.9,6-3 3-6 6-3 3-6 6-3,5,R128,175,17,1,153,97,72,27,22,6,10,2,1,131,90,57,25,23,4,9,98,430,111,376
2002-580,Australian Open,Hard,128,G,20020114,31,103428,,,Juan Ignacio Chela,R,190,ARG,22.3,103174,,Q,Noam Okun,R,185,ISR,23.7,6-2 6-7(5) 6-3 6-1,5,R128,144,7,4,112,73,50,24,18,4,6,4,5,120,68,42,24,18,9,17,55,684,113,373
2002-580,Australian Open,Hard,128,G,20020114,32,101948,8,,Pete Sampras,R,185,USA,30.4,103813,,,Jarkko Nieminen,L,185,FIN,20.4,6-3 6-3 6-4,5,R128,98,13,3,79,49,38,18,14,1,2,4,2,95,65,38,17,14,8,13,10,1940,60,611
2002-580,Australian Open,Hard,128,G,20020114,33,103206,5,,Sebastien Grosjean,R,175,FRA,23.6,102607,,,Juan Balcells,R,190,ESP,26.5,6-2 2-6 7-6(5) 7-6(2),5,R128,183,10,3,149,83,59,36,20,10,13,3,4,136,89,60,25,20,8,11,7,2740,112,373
2002-580,Australian Open,Hard,128,G,20020114,34,101532,,,Francisco Clavet,L,183,ESP,33.2,103114,,,Martin Lee,L,180,GBR,24.0,7-6(2) 6-1 6-0,5,R128,94,3,0,74,47,36,18,12,2,3,2,2,83,43,22,16,13,6,12,61,610,103,399
2002-580,Australian Open,Hard,128,G,20020114,35,102247,,,Andrea Gaudenzi,R,183,ITA,28.4,101735,,WC,Richard Fromberg,R,196,AUS,31.7,1-6 6-0 7-5 6-3,5,R128,158,3,11,120,57,41,33,17,9,12,6,7,110,70,50,14,17,5,11,52,696,296,109
2002-580,Australian Open,Hard,128,G,20020114,36,102562,26,,Jiri Novak,R,190,CZE,26.8,103017,,,Nicolas Kiefer,R,183,GER,24.5,6-1 6-0 6-4,5,R128,105,5,2,67,42,27,16,11,3,5,0,6,81,39,17,16,12,8,17,24,1196,43,880
2002-580,Australian Open,Hard,128,G,20020114,37,102287,18,,Albert Portas,R,188,ESP,28.1,102776,,,Andrew Ilie,R,180,AUS,25.7,6-7(3) 7-6(6) 6-2 6-0,5,R128,147,1,5,146,88,59,28,19,7,10,5,4,119,75,49,18,19,6,14,20,1220,67,555
2002-580,Australian Open,Hard,128,G,20020114,38,103103,,,Dominik Hrbaty,R,183,SVK,24.0,102694,,,Lars Burgsmuller,R,183,GER,26.1,3-6 2-6 6-3 6-3 7-5,5,R128,205,10,11,160,91,61,32,23,11,18,6,1,140,84,57,26,24,9,16,44,866,80,501
2002-580,Australian Open,Hard,128,G,20020114,39,102259,,,Jerome Golmard,L,188,FRA,28.3,101885,,,Wayne Arthurs,L,190,AUS,30.8,7-6(4) 7-5 7-6(5),5,R128,124,6,3,96,63,55,21,18,0,1,17,12,111,51,45,29,18,4,6,45,835,76,518
2002-580,Australian Open,Hard,128,G,20020114,40,101964,10,,Goran Ivanisevic,L,193,CRO,30.3,210013,,,Martin Damm Sr,R,188,CZE,29.4,4-6 7-5 7-6(4) 6-4,5,R128,162,30,6,135,80,66,27,22,6,9,16,5,131,76,56,30,22,5,9,13,1816,,
2002-580,Australian Open,Hard,128,G,20020114,41,103484,,,James Blake,R,185,USA,22.0,102374,14,,Alex Corretja,R,180,ESP,27.7,5-7 7-6(6) 6-3 6-2,5,R128,171,6,9,159,100,66,26,20,9,13,3,6,134,70,40,37,21,8,15,70,534,16,1525
2002-580,Australian Open,Hard,128,G,20020114,42,102905,,,Stefan Koubek,L,175,AUT,25.0,102642,,Q,Cyril Saulnier,R,190,FRA,26.4,0-6 1-6 7-6(6) 6-4 8-6,5,R128,204,11,4,168,101,51,35,24,12,22,2,11,166,86,64,36,25,11,18,65,563,153,244
2002-580,Australian Open,Hard,128,G,20020114,43,103709,,,Kristian Pless,R,188,DEN,20.9,103018,,,Max Mirnyi,R,196,BLR,24.5,3-6 6-3 6-4 6-3,5,R128,118,1,8,103,64,48,23,18,6,8,8,2,104,66,45,22,19,3,8,82,485,33,1035
2002-580,Australian Open,Hard,128,G,20020114,44,102271,22,,Hicham Arazi,L,175,MAR,28.2,102730,,,Ivo Heuberger,R,188,SUI,25.9,6-4 6-2 4-6 7-6(1),5,R128,169,4,3,128,76,54,25,20,5,11,7,9,141,61,43,32,20,12,20,26,1170,114,368
2002-580,Australian Open,Hard,128,G,20020114,45,103990,32,,Tommy Robredo,R,180,ESP,19.7,103188,,,Michael Russell,R,173,USA,23.7,6-7(5) 6-3 6-3 6-4,5,R128,150,5,9,125,64,43,31,20,7,13,1,8,123,71,43,21,20,4,14,36,1020,91,451
2002-580,Australian Open,Hard,128,G,20020114,46,103602,,Q,Fernando Gonzalez,R,183,CHI,21.4,102227,,,Sargis Sargsian,R,180,ARM,28.6,6-1 6-3 7-6(5),5,R128,122,4,4,85,53,40,20,14,4,5,1,2,88,48,34,15,14,6,11,140,287,69,539
2002-580,Australian Open,Hard,128,G,20020114,47,103297,,Q,Alex Kim,R,175,USA,23.0,102106,,,Davide Sanguinetti,R,188,ITA,29.3,3-6 6-2 6-3 6-4,5,R128,135,1,2,136,92,58,25,18,10,12,9,2,108,60,41,23,18,9,14,234,153,92,451
2002-580,Australian Open,Hard,128,G,20020114,48,102338,4,,Yevgeny Kafelnikov,R,190,RUS,27.9,102306,,Q,Michael Kohlmann,R,188,GER,28.0,6-3 6-3 6-2,5,R128,87,2,5,82,40,35,25,13,9,9,7,4,77,38,27,17,13,2,7,4,3090,116,358
2002-580,Australian Open,Hard,128,G,20020114,49,102450,6,,Tim Henman,R,185,GBR,27.3,102464,,WC,Todd Larkham,R,178,AUS,27.2,7-5 6-2 6-2,5,R128,115,4,1,80,60,41,15,14,5,6,3,5,97,64,35,15,14,6,12,8,2200,191,199
2002-580,Australian Open,Hard,128,G,20020114,50,103166,,,Vladimir Voltchkov,R,180,BLR,23.7,102821,,Q,Cecil Mamiit,R,173,PHI,25.5,3-6 6-3 6-3 6-3,5,R128,164,9,7,123,68,52,25,18,6,9,7,4,130,84,50,23,18,10,16,128,315,109,377
2002-580,Australian Open,Hard,128,G,20020114,51,102882,,,Mark Philippoussis,R,196,AUS,25.1,102869,,,Galo Blanco,R,173,ESP,25.2,6-3 6-4 7-5,5,R128,118,29,3,92,55,46,26,16,7,7,7,3,102,59,40,24,15,3,6,78,515,54,687
2002-580,Australian Open,Hard,128,G,20020114,52,102257,28,,Greg Rusedski,L,193,GBR,28.3,102401,,WC,Scott Draper,L,178,AUS,27.6,7-6(8) 6-3 7-5,5,R128,120,7,3,108,66,53,23,16,4,6,3,3,99,51,36,28,17,4,8,25,1175,218,170
2002-580,Australian Open,Hard,128,G,20020114,53,102358,24,,Thomas Enqvist,R,190,SWE,27.8,102143,,Q,Nicolas Thomann,R,183,FRA,29.1,2-6 6-3 6-1 6-2,5,R128,126,11,5,113,66,48,23,16,13,16,6,2,92,54,34,17,16,2,9,28,1165,223,164
2002-580,Australian Open,Hard,128,G,20020114,54,102035,,,Jonas Bjorkman,R,183,SWE,29.8,103454,,,Nicolas Massu,R,183,CHI,22.2,6-4 RET,5,R128,58,1,2,30,14,8,10,5,0,1,4,1,50,25,18,9,5,6,8,64,570,100,405
2002-580,Australian Open,Hard,128,G,20020114,55,102887,,,Ramon Delgado,R,185,PAR,25.1,103656,,,Albert Montanes,R,175,ESP,21.1,7-5 6-7(5) 4-6 6-4 6-1,5,R128,232,9,7,165,109,77,21,26,9,16,5,9,201,131,76,27,25,18,29,88,468,63,601
2002-580,Australian Open,Hard,128,G,20020114,56,103084,12,,Guillermo Canas,R,185,ARG,24.1,103387,,WC,Paradorn Srichaphan,R,185,THA,22.5,6-1 6-1 6-4,5,R128,103,2,4,77,53,39,13,12,7,8,1,3,96,47,26,20,12,13,20,14,1725,83,479
2002-580,Australian Open,Hard,128,G,20020114,57,102563,16,,Thomas Johansson,R,180,SWE,26.8,102831,,,Jacobo Diaz,R,173,ESP,25.5,6-1 3-6 7-6(2) 6-4,5,R128,170,15,3,111,56,42,32,19,2,5,5,4,136,88,54,27,19,8,13,18,1375,89,464
2002-580,Australian Open,Hard,128,G,20020114,58,103182,,,Markus Hipfl,R,178,AUT,23.7,103786,,,Nikolay Davydenko,R,178,RUS,20.6,6-1 6-4 3-6 6-4,5,R128,158,1,5,115,76,49,17,18,3,9,8,4,112,51,41,18,18,7,16,75,520,71,527
2002-580,Australian Open,Hard,128,G,20020114,59,102950,,,Fernando Vicente,R,180,ESP,24.8,102202,,,Kenneth Carlsen,L,190,DEN,28.7,2-6 2-6 6-4 6-4 10-8,5,R128,201,2,2,165,105,75,32,27,11,16,18,2,144,99,75,25,27,3,7,50,715,145,264
2002-580,Australian Open,Hard,128,G,20020114,60,101962,21,,Younes El Aynaoui,R,193,MAR,30.3,103181,,,Jiri Vanek,R,185,CZE,23.7,6-3 6-3 6-3,5,R128,80,22,3,66,48,43,11,13,1,2,8,4,76,42,24,16,14,1,6,23,1198,96,436
2002-580,Australian Open,Hard,128,G,20020114,61,103714,31,,Andreas Vinciguerra,L,180,SWE,20.9,103487,,,Federico Luzzi,R,188,ITA,22.0,6-2 6-2 7-6(3),5,R128,97,5,2,80,55,45,17,14,0,0,4,3,84,51,35,19,14,8,12,35,1025,95,438
2002-580,Australian Open,Hard,128,G,20020114,62,103758,,WC,Taylor Dent,R,188,USA,20.7,103420,,,Michal Tabara,R,175,CZE,22.4,6-2 6-1 6-2,5,R128,65,13,1,65,40,29,18,12,2,3,0,4,73,42,27,7,11,2,9,129,311,97,431
2002-580,Australian Open,Hard,128,G,20020114,63,102437,,,Adrian Voinea,R,185,ROU,27.4,103176,,,David Sanchez,R,183,ESP,23.7,5-7 6-2 7-6(5) 6-2,5,R128,154,3,8,123,64,48,28,20,5,10,2,4,130,73,45,27,20,10,18,107,386,74,524
2002-580,Australian Open,Hard,128,G,20020114,64,102369,,,Julien Boutter,R,190,FRA,27.7,102856,2,,Gustavo Kuerten,R,190,BRA,25.3,3-6 4-6 7-5 6-3 6-3,5,R128,189,37,12,150,85,69,31,25,8,11,12,3,153,94,73,29,24,6,11,49,725,2,3855
2002-580,Australian Open,Hard,128,G,20020114,65,103252,,,Alberto Martin,R,175,ESP,23.4,103356,,,Michel Kratochvil,R,185,SUI,22.7,3-6 6-3 6-3,5,R64,169,1,5,112,76,50,18,18,6,11,1,6,154,100,59,19,18,16,24,39,968,42,903
2002-580,Australian Open,Hard,128,G,20020114,66,102701,,,Marcelo Rios,L,175,CHI,26.0,102344,,,Karol Kucera,R,188,SVK,27.8,7-6(5) 7-5 6-2,5,R64,135,4,3,99,66,48,18,16,2,5,8,7,102,64,44,14,16,6,12,48,755,81,492
2002-580,Australian Open,Hard,128,G,20020114,67,102839,23,,Nicolas Lapentti,R,188,ECU,25.4,104076,,,Jose Acasuso,R,190,ARG,19.2,7-6(5) 6-2 6-3,5,R64,109,7,6,81,52,46,12,15,2,4,4,3,92,49,33,16,14,2,8,27,1170,85,474
2002-580,Australian Open,Hard,128,G,20020114,68,103292,,,Gaston Gaudio,R,175,ARG,23.0,103096,15,,Arnaud Clement,R,173,FRA,24.0,6-4 4-6 6-2 7-6(3),5,R64,195,3,10,149,90,60,27,20,10,16,3,5,108,63,37,23,20,2,10,47,760,17,1475
2002-580,Australian Open,Hard,128,G,20020114,69,103819,11,,Roger Federer,R,185,SUI,20.4,102722,,,Attila Savolt,R,183,HUN,25.9,6-2 7-5 6-4,5,R64,124,10,0,86,60,48,15,15,4,5,8,5,110,62,47,15,15,8,13,12,1845,93,447
2002-580,Australian Open,Hard,128,G,20020114,70,102783,,,Rainer Schuettler,R,180,GER,25.7,102845,17,,Carlos Moya,R,190,ESP,25.3,3-6 6-7(4) 6-1 7-6(5) 6-2,5,R64,215,4,9,180,103,71,41,24,10,16,5,5,171,94,57,41,24,6,14,41,955,19,1310
2002-580,Australian Open,Hard,128,G,20020114,71,101774,,,Todd Martin,R,198,USA,31.5,103598,29,,Xavier Malisse,R,185,BEL,21.4,6-3 6-2 6-2,5,R64,98,8,3,81,46,37,21,12,6,6,2,2,77,39,28,15,13,7,12,56,655,32,1040
2002-580,Australian Open,Hard,128,G,20020114,72,103163,7,,Tommy Haas,R,188,GER,23.7,103003,,Q,Jean Francois Bachelot,R,183,FRA,24.5,6-1 6-2 6-3,5,R64,78,10,1,65,38,31,18,12,0,0,2,2,63,33,17,15,12,3,9,9,2150,255,138
2002-580,Australian Open,Hard,128,G,20020114,73,102610,,,Albert Costa,R,180,ESP,26.5,101647,,Q,Byron Black,R,175,ZIM,32.2,6-1 6-4 6-4,5,R64,103,11,2,79,61,47,9,13,1,2,1,2,79,61,37,9,14,6,11,40,960,215,171
2002-580,Australian Open,Hard,128,G,20020114,74,102318,25,,Andrei Pavel,R,183,ROU,27.9,103397,,,Alexandre Simoni,R,188,BRA,22.5,6-1 4-0 RET,5,R64,31,3,2,32,23,19,7,5,0,0,1,0,32,25,9,3,6,3,7,29,1155,108,381
2002-580,Australian Open,Hard,128,G,20020114,75,101965,,,Wayne Ferreira,R,185,RSA,30.3,103900,,,David Nalbandian,R,180,ARG,20.0,6-7(5) 7-6(2) 7-5 6-3,5,R64,206,21,7,175,86,65,42,23,14,19,3,8,153,85,52,34,22,6,14,59,615,46,829
2002-580,Australian Open,Hard,128,G,20020114,76,103344,,,Ivan Ljubicic,R,193,CRO,22.8,104053,13,,Andy Roddick,R,188,USA,19.3,7-6(11) 3-2 RET,5,R64,71,7,1,65,42,33,13,9,6,6,7,1,59,32,27,15,8,0,1,37,982,15,1643
2002-580,Australian Open,Hard,128,G,20020114,77,103498,9,,Marat Safin,R,193,RUS,21.9,103294,,,Christophe Rochus,R,170,BEL,23.0,6-2 7-6(6) 6-1,5,R64,112,13,1,94,42,33,29,14,8,10,2,6,95,44,30,19,13,6,12,11,1920,73,525
2002-580,Australian Open,Hard,128,G,20020114,78,104022,,,Mikhail Youzhny,R,183,RUS,19.5,103888,,Q,Mardy Fish,R,188,USA,20.0,6-4 6-3 6-2,5,R64,110,3,1,88,60,43,18,14,2,3,11,3,95,54,35,18,13,7,12,58,616,141,279
2002-580,Australian Open,Hard,128,G,20020114,79,102765,30,,Nicolas Escude,R,185,FRA,25.7,102231,,,Alex Calatrava,R,190,ESP,28.5,2-6 2-6 6-4 7-5 6-4,5,R64,230,14,8,170,106,59,34,24,12,21,4,2,155,95,59,28,24,11,19,31,1060,98,430
2002-580,Australian Open,Hard,128,G,20020114,80,101948,8,,Pete Sampras,R,185,USA,30.4,103428,,,Juan Ignacio Chela,R,190,ARG,22.3,6-3 7-5 3-6 6-4,5,R64,143,11,12,122,66,50,28,20,3,7,14,2,114,71,46,21,20,3,9,10,1940,55,684
2002-580,Australian Open,Hard,128,G,20020114,81,101532,,,Francisco Clavet,L,183,ESP,33.2,103206,5,,Sebastien Grosjean,R,175,FRA,23.6,6-4 3-6 6-0 5-7 6-4,5,R64,205,3,4,149,107,73,21,23,4,8,3,2,160,95,63,31,24,7,14,61,610,7,2740
2002-580,Australian Open,Hard,128,G,20020114,82,102562,26,,Jiri Novak,R,190,CZE,26.8,102247,,,Andrea Gaudenzi,R,183,ITA,28.4,2-6 5-7 6-2 6-3 6-3,5,R64,183,15,5,140,82,56,26,23,7,15,8,6,143,73,48,29,23,12,22,24,1196,52,696
2002-580,Australian Open,Hard,128,G,20020114,83,103103,,,Dominik Hrbaty,R,183,SVK,24.0,102287,18,,Albert Portas,R,188,ESP,28.1,6-1 6-3 6-0,5,R64,73,4,2,58,37,32,13,11,0,0,3,7,66,37,20,10,11,3,10,44,866,20,1220
2002-580,Australian Open,Hard,128,G,20020114,84,102259,,,Jerome Golmard,L,188,FRA,28.3,101964,10,,Goran Ivanisevic,L,193,CRO,30.3,6-3 7-6(2) 5-7 6-4,5,R64,162,13,1,117,79,62,26,22,4,5,30,11,149,86,68,30,21,9,12,45,835,13,1816
2002-580,Australian Open,Hard,128,G,20020114,85,102905,,,Stefan Koubek,L,175,AUT,25.0,103484,,,James Blake,R,185,USA,22.0,4-6 2-6 6-4 6-1 6-2,5,R64,154,2,1,146,92,62,27,21,10,15,4,2,139,83,48,31,22,5,12,65,563,70,534
2002-580,Australian Open,Hard,128,G,20020114,86,103709,,,Kristian Pless,R,188,DEN,20.9,102271,22,,Hicham Arazi,L,175,MAR,28.2,6-3 6-4 6-1,5,R64,96,7,4,81,50,39,18,13,4,5,3,1,81,39,23,19,13,2,8,82,485,26,1170
2002-580,Australian Open,Hard,128,G,20020114,87,103602,,Q,Fernando Gonzalez,R,183,CHI,21.4,103990,32,,Tommy Robredo,R,180,ESP,19.7,6-2 6-4 6-4,5,R64,105,2,6,90,56,37,23,14,4,5,2,6,84,56,37,11,14,3,8,140,287,36,1020
2002-580,Australian Open,Hard,128,G,20020114,88,103297,,Q,Alex Kim,R,175,USA,23.0,102338,4,,Yevgeny Kafelnikov,R,190,RUS,27.9,6-3 7-5 6-3,5,R64,102,4,1,86,65,41,16,15,1,4,10,10,96,56,39,11,15,8,15,234,153,4,3090
2002-580,Australian Open,Hard,128,G,20020114,89,102450,6,,Tim Henman,R,185,GBR,27.3,103166,,,Vladimir Voltchkov,R,180,BLR,23.7,6-3 6-4 6-1,5,R64,126,4,3,79,48,35,18,13,5,6,2,4,103,69,39,13,13,10,16,8,2200,128,315
2002-580,Australian Open,Hard,128,G,20020114,90,102257,28,,Greg Rusedski,L,193,GBR,28.3,102882,,,Mark Philippoussis,R,196,AUS,25.1,7-6(7) 6-3 6-4,5,R64,133,8,5,104,67,56,16,15,3,5,5,4,95,47,36,26,16,3,7,25,1175,78,515
2002-580,Australian Open,Hard,128,G,20020114,91,102035,,,Jonas Bjorkman,R,183,SWE,29.8,102358,24,,Thomas Enqvist,R,190,SWE,27.8,3-6 7-5 6-4 6-2,5,R64,155,14,2,130,70,51,33,19,7,11,5,9,118,64,42,26,20,9,15,64,570,28,1165
2002-580,Australian Open,Hard,128,G,20020114,92,103084,12,,Guillermo Canas,R,185,ARG,24.1,102887,,,Ramon Delgado,R,185,PAR,25.1,6-2 7-5 6-7(9) 6-4,5,R64,197,7,5,141,94,62,27,21,5,8,5,6,144,87,53,30,21,11,18,14,1725,88,468
2002-580,Australian Open,Hard,128,G,20020114,93,102563,16,,Thomas Johansson,R,180,SWE,26.8,103182,,,Markus Hipfl,R,178,AUT,23.7,6-4 6-1 6-4,5,R64,117,21,4,85,46,38,17,14,3,5,1,5,89,56,38,9,13,11,17,18,1375,75,520
2002-580,Australian Open,Hard,128,G,20020114,94,101962,21,,Younes El Aynaoui,R,193,MAR,30.3,102950,,,Fernando Vicente,R,180,ESP,24.8,4-6 6-3 6-3 6-3,5,R64,148,14,6,130,80,53,26,18,10,14,0,9,120,71,46,18,19,5,12,23,1198,50,715
2002-580,Australian Open,Hard,128,G,20020114,95,103758,,WC,Taylor Dent,R,188,USA,20.7,103714,31,,Andreas Vinciguerra,L,180,SWE,20.9,6-3 6-4 6-2,5,R64,82,6,4,73,42,34,18,13,1,3,1,2,79,50,29,11,14,2,8,129,311,35,1025
2002-580,Australian Open,Hard,128,G,20020114,96,102437,,,Adrian Voinea,R,185,ROU,27.4,102369,,,Julien Boutter,R,190,FRA,27.7,6-2 6-4 6-7(5) 2-6 6-3,5,R64,174,13,3,147,91,74,29,24,11,13,17,11,144,78,63,33,23,10,14,107,386,49,725
2002-580,Australian Open,Hard,128,G,20020114,97,102701,,,Marcelo Rios,L,175,CHI,26.0,103252,,,Alberto Martin,R,175,ESP,23.4,6-4 6-3 7-6(3),5,R32,139,8,4,107,50,37,33,15,4,5,2,4,110,71,45,19,16,7,10,48,755,39,968
2002-580,Australian Open,Hard,128,G,20020114,98,102839,23,,Nicolas Lapentti,R,188,ECU,25.4,103292,,,Gaston Gaudio,R,175,ARG,23.0,4-6 5-7 6-4 6-2 6-4,5,R32,251,16,11,165,99,70,29,25,10,17,7,6,152,87,55,31,25,9,18,27,1170,47,760
2002-580,Australian Open,Hard,128,G,20020114,99,103819,11,,Roger Federer,R,185,SUI,20.4,102783,,,Rainer Schuettler,R,180,GER,25.7,7-6(6) 7-6(5) 6-4,5,R32,137,7,1,105,66,50,24,17,0,2,3,4,120,69,49,25,17,4,7,12,1845,41,955
2002-580,Australian Open,Hard,128,G,20020114,100,103163,7,,Tommy Haas,R,188,GER,23.7,101774,,,Todd Martin,R,198,USA,31.5,6-7(8) 6-3 3-6 6-4 6-1,5,R32,220,16,9,154,83,67,38,23,5,8,24,11,166,92,70,34,24,10,16,9,2150,56,655
2002-580,Australian Open,Hard,128,G,20020114,101,102610,,,Albert Costa,R,180,ESP,26.5,102318,25,,Andrei Pavel,R,183,ROU,27.9,7-6(4) 6-4 6-4,5,R32,125,12,1,88,65,53,15,16,1,2,8,3,107,75,51,17,16,9,12,40,960,29,1155
2002-580,Australian Open,Hard,128,G,20020114,102,101965,,,Wayne Ferreira,R,185,RSA,30.3,103344,,,Ivan Ljubicic,R,193,CRO,22.8,4-6 4-6 7-6(3) 6-3 7-5,5,R32,222,17,5,162,89,67,42,27,6,11,25,6,181,98,73,37,26,15,20,59,615,37,982
2002-580,Australian Open,Hard,128,G,20020114,103,103498,9,,Marat Safin,R,193,RUS,21.9,104022,,,Mikhail Youzhny,R,183,RUS,19.5,6-4 6-4 6-4,5,R32,105,12,1,80,37,31,26,15,2,4,0,5,96,63,41,13,15,3,8,11,1920,58,616
2002-580,Australian Open,Hard,128,G,20020114,104,101948,8,,Pete Sampras,R,185,USA,30.4,102765,30,,Nicolas Escude,R,185,FRA,25.7,7-6(5) 5-7 6-4 6-7(6) 6-3,5,R32,230,33,11,178,105,82,37,27,8,11,12,6,173,100,73,43,28,8,12,10,1940,31,1060
2002-580,Australian Open,Hard,128,G,20020114,105,102562,26,,Jiri Novak,R,190,CZE,26.8,101532,,,Francisco Clavet,L,183,ESP,33.2,6-3 6-4 6-1,5,R32,110,5,0,87,64,43,16,13,3,4,1,5,84,50,30,14,13,4,10,24,1196,61,610
2002-580,Australian Open,Hard,128,G,20020114,106,103103,,,Dominik Hrbaty,R,183,SVK,24.0,102259,,,Jerome Golmard,L,188,FRA,28.3,6-3 6-1 6-7(6) 7-5,5,R32,162,9,5,126,79,61,28,20,3,4,12,7,143,79,58,28,20,7,13,44,866,45,835
2002-580,Australian Open,Hard,128,G,20020114,107,102905,,,Stefan Koubek,L,175,AUT,25.0,103709,,,Kristian Pless,R,188,DEN,20.9,7-6(4) 7-5 6-3,5,R32,129,4,7,115,72,49,19,17,9,13,8,9,137,84,52,19,16,14,21,65,563,82,485
2002-580,Australian Open,Hard,128,G,20020114,108,103602,,Q,Fernando Gonzalez,R,183,CHI,21.4,103297,,Q,Alex Kim,R,175,USA,23.0,6-2 6-2 6-3,5,R32,91,11,5,87,63,47,11,13,8,9,1,3,69,55,32,3,12,3,9,140,287,234,153
2002-580,Australian Open,Hard,128,G,20020114,109,102450,6,,Tim Henman,R,185,GBR,27.3,102257,28,,Greg Rusedski,L,193,GBR,28.3,6-4 6-3 1-6 6-3,5,R32,148,0,1,120,87,56,22,18,6,8,6,1,104,72,48,19,17,12,15,8,2200,25,1175
2002-580,Australian Open,Hard,128,G,20020114,110,102035,,,Jonas Bjorkman,R,183,SWE,29.8,103084,12,,Guillermo Canas,R,185,ARG,24.1,6-3 6-2 6-4,5,R32,104,4,1,81,45,33,21,14,4,6,6,1,78,49,27,15,13,5,11,64,570,14,1725
2002-580,Australian Open,Hard,128,G,20020114,111,102563,16,,Thomas Johansson,R,180,SWE,26.8,101962,21,,Younes El Aynaoui,R,193,MAR,30.3,5-7 6-2 6-2 6-4,5,R32,143,20,4,103,56,51,23,19,1,3,10,3,113,71,50,17,19,6,12,18,1375,23,1198
2002-580,Australian Open,Hard,128,G,20020114,112,102437,,,Adrian Voinea,R,185,ROU,27.4,103758,,WC,Taylor Dent,R,188,USA,20.7,3-6 6-3 6-4 3-6 6-3,5,R32,148,5,9,142,83,58,34,23,7,10,14,6,135,83,63,26,23,3,7,107,386,129,311
2002-580,Australian Open,Hard,128,G,20020114,113,102701,,,Marcelo Rios,L,175,CHI,26.0,102839,23,,Nicolas Lapentti,R,188,ECU,25.4,7-5 6-1 6-4,5,R16,116,5,1,76,47,38,18,15,2,3,8,1,92,55,38,13,14,1,7,48,755,27,1170
2002-580,Australian Open,Hard,128,G,20020114,114,103163,7,,Tommy Haas,R,188,GER,23.7,103819,11,,Roger Federer,R,185,SUI,20.4,7-6(3) 4-6 3-6 6-4 8-6,5,R16,215,11,4,172,90,66,49,27,6,10,25,6,175,106,79,35,28,11,14,9,2150,12,1845
2002-580,Australian Open,Hard,128,G,20020114,115,101965,,,Wayne Ferreira,R,185,RSA,30.3,102610,,,Albert Costa,R,180,ESP,26.5,4-6 6-4 6-4 6-7(4) 9-7,5,R16,250,26,6,185,102,82,42,29,12,15,13,3,191,133,90,30,29,14,19,59,615,40,960
2002-580,Australian Open,Hard,128,G,20020114,116,103498,9,,Marat Safin,R,193,RUS,21.9,101948,8,,Pete Sampras,R,185,USA,30.4,6-2 6-4 6-7(5) 7-6(8),5,R16,213,22,4,156,70,57,49,21,6,7,19,9,163,100,73,29,21,10,14,11,1920,10,1940
2002-580,Australian Open,Hard,128,G,20020114,117,102562,26,,Jiri Novak,R,190,CZE,26.8,103103,,,Dominik Hrbaty,R,183,SVK,24.0,6-4 6-2 5-7 6-2,5,R16,131,9,3,103,74,54,14,19,1,5,7,7,120,70,48,18,19,6,14,24,1196,44,866
2002-580,Australian Open,Hard,128,G,20020114,118,102905,,,Stefan Koubek,L,175,AUT,25.0,103602,,Q,Fernando Gonzalez,R,183,CHI,21.4,7-5 6-1 6-7(3) 6-2,5,R16,139,13,3,117,80,58,24,20,5,7,13,9,128,82,53,18,19,7,14,65,563,140,287
2002-580,Australian Open,Hard,128,G,20020114,119,102035,,,Jonas Bjorkman,R,183,SWE,29.8,102450,6,,Tim Henman,R,185,GBR,27.3,6-2 7-6(6) 6-4,5,R16,168,7,2,104,56,45,22,15,4,6,4,2,115,74,42,22,15,13,18,64,570,8,2200
2002-580,Australian Open,Hard,128,G,20020114,120,102563,16,,Thomas Johansson,R,180,SWE,26.8,102437,,,Adrian Voinea,R,185,ROU,27.4,6-7(8) 6-2 6-0 6-4,5,R16,147,13,1,112,60,42,37,18,1,2,11,6,118,67,48,22,18,4,11,18,1375,107,386
2002-580,Australian Open,Hard,128,G,20020114,121,103163,7,,Tommy Haas,R,188,GER,23.7,102701,,,Marcelo Rios,L,175,CHI,26.0,7-6(2) 6-4 6-7(2) 7-6(5),5,QF,197,22,4,159,93,75,32,23,10,13,17,6,173,105,75,32,23,9,13,9,2150,48,755
2002-580,Australian Open,Hard,128,G,20020114,122,103498,9,,Marat Safin,R,193,RUS,21.9,101965,,,Wayne Ferreira,R,185,RSA,30.3,5-2 RET,5,QF,28,3,0,18,12,10,3,3,0,0,0,0,35,24,14,4,4,0,2,11,1920,59,615
2002-580,Australian Open,Hard,128,G,20020114,123,102562,26,,Jiri Novak,R,190,CZE,26.8,102905,,,Stefan Koubek,L,175,AUT,25.0,6-2 6-3 6-2,5,QF,85,2,3,77,55,37,9,13,1,4,1,4,72,43,19,10,12,1,10,24,1196,65,563
2002-580,Australian Open,Hard,128,G,20020114,124,102563,16,,Thomas Johansson,R,180,SWE,26.8,102035,,,Jonas Bjorkman,R,183,SWE,29.8,6-0 2-6 6-3 6-4,5,QF,155,15,5,114,62,48,27,16,8,11,8,2,109,61,42,20,17,11,17,18,1375,64,570
2002-580,Australian Open,Hard,128,G,20020114,125,103498,9,,Marat Safin,R,193,RUS,21.9,103163,7,,Tommy Haas,R,188,GER,23.7,6-7(5) 7-6(4) 3-6 6-0 6-2,5,SF,220,20,5,144,72,59,39,23,3,6,15,6,162,71,52,47,24,13,20,11,1920,9,2150
2002-580,Australian Open,Hard,128,G,20020114,126,102563,16,,Thomas Johansson,R,180,SWE,26.8,102562,26,,Jiri Novak,R,190,CZE,26.8,7-6(5) 0-6 4-6 6-3 6-4,5,SF,171,19,8,127,76,66,21,23,2,6,15,2,161,114,77,29,24,12,15,18,1375,24,1196
2002-580,Australian Open,Hard,128,G,20020114,127,102563,16,,Thomas Johansson,R,180,SWE,26.8,103498,9,,Marat Safin,R,193,RUS,21.9,3-6 6-4 6-4 7-6(4),5,F,173,16,4,115,64,55,27,20,3,6,13,2,142,90,60,28,21,11,14,18,1375,11,1920
2003-580,Australian Open,Hard,128,G,20030113,1,103720,1,,Lleyton Hewitt,R,180,AUS,21.8,101723,,Q,Magnus Larsson,R,193,SWE,32.8,6-3 3-6 6-1 6-7(3) 6-2,5,R128,193,14,7,138,72,56,42,23,4,5,10,8,148,93,67,25,22,6,11,1,4485,155,248
2003-580,Australian Open,Hard,128,G,20030113,2,102464,,Q,Todd Larkham,R,178,AUS,28.2,102821,,,Cecil Mamiit,R,173,PHI,26.5,6-7(5) 6-3 7-6(5) 6-4,5,R128,212,2,4,162,122,71,20,22,6,13,1,5,134,75,49,23,21,6,15,235,129,107,379
2003-580,Australian Open,Hard,128,G,20030113,3,103285,,,Radek Stepanek,R,185,CZE,24.1,102202,,,Kenneth Carlsen,L,190,DEN,29.7,6-0 7-5 6-1,5,R128,110,3,2,77,43,33,19,13,6,8,2,3,73,39,21,10,12,5,13,69,593,63,621
2003-580,Australian Open,Hard,128,G,20030113,4,102856,30,,Gustavo Kuerten,R,190,BRA,26.3,102271,,,Hicham Arazi,L,175,MAR,29.2,6-4 7-6(8) 6-3,5,R128,143,14,2,106,68,55,18,16,5,7,2,1,101,59,40,20,15,5,9,29,1095,102,393
2003-580,Australian Open,Hard,128,G,20030113,5,101962,18,,Younes El Aynaoui,R,193,MAR,31.3,102925,,,Justin Gimelstob,R,196,USA,25.9,2-6 4-6 6-4 1-0 RET,5,R128,116,4,6,103,66,47,15,15,8,12,9,3,81,49,40,16,14,4,6,22,1295,106,380
2003-580,Australian Open,Hard,128,G,20030113,6,102957,,Q,Vadim Kutsenko,R,180,RUS,25.8,103344,,,Ivan Ljubicic,R,193,CRO,23.8,6-3 6-4 1-6 4-6 6-3,5,R128,182,5,2,156,79,55,37,23,7,12,23,5,130,71,55,27,22,1,6,185,192,50,735
2003-580,Australian Open,Hard,128,G,20030113,7,104068,,,Robby Ginepri,R,183,USA,20.2,101820,,,Marc Rosset,R,201,SUI,32.1,6-3 6-4 6-2,5,R128,98,9,2,85,62,48,11,14,5,6,7,13,94,44,33,17,13,14,19,101,402,103,389
2003-580,Australian Open,Hard,128,G,20030113,8,103852,,,Feliciano Lopez,L,188,ESP,21.3,102374,15,,Alex Corretja,R,180,ESP,28.7,6-7(3) 7-6(9) 7-6(6) 6-3,5,R128,184,17,4,154,89,68,45,23,4,5,12,5,145,89,66,40,22,2,4,62,633,19,1555
2003-580,Australian Open,Hard,128,G,20030113,9,104053,9,,Andy Roddick,R,188,USA,20.3,103318,,,Zeljko Krajan,R,178,CRO,23.9,6-7(9) 6-2 7-6(0) 6-3,5,R128,165,19,2,140,91,70,27,21,10,12,10,7,127,83,56,25,20,4,9,10,2045,105,383
2003-580,Australian Open,Hard,128,G,20030113,10,102437,,,Adrian Voinea,R,185,ROU,28.4,102987,,,Andre Sa,R,185,BRA,25.6,6-2 7-6(2) 6-4,5,R128,126,11,3,104,58,47,23,15,6,8,1,2,107,75,46,15,15,12,17,59,649,65,607
2003-580,Australian Open,Hard,128,G,20030113,11,102950,,,Fernando Vicente,R,180,ESP,25.8,103632,,,Luis Horna,R,180,PER,22.3,3-6 4-6 6-3 7-6(3) 6-1,5,R128,160,26,3,139,86,63,35,24,2,6,0,6,141,107,72,15,23,6,11,58,671,87,456
2003-580,Australian Open,Hard,128,G,20030113,12,103428,19,,Juan Ignacio Chela,R,190,ARG,23.3,103971,,,Karol Beck,R,180,SVK,20.7,6-4 3-6 6-1 6-0,5,R128,142,5,4,108,59,46,23,16,5,7,7,11,111,55,36,21,16,10,17,26,1190,114,345
2003-580,Australian Open,Hard,128,G,20030113,13,104022,25,,Mikhail Youzhny,R,183,RUS,20.5,104755,,WC,Richard Gasquet,R,185,FRA,16.5,3-6 6-0 6-1 6-4,5,R128,125,4,4,97,61,46,18,16,6,8,0,6,98,49,31,19,16,5,12,31,1090,156,245
2003-580,Australian Open,Hard,128,G,20030113,14,102512,,WC,Joseph Sirianni,R,175,AUS,27.9,103018,,,Max Mirnyi,R,196,BLR,25.5,6-3 6-4 6-4,5,R128,125,5,5,98,55,44,24,15,4,4,3,0,92,65,42,16,14,6,9,252,115,49,760
2003-580,Australian Open,Hard,128,G,20030113,15,103694,,,Olivier Rochus,R,168,BEL,21.9,103324,,,Arnaud Di Pasquale,R,185,FRA,23.9,4-6 4-6 6-3 6-3 6-4,5,R128,187,2,5,160,128,73,16,24,15,24,6,12,148,101,58,20,24,10,21,64,614,100,403
2003-580,Australian Open,Hard,128,G,20030113,16,102562,7,,Jiri Novak,R,190,CZE,27.8,102434,,,Vincent Spadea,R,183,USA,28.4,6-2 2-6 6-2 7-6(3),5,R128,122,7,2,107,75,56,18,18,5,9,5,7,112,68,42,20,18,5,11,7,2296,68,596
2003-580,Australian Open,Hard,128,G,20030113,17,103498,3,,Marat Safin,R,193,RUS,22.9,103171,,,Raemon Sluiter,R,185,NED,24.7,6-4 4-6 6-3 6-4,5,R128,153,13,2,123,69,51,32,20,9,12,5,3,117,74,50,18,19,7,12,3,2860,72,568
2003-580,Australian Open,Hard,128,G,20030113,18,103656,,,Albert Montanes,R,175,ESP,22.1,103264,,,Mariano Puerta,L,180,ARG,24.3,6-2 6-4 6-4,5,R128,102,15,1,80,51,41,19,14,2,2,4,5,88,60,41,12,14,5,9,81,491,117,342
2003-580,Australian Open,Hard,128,G,20030113,19,101990,,,Richard Krajicek,R,196,NED,31.1,104379,,WC,Todd Reid,R,180,AUS,18.6,3-6 6-2 6-2 6-1,5,R128,110,19,4,84,38,37,24,16,2,3,3,5,110,75,47,13,16,12,18,92,430,295,95
2003-580,Australian Open,Hard,128,G,20030113,20,102783,31,,Rainer Schuettler,R,180,GER,26.7,102287,,,Albert Portas,R,188,ESP,29.1,6-3 6-2 6-0,5,R128,93,4,1,62,36,25,18,12,0,2,3,7,82,44,22,13,11,8,16,36,945,86,456
2003-580,Australian Open,Hard,128,G,20030113,21,103484,23,,James Blake,R,185,USA,23.0,103181,,,Jiri Vanek,R,185,CZE,24.7,7-6(2) 6-4 6-4,5,R128,111,6,4,103,55,44,26,16,4,6,8,3,98,49,34,27,16,4,8,28,1170,219,142
2003-580,Australian Open,Hard,128,G,20030113,22,104076,,,Jose Acasuso,R,190,ARG,20.2,102571,,LL,Gregory Carraz,R,190,FRA,27.7,5-7 4-3 RET,5,R128,64,3,3,57,34,24,15,9,1,2,13,4,53,33,27,13,10,1,2,42,868,130,300
2003-580,Australian Open,Hard,128,G,20030113,23,103252,,,Alberto Martin,R,175,ESP,24.3,104166,,Q,Alex Bogomolov Jr,R,178,RUS,19.7,6-2 6-4 6-7(3) 4-6 6-1,5,R128,191,1,5,149,97,62,27,24,4,10,1,5,140,97,56,18,23,6,16,66,605,169,218
2003-580,Australian Open,Hard,128,G,20030113,24,103602,13,,Fernando Gonzalez,R,183,CHI,22.4,103047,,Q,Julien Varlet,R,180,FRA,25.3,6-2 3-6 4-6 6-3 6-4,5,R128,177,13,12,150,86,64,33,23,4,7,5,3,147,109,69,23,23,7,12,17,1636,160,233
2003-580,Australian Open,Hard,128,G,20030113,25,103900,10,,David Nalbandian,R,180,ARG,21.0,102259,,,Jerome Golmard,L,188,FRA,29.3,3-6 6-3 6-1 RET,5,R128,93,4,3,70,34,27,20,13,0,3,2,5,83,50,30,15,12,4,9,12,1740,141,270
2003-580,Australian Open,Hard,128,G,20030113,26,103154,,Q,Jaymon Crabb,R,183,AUS,24.8,102776,,WC,Andrew Ilie,R,180,AUS,26.7,6-3 3-6 7-6(3) 6-4,5,R128,138,4,1,137,85,59,33,20,12,15,11,4,122,74,53,23,20,3,7,206,153,525,35
2003-580,Australian Open,Hard,128,G,20030113,27,102179,,,Antony Dupuis,R,185,FRA,29.8,102831,,,Jacobo Diaz,R,173,ESP,26.5,6-4 6-3 6-3,5,R128,100,11,2,74,37,33,25,14,0,0,6,6,89,54,36,18,14,4,8,70,581,433,51
2003-580,Australian Open,Hard,128,G,20030113,28,103598,20,,Xavier Malisse,R,185,BEL,22.4,103103,,,Dominik Hrbaty,R,183,SVK,25.0,6-2 6-3 6-2,5,R128,97,4,5,77,30,26,26,13,2,4,4,6,78,44,26,12,12,4,11,23,1225,44,827
2003-580,Australian Open,Hard,128,G,20030113,29,103714,,Q,Andreas Vinciguerra,L,180,SWE,21.8,102905,32,,Stefan Koubek,L,175,AUT,26.0,6-4 6-4 6-1,5,R128,81,4,1,80,49,36,16,13,3,5,3,3,79,47,26,15,14,2,9,145,264,35,945
2003-580,Australian Open,Hard,128,G,20030113,30,102382,,,Julian Knowle,L,188,AUT,28.7,104444,,WC,Ryan Henry,R,183,AUS,18.2,5-7 6-4 6-2 7-5,5,R128,166,0,7,115,69,45,27,21,3,8,10,5,131,74,49,27,21,3,11,131,299,578,30
2003-580,Australian Open,Hard,128,G,20030113,31,102694,,,Lars Burgsmuller,R,183,GER,27.1,102607,,,Juan Balcells,R,190,ESP,27.5,6-4 7-5 7-5,5,R128,123,4,4,98,64,50,22,17,4,5,4,4,111,77,50,18,17,5,9,76,525,109,374
2003-580,Australian Open,Hard,128,G,20030113,32,103819,6,,Roger Federer,R,185,SUI,21.4,103581,,,Flavio Saretta,R,183,BRA,22.5,7-6(4) 7-5 6-3,5,R128,168,8,8,126,70,48,28,16,9,12,3,2,139,67,47,29,17,11,17,6,2475,83,483
2003-580,Australian Open,Hard,128,G,20030113,33,102845,5,,Carlos Moya,R,190,ESP,26.3,101868,,,Dick Norman,L,203,BEL,31.8,7-5 6-3 6-4,5,R128,106,8,2,88,47,38,28,16,2,3,9,4,105,60,42,21,15,7,11,5,2630,98,411
2003-580,Australian Open,Hard,128,G,20030113,34,103888,,,Mardy Fish,R,188,USA,21.0,104026,,Q,Joachim Johansson,R,198,SWE,20.5,6-3 7-5 6-2,5,R128,104,17,2,83,46,38,25,15,3,3,9,4,89,47,36,17,14,8,12,77,521,221,142
2003-580,Australian Open,Hard,128,G,20030113,35,103356,,,Michel Kratochvil,R,185,SUI,23.7,102106,,,Davide Sanguinetti,R,188,ITA,30.3,6-3 6-0 6-3,5,R128,80,4,4,68,40,31,15,12,1,3,4,3,77,44,17,17,12,5,13,78,520,48,773
2003-580,Australian Open,Hard,128,G,20030113,36,101965,,,Wayne Ferreira,R,185,RSA,31.3,103990,26,,Tommy Robredo,R,180,ESP,20.7,5-7 6-0 6-3 6-4,5,R128,123,6,4,102,63,51,21,19,1,4,5,3,119,87,51,15,18,8,15,39,930,32,1050
2003-580,Australian Open,Hard,128,G,20030113,37,103292,17,,Gaston Gaudio,R,175,ARG,24.0,102358,,,Thomas Enqvist,R,190,SWE,28.8,7-5 7-5 6-2,5,R128,147,5,5,113,66,47,20,16,11,15,7,5,104,60,34,19,16,5,13,21,1490,47,775
2003-580,Australian Open,Hard,128,G,20030113,38,102227,,,Sargis Sargsian,R,180,ARM,29.6,102860,,,Agustin Calleri,R,183,ARG,26.3,6-4 3-6 7-6(4) 6-0,5,R128,157,6,8,106,61,42,25,18,4,8,7,5,128,64,40,29,19,5,12,94,420,51,730
2003-580,Australian Open,Hard,128,G,20030113,39,102882,,,Mark Philippoussis,R,196,AUS,26.1,103280,,,Martin Verkerk,R,196,NED,24.2,6-4 6-4 6-7(5) 6-3,5,R128,165,23,8,119,77,71,22,21,4,4,23,3,134,84,64,27,20,8,11,104,385,85,476
2003-580,Australian Open,Hard,128,G,20030113,40,103387,11,,Paradorn Srichaphan,R,185,THA,23.5,103781,,,Jurgen Melzer,L,183,AUT,21.6,7-5 6-4 1-6 6-0,5,R128,138,9,1,90,57,46,22,17,4,6,7,7,145,73,46,36,18,16,21,14,1726,90,441
2003-580,Australian Open,Hard,128,G,20030113,41,102854,16,,Sjeng Schalken,R,193,NED,26.3,102855,,Q,Jack Brasington,R,188,USA,26.3,6-4 6-2 7-6(5),5,R128,125,2,3,86,51,37,23,15,1,3,1,7,109,65,40,22,15,5,10,20,1525,138,276
2003-580,Australian Open,Hard,128,G,20030113,42,104339,,,Mario Ancic,R,196,CRO,18.7,102565,,Q,Alexander Waske,R,188,GER,27.7,6-3 6-4 7-6(4),5,R128,143,4,3,92,44,35,29,16,5,7,5,4,110,74,43,18,15,9,13,88,448,120,331
2003-580,Australian Open,Hard,128,G,20030113,43,103429,,WC,Peter Luczak,R,183,AUS,23.3,102722,,,Attila Savolt,R,183,HUN,26.9,7-5 6-2 6-4,5,R128,121,6,5,81,57,51,13,15,0,0,5,7,92,53,34,21,15,2,6,178,201,97,414
2003-580,Australian Open,Hard,128,G,20030113,44,101746,,Q,Renzo Furlan,R,175,ITA,32.6,102318,21,,Andrei Pavel,R,183,ROU,28.9,4-1 RET,5,R128,13,1,0,10,6,4,4,2,0,0,0,0,16,13,6,0,3,1,3,184,192,25,1190
2003-580,Australian Open,Hard,128,G,20030113,45,102148,28,,Fabrice Santoro,R,178,FRA,30.0,103451,,Q,Bjorn Phau,R,175,GER,23.2,6-4 6-3 6-4,5,R128,106,1,0,82,45,36,23,15,2,4,1,1,86,56,34,15,14,3,8,34,975,157,245
2003-580,Australian Open,Hard,128,G,20030113,46,101885,,,Wayne Arthurs,L,190,AUS,31.8,103228,,Q,Marcos Daniel,R,180,BRA,24.5,6-7(5) 3-6 7-6(5) 6-4 6-4,5,R128,213,32,9,145,82,75,36,26,1,2,6,5,199,129,91,41,27,13,15,52,720,241,123
2003-580,Australian Open,Hard,128,G,20030113,47,103444,,,Jean Rene Lisnard,R,173,MON,23.3,102247,,,Andrea Gaudenzi,R,183,ITA,29.4,6-4 2-6 6-1 4-6 6-1,5,R128,185,3,5,129,78,52,28,21,6,11,1,7,137,83,53,24,21,12,20,89,443,121,329
2003-580,Australian Open,Hard,128,G,20030113,48,103507,4,,Juan Carlos Ferrero,R,183,ESP,22.9,102644,,,Franco Squillari,L,183,ARG,27.3,7-6(5) 3-6 6-2 6-3,5,R128,156,6,3,111,71,49,23,19,4,8,11,7,128,72,50,24,19,12,18,4,2835,79,519
2003-580,Australian Open,Hard,128,G,20030113,49,102610,8,,Albert Costa,R,180,ESP,27.5,102184,,Q,David Prinosil,R,185,GER,29.8,6-4 6-1 3-6 7-6(5),5,R128,185,3,4,126,81,56,20,19,10,15,5,11,150,91,58,27,19,14,21,8,2090,213,146
2003-580,Australian Open,Hard,128,G,20030113,50,102401,,WC,Scott Draper,L,178,AUS,28.6,103297,,,Alex Kim,R,175,USA,24.0,7-5 6-3 3-6 6-3,5,R128,133,8,3,115,65,47,27,20,8,12,3,8,123,74,47,26,19,5,11,139,274,116,343
2003-580,Australian Open,Hard,128,G,20030113,51,102456,,,Felix Mantilla,R,180,ESP,28.3,103151,,,Mariano Zabaleta,R,183,ARG,24.8,4-6 7-5 6-3 4-6 6-4,5,R128,219,4,12,163,100,76,29,26,7,11,15,2,152,100,70,26,25,8,13,73,555,46,786
2003-580,Australian Open,Hard,128,G,20030113,52,102998,27,,Jan Michael Gambill,R,190,USA,25.6,103566,,,Michael Llodra,L,190,FRA,22.6,6-2 7-5 6-7(3) 4-6 6-2,5,R128,187,20,7,158,94,72,37,25,11,12,18,12,159,90,68,37,25,9,14,33,980,110,370
2003-580,Australian Open,Hard,128,G,20030113,53,102839,24,,Nicolas Lapentti,R,188,ECU,26.4,103898,,Q,Julien Benneteau,R,185,FRA,21.0,6-0 6-4 6-0,5,R128,107,4,1,95,74,49,10,11,4,5,1,2,63,40,18,7,11,4,12,30,1090,253,114
2003-580,Australian Open,Hard,128,G,20030113,54,103176,,,David Sanchez,R,183,ESP,24.7,103709,,,Kristian Pless,R,188,DEN,21.9,5-7 6-3 1-6 6-4 10-8,5,R128,195,8,14,177,99,71,37,28,11,18,14,9,170,96,70,35,28,7,14,60,642,82,486
2003-580,Australian Open,Hard,128,G,20030113,55,102344,,,Karol Kucera,R,188,SVK,28.8,102788,,,Jan Vacek,R,198,CZE,26.6,6-2 6-1 6-4,5,R128,99,3,2,69,50,36,7,12,2,5,0,3,88,52,26,13,13,6,15,80,514,111,369
2003-580,Australian Open,Hard,128,G,20030113,56,103206,12,,Sebastien Grosjean,R,175,FRA,24.6,101897,,,Fernando Meligeni,L,180,BRA,31.7,6-4 6-2 6-3,5,R128,108,3,2,77,49,39,20,14,1,1,3,3,83,45,30,18,13,5,9,16,1640,75,545
2003-580,Australian Open,Hard,128,G,20030113,57,103084,14,,Guillermo Canas,R,185,ARG,25.1,103166,,,Vladimir Voltchkov,R,180,BLR,24.7,6-3 7-5 6-3,5,R128,122,8,0,92,62,48,15,15,4,5,2,3,92,59,40,12,15,3,8,18,1590,71,574
2003-580,Australian Open,Hard,128,G,20030113,58,103909,,,Guillermo Coria,R,175,ARG,20.9,101532,,,Francisco Clavet,L,183,ESP,34.2,6-4 7-5 6-1,5,R128,129,7,1,86,56,42,15,15,6,9,2,2,89,59,28,17,14,6,13,45,810,118,335
2003-580,Australian Open,Hard,128,G,20030113,59,103813,,,Jarkko Nieminen,L,185,FIN,21.4,103786,,,Nikolay Davydenko,R,178,RUS,21.6,6-3 3-6 3-6 6-2 7-5,5,R128,187,3,5,165,116,81,25,24,16,19,15,6,160,95,65,35,23,17,21,41,875,61,638
2003-580,Australian Open,Hard,128,G,20030113,60,102338,22,,Yevgeny Kafelnikov,R,190,RUS,28.9,103319,,,Jeff Morrison,R,185,USA,23.9,7-6(5) 6-3 4-6 6-3,5,R128,157,3,4,117,66,42,33,20,3,7,18,6,163,82,55,36,20,12,18,27,1190,99,406
2003-580,Australian Open,Hard,128,G,20030113,61,102765,29,,Nicolas Escude,R,185,FRA,26.7,102300,,WC,Gouichi Motomura,R,173,JPN,29.0,6-1 2-6 6-3 6-2,5,R128,140,6,5,85,48,37,23,16,2,5,0,6,122,59,37,25,16,7,14,37,945,233,130
2003-580,Australian Open,Hard,128,G,20030113,62,103294,,Q,Christophe Rochus,R,170,BEL,24.0,103789,,,Irakli Labadze,L,188,GEO,21.5,6-2 6-3 6-4,5,R128,104,2,4,102,71,48,14,14,11,14,4,14,97,47,29,17,13,10,17,135,288,95,420
2003-580,Australian Open,Hard,128,G,20030113,63,102703,,,Hyung Taik Lee,R,180,KOR,27.0,103970,,,David Ferrer,R,175,ESP,20.7,5-7 6-2 6-2 6-3,5,R128,136,8,1,114,78,56,24,19,9,11,6,5,119,69,47,21,18,12,18,67,598,54,698
2003-580,Australian Open,Hard,128,G,20030113,64,101736,2,,Andre Agassi,R,180,USA,32.7,103408,,,Brian Vahaly,R,183,USA,23.4,7-5 6-3 6-3,5,R128,131,2,3,87,56,35,18,15,2,6,3,3,102,63,34,16,15,7,15,2,3395,93,421
2003-580,Australian Open,Hard,128,G,20030113,65,103720,1,,Lleyton Hewitt,R,180,AUS,21.8,102464,,Q,Todd Larkham,R,178,AUS,28.2,6-1 6-0 6-1,5,R64,74,9,3,51,32,29,12,10,3,3,1,3,56,38,17,3,10,5,13,1,4485,235,129
2003-580,Australian Open,Hard,128,G,20030113,66,103285,,,Radek Stepanek,R,185,CZE,24.1,102856,30,,Gustavo Kuerten,R,190,BRA,26.3,5-7 6-3 7-5 4-6 6-3,5,R64,227,24,7,168,105,82,30,26,6,10,13,2,174,85,60,48,26,8,14,69,593,29,1095
2003-580,Australian Open,Hard,128,G,20030113,67,101962,18,,Younes El Aynaoui,R,193,MAR,31.3,102957,,Q,Vadim Kutsenko,R,180,RUS,25.8,6-2 6-1 6-4,5,R64,108,15,1,76,45,41,10,12,2,3,2,3,92,47,25,19,13,3,10,22,1295,185,192
2003-580,Australian Open,Hard,128,G,20030113,68,103852,,,Feliciano Lopez,L,188,ESP,21.3,104068,,,Robby Ginepri,R,183,USA,20.2,6-2 6-4 6-2,5,R64,78,9,5,77,45,36,17,13,2,3,4,5,80,58,33,9,13,6,12,62,633,101,402
2003-580,Australian Open,Hard,128,G,20030113,69,104053,9,,Andy Roddick,R,188,USA,20.3,102437,,,Adrian Voinea,R,185,ROU,28.4,6-2 6-2 6-2,5,R64,77,13,1,61,40,35,13,12,0,0,7,5,88,55,32,15,12,9,15,10,2045,59,649
2003-580,Australian Open,Hard,128,G,20030113,70,102950,,,Fernando Vicente,R,180,ESP,25.8,103428,19,,Juan Ignacio Chela,R,190,ARG,23.3,6-3 6-3 2-6 6-3,5,R64,144,3,6,106,56,40,23,17,7,11,2,1,103,55,34,24,18,0,7,58,671,26,1190
2003-580,Australian Open,Hard,128,G,20030113,71,104022,25,,Mikhail Youzhny,R,183,RUS,20.5,102512,,WC,Joseph Sirianni,R,175,AUS,27.9,6-2 6-3 6-3,5,R64,120,6,2,83,46,32,19,13,5,8,0,8,90,41,24,16,13,10,18,31,1090,252,115
2003-580,Australian Open,Hard,128,G,20030113,72,102562,7,,Jiri Novak,R,190,CZE,27.8,103694,,,Olivier Rochus,R,168,BEL,21.9,7-6(3) 7-6(5) 4-6 4-6 6-3,5,R64,214,11,6,184,120,82,41,27,14,18,2,2,199,143,90,32,26,16,19,7,2296,64,614
2003-580,Australian Open,Hard,128,G,20030113,73,103498,3,,Marat Safin,R,193,RUS,22.9,103656,,,Albert Montanes,R,175,ESP,22.1,6-3 4-6 6-4 6-1,5,R64,130,7,4,100,57,46,19,18,2,6,5,9,114,69,42,18,18,8,16,3,2860,81,491
2003-580,Australian Open,Hard,128,G,20030113,74,102783,31,,Rainer Schuettler,R,180,GER,26.7,101990,,,Richard Krajicek,R,196,NED,31.1,6-3 7-5 6-4,5,R64,127,6,7,103,52,34,29,16,3,7,10,7,111,50,36,23,15,15,22,36,945,92,430
2003-580,Australian Open,Hard,128,G,20030113,75,103484,23,,James Blake,R,185,USA,23.0,104076,,,Jose Acasuso,R,190,ARG,20.2,6-1 6-4 6-4,5,R64,87,8,7,91,54,43,19,14,4,5,4,3,71,38,26,15,13,3,8,28,1170,42,868
2003-580,Australian Open,Hard,128,G,20030113,76,103252,,,Alberto Martin,R,175,ESP,24.3,103602,13,,Fernando Gonzalez,R,183,CHI,22.4,6-7(5) 6-3 6-1 7-6(4),5,R64,182,10,9,159,108,79,25,20,9,10,10,7,138,88,59,22,20,6,11,66,605,17,1636
2003-580,Australian Open,Hard,128,G,20030113,77,103900,10,,David Nalbandian,R,180,ARG,21.0,103154,,Q,Jaymon Crabb,R,183,AUS,24.8,6-1 7-6(3) 6-3,5,R64,111,6,6,100,52,34,23,13,8,12,4,6,97,61,34,11,15,7,16,12,1740,206,153
2003-580,Australian Open,Hard,128,G,20030113,78,103598,20,,Xavier Malisse,R,185,BEL,22.4,102179,,,Antony Dupuis,R,185,FRA,29.8,6-3 5-7 7-6(6) 7-5,5,R64,172,18,5,128,59,47,46,23,3,6,12,2,124,73,59,29,22,4,8,23,1225,70,581
2003-580,Australian Open,Hard,128,G,20030113,79,103714,,Q,Andreas Vinciguerra,L,180,SWE,21.8,102382,,,Julian Knowle,L,188,AUT,28.7,6-2 0-1 RET,5,R64,31,2,0,28,17,14,6,4,3,3,1,2,32,19,14,4,5,2,4,145,264,131,299
2003-580,Australian Open,Hard,128,G,20030113,80,103819,6,,Roger Federer,R,185,SUI,21.4,102694,,,Lars Burgsmuller,R,183,GER,27.1,6-3 6-0 6-3,5,R64,104,3,4,72,32,24,25,12,0,1,1,6,87,46,21,21,12,3,10,6,2475,76,525
2003-580,Australian Open,Hard,128,G,20030113,81,103888,,,Mardy Fish,R,188,USA,21.0,102845,5,,Carlos Moya,R,190,ESP,26.3,3-6 7-6(8) 6-4 4-6 6-2,5,R64,179,17,1,128,68,59,35,24,0,3,7,5,168,107,77,29,25,5,9,77,521,5,2630
2003-580,Australian Open,Hard,128,G,20030113,82,101965,,,Wayne Ferreira,R,185,RSA,31.3,103356,,,Michel Kratochvil,R,185,SUI,23.7,6-2 6-2 7-5,5,R64,115,8,3,91,55,43,18,14,7,8,1,3,100,50,29,23,14,12,18,39,930,78,520
2003-580,Australian Open,Hard,128,G,20030113,83,102227,,,Sargis Sargsian,R,180,ARM,29.6,103292,17,,Gaston Gaudio,R,175,ARG,24.0,2-6 7-5 6-2 6-2,5,R64,172,6,4,120,65,43,26,18,6,11,7,7,115,69,38,23,18,9,17,94,420,21,1490
2003-580,Australian Open,Hard,128,G,20030113,84,102882,,,Mark Philippoussis,R,196,AUS,26.1,103387,11,,Paradorn Srichaphan,R,185,THA,23.5,3-6 6-1 1-6 7-5 6-3,5,R64,159,13,5,131,81,62,26,22,4,7,17,5,110,60,50,29,22,0,4,104,385,14,1726
2003-580,Australian Open,Hard,128,G,20030113,85,104339,,,Mario Ancic,R,196,CRO,18.7,102854,16,,Sjeng Schalken,R,193,NED,26.3,6-3 1-6 6-7(10) 6-4 6-4,5,R64,249,5,7,193,101,72,43,24,16,21,3,1,149,108,76,18,24,8,14,88,448,20,1525
2003-580,Australian Open,Hard,128,G,20030113,86,103429,,WC,Peter Luczak,R,183,AUS,23.3,101746,,Q,Renzo Furlan,R,175,ITA,32.6,7-6(2) 4-6 6-0 6-2,5,R64,156,14,3,121,81,59,17,18,11,14,8,2,126,77,45,22,18,5,12,178,201,184,192
2003-580,Australian Open,Hard,128,G,20030113,87,102148,28,,Fabrice Santoro,R,178,FRA,30.0,101885,,,Wayne Arthurs,L,190,AUS,31.8,6-3 6-1 RET,5,R64,48,0,0,37,24,23,9,8,0,0,1,3,45,29,15,9,8,2,6,34,975,52,720
2003-580,Australian Open,Hard,128,G,20030113,88,103507,4,,Juan Carlos Ferrero,R,183,ESP,22.9,103444,,,Jean Rene Lisnard,R,173,MON,23.3,6-0 6-4 6-2,5,R64,89,6,1,64,46,33,14,12,0,1,2,0,80,55,25,13,12,8,15,4,2835,89,443
2003-580,Australian Open,Hard,128,G,20030113,89,102610,8,,Albert Costa,R,180,ESP,27.5,102401,,WC,Scott Draper,L,178,AUS,28.6,6-4 6-7(9) 6-2 6-3,5,R64,177,10,3,130,84,61,21,20,6,10,11,2,127,78,47,22,19,10,18,8,2090,139,274
2003-580,Australian Open,Hard,128,G,20030113,90,102456,,,Felix Mantilla,R,180,ESP,28.3,102998,27,,Jan Michael Gambill,R,190,USA,25.6,5-7 6-4 4-6 6-3 6-2,5,R64,195,0,1,134,97,60,20,24,7,14,22,4,150,92,63,19,25,8,18,73,555,33,980
2003-580,Australian Open,Hard,128,G,20030113,91,102839,24,,Nicolas Lapentti,R,188,ECU,26.4,103176,,,David Sanchez,R,183,ESP,24.7,6-1 6-0 2-6 6-2,5,R64,148,5,6,112,76,52,17,15,8,10,1,6,100,58,32,18,14,7,14,30,1090,60,642
2003-580,Australian Open,Hard,128,G,20030113,92,103206,12,,Sebastien Grosjean,R,175,FRA,24.6,102344,,,Karol Kucera,R,188,SVK,28.8,7-6(2) 2-6 6-3 7-6(1),5,R64,185,4,2,119,60,48,34,20,2,6,2,5,128,71,54,28,21,5,9,16,1640,80,514
2003-580,Australian Open,Hard,128,G,20030113,93,103909,,,Guillermo Coria,R,175,ARG,20.9,103084,14,,Guillermo Canas,R,185,ARG,25.1,6-2 4-6 6-4 6-4,5,R64,174,1,2,135,83,52,30,19,12,16,3,4,122,79,49,19,19,4,11,45,810,18,1590
2003-580,Australian Open,Hard,128,G,20030113,94,103813,,,Jarkko Nieminen,L,185,FIN,21.4,102338,22,,Yevgeny Kafelnikov,R,190,RUS,28.9,6-3 6-3 3-6 4-6 6-1,5,R64,166,1,2,124,85,61,19,22,8,13,11,8,161,91,62,28,22,7,15,41,875,27,1190
2003-580,Australian Open,Hard,128,G,20030113,95,102765,29,,Nicolas Escude,R,185,FRA,26.7,103294,,Q,Christophe Rochus,R,170,BEL,24.0,1-6 6-2 6-2 6-4,5,R64,117,13,4,96,62,48,17,17,3,6,0,0,98,79,49,9,16,4,9,37,945,135,288
2003-580,Australian Open,Hard,128,G,20030113,96,101736,2,,Andre Agassi,R,180,USA,32.7,102703,,,Hyung Taik Lee,R,180,KOR,27.0,6-1 6-0 6-0,5,R64,80,5,2,55,35,31,9,9,4,4,3,2,69,39,14,12,10,5,14,2,3395,67,598
2003-580,Australian Open,Hard,128,G,20030113,97,103720,1,,Lleyton Hewitt,R,180,AUS,21.8,103285,,,Radek Stepanek,R,185,CZE,24.1,6-3 6-2 6-0,5,R32,90,4,5,71,37,31,20,12,2,3,4,0,65,37,21,8,11,2,9,1,4485,69,593
2003-580,Australian Open,Hard,128,G,20030113,98,101962,18,,Younes El Aynaoui,R,193,MAR,31.3,103852,,,Feliciano Lopez,L,188,ESP,21.3,5-7 6-2 7-6(3) 7-6(8),5,R32,190,10,5,140,86,64,26,22,6,10,6,10,167,98,62,35,22,12,17,22,1295,62,633
2003-580,Australian Open,Hard,128,G,20030113,99,104053,9,,Andy Roddick,R,188,USA,20.3,102950,,,Fernando Vicente,R,180,ESP,25.8,6-2 6-3 6-2,5,R32,79,9,2,61,38,34,18,13,0,0,6,0,72,35,21,19,12,5,10,10,2045,58,671
2003-580,Australian Open,Hard,128,G,20030113,100,104022,25,,Mikhail Youzhny,R,183,RUS,20.5,102562,7,,Jiri Novak,R,190,CZE,27.8,6-1 3-6 6-3 6-2,5,R32,124,6,5,106,60,42,28,17,4,6,4,5,98,67,43,12,16,5,11,31,1090,7,2296
2003-580,Australian Open,Hard,128,G,20030113,101,102783,31,,Rainer Schuettler,R,180,GER,26.7,103498,3,,Marat Safin,R,193,RUS,22.9,W/O,5,R32,,,,,,,,,,,,,,,,,,,,36,945,3,2860
2003-580,Australian Open,Hard,128,G,20030113,102,103484,23,,James Blake,R,185,USA,23.0,103252,,,Alberto Martin,R,175,ESP,24.3,6-3 4-6 6-2 6-2,5,R32,152,5,3,103,65,49,20,18,3,6,2,7,147,93,55,22,17,9,16,28,1170,66,605
2003-580,Australian Open,Hard,128,G,20030113,103,103900,10,,David Nalbandian,R,180,ARG,21.0,103598,20,,Xavier Malisse,R,185,BEL,22.4,4-6 6-2 6-0 3-0 RET,5,R32,107,4,2,80,46,34,18,14,2,5,4,2,93,47,25,16,13,9,17,12,1740,23,1225
2003-580,Australian Open,Hard,128,G,20030113,104,103819,6,,Roger Federer,R,185,SUI,21.4,103714,,Q,Andreas Vinciguerra,L,180,SWE,21.8,6-3 6-4 6-2,5,R32,96,9,0,72,45,37,18,14,2,3,4,6,95,54,35,16,13,5,10,6,2475,145,264
2003-580,Australian Open,Hard,128,G,20030113,105,101965,,,Wayne Ferreira,R,185,RSA,31.3,103888,,,Mardy Fish,R,188,USA,21.0,2-6 3-6 6-1 6-4 6-0,5,R32,147,12,2,124,75,55,25,20,7,11,11,3,116,67,49,21,20,7,14,39,930,77,521
2003-580,Australian Open,Hard,128,G,20030113,106,102227,,,Sargis Sargsian,R,180,ARM,29.6,102882,,,Mark Philippoussis,R,196,AUS,26.1,5-7 7-5 6-0 6-4,5,R32,196,8,4,131,83,54,30,20,7,10,11,6,144,73,50,30,20,10,17,94,420,104,385
2003-580,Australian Open,Hard,128,G,20030113,107,104339,,,Mario Ancic,R,196,CRO,18.7,103429,,WC,Peter Luczak,R,183,AUS,23.3,2-6 7-6(2) 6-4 6-2,5,R32,169,11,8,129,74,58,27,19,2,4,8,5,121,74,54,22,19,2,5,88,448,178,201
2003-580,Australian Open,Hard,128,G,20030113,108,103507,4,,Juan Carlos Ferrero,R,183,ESP,22.9,102148,28,,Fabrice Santoro,R,178,FRA,30.0,4-6 6-3 4-6 6-2 7-5,5,R32,214,11,5,126,70,57,33,24,2,5,10,14,197,115,75,37,25,20,26,4,2835,34,975
2003-580,Australian Open,Hard,128,G,20030113,109,102456,,,Felix Mantilla,R,180,ESP,28.3,102610,8,,Albert Costa,R,180,ESP,27.5,3-6 6-3 4-6 6-1 6-3,5,R32,198,8,7,139,95,65,23,22,9,12,14,7,139,86,59,25,22,3,9,73,555,8,2090
2003-580,Australian Open,Hard,128,G,20030113,110,103206,12,,Sebastien Grosjean,R,175,FRA,24.6,102839,24,,Nicolas Lapentti,R,188,ECU,26.4,6-1 6-3 6-3,5,R32,135,8,1,101,55,39,24,13,8,9,3,1,74,37,22,16,12,1,7,16,1640,30,1090
2003-580,Australian Open,Hard,128,G,20030113,111,103909,,,Guillermo Coria,R,175,ARG,20.9,103813,,,Jarkko Nieminen,L,185,FIN,21.4,7-5 6-2 6-2,5,R32,110,4,1,88,48,30,27,14,3,5,1,2,77,53,27,10,14,2,9,45,810,41,875
2003-580,Australian Open,Hard,128,G,20030113,112,101736,2,,Andre Agassi,R,180,USA,32.7,102765,29,,Nicolas Escude,R,185,FRA,26.7,6-2 3-6 6-3 6-4,5,R32,168,8,3,131,91,59,20,18,16,20,10,5,124,59,39,31,18,4,11,2,3395,37,945
2003-580,Australian Open,Hard,128,G,20030113,113,101962,18,,Younes El Aynaoui,R,193,MAR,31.3,103720,1,,Lleyton Hewitt,R,180,AUS,21.8,6-7(4) 7-6(4) 7-6(5) 6-4,5,R16,210,33,5,145,101,83,25,23,3,3,14,7,147,69,61,46,23,3,4,22,1295,1,4485
2003-580,Australian Open,Hard,128,G,20030113,114,104053,9,,Andy Roddick,R,188,USA,20.3,104022,25,,Mikhail Youzhny,R,183,RUS,20.5,6-7(4) 3-6 7-5 6-3 6-2,5,R16,194,22,2,156,101,81,27,25,5,7,14,3,166,91,60,43,25,7,12,10,2045,31,1090
2003-580,Australian Open,Hard,128,G,20030113,115,102783,31,,Rainer Schuettler,R,180,GER,26.7,103484,23,,James Blake,R,185,USA,23.0,6-3 6-4 1-6 6-3,5,R16,115,1,3,94,58,44,17,18,1,6,4,3,100,56,36,20,17,2,8,36,945,28,1170
2003-580,Australian Open,Hard,128,G,20030113,116,103900,10,,David Nalbandian,R,180,ARG,21.0,103819,6,,Roger Federer,R,185,SUI,21.4,6-4 3-6 6-1 1-6 6-3,5,R16,178,3,2,133,79,50,30,21,10,17,9,9,148,77,58,26,21,9,17,12,1740,6,2475
2003-580,Australian Open,Hard,128,G,20030113,117,101965,,,Wayne Ferreira,R,185,RSA,31.3,102227,,,Sargis Sargsian,R,180,ARM,29.6,6-3 6-4 3-6 6-3,5,R16,152,12,5,115,65,49,21,19,3,7,4,5,125,82,50,21,18,11,17,39,930,94,420
2003-580,Australian Open,Hard,128,G,20030113,118,103507,4,,Juan Carlos Ferrero,R,183,ESP,22.9,104339,,,Mario Ancic,R,196,CRO,18.7,6-0 6-3 6-2,5,R16,101,3,3,78,44,31,17,11,4,6,4,3,69,44,24,2,12,3,12,4,2835,88,448
2003-580,Australian Open,Hard,128,G,20030113,119,103206,12,,Sebastien Grosjean,R,175,FRA,24.6,102456,,,Felix Mantilla,R,180,ESP,28.3,3-6 2-6 6-3 6-3 6-3,5,R16,217,10,3,138,60,43,37,22,11,19,2,6,165,116,66,22,22,10,19,16,1640,73,555
2003-580,Australian Open,Hard,128,G,20030113,120,101736,2,,Andre Agassi,R,180,USA,32.7,103909,,,Guillermo Coria,R,175,ARG,20.9,6-1 3-1 RET,5,R16,48,1,0,34,23,18,6,5,1,1,0,1,41,26,12,7,6,4,8,2,3395,45,810
2003-580,Australian Open,Hard,128,G,20030113,121,104053,9,,Andy Roddick,R,188,USA,20.3,101962,18,,Younes El Aynaoui,R,193,MAR,31.3,4-6 7-6(5) 4-6 6-4 21-19,5,QF,300,27,2,231,143,114,61,41,6,9,25,8,253,179,141,37,41,10,13,10,2045,22,1295
2003-580,Australian Open,Hard,128,G,20030113,122,102783,31,,Rainer Schuettler,R,180,GER,26.7,103900,10,,David Nalbandian,R,180,ARG,21.0,6-3 5-7 6-1 6-0,5,QF,138,3,6,105,53,40,31,17,5,7,3,4,107,61,33,23,17,2,10,36,945,12,1740
2003-580,Australian Open,Hard,128,G,20030113,123,101965,,,Wayne Ferreira,R,185,RSA,31.3,103507,4,,Juan Carlos Ferrero,R,183,ESP,22.9,7-6(4) 7-6(5) 6-1,5,QF,131,12,4,102,54,43,26,15,3,6,6,2,115,70,47,21,16,8,14,39,930,4,2835
2003-580,Australian Open,Hard,128,G,20030113,124,101736,2,,Andre Agassi,R,180,USA,32.7,103206,12,,Sebastien Grosjean,R,175,FRA,24.6,6-3 6-2 6-2,5,QF,120,3,1,75,49,38,16,12,2,2,5,5,111,52,35,20,13,12,18,2,3395,16,1640
2003-580,Australian Open,Hard,128,G,20030113,125,102783,31,,Rainer Schuettler,R,180,GER,26.7,104053,9,,Andy Roddick,R,188,USA,20.3,7-5 2-6 6-3 6-3,5,SF,139,6,4,102,54,41,30,19,3,6,11,4,123,76,52,21,19,8,13,36,945,10,2045
2003-580,Australian Open,Hard,128,G,20030113,126,101736,2,,Andre Agassi,R,180,USA,32.7,101965,,,Wayne Ferreira,R,185,RSA,31.3,6-2 6-2 6-3,5,SF,88,6,3,71,52,44,8,12,3,3,8,3,81,49,31,12,13,5,11,2,3395,39,930
2003-580,Australian Open,Hard,128,G,20030113,127,101736,2,,Andre Agassi,R,180,USA,32.7,102783,31,,Rainer Schuettler,R,180,GER,26.7,6-2 6-2 6-1,5,F,76,7,1,58,39,29,14,11,0,1,4,4,65,33,19,9,12,5,13,2,3395,36,945
2004-580,Australian Open,Hard,128,G,20040119,1,104053,1,,Andy Roddick,R,188,USA,21.3,103602,,,Fernando Gonzalez,R,183,CHI,23.4,6-2 7-5 7-6(4),5,R128,124,20,4,98,56,47,24,16,4,5,10,5,121,78,53,19,16,12,16,1,4535,35,1025
2004-580,Australian Open,Hard,128,G,20040119,2,102539,,,Bohdan Ulihrach,R,188,CZE,28.9,102694,,,Lars Burgsmuller,R,183,GER,28.1,6-4 3-6 6-2 6-1,5,R128,139,3,5,103,68,51,17,17,6,9,10,10,136,81,51,23,17,14,21,205,177,75,470
2004-580,Australian Open,Hard,128,G,20040119,3,103428,,,Juan Ignacio Chela,R,190,ARG,24.3,103789,,,Irakli Labadze,L,188,GEO,22.6,6-4 6-3 3-6 6-3,5,R128,143,2,2,117,83,55,19,19,6,9,2,10,109,76,52,13,18,1,6,40,915,70,503
2004-580,Australian Open,Hard,128,G,20040119,4,103758,27,,Taylor Dent,R,188,USA,22.7,104269,,Q,Fernando Verdasco,L,188,ESP,20.1,6-2 6-1 2-1 RET,5,R128,78,3,7,51,23,20,18,9,1,1,0,3,62,34,14,15,9,3,8,28,1115,111,366
2004-580,Australian Open,Hard,128,G,20040119,5,102869,,,Galo Blanco,R,173,ESP,27.2,101962,18,,Younes El Aynaoui,R,193,MAR,32.3,4-1 RET,5,R128,17,2,1,15,8,7,3,2,1,1,3,2,24,16,8,2,3,3,5,99,392,18,1395
2004-580,Australian Open,Hard,128,G,20040119,6,103781,,,Jurgen Melzer,L,183,AUT,22.6,102494,,,Tomas Behrend,R,193,GER,29.1,6-1 6-2 6-2,5,R128,80,4,0,64,39,31,19,12,1,1,2,5,84,55,32,9,11,7,13,78,453,103,379
2004-580,Australian Open,Hard,128,G,20040119,7,103970,,,David Ferrer,R,175,ESP,21.7,104180,,Q,Gilles Muller,L,193,LUX,20.6,7-6(4) 6-1 6-3,5,R128,103,4,5,94,52,41,21,14,5,7,4,8,83,42,29,16,14,2,8,74,480,175,208
2004-580,Australian Open,Hard,128,G,20040119,8,102854,16,,Sjeng Schalken,R,193,NED,27.3,102202,,Q,Kenneth Carlsen,L,190,DEN,30.7,7-5 6-3 6-1,5,R128,128,3,1,88,73,55,8,14,3,3,6,5,82,48,34,14,14,3,8,17,1445,110,369
2004-580,Australian Open,Hard,128,G,20040119,9,103813,,,Jarkko Nieminen,L,185,FIN,22.4,103454,12,,Nicolas Massu,R,183,CHI,24.2,6-1 6-7(5) 6-2 6-3,5,R128,172,4,5,127,79,56,27,19,15,18,5,10,116,69,43,18,17,6,14,37,1015,13,1559
2004-580,Australian Open,Hard,128,G,20040119,10,103498,,,Marat Safin,R,193,RUS,23.9,103408,,,Brian Vahaly,R,183,USA,24.5,6-2 3-6 6-3 6-4,5,R128,146,19,2,117,68,50,29,18,6,8,1,9,119,70,47,24,18,6,11,86,430,84,435
2004-580,Australian Open,Hard,128,G,20040119,11,101774,,,Todd Martin,R,198,USA,33.5,102179,,,Antony Dupuis,R,185,FRA,30.8,4-6 4-6 7-6(5) 7-6(4) 6-3,5,R128,200,26,12,161,102,78,34,27,3,7,26,8,162,97,78,32,26,3,6,66,529,85,434
2004-580,Australian Open,Hard,128,G,20040119,12,103333,,,Ivo Karlovic,R,208,CRO,24.8,103888,21,,Mardy Fish,R,188,USA,22.1,7-6(0) 7-6(5) 7-6(4),5,R128,145,21,6,122,80,66,22,18,4,4,12,5,108,68,58,25,18,2,2,72,490,21,1295
2004-580,Australian Open,Hard,128,G,20040119,13,103786,,,Nikolay Davydenko,R,178,RUS,22.6,103096,30,,Arnaud Clement,R,173,FRA,26.0,6-7(6) 4-6 6-4 6-1 6-2,5,R128,217,10,3,170,120,84,23,24,16,19,8,5,149,77,54,36,23,13,20,52,670,31,1080
2004-580,Australian Open,Hard,128,G,20040119,14,103535,,Q,Olivier Patience,R,180,FRA,23.8,104214,,,Igor Andreev,R,185,RUS,20.5,4-6 4-6 7-6(4) 6-1 6-2,5,R128,181,7,4,137,80,55,31,23,1,5,6,9,146,74,53,36,24,9,16,171,215,79,453
2004-580,Australian Open,Hard,128,G,20040119,15,102839,,,Nicolas Lapentti,R,188,ECU,27.4,103169,,,Oscar Hernandez,R,180,ESP,25.7,6-1 6-3 6-1,5,R128,106,3,1,58,42,34,11,11,1,1,1,5,101,63,35,12,12,6,13,55,638,89,415
2004-580,Australian Open,Hard,128,G,20040119,16,103484,,,James Blake,R,185,USA,24.0,103525,,LL,Ivan Miranda,R,175,PER,23.8,6-1 6-4 6-4,5,R128,96,8,5,84,47,35,22,14,7,8,2,1,87,55,35,13,13,6,11,39,975,126,311
2004-580,Australian Open,Hard,128,G,20040119,17,101736,4,,Andre Agassi,R,180,USA,33.7,102464,,WC,Todd Larkham,R,178,AUS,29.2,6-1 6-3 6-4,5,R128,99,8,3,77,43,34,18,13,3,4,2,3,88,63,35,11,13,6,12,4,3425,168,220
2004-580,Australian Open,Hard,128,G,20040119,18,104607,,Q,Tomas Berdych,R,196,CZE,18.3,103917,,,Nicolas Mahut,R,190,FRA,21.9,6-4 6-2 5-7 6-3,5,R128,166,18,9,133,74,56,28,20,8,12,10,14,137,62,40,34,19,14,21,116,359,95,399
2004-580,Australian Open,Hard,128,G,20040119,19,103971,,,Karol Beck,R,180,SVK,21.7,102905,,,Stefan Koubek,L,175,AUT,27.0,6-4 6-0 2-6 6-4,5,R128,121,7,6,102,53,43,17,17,4,9,3,2,107,76,42,11,17,5,13,63,545,92,410
2004-580,Australian Open,Hard,128,G,20040119,20,102358,,,Thomas Enqvist,R,190,SWE,29.8,102434,29,,Vincent Spadea,R,183,USA,29.5,4-6 6-4 6-4 7-6(6),5,R128,163,10,9,138,80,62,28,21,3,6,10,1,143,88,58,33,21,6,10,96,398,30,1100
2004-580,Australian Open,Hard,128,G,20040119,21,102856,19,,Gustavo Kuerten,R,190,BRA,27.3,102770,,,John Van Lottum,R,185,NED,27.7,5-7 6-0 6-1 2-6 8-6,5,R128,195,19,8,152,82,60,32,24,10,17,5,6,122,70,44,22,23,2,12,19,1370,94,405
2004-580,Australian Open,Hard,128,G,20040119,22,103344,,,Ivan Ljubicic,R,193,CRO,24.8,104098,,,Dmitry Tursunov,R,185,RUS,21.1,7-6(2) 6-4 5-7 6-2,5,R128,178,5,2,132,78,52,38,21,3,5,7,7,151,82,54,39,21,11,15,36,1025,98,392
2004-580,Australian Open,Hard,128,G,20040119,23,102259,,Q,Jerome Golmard,L,188,FRA,30.3,102287,,,Albert Portas,R,188,ESP,30.1,7-6(3) 6-4 6-1,5,R128,105,8,6,88,50,41,20,14,1,3,6,8,95,52,36,17,15,5,11,310,105,83,436
2004-580,Australian Open,Hard,128,G,20040119,24,103387,13,,Paradorn Srichaphan,R,185,THA,24.5,104076,,,Jose Acasuso,R,190,ARG,21.2,7-5 6-4 6-0,5,R128,94,11,5,80,43,37,23,14,2,2,7,5,91,52,29,21,14,4,9,15,1540,101,384
2004-580,Australian Open,Hard,128,G,20040119,25,103206,9,,Sebastien Grosjean,R,175,FRA,25.6,104022,,,Mikhail Youzhny,R,183,RUS,21.5,6-1 6-4 7-5,5,R128,123,3,3,84,38,32,28,15,4,6,3,5,97,52,31,22,14,6,12,10,1630,47,770
2004-580,Australian Open,Hard,128,G,20040119,26,102998,,,Jan Michael Gambill,R,190,USA,26.6,102571,,,Gregory Carraz,R,190,FRA,28.7,6-2 6-3 RET,5,R128,63,18,0,57,38,30,11,9,2,2,2,8,50,24,16,12,8,4,7,62,545,60,569
2004-580,Australian Open,Hard,128,G,20040119,27,103103,,,Dominik Hrbaty,R,183,SVK,26.0,103581,,,Flavio Saretta,R,183,BRA,23.5,6-3 6-3 6-3,5,R128,105,4,2,80,57,38,16,14,3,5,7,5,89,43,28,17,13,6,12,44,793,48,769
2004-580,Australian Open,Hard,128,G,20040119,28,103292,,,Gaston Gaudio,R,175,ARG,25.1,103990,20,,Tommy Robredo,R,180,ESP,21.7,6-3 6-2 7-6(6),5,R128,148,3,10,109,69,49,21,15,8,10,6,7,106,54,33,27,14,7,12,34,1030,20,1295
2004-580,Australian Open,Hard,128,G,20040119,29,104068,32,,Robby Ginepri,R,183,USA,21.2,103632,,,Luis Horna,R,180,PER,23.3,7-5 6-3 6-3,5,R128,121,16,5,87,50,41,21,15,4,5,12,4,120,77,49,20,15,15,20,33,1050,61,548
2004-580,Australian Open,Hard,128,G,20040119,30,104589,,WC,Chris Guccione,L,201,AUS,18.4,103553,,WC,Alun Jones,R,180,AUS,23.7,6-3 7-6(3) 6-2,5,R128,107,11,4,105,56,45,27,15,4,5,5,4,95,56,39,18,14,10,14,395,73,276,124
2004-580,Australian Open,Hard,128,G,20040119,31,102765,,WC,Nicolas Escude,R,185,FRA,27.7,102703,,,Hyung Taik Lee,R,180,KOR,28.0,6-3 7-6(5) 6-2,5,R128,145,15,2,98,56,42,21,15,5,8,2,3,96,51,32,16,14,7,13,59,599,69,515
2004-580,Australian Open,Hard,128,G,20040119,32,104417,,,Robin Soderling,R,193,SWE,19.4,102783,6,,Rainer Schuettler,R,180,GER,27.7,4-6 4-6 7-5 6-3 6-4,5,R128,192,10,4,152,98,70,30,26,4,8,12,4,161,102,72,31,25,10,15,57,620,6,3205
2004-580,Australian Open,Hard,128,G,20040119,33,102642,,,Cyril Saulnier,R,190,FRA,28.4,103909,5,,Guillermo Coria,R,175,ARG,22.0,7-6(7) 6-2 6-4,5,R128,138,10,5,108,55,42,32,15,9,10,6,1,105,71,45,17,15,7,11,76,458,5,3330
2004-580,Australian Open,Hard,128,G,20040119,34,102271,,,Hicham Arazi,L,175,MAR,30.2,103133,,,Olivier Mutis,R,175,FRA,25.9,7-5 2-6 6-0 6-3,5,R128,128,5,1,97,54,40,26,18,5,9,5,5,104,60,41,20,17,7,14,51,698,106,374
2004-580,Australian Open,Hard,128,G,20040119,35,101885,,WC,Wayne Arthurs,L,190,AUS,32.8,104056,,Q,Roko Karanusic,R,183,CRO,21.3,7-6(2) 6-4 6-7(2) 6-7(5) 6-2,5,R128,189,23,7,164,94,79,41,27,2,3,10,3,167,108,80,36,27,8,12,114,360,163,228
2004-580,Australian Open,Hard,128,G,20040119,36,102610,26,,Albert Costa,R,180,ESP,28.5,102257,,,Greg Rusedski,L,193,GBR,30.3,6-4 6-3 6-4,5,R128,108,3,2,84,56,41,13,15,4,7,8,5,78,45,31,13,14,5,11,27,1115,104,377
2004-580,Australian Open,Hard,128,G,20040119,37,102374,,,Alex Corretja,R,180,ESP,29.7,103280,17,,Martin Verkerk,R,196,NED,25.2,6-4 1-6 6-3 6-4,5,R128,140,4,3,103,61,50,22,18,4,6,25,9,104,58,48,20,18,4,7,100,391,16,1485
2004-580,Australian Open,Hard,128,G,20040119,38,104339,,,Mario Ancic,R,196,CRO,19.8,103171,,,Raemon Sluiter,R,185,NED,25.7,6-7(4) 6-4 3-6 6-4 6-3,5,R128,181,15,4,137,80,63,37,25,0,2,8,6,150,87,67,36,25,4,8,73,489,56,636
2004-580,Australian Open,Hard,128,G,20040119,39,102148,,,Fabrice Santoro,R,178,FRA,31.1,103429,,WC,Peter Luczak,R,183,AUS,24.3,7-5 4-6 7-5 6-1,5,R128,170,17,2,115,66,54,32,21,7,8,5,7,143,95,59,27,20,13,17,65,539,146,256
2004-580,Australian Open,Hard,128,G,20040119,40,102882,10,,Mark Philippoussis,R,196,AUS,27.1,102563,,,Thomas Johansson,R,180,SWE,28.8,7-6(6) 6-2 7-6(4),5,R128,143,19,4,111,71,57,21,16,2,3,12,6,110,67,51,20,16,5,8,9,1640,519,40
2004-580,Australian Open,Hard,128,G,20040119,41,102562,14,,Jiri Novak,R,190,CZE,28.8,103694,,,Olivier Rochus,R,168,BEL,23.0,6-3 6-3 7-5,5,R128,101,5,1,91,63,48,12,15,5,8,2,2,85,53,30,12,15,5,12,14,1545,49,768
2004-580,Australian Open,Hard,128,G,20040119,42,102788,,LL,Jan Vacek,R,198,CZE,27.6,103105,,,Ruben Ramirez Hidalgo,R,183,ESP,26.0,6-2 3-6 6-3 6-4,5,R128,135,8,3,102,60,44,28,18,4,5,4,6,121,65,49,23,18,7,11,125,314,77,455
2004-580,Australian Open,Hard,128,G,20040119,43,102785,,Q,Glenn Weiner,R,188,USA,27.7,102269,,Q,Jeff Salzenstein,L,185,USA,30.2,7-6(3) 4-6 6-3 3-6 6-4,5,R128,187,34,8,152,86,67,41,25,9,12,16,8,145,91,73,28,25,4,7,264,134,129,304
2004-580,Australian Open,Hard,128,G,20040119,44,102318,,,Andrei Pavel,R,183,ROU,29.9,103018,24,,Max Mirnyi,R,196,BLR,26.5,6-7(2) 6-3 6-2 7-6(2),5,R128,187,9,0,140,101,74,25,21,5,5,16,8,157,90,64,33,20,10,13,67,519,24,1190
2004-580,Australian Open,Hard,128,G,20040119,45,103252,,,Alberto Martin,R,175,ESP,25.4,103852,28,,Feliciano Lopez,L,188,ESP,22.3,3-6 4-6 7-6(3) 6-4 6-2,5,R128,182,4,6,137,94,68,32,24,1,3,27,17,185,103,76,40,25,17,20,53,642,29,1110
2004-580,Australian Open,Hard,128,G,20040119,46,104026,,,Joachim Johansson,R,198,SWE,21.5,102880,,,Alexander Popp,R,201,GER,27.2,6-4 7-6(3) 6-4,5,R128,113,17,5,90,64,53,17,16,0,0,12,4,106,70,51,20,16,5,7,90,414,88,419
2004-580,Australian Open,Hard,128,G,20040119,47,103835,,,Filippo Volandri,R,183,ITA,22.3,103017,,,Nicolas Kiefer,R,183,GER,26.5,6-3 4-6 6-3 6-4,5,R128,168,4,3,131,75,47,36,19,8,11,10,11,132,73,52,28,19,10,16,46,772,58,616
2004-580,Australian Open,Hard,128,G,20040119,48,103507,3,,Juan Carlos Ferrero,R,183,ESP,23.9,103656,,,Albert Montanes,R,175,ESP,23.1,6-0 6-1 6-1,5,R128,66,7,0,55,32,27,12,10,0,1,0,5,71,42,18,9,10,11,20,3,4145,82,437
2004-580,Australian Open,Hard,128,G,20040119,49,103900,8,,David Nalbandian,R,180,ARG,22.0,103672,,Q,Ricardo Mello,L,175,BRA,23.0,6-2 6-1 6-4,5,R128,81,8,1,74,47,38,17,13,3,3,4,3,64,44,28,7,12,2,7,8,2060,128,307
2004-580,Australian Open,Hard,128,G,20040119,50,104252,,Q,Florian Mayer,R,190,GER,20.2,104755,,,Richard Gasquet,R,185,FRA,17.5,7-5 6-4 6-3,5,R128,90,6,0,84,46,36,28,15,2,2,9,3,90,53,38,20,16,3,7,219,165,97,394
2004-580,Australian Open,Hard,128,G,20040119,51,103176,,,David Sanchez,R,183,ESP,25.7,103325,,,Wesley Moodie,R,196,RSA,24.9,6-7(1) 7-6(5) 4-6 6-4 6-3,5,R128,224,3,3,176,123,84,30,27,9,14,15,6,170,118,84,25,26,12,18,50,736,80,449
2004-580,Australian Open,Hard,128,G,20040119,52,101965,31,,Wayne Ferreira,R,185,RSA,32.3,103812,,,Victor Hanescu,R,198,ROU,22.4,6-4 3-6 7-6(3) 6-1,5,R128,145,5,0,114,72,46,30,18,1,3,5,5,143,104,63,20,20,15,20,25,1125,68,515
2004-580,Australian Open,Hard,128,G,20040119,53,102860,22,,Agustin Calleri,R,183,ARG,27.3,103294,,,Christophe Rochus,R,170,BEL,25.0,6-1 3-6 6-3 7-5,5,R128,146,17,7,116,62,51,30,19,7,9,5,4,113,74,50,15,18,6,11,22,1255,93,409
2004-580,Australian Open,Hard,128,G,20040119,54,103084,,,Guillermo Canas,R,185,ARG,26.1,103063,,Q,Sebastien De Chaunac,R,183,FRA,26.2,6-2 6-2 6-4,5,R128,100,1,5,77,51,44,12,13,2,2,1,6,80,45,26,19,13,4,9,248,144,185,195
2004-580,Australian Open,Hard,128,G,20040119,55,103285,,,Radek Stepanek,R,185,CZE,25.1,102106,,,Davide Sanguinetti,R,188,ITA,31.4,6-7(3) 3-6 6-2 6-3 6-3,5,R128,190,17,3,143,91,71,25,23,7,10,6,4,163,97,63,38,24,9,16,45,790,64,542
2004-580,Australian Open,Hard,128,G,20040119,56,102450,11,,Tim Henman,R,185,GBR,29.3,103444,,,Jean Rene Lisnard,R,173,MON,24.3,6-2 6-4 6-2,5,R128,95,2,3,71,41,33,23,13,3,3,3,6,76,34,23,20,13,5,10,12,1575,112,362
2004-580,Australian Open,Hard,128,G,20040119,57,103720,15,,Lleyton Hewitt,R,180,AUS,22.8,102821,,Q,Cecil Mamiit,R,173,PHI,27.5,6-2 6-4 0-1 RET,5,R128,84,4,3,50,28,23,14,9,1,1,3,3,64,32,18,20,10,4,7,11,1625,195,187
2004-580,Australian Open,Hard,128,G,20040119,58,102344,,,Karol Kucera,R,188,SVK,29.8,103598,,,Xavier Malisse,R,185,BEL,23.5,6-2 6-3 6-4,5,R128,117,7,6,89,51,40,20,14,1,2,1,5,81,39,28,18,13,2,7,43,825,54,640
2004-580,Australian Open,Hard,128,G,20040119,59,104745,,,Rafael Nadal,L,185,ESP,17.6,103420,,Q,Michal Tabara,R,175,CZE,24.4,6-1 6-2 6-2,5,R128,77,5,3,71,41,32,19,12,2,2,4,5,61,29,18,12,11,4,10,41,877,215,167
2004-580,Australian Open,Hard,128,G,20040119,60,103693,,,Thierry Ascione,R,188,FRA,23.0,102456,23,,Felix Mantilla,R,180,ESP,29.3,7-5 6-1 7-6(3),5,R128,111,9,6,95,63,52,20,16,5,6,7,8,115,70,48,21,15,11,15,87,422,23,1230
2004-580,Australian Open,Hard,128,G,20040119,61,102227,,,Sargis Sargsian,R,180,ARM,30.6,102035,25,,Jonas Bjorkman,R,183,SWE,31.8,6-2 6-3 6-1,5,R128,102,2,0,77,55,36,14,12,4,6,1,1,77,43,22,12,12,7,15,38,978,26,1123
2004-580,Australian Open,Hard,128,G,20040119,62,104379,,WC,Todd Reid,R,180,AUS,19.6,102957,,WC,Vadim Kutsenko,R,180,RUS,26.8,6-3 6-2 6-3,5,R128,80,6,0,64,47,41,10,13,0,1,2,5,79,48,28,13,13,5,11,148,253,237,152
2004-580,Australian Open,Hard,128,G,20040119,63,103319,,Q,Jeff Morrison,R,185,USA,24.9,102615,,,Dennis Van Scheppingen,R,185,NED,28.5,6-4 6-2 6-4,5,R128,87,17,3,76,41,34,19,14,1,3,1,7,83,37,20,23,14,2,8,156,247,91,411
2004-580,Australian Open,Hard,128,G,20040119,64,103819,2,,Roger Federer,R,185,SUI,22.4,104166,,Q,Alex Bogomolov Jr,R,178,RUS,20.7,6-3 6-4 6-0,5,R128,89,13,3,68,41,33,20,13,0,0,0,3,81,54,35,9,12,4,9,2,4375,117,357
2004-580,Australian Open,Hard,128,G,20040119,65,104053,1,,Andy Roddick,R,188,USA,21.3,102539,,,Bohdan Ulihrach,R,188,CZE,28.9,6-2 6-2 6-3,5,R64,73,20,2,66,43,40,14,13,3,3,2,5,76,39,26,16,12,4,9,1,4535,205,177
2004-580,Australian Open,Hard,128,G,20040119,66,103758,27,,Taylor Dent,R,188,USA,22.7,103428,,,Juan Ignacio Chela,R,190,ARG,24.3,3-6 6-4 4-6 7-6(4) 7-5,5,R64,210,16,16,176,99,61,37,27,8,18,3,4,173,103,66,32,26,13,22,28,1115,40,915
2004-580,Australian Open,Hard,128,G,20040119,67,103781,,,Jurgen Melzer,L,183,AUT,22.6,102869,,,Galo Blanco,R,173,ESP,27.2,6-3 6-4 6-3,5,R64,115,11,9,110,68,54,18,14,10,10,3,5,87,51,35,16,14,4,8,78,453,99,392
2004-580,Australian Open,Hard,128,G,20040119,68,102854,16,,Sjeng Schalken,R,193,NED,27.3,103970,,,David Ferrer,R,175,ESP,21.7,6-3 6-2 5-7 6-1,5,R64,164,2,4,113,83,57,11,18,5,10,0,9,125,77,41,20,18,11,21,17,1445,74,480
2004-580,Australian Open,Hard,128,G,20040119,69,103498,,,Marat Safin,R,193,RUS,23.9,103813,,,Jarkko Nieminen,L,185,FIN,22.4,7-6(5) 6-4 4-6 6-4,5,R64,159,23,0,128,78,65,26,21,11,13,1,2,140,94,68,25,21,6,9,86,430,37,1015
2004-580,Australian Open,Hard,128,G,20040119,70,101774,,,Todd Martin,R,198,USA,33.5,103333,,,Ivo Karlovic,R,208,CRO,24.8,7-6(4) 7-6(4) 7-6(7),5,R64,165,11,3,131,87,65,30,18,3,3,33,7,123,79,66,21,18,3,3,66,529,72,490
2004-580,Australian Open,Hard,128,G,20040119,71,103535,,Q,Olivier Patience,R,180,FRA,23.8,103786,,,Nikolay Davydenko,R,178,RUS,22.6,7-6(2) 6-7(7) 6-3 6-2,5,R64,176,8,2,144,98,71,23,21,6,9,4,5,140,101,63,20,20,9,15,171,215,52,670
2004-580,Australian Open,Hard,128,G,20040119,72,103484,,,James Blake,R,185,USA,24.0,102839,,,Nicolas Lapentti,R,188,ECU,27.4,6-3 7-6(4) 2-6 6-1,5,R64,159,11,3,130,80,58,27,19,8,10,10,3,118,76,53,21,17,13,16,39,975,55,638
2004-580,Australian Open,Hard,128,G,20040119,73,101736,4,,Andre Agassi,R,180,USA,33.7,104607,,Q,Tomas Berdych,R,196,CZE,18.3,6-0 6-2 6-4,5,R64,82,7,1,74,54,41,12,12,3,3,12,3,70,42,26,10,12,2,8,4,3425,116,359
2004-580,Australian Open,Hard,128,G,20040119,74,102358,,,Thomas Enqvist,R,190,SWE,29.8,103971,,,Karol Beck,R,180,SVK,21.7,7-5 4-6 6-3 6-4,5,R64,169,8,10,146,79,57,33,21,7,11,17,7,132,66,51,27,20,9,15,96,398,63,545
2004-580,Australian Open,Hard,128,G,20040119,75,102856,19,,Gustavo Kuerten,R,190,BRA,27.3,103344,,,Ivan Ljubicic,R,193,CRO,24.8,7-5 6-7(5) 6-4 6-3,5,R64,183,8,1,136,79,57,30,22,3,8,17,4,133,76,53,25,21,5,13,19,1370,36,1025
2004-580,Australian Open,Hard,128,G,20040119,76,103387,13,,Paradorn Srichaphan,R,185,THA,24.5,102259,,Q,Jerome Golmard,L,188,FRA,30.3,6-3 RET,5,R64,34,4,0,39,27,21,5,5,4,4,3,2,24,11,9,7,4,0,1,15,1540,310,105
2004-580,Australian Open,Hard,128,G,20040119,77,103206,9,,Sebastien Grosjean,R,175,FRA,25.6,102998,,,Jan Michael Gambill,R,190,USA,26.6,6-4 6-3 6-2,5,R64,120,8,3,77,32,30,27,13,4,4,8,2,94,51,34,18,14,7,12,10,1630,62,545
2004-580,Australian Open,Hard,128,G,20040119,78,103103,,,Dominik Hrbaty,R,183,SVK,26.0,103292,,,Gaston Gaudio,R,175,ARG,25.1,6-1 7-5 6-0,5,R64,87,3,5,77,47,37,15,13,5,7,1,4,67,39,20,8,12,6,14,44,793,34,1030
2004-580,Australian Open,Hard,128,G,20040119,79,104068,32,,Robby Ginepri,R,183,USA,21.2,104589,,WC,Chris Guccione,L,201,AUS,18.4,6-4 6-3 6-3,5,R64,71,11,1,68,45,40,16,14,0,0,11,3,79,49,38,11,14,4,8,33,1050,395,73
2004-580,Australian Open,Hard,128,G,20040119,80,102765,,WC,Nicolas Escude,R,185,FRA,27.7,104417,,,Robin Soderling,R,193,SWE,19.4,6-3 7-6(4) 6-4,5,R64,122,17,0,90,64,51,15,15,2,2,9,5,106,61,44,21,16,5,8,59,599,57,620
2004-580,Australian Open,Hard,128,G,20040119,81,102271,,,Hicham Arazi,L,175,MAR,30.2,102642,,,Cyril Saulnier,R,190,FRA,28.4,3-6 6-1 6-2 RET,5,R64,80,1,2,69,34,24,22,12,2,4,2,2,60,35,24,10,12,0,5,51,698,76,458
2004-580,Australian Open,Hard,128,G,20040119,82,102610,26,,Albert Costa,R,180,ESP,28.5,101885,,WC,Wayne Arthurs,L,190,AUS,32.8,6-7(5) 7-5 4-6 6-4 8-6,5,R64,258,11,7,184,108,80,42,29,4,8,39,12,181,105,79,35,29,7,13,27,1115,114,360
2004-580,Australian Open,Hard,128,G,20040119,83,104339,,,Mario Ancic,R,196,CRO,19.8,102374,,,Alex Corretja,R,180,ESP,29.7,6-4 1-6 6-3 6-7(4) 7-5,5,R64,253,8,6,177,104,72,35,25,12,17,2,8,170,111,70,33,25,11,17,73,489,100,391
2004-580,Australian Open,Hard,128,G,20040119,84,102882,10,,Mark Philippoussis,R,196,AUS,27.1,102148,,,Fabrice Santoro,R,178,FRA,31.1,4-6 6-3 6-4 6-2,5,R64,156,17,3,116,69,56,23,19,3,5,9,3,127,84,56,19,18,11,16,9,1640,65,539
2004-580,Australian Open,Hard,128,G,20040119,85,102562,14,,Jiri Novak,R,190,CZE,28.8,102788,,LL,Jan Vacek,R,198,CZE,27.6,6-2 7-6(3) 6-4,5,R64,110,4,2,96,71,52,13,15,3,5,3,1,104,64,39,19,15,6,11,14,1545,125,314
2004-580,Australian Open,Hard,128,G,20040119,86,102318,,,Andrei Pavel,R,183,ROU,29.9,102785,,Q,Glenn Weiner,R,188,USA,27.7,6-4 6-4 6-2,5,R64,105,9,2,93,59,46,16,14,4,5,19,6,80,46,35,10,14,2,7,67,519,264,134
2004-580,Australian Open,Hard,128,G,20040119,87,104026,,,Joachim Johansson,R,198,SWE,21.5,103252,,,Alberto Martin,R,175,ESP,25.4,7-6(5) 6-3 7-5,5,R64,121,10,10,96,60,50,20,17,2,4,2,5,107,67,50,16,16,4,8,90,414,53,642
2004-580,Australian Open,Hard,128,G,20040119,88,103507,3,,Juan Carlos Ferrero,R,183,ESP,23.9,103835,,,Filippo Volandri,R,183,ITA,22.3,6-4 7-6(3) 7-5,5,R64,138,2,6,102,59,43,22,17,1,5,2,7,114,70,44,20,17,4,10,3,4145,46,772
2004-580,Australian Open,Hard,128,G,20040119,89,103900,8,,David Nalbandian,R,180,ARG,22.0,104252,,Q,Florian Mayer,R,190,GER,20.2,6-1 6-0 6-3,5,R64,94,4,1,83,58,41,11,11,5,6,1,3,94,64,31,11,11,9,17,8,2060,219,165
2004-580,Australian Open,Hard,128,G,20040119,90,101965,31,,Wayne Ferreira,R,185,RSA,32.3,103176,,,David Sanchez,R,183,ESP,25.7,2-6 6-3 6-4 6-4,5,R64,138,8,2,123,85,56,21,19,4,7,1,1,119,76,50,21,18,9,13,25,1125,50,736
2004-580,Australian Open,Hard,128,G,20040119,91,103084,,,Guillermo Canas,R,185,ARG,26.1,102860,22,,Agustin Calleri,R,183,ARG,27.3,6-1 4-6 2-6 7-6(2) 6-4,5,R64,197,13,7,131,72,44,29,23,6,15,12,7,171,94,61,30,24,13,23,248,144,22,1255
2004-580,Australian Open,Hard,128,G,20040119,92,102450,11,,Tim Henman,R,185,GBR,29.3,103285,,,Radek Stepanek,R,185,CZE,25.1,6-2 4-6 6-3 6-0,5,R64,132,3,4,93,57,44,24,17,3,5,3,5,105,60,40,17,16,5,12,12,1575,45,790
2004-580,Australian Open,Hard,128,G,20040119,93,103720,15,,Lleyton Hewitt,R,180,AUS,22.8,102344,,,Karol Kucera,R,188,SVK,29.8,1-6 6-1 6-4 6-1,5,R64,143,3,3,97,58,35,21,15,4,9,5,14,103,57,31,18,16,6,15,11,1625,43,825
2004-580,Australian Open,Hard,128,G,20040119,94,104745,,,Rafael Nadal,L,185,ESP,17.6,103693,,,Thierry Ascione,R,188,FRA,23.0,6-4 3-6 7-5 6-1,5,R64,176,0,5,110,76,55,16,19,6,10,5,4,142,87,48,29,19,12,19,41,877,87,422
2004-580,Australian Open,Hard,128,G,20040119,95,104379,,WC,Todd Reid,R,180,AUS,19.6,102227,,,Sargis Sargsian,R,180,ARM,30.6,6-3 6-4 4-6 6-7(6) 6-4,5,R64,216,7,4,176,130,82,18,26,12,20,7,3,156,123,71,18,25,4,14,148,253,38,978
2004-580,Australian Open,Hard,128,G,20040119,96,103819,2,,Roger Federer,R,185,SUI,22.4,103319,,Q,Jeff Morrison,R,185,USA,24.9,6-2 6-3 6-4,5,R64,94,5,2,84,52,40,21,14,4,4,8,0,93,55,37,17,13,7,11,2,4375,156,247
2004-580,Australian Open,Hard,128,G,20040119,97,104053,1,,Andy Roddick,R,188,USA,21.3,103758,27,,Taylor Dent,R,188,USA,22.7,6-2 6-0 6-2,5,R32,71,4,1,61,37,32,11,11,0,1,2,11,68,35,18,9,11,3,11,1,4535,28,1115
2004-580,Australian Open,Hard,128,G,20040119,98,102854,16,,Sjeng Schalken,R,193,NED,27.3,103781,,,Jurgen Melzer,L,183,AUT,22.6,7-6(1) 6-4 6-1,5,R32,123,1,3,107,80,57,14,15,9,11,3,5,94,48,28,22,14,9,14,17,1445,78,453
2004-580,Australian Open,Hard,128,G,20040119,99,103498,,,Marat Safin,R,193,RUS,23.9,101774,,,Todd Martin,R,198,USA,33.5,7-5 1-6 4-6 6-0 7-5,5,R32,205,9,3,153,83,62,38,23,4,7,10,5,146,90,69,26,24,4,9,86,430,66,529
2004-580,Australian Open,Hard,128,G,20040119,100,103484,,,James Blake,R,185,USA,24.0,103535,,Q,Olivier Patience,R,180,FRA,23.8,6-1 6-3 6-2,5,R32,75,7,1,68,44,35,14,12,0,1,3,1,82,53,29,8,12,6,13,39,975,171,215
2004-580,Australian Open,Hard,128,G,20040119,101,101736,4,,Andre Agassi,R,180,USA,33.7,102358,,,Thomas Enqvist,R,190,SWE,29.8,6-0 6-3 6-3,5,R32,89,9,3,79,47,39,14,12,4,5,5,6,65,30,18,12,12,2,9,4,3425,96,398
2004-580,Australian Open,Hard,128,G,20040119,102,103387,13,,Paradorn Srichaphan,R,185,THA,24.5,102856,19,,Gustavo Kuerten,R,190,BRA,27.3,6-3 7-5 6-4,5,R32,108,6,2,86,54,41,21,16,1,3,7,2,86,53,39,13,15,5,10,15,1540,19,1370
2004-580,Australian Open,Hard,128,G,20040119,103,103206,9,,Sebastien Grosjean,R,175,FRA,25.6,103103,,,Dominik Hrbaty,R,183,SVK,26.0,2-6 6-4 6-1 6-3,5,R32,131,10,0,90,51,41,18,17,0,3,1,3,109,71,45,17,17,6,12,10,1630,44,793
2004-580,Australian Open,Hard,128,G,20040119,104,104068,32,,Robby Ginepri,R,183,USA,21.2,102765,,WC,Nicolas Escude,R,185,FRA,27.7,6-2 6-3 6-4,5,R32,95,10,4,93,57,41,20,14,6,7,7,4,74,49,36,9,13,5,10,33,1050,59,599
2004-580,Australian Open,Hard,128,G,20040119,105,102271,,,Hicham Arazi,L,175,MAR,30.2,102610,26,,Albert Costa,R,180,ESP,28.5,2-6 7-6(2) 6-2 6-1,5,R32,177,10,1,149,88,64,29,18,15,18,12,3,109,62,45,20,17,1,6,51,698,27,1115
2004-580,Australian Open,Hard,128,G,20040119,106,102882,10,,Mark Philippoussis,R,196,AUS,27.1,104339,,,Mario Ancic,R,196,CRO,19.8,6-4 7-6(2) 6-2,5,R32,137,9,2,99,49,40,29,15,6,8,10,0,96,56,34,20,15,4,9,9,1640,73,489
2004-580,Australian Open,Hard,128,G,20040119,107,102318,,,Andrei Pavel,R,183,ROU,29.9,102562,14,,Jiri Novak,R,190,CZE,28.8,4-6 3-6 7-5 7-6(3) 6-4,5,R32,207,15,4,172,115,80,25,26,8,14,7,5,188,109,75,38,27,9,15,67,519,14,1545
2004-580,Australian Open,Hard,128,G,20040119,108,103507,3,,Juan Carlos Ferrero,R,183,ESP,23.9,104026,,,Joachim Johansson,R,198,SWE,21.5,6-1 7-6(4) 6-7(5) 6-4,5,R32,148,14,3,124,79,66,23,21,3,4,19,7,131,91,63,19,20,8,12,3,4145,90,414
2004-580,Australian Open,Hard,128,G,20040119,109,103900,8,,David Nalbandian,R,180,ARG,22.0,101965,31,,Wayne Ferreira,R,185,RSA,32.3,6-2 6-4 7-5,5,R32,104,3,8,84,48,38,22,15,1,2,3,0,85,52,34,15,15,2,7,8,2060,25,1125
2004-580,Australian Open,Hard,128,G,20040119,110,103084,,,Guillermo Canas,R,185,ARG,26.1,102450,11,,Tim Henman,R,185,GBR,29.3,6-7(5) 5-7 7-6(3) 7-5 9-7,5,R32,291,4,4,211,154,103,36,32,12,16,9,9,209,143,104,33,32,5,10,248,144,12,1575
2004-580,Australian Open,Hard,128,G,20040119,111,103720,15,,Lleyton Hewitt,R,180,AUS,22.8,104745,,,Rafael Nadal,L,185,ESP,17.6,7-6(2) 7-6(5) 6-2,5,R32,149,9,2,109,58,42,31,16,4,6,1,2,98,69,45,15,16,6,10,11,1625,41,877
2004-580,Australian Open,Hard,128,G,20040119,112,103819,2,,Roger Federer,R,185,SUI,22.4,104379,,WC,Todd Reid,R,180,AUS,19.6,6-3 6-0 6-1,5,R32,74,5,3,57,31,23,17,11,0,1,1,3,71,41,18,10,11,6,14,2,4375,148,253
2004-580,Australian Open,Hard,128,G,20040119,113,104053,1,,Andy Roddick,R,188,USA,21.3,102854,16,,Sjeng Schalken,R,193,NED,27.3,6-1 6-2 6-3,5,R16,79,14,1,69,44,39,12,12,4,4,1,3,64,49,29,3,12,0,6,1,4535,17,1445
2004-580,Australian Open,Hard,128,G,20040119,114,103498,,,Marat Safin,R,193,RUS,23.9,103484,,,James Blake,R,185,USA,24.0,7-6(3) 6-3 6-7(6) 6-3,5,R16,188,20,1,148,79,62,34,22,8,11,2,2,131,83,58,24,20,8,13,86,430,39,975
2004-580,Australian Open,Hard,128,G,20040119,115,101736,4,,Andre Agassi,R,180,USA,33.7,103387,13,,Paradorn Srichaphan,R,185,THA,24.5,7-6(3) 6-3 6-4,5,R16,126,5,3,93,55,49,20,16,7,8,7,5,106,67,46,17,15,11,14,4,3425,15,1540
2004-580,Australian Open,Hard,128,G,20040119,116,103206,9,,Sebastien Grosjean,R,175,FRA,25.6,104068,32,,Robby Ginepri,R,183,USA,21.2,6-4 3-6 6-4 6-1,5,R16,126,4,2,99,57,44,24,18,2,5,3,5,103,66,40,19,18,2,8,10,1630,33,1050
2004-580,Australian Open,Hard,128,G,20040119,117,102271,,,Hicham Arazi,L,175,MAR,30.2,102882,10,,Mark Philippoussis,R,196,AUS,27.1,6-2 6-2 6-4,5,R16,104,7,2,87,55,43,17,13,10,10,8,5,87,57,40,8,13,5,10,51,698,9,1640
2004-580,Australian Open,Hard,128,G,20040119,118,103507,3,,Juan Carlos Ferrero,R,183,ESP,23.9,102318,,,Andrei Pavel,R,183,ROU,29.9,6-4 3-6 6-3 6-2,5,R16,163,11,4,115,69,52,28,18,2,3,17,3,135,81,50,32,18,9,13,3,4145,67,519
2004-580,Australian Open,Hard,128,G,20040119,119,103900,8,,David Nalbandian,R,180,ARG,22.0,103084,,,Guillermo Canas,R,185,ARG,26.1,6-4 6-2 6-1,5,R16,104,8,1,67,41,33,17,12,2,3,5,7,93,53,33,13,13,8,15,8,2060,248,144
2004-580,Australian Open,Hard,128,G,20040119,120,103819,2,,Roger Federer,R,185,SUI,22.4,103720,15,,Lleyton Hewitt,R,180,AUS,22.8,4-6 6-3 6-0 6-4,5,R16,138,14,4,117,69,51,27,18,6,7,5,5,113,74,49,19,17,8,13,2,4375,11,1625
2004-580,Australian Open,Hard,128,G,20040119,121,103498,,,Marat Safin,R,193,RUS,23.9,104053,1,,Andy Roddick,R,188,USA,21.3,2-6 6-3 7-5 6-7(0) 6-4,5,QF,203,19,6,152,82,61,39,25,4,7,18,2,150,95,71,31,26,9,14,86,430,1,4535
2004-580,Australian Open,Hard,128,G,20040119,122,101736,4,,Andre Agassi,R,180,USA,33.7,103206,9,,Sebastien Grosjean,R,175,FRA,25.6,6-2 2-0 RET,5,QF,44,4,0,30,20,15,6,5,0,0,4,1,45,25,16,5,5,5,8,4,3425,10,1630
2004-580,Australian Open,Hard,128,G,20040119,123,103507,3,,Juan Carlos Ferrero,R,183,ESP,23.9,102271,,,Hicham Arazi,L,175,MAR,30.2,6-1 7-6(6) 7-6(5),5,QF,156,18,1,129,73,55,30,16,8,10,2,5,106,69,49,16,15,4,8,3,4145,51,698
2004-580,Australian Open,Hard,128,G,20040119,124,103819,2,,Roger Federer,R,185,SUI,22.4,103900,8,,David Nalbandian,R,180,ARG,22.0,7-5 6-4 5-7 6-3,5,QF,161,20,3,127,76,63,22,22,8,11,5,2,117,76,52,25,21,7,12,2,4375,8,2060
2004-580,Australian Open,Hard,128,G,20040119,125,103498,,,Marat Safin,R,193,RUS,23.9,101736,4,,Andre Agassi,R,180,USA,33.7,7-6(6) 7-6(6) 5-7 1-6 6-3,5,SF,222,33,0,161,88,68,41,26,4,8,10,2,180,107,81,38,26,5,7,86,430,4,3425
2004-580,Australian Open,Hard,128,G,20040119,126,103819,2,,Roger Federer,R,185,SUI,22.4,103507,3,,Juan Carlos Ferrero,R,183,ESP,23.9,6-4 6-1 6-4,5,SF,89,11,1,83,60,50,10,14,4,4,6,0,71,41,27,16,13,2,6,2,4375,3,4145
2004-580,Australian Open,Hard,128,G,20040119,127,103819,2,,Roger Federer,R,185,SUI,22.4,103498,,,Marat Safin,R,193,RUS,23.9,7-6(3) 6-4 6-2,5,F,135,8,2,90,48,36,25,15,1,3,3,5,116,57,36,28,15,13,18,2,4375,86,430
2005-580,Australian Open,Hard,128,G,20050117,1,103819,1,,Roger Federer,R,185,SUI,23.4,102148,,,Fabrice Santoro,R,178,FRA,32.1,6-1 6-1 6-2,5,R128,94,4,1,68,41,33,15,11,6,6,1,2,98,68,33,13,11,11,18,1,6525,49,793
2005-580,Australian Open,Hard,128,G,20050117,2,102863,,Q,Takao Suzuki,R,175,JPN,28.3,102998,,,Jan Michael Gambill,R,190,USA,27.6,6-4 6-3 6-3,5,R128,107,10,1,81,51,41,20,14,2,2,10,2,86,49,37,17,14,2,6,203,203,90,450
2005-580,Australian Open,Hard,128,G,20050117,3,103813,,,Jarkko Nieminen,L,185,FIN,23.4,102106,,,Davide Sanguinetti,R,188,ITA,32.3,3-6 6-4 6-3 6-2,5,R128,112,3,3,95,59,42,22,18,3,7,5,2,98,65,41,14,18,3,10,87,459,114,394
2005-580,Australian Open,Hard,128,G,20050117,4,103387,27,,Paradorn Srichaphan,R,185,THA,25.5,103808,,,Potito Starace,R,188,ITA,23.5,1-6 6-2 7-5 6-4,5,R128,144,9,2,113,69,48,22,18,3,7,7,2,130,97,60,19,19,13,19,28,1130,69,565
2005-580,Australian Open,Hard,128,G,20050117,5,103344,22,,Ivan Ljubicic,R,193,CRO,25.8,103632,,,Luis Horna,R,180,PER,24.3,6-4 6-3 6-3,5,R128,96,14,2,70,45,38,20,14,1,1,6,4,83,64,40,8,14,3,7,22,1235,39,925
2005-580,Australian Open,Hard,128,G,20050117,6,104571,,Q,Marcos Baghdatis,R,183,CYP,19.5,103487,,Q,Federico Luzzi,R,188,ITA,25.0,6-1 3-6 6-1 3-6 6-3,5,R128,167,12,3,131,76,54,33,21,9,12,6,10,137,76,52,25,20,9,15,155,285,214,196
2005-580,Australian Open,Hard,128,G,20050117,7,102720,,Q,Tomas Zib,R,178,CZE,28.9,104499,,WC,Jimmy Wang,R,178,TPE,19.9,7-6(5) 6-2 6-4,5,R128,146,4,1,101,64,38,19,15,1,6,5,5,107,67,43,9,15,9,17,101,432,185,236
2005-580,Australian Open,Hard,128,G,20050117,8,103990,13,,Tommy Robredo,R,180,ESP,22.7,102401,,,Scott Draper,L,178,AUS,30.6,5-7 6-2 6-4 6-2,5,R128,137,5,3,104,62,46,23,19,6,10,5,3,117,72,46,18,19,8,16,13,1430,,
2005-580,Australian Open,Hard,128,G,20050117,9,104026,11,,Joachim Johansson,R,198,SWE,22.5,102854,,,Sjeng Schalken,R,193,NED,28.3,7-6(6) 6-2 6-3,5,R128,111,17,3,77,45,38,23,14,1,1,7,3,94,67,47,11,15,2,6,11,1745,61,635
2005-580,Australian Open,Hard,128,G,20050117,10,103193,,,Peter Wessels,R,196,NED,26.6,104229,,,Yen Hsun Lu,R,180,TPE,21.4,6-3 6-4 6-4,5,R128,84,9,1,71,45,39,19,15,0,1,5,6,81,51,36,13,14,1,5,91,448,84,476
2005-580,Australian Open,Hard,128,G,20050117,11,102227,,,Sargis Sargsian,R,180,ARM,31.6,103176,,,David Sanchez,R,183,ESP,26.7,7-6(5) 4-6 1-6 6-4 6-2,5,R128,198,9,7,144,86,65,24,24,4,11,7,3,149,96,62,28,23,2,8,79,480,74,528
2005-580,Australian Open,Hard,128,G,20050117,12,103852,24,,Feliciano Lopez,L,188,ESP,23.3,103385,,WC,Paul Baccanello,R,183,AUS,25.6,7-5 7-5 6-2,5,R128,115,11,5,91,49,40,28,16,2,2,14,9,100,46,35,29,16,2,6,23,1220,310,106
2005-580,Australian Open,Hard,128,G,20050117,13,103758,29,,Taylor Dent,R,188,USA,23.7,103722,,Q,Florent Serra,R,180,FRA,23.8,7-5 6-2 6-4,5,R128,103,8,9,93,60,47,12,15,2,5,3,5,92,62,34,15,15,4,11,30,1015,204,203
2005-580,Australian Open,Hard,128,G,20050117,14,103420,,,Michal Tabara,R,175,CZE,25.4,102358,,,Thomas Enqvist,R,190,SWE,30.8,3-6 6-2 6-3 6-3,5,R128,133,14,9,116,49,36,34,17,9,13,7,7,108,55,37,20,18,7,15,83,476,67,573
2005-580,Australian Open,Hard,128,G,20050117,15,102783,,,Rainer Schuettler,R,180,GER,28.7,103535,,Q,Olivier Patience,R,180,FRA,24.8,7-6(3) 6-3 6-2,5,R128,123,6,2,92,56,45,23,14,7,7,2,3,109,70,42,21,15,6,10,40,885,117,384
2005-580,Australian Open,Hard,128,G,20050117,16,101736,8,,Andre Agassi,R,180,USA,34.7,104010,,Q,Dieter Kindlmann,R,183,GER,22.6,6-4 6-3 6-0,5,R128,98,8,5,68,40,34,15,12,1,2,6,5,108,55,29,20,13,13,20,8,2100,173,252
2005-580,Australian Open,Hard,128,G,20050117,17,103498,4,,Marat Safin,R,193,RUS,24.9,104925,,Q,Novak Djokovic,R,188,SRB,17.6,6-0 6-2 6-1,5,R128,74,1,1,51,27,25,13,10,0,1,1,5,66,39,16,5,11,4,13,4,3060,188,229
2005-580,Australian Open,Hard,128,G,20050117,18,102539,,,Bohdan Ulihrach,R,188,CZE,29.9,103333,,,Ivo Karlovic,R,208,CRO,25.8,6-3 6-7(5) 7-5 6-2,5,R128,148,4,3,118,82,69,23,21,2,2,26,7,133,78,59,28,20,12,16,95,438,60,640
2005-580,Australian Open,Hard,128,G,20050117,19,103451,,LL,Bjorn Phau,R,175,GER,25.2,102610,,,Albert Costa,R,180,ESP,29.5,6-3 7-6(4) 6-3,5,R128,164,7,3,86,45,30,25,14,4,8,2,3,138,84,45,24,16,10,18,123,366,46,810
2005-580,Australian Open,Hard,128,G,20050117,20,104339,28,,Mario Ancic,R,196,CRO,20.8,103169,,,Oscar Hernandez,R,180,ESP,26.7,6-3 6-2 6-1,5,R128,111,10,1,66,45,36,15,12,0,0,0,6,87,46,26,17,12,11,17,29,1046,82,478
2005-580,Australian Open,Hard,128,G,20050117,21,103694,,,Olivier Rochus,R,168,BEL,23.9,103017,21,,Nicolas Kiefer,R,183,GER,27.5,7-5 2-6 3-6 6-2 6-3,5,R128,213,1,5,146,83,56,33,23,11,17,16,8,141,82,51,30,23,10,17,53,750,21,1240
2005-580,Australian Open,Hard,128,G,20050117,22,104792,,WC,Gael Monfils,R,193,FRA,18.3,104068,,,Robby Ginepri,R,183,USA,22.2,1-6 6-3 6-4 7-6(6),5,R128,135,15,8,126,68,54,24,19,1,5,3,3,130,82,54,29,19,4,8,219,189,57,655
2005-580,Australian Open,Hard,128,G,20050117,23,103971,,,Karol Beck,R,180,SVK,22.7,104379,,WC,Todd Reid,R,180,AUS,20.6,6-2 6-2 6-1,5,R128,106,9,8,89,36,29,30,11,16,16,3,3,90,59,32,12,12,10,17,42,873,175,246
2005-580,Australian Open,Hard,128,G,20050117,24,103163,16,,Tommy Haas,R,188,GER,26.7,103598,,,Xavier Malisse,R,185,BEL,24.4,6-3 6-2 6-3,5,R128,107,10,0,66,39,34,19,13,1,1,10,1,103,50,31,25,13,9,14,17,1330,47,808
2005-580,Australian Open,Hard,128,G,20050117,25,103292,10,,Gaston Gaudio,R,175,ARG,26.1,102925,,,Justin Gimelstob,R,196,USA,27.9,7-6(3) 6-4 6-3,5,R128,135,2,6,96,61,47,19,15,3,5,10,10,100,44,32,26,16,1,6,10,1920,144,312
2005-580,Australian Open,Hard,128,G,20050117,26,103888,,,Mardy Fish,R,188,USA,23.1,104338,,,Juan Monaco,R,185,ARG,20.8,2-6 6-0 6-4 4-6 9-7,5,R128,203,19,8,160,86,67,34,25,6,11,6,2,163,112,67,29,25,9,16,37,935,81,478
2005-580,Australian Open,Hard,128,G,20050117,27,104386,,Q,Janko Tipsarevic,R,180,SRB,20.5,103110,,Q,Daniele Bracciali,R,180,ITA,27.0,7-6(4) 7-6(6) 3-6 6-1,5,R128,175,10,6,141,76,53,37,20,5,9,12,6,137,58,42,42,20,2,7,120,378,149,302
2005-580,Australian Open,Hard,128,G,20050117,28,103103,20,,Dominik Hrbaty,R,183,SVK,27.0,104417,,,Robin Soderling,R,193,SWE,20.4,6-4 6-2 1-0 RET,5,R128,56,7,6,59,34,25,12,10,4,6,3,2,44,20,11,9,9,1,6,27,1136,35,950
2005-580,Australian Open,Hard,128,G,20050117,29,102563,30,,Thomas Johansson,R,180,SWE,29.8,103429,,WC,Peter Luczak,R,183,AUS,25.3,7-6(5) 4-6 6-3 4-6 6-0,5,R128,198,24,7,152,76,62,40,24,3,6,8,8,154,89,60,37,23,8,13,31,1013,152,291
2005-580,Australian Open,Hard,128,G,20050117,30,102860,,,Agustin Calleri,R,183,ARG,28.3,103018,,,Max Mirnyi,R,196,BLR,27.5,6-4 5-7 6-4 4-6 6-4,5,R128,199,15,10,162,97,72,34,26,4,8,16,4,149,103,79,22,26,2,7,66,590,44,850
2005-580,Australian Open,Hard,128,G,20050117,31,103240,,,Kevin Kim,R,180,USA,26.4,102703,,,Hyung Taik Lee,R,180,KOR,29.0,3-6 6-4 6-3 3-6 6-1,5,R128,173,13,3,127,82,60,21,22,4,8,8,3,160,105,68,26,22,15,21,86,460,58,646
2005-580,Australian Open,Hard,128,G,20050117,32,104198,,Q,Guillermo Garcia Lopez,R,188,ESP,21.6,102845,5,,Carlos Moya,R,190,ESP,28.3,7-5 6-3 3-6 6-3,5,R128,163,13,6,122,63,44,36,20,13,16,6,4,117,75,52,19,19,5,10,106,412,5,2475
2005-580,Australian Open,Hard,128,G,20050117,33,103909,6,,Guillermo Coria,R,175,ARG,23.0,104607,,,Tomas Berdych,R,196,CZE,19.3,6-2 6-4 6-0,5,R128,96,2,5,68,42,34,14,12,1,2,4,3,68,32,18,13,12,3,10,6,2425,43,863
2005-580,Australian Open,Hard,128,G,20050117,34,103672,,,Ricardo Mello,L,175,BRA,24.0,103252,,,Alberto Martin,R,175,ESP,26.4,6-3 6-3 7-6(5),5,R128,148,5,4,89,61,49,10,15,2,5,2,7,134,80,52,18,15,10,16,59,642,68,573
2005-580,Australian Open,Hard,128,G,20050117,35,103151,,,Mariano Zabaleta,R,183,ARG,26.8,104115,,WC,Marc Kimmich,R,183,AUS,21.9,6-4 6-2 6-7(5) 6-3,5,R128,159,8,7,112,74,61,23,20,5,7,9,3,138,81,56,28,19,11,17,54,735,300,112
2005-580,Australian Open,Hard,128,G,20050117,36,103507,31,,Juan Carlos Ferrero,R,183,ESP,24.9,103369,,Q,Melle Van Gemerden,R,183,NED,25.6,2-6 6-3 6-4 6-4,5,R128,125,1,1,118,85,58,14,19,4,8,4,2,114,61,44,26,18,7,12,33,955,270,132
2005-580,Australian Open,Hard,128,G,20050117,37,103602,23,,Fernando Gonzalez,R,183,CHI,24.4,104076,,,Jose Acasuso,R,190,ARG,22.2,3-6 3-6 6-3 6-3 7-5,5,R128,198,9,10,156,91,66,34,24,10,14,13,4,150,86,60,36,24,11,16,16,1335,63,616
2005-580,Australian Open,Hard,128,G,20050117,38,104214,,,Igor Andreev,R,185,RUS,21.5,102694,,,Lars Burgsmuller,R,183,GER,29.1,7-6(2) 6-1 6-2,5,R128,102,7,5,92,55,44,21,14,6,6,4,1,80,46,26,20,13,1,5,52,756,98,434
2005-580,Australian Open,Hard,128,G,20050117,39,103490,,,Santiago Ventura,R,183,ESP,25.0,102231,,,Alex Calatrava,R,190,ESP,31.5,3-6 6-3 6-4 4-6 6-4,5,R128,224,8,7,167,90,65,43,24,10,13,6,5,141,82,62,33,24,5,9,97,435,78,489
2005-580,Australian Open,Hard,128,G,20050117,40,103900,9,,David Nalbandian,R,180,ARG,23.0,103970,,,David Ferrer,R,175,ESP,22.7,7-6(1) 4-6 4-6 6-3 6-4,5,R128,225,3,5,173,110,72,27,26,13,22,4,4,163,100,60,31,25,17,26,9,1945,50,790
2005-580,Australian Open,Hard,128,G,20050117,41,104022,15,,Mikhail Youzhny,R,183,RUS,22.5,103592,,,Jerome Haehnel,R,185,FRA,24.5,6-2 6-2 7-5,5,R128,87,1,0,68,40,34,23,14,1,1,4,4,90,51,27,24,14,2,7,15,1340,89,452
2005-580,Australian Open,Hard,128,G,20050117,42,104745,,,Rafael Nadal,L,185,ESP,18.6,103898,,,Julien Benneteau,R,185,FRA,23.0,6-0 6-4 6-2,5,R128,88,1,1,61,47,36,7,12,1,3,2,6,66,35,18,9,12,2,10,56,715,65,598
2005-580,Australian Open,Hard,128,G,20050117,43,104035,,Q,Bobby Reynolds,R,183,USA,22.5,104597,,,Nicolas Almagro,R,183,ESP,19.4,5-7 6-4 7-6(7) 7-6(5),5,R128,190,21,6,157,98,75,30,23,5,8,16,3,164,91,68,39,23,16,19,283,126,100,433
2005-580,Australian Open,Hard,128,G,20050117,44,102318,17,,Andrei Pavel,R,183,ROU,30.9,103133,,,Olivier Mutis,R,175,FRA,26.9,6-4 6-4 6-0,5,R128,90,9,1,81,58,44,12,13,2,3,6,1,83,42,24,19,13,5,11,18,1325,108,407
2005-580,Australian Open,Hard,128,G,20050117,45,103428,25,,Juan Ignacio Chela,R,190,ARG,25.3,101885,,,Wayne Arthurs,L,190,AUS,33.8,6-4 7-6(4) 7-6(1),5,R128,133,3,0,98,73,62,16,17,2,2,15,7,120,57,43,36,17,1,2,24,1205,99,433
2005-580,Australian Open,Hard,128,G,20050117,46,102571,,,Gregory Carraz,R,190,FRA,29.7,103908,,,Paul Henri Mathieu,R,185,FRA,23.0,6-4 5-7 7-5 7-6(5),5,R128,206,30,12,145,83,65,25,23,6,11,9,9,166,100,66,30,23,10,16,103,422,113,396
2005-580,Australian Open,Hard,128,G,20050117,47,103484,,,James Blake,R,185,USA,25.0,104252,,,Florian Mayer,R,190,GER,21.2,6-1 6-2 6-0,5,R128,70,5,4,76,40,33,22,11,3,3,2,4,64,28,15,14,10,5,12,94,440,38,930
2005-580,Australian Open,Hard,128,G,20050117,48,103720,3,,Lleyton Hewitt,R,180,AUS,23.8,103096,,,Arnaud Clement,R,173,FRA,27.0,6-3 6-4 6-1,5,R128,108,12,2,79,52,45,12,13,1,1,2,1,72,38,26,15,13,3,8,3,3590,111,398
2005-580,Australian Open,Hard,128,G,20050117,49,102450,7,,Tim Henman,R,185,GBR,30.3,102642,,,Cyril Saulnier,R,190,FRA,29.4,6-1 6-2 4-6 6-3,5,R128,154,4,4,117,74,50,24,17,10,13,2,4,115,70,41,20,17,6,14,7,2360,55,729
2005-580,Australian Open,Hard,128,G,20050117,50,103812,,,Victor Hanescu,R,198,ROU,23.4,103835,,,Filippo Volandri,R,183,ITA,23.3,6-3 6-4 7-6(1),5,R128,122,6,0,117,79,52,27,16,13,14,1,7,95,49,34,24,15,5,8,88,452,41,880
2005-580,Australian Open,Hard,128,G,20050117,51,103294,,LL,Christophe Rochus,R,170,BEL,26.0,103656,,,Albert Montanes,R,175,ESP,24.1,6-2 6-3 6-3,5,R128,81,7,2,68,46,37,12,13,1,2,8,3,96,61,39,9,13,8,14,115,393,96,436
2005-580,Australian Open,Hard,128,G,20050117,52,103786,26,,Nikolay Davydenko,R,178,RUS,23.6,104056,,Q,Roko Karanusic,R,183,CRO,22.3,6-2 7-5 6-2,5,R128,106,3,3,77,53,35,14,14,1,4,3,1,94,55,26,18,14,11,19,26,1170,150,302
2005-580,Australian Open,Hard,128,G,20050117,53,103285,,,Radek Stepanek,R,185,CZE,26.1,102434,19,,Vincent Spadea,R,183,USA,30.4,6-3 5-7 4-6 7-5 6-3,5,R128,213,10,8,164,97,75,35,26,9,11,3,5,159,103,70,36,26,9,13,32,1000,20,1270
2005-580,Australian Open,Hard,128,G,20050117,54,103401,,,Jan Hernych,R,190,CZE,25.5,102456,,,Felix Mantilla,R,180,ESP,30.3,6-4 6-7(5) 6-1 6-0,5,R128,134,5,2,103,73,60,17,18,1,2,2,9,122,66,40,25,17,10,17,72,560,119,380
2005-580,Australian Open,Hard,128,G,20050117,55,104269,,,Fernando Verdasco,L,188,ESP,21.1,104180,,,Gilles Muller,L,193,LUX,21.6,6-3 6-0 6-4,5,R128,89,5,2,69,44,36,15,13,1,2,6,4,85,50,30,14,12,12,18,36,938,70,565
2005-580,Australian Open,Hard,128,G,20050117,56,103084,12,,Guillermo Canas,R,185,ARG,27.1,104589,,WC,Chris Guccione,L,201,AUS,19.4,6-4 6-2 7-6(4),5,R128,122,7,3,103,71,57,15,15,6,7,16,8,115,63,43,23,15,12,16,12,1559,302,111
2005-580,Australian Open,Hard,128,G,20050117,57,103206,14,,Sebastien Grosjean,R,175,FRA,26.6,103566,,,Michael Llodra,L,190,FRA,24.6,6-3 6-4 6-3,5,R128,114,3,2,98,64,47,16,14,6,8,4,5,88,56,36,10,14,6,12,14,1370,51,765
2005-580,Australian Open,Hard,128,G,20050117,58,103444,,Q,Jean Rene Lisnard,R,173,MON,25.3,103594,,Q,Oliver Marach,R,185,AUT,24.5,5-7 5-7 6-1 6-4 7-5,5,R128,285,8,15,212,108,76,51,27,22,27,8,7,174,94,66,39,26,11,18,142,314,198,208
2005-580,Australian Open,Hard,128,G,20050117,59,104259,,,Philipp Kohlschreiber,R,178,GER,21.2,102202,,,Kenneth Carlsen,L,190,DEN,31.7,7-6(2) 6-2 6-1,5,R128,132,1,3,94,55,44,21,14,5,6,4,9,105,56,38,17,13,13,18,102,423,80,479
2005-580,Australian Open,Hard,128,G,20050117,60,103454,18,,Nicolas Massu,R,183,CHI,25.2,102179,,,Antony Dupuis,R,185,FRA,31.8,6-7(7) 7-6(2) 6-3 6-2,5,R128,230,9,6,141,81,66,36,21,9,10,11,8,152,84,60,34,20,12,16,19,1320,76,493
2005-580,Australian Open,Hard,128,G,20050117,61,103781,32,,Jurgen Melzer,L,183,AUT,23.6,103171,,,Raemon Sluiter,R,185,NED,26.7,3-3 RET,5,R128,25,0,1,17,7,5,5,3,0,1,2,1,20,8,4,6,3,1,2,34,955,85,462
2005-580,Australian Open,Hard,128,G,20050117,62,103516,,WC,Nathan Healey,R,180,AUS,24.8,103581,,,Flavio Saretta,R,183,BRA,24.5,4-6 4-6 6-1 5-0 RET,5,R128,130,13,8,112,64,46,21,16,10,14,4,4,104,69,43,15,16,5,12,343,90,110,400
2005-580,Australian Open,Hard,128,G,20050117,63,102257,,,Greg Rusedski,L,193,GBR,31.3,102035,,,Jonas Bjorkman,R,183,SWE,32.8,2-6 6-4 6-0 7-6(7),5,R128,163,14,9,120,69,51,25,18,7,10,1,8,130,73,49,28,18,8,13,48,805,73,530
2005-580,Australian Open,Hard,128,G,20050117,64,104053,2,,Andy Roddick,R,188,USA,22.3,103789,,,Irakli Labadze,L,188,GEO,23.6,7-5 6-2 6-1,5,R128,92,11,0,71,47,40,18,14,4,4,5,7,81,54,29,14,13,4,9,2,3655,75,510
2005-580,Australian Open,Hard,128,G,20050117,65,103819,1,,Roger Federer,R,185,SUI,23.4,102863,,Q,Takao Suzuki,R,175,JPN,28.3,6-3 6-4 6-4,5,R64,113,7,0,84,59,45,17,15,3,4,7,3,105,71,39,21,14,7,11,1,6525,203,203
2005-580,Australian Open,Hard,128,G,20050117,66,103813,,,Jarkko Nieminen,L,185,FIN,23.4,103387,27,,Paradorn Srichaphan,R,185,THA,25.5,6-3 6-4 6-2,5,R64,106,5,0,89,65,49,14,14,3,3,5,4,76,47,30,15,13,1,5,87,459,28,1130
2005-580,Australian Open,Hard,128,G,20050117,67,104571,,Q,Marcos Baghdatis,R,183,CYP,19.5,103344,22,,Ivan Ljubicic,R,193,CRO,25.8,7-6(1) 6-4 6-7(2) 6-2,5,R64,166,13,3,117,67,54,36,21,7,8,20,1,141,86,64,25,21,10,14,155,285,22,1235
2005-580,Australian Open,Hard,128,G,20050117,68,103990,13,,Tommy Robredo,R,180,ESP,22.7,102720,,Q,Tomas Zib,R,178,CZE,28.9,6-4 2-6 6-2 6-4,5,R64,160,16,8,112,64,46,24,18,3,7,3,3,128,71,45,28,18,10,16,13,1430,101,432
2005-580,Australian Open,Hard,128,G,20050117,69,104026,11,,Joachim Johansson,R,198,SWE,22.5,103193,,,Peter Wessels,R,196,NED,26.6,6-3 7-5 6-4,5,R64,110,21,4,105,65,50,23,16,3,3,5,2,88,55,41,19,15,3,6,11,1745,91,448
2005-580,Australian Open,Hard,128,G,20050117,70,103852,24,,Feliciano Lopez,L,188,ESP,23.3,102227,,,Sargis Sargsian,R,180,ARM,31.6,4-6 6-3 6-4 7-6(3),5,R64,161,17,3,134,81,66,21,21,8,12,5,6,129,97,64,16,20,7,12,23,1220,79,480
2005-580,Australian Open,Hard,128,G,20050117,71,103758,29,,Taylor Dent,R,188,USA,23.7,103420,,,Michal Tabara,R,175,CZE,25.4,6-4 6-1 6-4,5,R64,97,6,15,92,58,42,9,14,9,14,2,11,75,28,15,15,13,5,14,30,1015,83,476
2005-580,Australian Open,Hard,128,G,20050117,72,101736,8,,Andre Agassi,R,180,USA,34.7,102783,,,Rainer Schuettler,R,180,GER,28.7,6-3 6-1 6-0,5,R64,87,7,3,74,48,34,18,11,5,5,6,8,80,44,28,10,11,5,12,8,2100,40,885
2005-580,Australian Open,Hard,128,G,20050117,73,103498,4,,Marat Safin,R,193,RUS,24.9,102539,,,Bohdan Ulihrach,R,188,CZE,29.9,6-4 6-1 6-3,5,R64,81,10,0,67,40,34,16,13,0,1,4,5,83,47,26,17,13,3,9,4,3060,95,438
2005-580,Australian Open,Hard,128,G,20050117,74,104339,28,,Mario Ancic,R,196,CRO,20.8,103451,,LL,Bjorn Phau,R,175,GER,25.2,7-5 6-2 6-1,5,R64,108,12,2,76,50,42,15,14,3,4,1,6,90,53,31,16,13,5,11,29,1046,123,366
2005-580,Australian Open,Hard,128,G,20050117,75,103694,,,Olivier Rochus,R,168,BEL,23.9,104792,,WC,Gael Monfils,R,193,FRA,18.3,6-1 6-3 6-3,5,R64,111,0,1,75,47,36,13,12,3,5,3,4,101,49,29,17,13,7,15,53,750,219,189
2005-580,Australian Open,Hard,128,G,20050117,76,103971,,,Karol Beck,R,180,SVK,22.7,103163,16,,Tommy Haas,R,188,GER,26.7,5-7 2-6 6-2 7-6(5) 6-3,5,R64,212,14,11,145,77,61,31,25,8,14,13,9,161,85,56,42,24,10,16,42,873,17,1330
2005-580,Australian Open,Hard,128,G,20050117,77,103292,10,,Gaston Gaudio,R,175,ARG,26.1,103888,,,Mardy Fish,R,188,USA,23.1,2-6 6-4 7-5 7-6(4),5,R64,180,8,11,128,63,48,32,21,5,11,17,6,138,67,46,35,21,6,12,10,1920,37,935
2005-580,Australian Open,Hard,128,G,20050117,78,103103,20,,Dominik Hrbaty,R,183,SVK,27.0,104386,,Q,Janko Tipsarevic,R,180,SRB,20.5,6-2 7-6(1) 3-6 7-5,5,R64,165,12,6,120,78,56,26,20,5,9,13,4,141,65,42,37,21,8,14,27,1136,120,378
2005-580,Australian Open,Hard,128,G,20050117,79,102563,30,,Thomas Johansson,R,180,SWE,29.8,102860,,,Agustin Calleri,R,183,ARG,28.3,6-4 5-7 6-3 2-6 7-5,5,R64,195,17,4,133,72,60,31,25,3,8,15,6,158,89,63,38,26,6,12,31,1013,66,590
2005-580,Australian Open,Hard,128,G,20050117,80,103240,,,Kevin Kim,R,180,USA,26.4,104198,,Q,Guillermo Garcia Lopez,R,188,ESP,21.6,6-2 6-4 6-2,5,R64,100,5,1,72,51,41,14,13,2,2,3,3,87,53,36,11,13,6,11,86,460,106,412
2005-580,Australian Open,Hard,128,G,20050117,81,103909,6,,Guillermo Coria,R,175,ARG,23.0,103672,,,Ricardo Mello,L,175,BRA,24.0,6-4 6-7(3) 6-3 7-6(3),5,R64,237,4,2,153,91,58,28,21,6,13,8,5,167,102,61,30,22,14,24,6,2425,59,642
2005-580,Australian Open,Hard,128,G,20050117,82,103507,31,,Juan Carlos Ferrero,R,183,ESP,24.9,103151,,,Mariano Zabaleta,R,183,ARG,26.8,6-1 6-2 6-0,5,R64,83,2,1,73,52,37,13,11,3,3,2,5,58,29,17,10,10,4,11,33,955,54,735
2005-580,Australian Open,Hard,128,G,20050117,83,103602,23,,Fernando Gonzalez,R,183,CHI,24.4,104214,,,Igor Andreev,R,185,RUS,21.5,7-5 6-2 6-3,5,R64,115,4,2,82,55,44,19,15,1,1,3,4,110,68,44,18,14,14,18,16,1335,52,756
2005-580,Australian Open,Hard,128,G,20050117,84,103900,9,,David Nalbandian,R,180,ARG,23.0,103490,,,Santiago Ventura,R,183,ESP,25.0,6-0 6-3 2-6 6-2,5,R64,143,3,1,99,57,38,28,15,4,6,10,5,109,45,30,28,16,8,15,9,1945,97,435
2005-580,Australian Open,Hard,128,G,20050117,85,104745,,,Rafael Nadal,L,185,ESP,18.6,104022,15,,Mikhail Youzhny,R,183,RUS,22.5,6-1 4-6 4-6 7-5 6-3,5,R64,217,0,2,153,108,71,21,24,8,14,9,5,140,73,47,32,24,5,14,56,715,15,1340
2005-580,Australian Open,Hard,128,G,20050117,86,104035,,Q,Bobby Reynolds,R,183,USA,22.5,102318,17,,Andrei Pavel,R,183,ROU,30.9,7-6(6) 6-2 6-2,5,R64,107,10,1,83,48,35,22,14,5,7,5,6,92,62,41,10,14,4,10,283,126,18,1325
2005-580,Australian Open,Hard,128,G,20050117,87,103428,25,,Juan Ignacio Chela,R,190,ARG,25.3,102571,,,Gregory Carraz,R,190,FRA,29.7,7-6(7) 6-2 7-6(3),5,R64,127,5,2,102,71,56,22,16,6,7,8,3,109,68,49,22,16,5,8,24,1205,103,422
2005-580,Australian Open,Hard,128,G,20050117,88,103720,3,,Lleyton Hewitt,R,180,AUS,23.8,103484,,,James Blake,R,185,USA,25.0,4-6 7-6(8) 6-0 6-3,5,R64,155,7,7,110,65,53,21,18,2,5,9,8,141,76,47,32,19,9,16,3,3590,94,440
2005-580,Australian Open,Hard,128,G,20050117,89,102450,7,,Tim Henman,R,185,GBR,30.3,103812,,,Victor Hanescu,R,198,ROU,23.4,7-5 6-1 6-4,5,R64,113,10,2,83,54,42,18,15,4,5,8,1,91,65,37,16,14,7,12,7,2360,88,452
2005-580,Australian Open,Hard,128,G,20050117,90,103786,26,,Nikolay Davydenko,R,178,RUS,23.6,103294,,LL,Christophe Rochus,R,170,BEL,26.0,6-4 6-4 6-2,5,R64,110,14,4,87,49,39,17,14,3,5,0,0,96,62,35,16,14,4,10,26,1170,115,393
2005-580,Australian Open,Hard,128,G,20050117,91,103285,,,Radek Stepanek,R,185,CZE,26.1,103401,,,Jan Hernych,R,190,CZE,25.5,7-6(5) 6-1 1-6 6-7(2) 6-0,5,R64,209,11,6,156,91,68,26,22,7,12,0,3,146,93,55,30,22,8,16,32,1000,72,560
2005-580,Australian Open,Hard,128,G,20050117,92,103084,12,,Guillermo Canas,R,185,ARG,27.1,104269,,,Fernando Verdasco,L,188,ESP,21.1,3-6 7-5 6-3 6-0,5,R64,166,9,5,112,68,45,22,18,6,11,2,6,119,72,35,24,18,9,18,12,1559,36,938
2005-580,Australian Open,Hard,128,G,20050117,93,103444,,Q,Jean Rene Lisnard,R,173,MON,25.3,103206,14,,Sebastien Grosjean,R,175,FRA,26.6,1-6 4-6 6-3 6-4 6-3,5,R64,208,1,8,126,66,44,25,22,2,10,11,6,166,96,60,29,23,12,21,142,314,14,1370
2005-580,Australian Open,Hard,128,G,20050117,94,104259,,,Philipp Kohlschreiber,R,178,GER,21.2,103454,18,,Nicolas Massu,R,183,CHI,25.2,6-0 2-0 RET,5,R64,41,5,0,29,19,15,6,4,2,2,0,2,21,9,3,1,4,1,5,102,423,19,1320
2005-580,Australian Open,Hard,128,G,20050117,95,103781,32,,Jurgen Melzer,L,183,AUT,23.6,103516,,WC,Nathan Healey,R,180,AUS,24.8,6-3 6-2 7-6(3),5,R64,105,3,3,87,63,52,12,15,0,1,6,5,78,39,26,21,14,3,7,34,955,343,90
2005-580,Australian Open,Hard,128,G,20050117,96,104053,2,,Andy Roddick,R,188,USA,22.3,102257,,,Greg Rusedski,L,193,GBR,31.3,6-0 3-6 6-2 6-3,5,R64,93,11,2,76,55,49,14,16,1,2,12,4,101,63,44,14,16,10,16,2,3655,48,805
2005-580,Australian Open,Hard,128,G,20050117,97,103819,1,,Roger Federer,R,185,SUI,23.4,103813,,,Jarkko Nieminen,L,185,FIN,23.4,6-3 5-2 RET,5,R32,57,2,1,49,35,23,8,8,3,5,1,3,56,36,16,9,8,2,7,1,6525,87,459
2005-580,Australian Open,Hard,128,G,20050117,98,104571,,Q,Marcos Baghdatis,R,183,CYP,19.5,103990,13,,Tommy Robredo,R,180,ESP,22.7,7-6(2) 6-4 6-1,5,R32,122,4,2,97,50,41,23,14,3,5,3,5,112,73,52,9,15,9,15,155,285,13,1430
2005-580,Australian Open,Hard,128,G,20050117,99,104026,11,,Joachim Johansson,R,198,SWE,22.5,103852,24,,Feliciano Lopez,L,188,ESP,23.3,6-3 3-6 5-7 7-6(2) 13-11,5,R32,238,38,5,197,124,93,46,33,10,13,34,8,202,122,95,46,33,11,14,11,1745,23,1220
2005-580,Australian Open,Hard,128,G,20050117,100,101736,8,,Andre Agassi,R,180,USA,34.7,103758,29,,Taylor Dent,R,188,USA,23.7,7-5 7-6(3) 6-1,5,R32,112,3,0,90,57,41,20,15,7,11,2,9,112,74,43,13,16,12,20,8,2100,30,1015
2005-580,Australian Open,Hard,128,G,20050117,101,103498,4,,Marat Safin,R,193,RUS,24.9,104339,28,,Mario Ancic,R,196,CRO,20.8,6-4 3-6 6-3 6-4,5,R32,165,11,1,115,64,46,32,19,3,5,6,7,118,74,56,20,19,4,8,4,3060,29,1046
2005-580,Australian Open,Hard,128,G,20050117,102,103694,,,Olivier Rochus,R,168,BEL,23.9,103971,,,Karol Beck,R,180,SVK,22.7,6-7(6) 6-1 6-4 6-2,5,R32,188,4,3,131,81,59,29,19,8,9,12,8,139,76,56,24,18,11,17,53,750,42,873
2005-580,Australian Open,Hard,128,G,20050117,103,103103,20,,Dominik Hrbaty,R,183,SVK,27.0,103292,10,,Gaston Gaudio,R,175,ARG,26.1,7-6(5) 6-7(8) 6-7(3) 6-1 6-3,5,R32,261,15,8,201,111,80,38,26,16,22,8,7,191,117,79,30,26,12,22,27,1136,10,1920
2005-580,Australian Open,Hard,128,G,20050117,104,102563,30,,Thomas Johansson,R,180,SWE,29.8,103240,,,Kevin Kim,R,180,USA,26.4,3-6 6-2 6-7(4) 6-2 6-2,5,R32,193,17,3,131,74,61,34,22,3,5,14,7,162,89,61,31,23,9,16,31,1013,86,460
2005-580,Australian Open,Hard,128,G,20050117,105,103909,6,,Guillermo Coria,R,175,ARG,23.0,103507,31,,Juan Carlos Ferrero,R,183,ESP,24.9,6-3 6-2 6-1,5,R32,123,5,2,78,51,33,14,12,5,8,2,3,89,52,25,14,12,5,14,6,2425,33,955
2005-580,Australian Open,Hard,128,G,20050117,106,103900,9,,David Nalbandian,R,180,ARG,23.0,103602,23,,Fernando Gonzalez,R,183,CHI,24.4,6-7(3) 7-5 6-2 6-3,5,R32,191,10,5,128,82,63,22,20,9,12,7,8,167,106,69,24,21,16,24,9,1945,16,1335
2005-580,Australian Open,Hard,128,G,20050117,107,104745,,,Rafael Nadal,L,185,ESP,18.6,104035,,Q,Bobby Reynolds,R,183,USA,22.5,6-1 6-1 6-3,5,R32,89,2,3,69,43,35,14,12,1,2,3,9,69,37,20,12,11,7,14,56,715,283,126
2005-580,Australian Open,Hard,128,G,20050117,108,103720,3,,Lleyton Hewitt,R,180,AUS,23.8,103428,25,,Juan Ignacio Chela,R,190,ARG,25.3,6-2 4-6 6-1 6-4,5,R32,137,9,3,105,65,48,20,18,2,5,1,3,103,70,39,17,17,9,16,3,3590,24,1205
2005-580,Australian Open,Hard,128,G,20050117,109,103786,26,,Nikolay Davydenko,R,178,RUS,23.6,102450,7,,Tim Henman,R,185,GBR,30.3,6-4 6-2 6-2,5,R32,126,1,0,92,67,46,17,13,5,5,2,5,97,57,38,16,13,10,15,26,1170,7,2360
2005-580,Australian Open,Hard,128,G,20050117,110,103084,12,,Guillermo Canas,R,185,ARG,27.1,103285,,,Radek Stepanek,R,185,CZE,26.1,6-1 6-2 6-2,5,R32,94,3,1,67,42,32,16,12,3,4,1,1,66,40,21,7,11,7,14,12,1559,32,1000
2005-580,Australian Open,Hard,128,G,20050117,111,104259,,,Philipp Kohlschreiber,R,178,GER,21.2,103444,,Q,Jean Rene Lisnard,R,173,MON,25.3,7-5 6-3 6-2,5,R32,123,1,2,89,53,39,23,14,4,5,2,5,100,50,29,25,15,3,9,102,423,142,314
2005-580,Australian Open,Hard,128,G,20050117,112,104053,2,,Andy Roddick,R,188,USA,22.3,103781,32,,Jurgen Melzer,L,183,AUT,23.6,6-2 6-2 7-5,5,R32,95,22,0,76,52,43,17,14,3,3,2,3,94,63,36,15,14,5,10,2,3655,34,955
2005-580,Australian Open,Hard,128,G,20050117,113,103819,1,,Roger Federer,R,185,SUI,23.4,104571,,Q,Marcos Baghdatis,R,183,CYP,19.5,6-2 6-2 7-6(4),5,R16,103,9,0,78,47,40,20,14,0,1,4,1,96,51,30,25,14,3,8,1,6525,155,285
2005-580,Australian Open,Hard,128,G,20050117,114,101736,8,,Andre Agassi,R,180,USA,34.7,104026,11,,Joachim Johansson,R,198,SWE,22.5,6-7(4) 7-6(5) 7-6(3) 6-4,5,R16,158,16,4,139,91,74,29,23,2,4,51,9,149,96,78,27,23,7,10,8,2100,11,1745
2005-580,Australian Open,Hard,128,G,20050117,115,103498,4,,Marat Safin,R,193,RUS,24.9,103694,,,Olivier Rochus,R,168,BEL,23.9,4-6 7-6(1) 7-6(5) 7-6(2),5,R16,222,29,1,140,87,72,32,23,3,5,1,3,180,113,81,30,23,17,18,4,3060,53,750
2005-580,Australian Open,Hard,128,G,20050117,116,103103,20,,Dominik Hrbaty,R,183,SVK,27.0,102563,30,,Thomas Johansson,R,180,SWE,29.8,7-5 6-3 6-1,5,R16,101,6,2,78,45,39,19,14,1,1,12,5,108,65,39,19,14,5,10,27,1136,31,1013
2005-580,Australian Open,Hard,128,G,20050117,117,103900,9,,David Nalbandian,R,180,ARG,23.0,103909,6,,Guillermo Coria,R,175,ARG,23.0,5-7 7-5 6-3 6-0,5,R16,204,1,5,135,84,58,18,20,14,20,4,3,139,92,55,14,19,6,16,9,1945,6,2425
2005-580,Australian Open,Hard,128,G,20050117,118,103720,3,,Lleyton Hewitt,R,180,AUS,23.8,104745,,,Rafael Nadal,L,185,ESP,18.6,7-5 3-6 1-6 7-6(3) 6-2,5,R16,233,18,6,146,75,57,37,24,12,18,5,3,160,111,72,28,24,12,17,3,3590,56,715
2005-580,Australian Open,Hard,128,G,20050117,119,103786,26,,Nikolay Davydenko,R,178,RUS,23.6,103084,12,,Guillermo Canas,R,185,ARG,27.1,6-3 6-4 6-3,5,R16,132,6,5,99,59,42,24,14,3,4,1,4,72,37,22,23,14,3,8,26,1170,12,1559
2005-580,Australian Open,Hard,128,G,20050117,120,104053,2,,Andy Roddick,R,188,USA,22.3,104259,,,Philipp Kohlschreiber,R,178,GER,21.2,6-3 7-6(6) 6-1,5,R16,87,15,2,86,59,50,17,15,1,1,5,2,77,43,32,18,13,1,4,2,3655,102,423
2005-580,Australian Open,Hard,128,G,20050117,121,103819,1,,Roger Federer,R,185,SUI,23.4,101736,8,,Andre Agassi,R,180,USA,34.7,6-3 6-4 6-4,5,QF,99,22,4,99,65,50,21,15,4,4,1,2,79,44,33,18,14,3,6,1,6525,8,2100
2005-580,Australian Open,Hard,128,G,20050117,122,103498,4,,Marat Safin,R,193,RUS,24.9,103103,20,,Dominik Hrbaty,R,183,SVK,27.0,6-2 6-4 6-2,5,QF,90,14,2,69,34,30,20,13,3,4,2,0,72,32,20,17,13,2,8,4,3060,27,1136
2005-580,Australian Open,Hard,128,G,20050117,123,103720,3,,Lleyton Hewitt,R,180,AUS,23.8,103900,9,,David Nalbandian,R,180,ARG,23.0,6-3 6-2 1-6 3-6 10-8,5,QF,245,16,6,157,79,58,40,26,6,12,4,4,154,96,68,26,25,10,16,3,3590,9,1945
2005-580,Australian Open,Hard,128,G,20050117,124,104053,2,,Andy Roddick,R,188,USA,22.3,103786,26,,Nikolay Davydenko,R,178,RUS,23.6,6-3 7-5 4-1 RET,5,QF,95,17,2,79,52,41,14,13,4,5,5,3,74,43,28,13,13,4,9,2,3655,26,1170
2005-580,Australian Open,Hard,128,G,20050117,125,103498,4,,Marat Safin,R,193,RUS,24.9,103819,1,,Roger Federer,R,185,SUI,23.4,5-7 6-4 5-7 7-6(6) 9-7,5,SF,268,16,1,207,123,91,44,31,10,14,22,8,188,107,88,41,31,9,13,4,3060,1,6525
2005-580,Australian Open,Hard,128,G,20050117,126,103720,3,,Lleyton Hewitt,R,180,AUS,23.8,104053,2,,Andy Roddick,R,188,USA,22.3,3-6 7-6(3) 7-6(4) 6-1,5,SF,174,14,7,135,84,70,24,20,6,8,31,9,134,75,61,25,20,9,12,3,3590,2,3655
2005-580,Australian Open,Hard,128,G,20050117,127,103498,4,,Marat Safin,R,193,RUS,24.9,103720,3,,Lleyton Hewitt,R,180,AUS,23.8,1-6 6-3 6-4 6-4,5,F,165,18,1,110,66,48,25,18,5,8,7,3,125,61,43,33,18,7,11,4,3060,3,3590
2006-580,Australian Open,Hard,128,G,20060116,1,103819,1,,Roger Federer,R,185,SUI,24.4,104797,,WC,Denis Istomin,R,188,UZB,19.3,6-2 6-3 6-2,5,R128,83,2,0,67,46,38,12,13,2,3,8,3,83,53,31,11,12,5,11,1,6725,195,198
2006-580,Australian Open,Hard,128,G,20060116,2,104252,,,Florian Mayer,R,190,GER,22.2,102703,,,Hyung Taik Lee,R,180,KOR,30.0,6-4 6-1 4-6 6-4,5,R128,138,10,3,107,54,42,23,18,2,7,2,4,113,71,36,22,19,5,14,69,544,112,386
2006-580,Australian Open,Hard,128,G,20060116,3,102106,,,Davide Sanguinetti,R,188,ITA,33.3,103623,,Q,Jacob Adaktusson,R,193,SWE,25.3,7-6(5) 6-3 6-2,5,R128,111,5,1,92,52,40,25,14,3,4,5,3,112,60,39,22,15,7,12,44,779,265,133
2006-580,Australian Open,Hard,128,G,20060116,4,103018,30,,Max Mirnyi,R,196,BLR,28.5,103693,,,Thierry Ascione,R,188,FRA,24.9,6-3 3-6 6-1 6-7(4) 6-0,5,R128,155,11,7,145,107,78,20,22,10,12,4,4,130,99,65,13,21,5,12,34,890,93,440
2006-580,Australian Open,Hard,128,G,20060116,5,103694,24,,Olivier Rochus,R,168,BEL,24.9,103566,,WC,Michael Llodra,L,190,FRA,25.6,6-4 6-2 6-2,5,R128,96,2,0,73,48,34,21,13,3,3,9,2,78,45,30,14,13,2,7,29,1045,141,298
2006-580,Australian Open,Hard,128,G,20060116,6,103429,,WC,Peter Luczak,R,183,AUS,26.3,104371,,,Ivo Minar,R,183,CZE,21.6,7-6(4) 7-6(5) 6-4,5,R128,120,15,2,107,69,54,26,17,2,3,12,0,101,54,44,31,17,2,4,139,304,102,413
2006-580,Australian Open,Hard,128,G,20060116,7,102834,,,Paul Goldstein,R,178,USA,29.4,104925,,,Novak Djokovic,R,188,SRB,18.6,6-2 1-6 6-3 6-2,5,R128,148,2,7,116,72,51,20,16,10,13,6,9,114,71,44,18,16,13,19,68,567,76,502
2006-580,Australian Open,Hard,128,G,20060116,8,103163,,,Tommy Haas,R,188,GER,27.7,104755,14,,Richard Gasquet,R,185,FRA,19.5,6-2 7-5 6-2,5,R128,111,7,1,91,56,44,19,14,10,11,4,4,78,39,25,20,14,4,10,41,825,16,1511
2006-580,Australian Open,Hard,128,G,20060116,9,103103,12,,Dominik Hrbaty,R,183,SVK,28.0,103594,,Q,Oliver Marach,R,185,AUT,25.5,3-6 4-6 6-2 6-1 6-3,5,R128,183,7,8,113,66,46,26,21,3,9,12,9,166,79,53,32,22,13,23,15,1540,125,360
2006-580,Australian Open,Hard,128,G,20060116,10,101868,,,Dick Norman,L,203,BEL,34.8,103530,,Q,Zack Fleishman,R,188,USA,25.8,6-4 7-6(6) 5-7 0-6 6-3,5,R128,211,18,9,179,112,81,22,25,17,25,6,9,161,84,58,41,24,7,13,104,404,236,150
2006-580,Australian Open,Hard,128,G,20060116,11,103171,,,Raemon Sluiter,R,185,NED,27.7,103520,,Q,Pavel Snobel,L,190,CZE,25.8,6-4 2-6 6-2 6-4,5,R128,124,7,5,95,54,42,25,18,1,4,5,7,121,56,36,38,18,8,13,103,407,217,167
2006-580,Australian Open,Hard,128,G,20060116,12,104214,23,,Igor Andreev,R,185,RUS,22.5,104597,,,Nicolas Almagro,R,183,ESP,20.4,7-5 6-4 6-3,5,R128,109,3,1,99,63,47,19,16,3,5,7,2,88,64,38,14,15,7,12,26,1215,111,392
2006-580,Australian Open,Hard,128,G,20060116,13,103516,,WC,Nathan Healey,R,180,AUS,25.8,103835,29,,Filippo Volandri,R,183,ITA,24.3,6-2 6-3 RET,5,R128,68,3,4,42,23,18,13,8,1,2,1,3,72,48,25,8,9,7,12,240,148,32,910
2006-580,Australian Open,Hard,128,G,20060116,14,104025,,WC,Amer Delic,R,196,BIH,23.5,103808,,,Potito Starace,R,188,ITA,24.5,7-5 6-7(3) 6-3 3-6 6-3,5,R128,196,14,8,178,109,77,37,26,9,12,6,5,163,122,79,25,25,10,15,173,224,105,403
2006-580,Australian Open,Hard,128,G,20060116,15,103240,,,Kevin Kim,R,180,USA,27.4,103248,,Q,Harel Levy,R,185,ISR,27.4,6-4 6-4 6-0,5,R128,97,8,6,93,58,42,19,13,7,8,2,4,94,59,34,13,13,3,9,99,416,218,165
2006-580,Australian Open,Hard,128,G,20060116,16,103786,5,,Nikolay Davydenko,R,178,RUS,24.6,103333,,,Ivo Karlovic,R,208,CRO,26.8,7-5 4-6 3-6 7-5 6-3,5,R128,201,5,4,155,126,92,18,26,7,9,31,4,166,107,85,26,26,8,11,5,2355,67,575
2006-580,Australian Open,Hard,128,G,20060116,17,103720,3,,Lleyton Hewitt,R,180,AUS,24.8,103503,,,Robin Vik,R,183,CZE,25.9,6-4 2-6 5-7 7-6(4) 6-3,5,R128,226,11,13,186,107,68,33,25,20,29,8,13,165,104,71,22,26,12,21,6,2330,58,612
2006-580,Australian Open,Hard,128,G,20060116,18,103428,,,Juan Ignacio Chela,R,190,ARG,26.3,104918,,,Andy Murray,R,190,GBR,18.6,6-1 6-3 6-3,5,R128,106,1,1,84,54,38,20,13,3,3,7,1,77,39,25,17,12,3,8,51,695,62,593
2006-580,Australian Open,Hard,128,G,20060116,19,104019,,,Kristof Vliegen,R,193,BEL,23.5,103294,,,Christophe Rochus,R,170,BEL,27.0,6-3 6-1 6-4,5,R128,87,17,3,88,58,46,14,13,4,5,1,2,65,37,20,14,13,2,8,84,481,43,795
2006-580,Australian Open,Hard,128,G,20060116,20,104269,28,,Fernando Verdasco,L,188,ESP,22.1,102202,,,Kenneth Carlsen,L,190,DEN,32.7,7-6(5) 6-4 6-4,5,R128,134,3,6,100,63,53,20,16,6,6,7,5,117,66,50,24,16,13,15,30,925,63,590
2006-580,Australian Open,Hard,128,G,20060116,21,103017,21,,Nicolas Kiefer,R,183,GER,28.5,103387,,,Paradorn Srichaphan,R,185,THA,26.5,6-7(5) 4-6 7-6(5) 6-1 6-2,5,R128,230,11,6,158,74,53,48,25,6,13,6,13,150,72,41,36,24,6,16,25,1215,50,705
2006-580,Australian Open,Hard,128,G,20060116,22,104081,,,Boris Pashanski,R,180,SRB,23.2,101885,,,Wayne Arthurs,L,190,AUS,34.8,6-3 6-4 4-6 7-6(2),5,R128,161,6,0,122,82,61,27,20,4,5,29,9,134,63,50,35,21,6,9,77,502,100,416
2006-580,Australian Open,Hard,128,G,20060116,23,104386,,Q,Janko Tipsarevic,R,180,SRB,21.5,104312,,,Andreas Seppi,R,190,ITA,21.9,1-6 6-4 4-6 6-2 6-4,5,R128,184,9,3,147,78,53,35,23,7,14,9,5,129,62,44,31,22,7,14,137,309,56,672
2006-580,Australian Open,Hard,128,G,20060116,24,103507,15,,Juan Carlos Ferrero,R,183,ESP,25.9,102720,,,Tomas Zib,R,178,CZE,29.9,7-5 6-0 6-2,5,R128,97,8,0,70,40,29,20,13,1,3,3,3,80,50,27,11,13,4,12,17,1500,70,544
2006-580,Australian Open,Hard,128,G,20060116,25,104166,,Q,Alex Bogomolov Jr,R,178,RUS,22.7,103602,9,,Fernando Gonzalez,R,183,CHI,25.4,4-6 7-6(6) 6-3 6-7(3) 7-5,5,R128,245,7,10,217,154,98,25,28,14,22,10,14,178,98,70,36,27,4,13,202,184,12,1655
2006-580,Australian Open,Hard,128,G,20060116,26,103908,,,Paul Henri Mathieu,R,185,FRA,24.0,103096,,,Arnaud Clement,R,173,FRA,28.0,6-3 7-6(4) 6-3,5,R128,152,11,3,106,62,45,23,16,5,7,5,2,89,51,36,15,14,3,7,48,713,64,583
2006-580,Australian Open,Hard,128,G,20060116,27,103451,,,Bjorn Phau,R,175,GER,26.2,104122,,,Carlos Berlocq,R,183,ARG,22.9,6-4 7-6(3) 2-6 7-6(4),5,R128,192,2,5,138,70,44,35,21,8,17,6,6,132,75,45,28,21,4,12,91,454,75,504
2006-580,Australian Open,Hard,128,G,20060116,28,103632,,,Luis Horna,R,180,PER,25.3,104792,22,,Gael Monfils,R,193,FRA,19.3,6-4 7-5 6-1,5,R128,114,1,2,75,63,46,8,14,1,2,6,6,91,46,32,19,15,5,11,81,492,27,1129
2006-580,Australian Open,Hard,128,G,20060116,29,103206,25,,Sebastien Grosjean,R,175,FRA,27.6,102882,,WC,Mark Philippoussis,R,196,AUS,29.1,6-4 6-2 6-3,5,R128,107,6,1,69,31,23,29,13,1,2,3,9,82,48,28,16,14,3,9,28,1080,165,243
2006-580,Australian Open,Hard,128,G,20060116,30,104338,,,Juan Monaco,R,185,ARG,21.8,103444,,,Jean Rene Lisnard,R,173,MON,26.3,4-6 6-2 6-4 6-3,5,R128,154,2,4,114,66,45,27,19,9,13,1,9,123,45,36,31,18,7,14,85,477,109,393
2006-580,Australian Open,Hard,128,G,20060116,31,103487,,LL,Federico Luzzi,R,188,ITA,26.0,102548,,,Juan Antonio Marin,R,175,CRC,30.8,6-1 6-4 7-5,5,R128,115,8,2,83,46,40,17,15,1,3,0,1,81,49,30,17,14,6,12,186,209,108,395
2006-580,Australian Open,Hard,128,G,20060116,32,103909,6,,Guillermo Coria,R,175,ARG,24.0,103812,,,Victor Hanescu,R,198,ROU,24.4,6-4 1-6 4-6 6-2 6-1,5,R128,209,2,17,156,107,61,16,21,14,24,9,7,148,100,54,15,21,16,28,9,2175,38,856
2006-580,Australian Open,Hard,128,G,20060116,33,103292,8,,Gaston Gaudio,R,175,ARG,27.1,103009,,,Razvan Sabau,R,185,ROU,28.5,6-2 5-0 RET,5,R128,56,6,2,42,23,19,10,7,1,2,1,9,45,23,13,6,6,6,11,10,2050,107,397
2006-580,Australian Open,Hard,128,G,20060116,34,102694,,Q,Lars Burgsmuller,R,183,GER,30.1,102783,,,Rainer Schuettler,R,180,GER,29.7,3-6 6-3 7-6(2) 6-3,5,R128,170,3,5,127,73,50,24,20,9,15,2,3,105,60,40,20,19,3,10,143,295,87,463
2006-580,Australian Open,Hard,128,G,20060116,35,102148,,,Fabrice Santoro,R,178,FRA,33.1,102434,,,Vincent Spadea,R,183,USA,31.4,3-6 6-0 6-2 6-3,5,R128,123,1,1,87,50,34,24,16,3,6,0,7,110,59,34,21,16,10,18,65,580,73,515
2006-580,Australian Open,Hard,128,G,20060116,36,102318,,,Andrei Pavel,R,183,ROU,31.9,102845,32,,Carlos Moya,R,190,ESP,29.3,6-4 7-6(5) 4-6 3-6 6-4,5,R128,224,0,3,148,100,70,21,25,2,8,8,4,179,98,69,40,26,16,22,82,485,35,885
2006-580,Australian Open,Hard,128,G,20060116,37,104339,18,,Mario Ancic,R,196,CRO,21.7,102860,,,Agustin Calleri,R,183,ARG,29.3,6-4 4-6 6-3 6-4,5,R128,166,9,4,122,69,54,23,20,6,10,6,7,118,60,41,29,19,13,19,21,1390,52,692
2006-580,Australian Open,Hard,128,G,20060116,38,103401,,,Jan Hernych,R,190,CZE,26.5,102950,,,Fernando Vicente,R,180,ESP,28.8,2-6 6-3 7-6(5) 6-2,5,R128,159,5,4,134,95,67,19,19,7,10,4,5,132,88,58,22,18,9,13,90,455,106,400
2006-580,Australian Open,Hard,128,G,20060116,39,103110,,,Daniele Bracciali,R,180,ITA,28.0,104229,,Q,Yen Hsun Lu,R,180,TPE,22.4,6-1 7-6(4) 6-2,5,R128,,,,,,,,,,,,,,,,,,,,80,498,161,256
2006-580,Australian Open,Hard,128,G,20060116,40,103970,11,,David Ferrer,R,175,ESP,23.7,103722,,,Florent Serra,R,180,FRA,24.8,4-6 6-3 6-1 6-4,5,R128,149,3,4,107,70,43,19,18,4,10,2,4,155,97,62,14,18,10,20,14,1635,37,863
2006-580,Australian Open,Hard,128,G,20060116,41,103990,16,,Tommy Robredo,R,180,ESP,23.7,103181,,,Jiri Vanek,R,185,CZE,27.7,6-4 7-6(6) 6-3,5,R128,125,10,4,104,75,55,16,16,4,5,8,10,111,73,52,14,15,8,11,19,1490,97,425
2006-580,Australian Open,Hard,128,G,20060116,42,104098,,,Dmitry Tursunov,R,185,RUS,23.0,102450,,,Tim Henman,R,185,GBR,31.3,5-7 6-3 6-4 7-5,5,R128,194,7,8,149,84,61,26,21,10,16,5,5,144,93,56,22,22,9,18,53,690,36,870
2006-580,Australian Open,Hard,128,G,20060116,43,103726,,Q,Jean Christophe Faurel,R,175,FRA,24.8,102565,,,Alexander Waske,R,188,GER,30.7,7-6(5) 6-3 7-6(2),5,R128,153,7,4,102,73,56,15,16,0,1,17,5,120,81,57,14,17,4,7,203,183,122,368
2006-580,Australian Open,Hard,128,G,20060116,44,103484,20,,James Blake,R,185,USA,26.0,104076,,,Jose Acasuso,R,190,ARG,23.2,6-2 6-3 4-6 7-6(4),5,R128,155,11,2,133,73,51,32,20,9,13,11,3,124,66,42,31,19,11,17,22,1390,45,768
2006-580,Australian Open,Hard,128,G,20060116,45,103813,26,,Jarkko Nieminen,L,185,FIN,24.4,104115,,WC,Marc Kimmich,R,183,AUS,22.9,6-2 6-3 6-1,5,R128,88,2,2,77,56,41,10,12,1,2,4,4,67,31,18,15,12,1,8,24,1230,313,103
2006-580,Australian Open,Hard,128,G,20060116,46,104499,,,Jimmy Wang,R,178,TPE,20.9,103151,,,Mariano Zabaleta,R,183,ARG,27.8,6-2 7-5 4-1 RET,5,R128,124,4,2,75,46,33,19,13,5,7,3,8,92,47,28,19,12,11,17,98,423,83,481
2006-580,Australian Open,Hard,128,G,20060116,47,104527,,,Stan Wawrinka,R,183,SUI,20.8,103656,,,Albert Montanes,R,175,ESP,25.1,4-6 6-2 6-3 6-0,5,R128,108,10,6,101,54,46,24,17,1,2,6,4,91,55,35,20,16,2,8,46,735,72,536
2006-580,Australian Open,Hard,128,G,20060116,48,103900,4,,David Nalbandian,R,180,ARG,24.0,103821,,Q,Danai Udomchoke,R,173,THA,24.4,6-2 6-2 1-6 6-7(4) 6-1,5,R128,211,5,6,171,106,70,31,20,13,17,10,11,144,81,52,28,22,6,15,4,2370,121,370
2006-580,Australian Open,Hard,128,G,20060116,49,103344,7,,Ivan Ljubicic,R,193,CRO,26.8,104589,,WC,Chris Guccione,L,201,AUS,20.4,7-6(5) 6-4 7-6(3),5,R128,126,13,1,102,64,54,25,17,2,3,23,5,118,72,59,21,17,8,10,8,2180,148,283
2006-580,Australian Open,Hard,128,G,20060116,50,104259,,,Philipp Kohlschreiber,R,178,GER,22.2,104160,,,Lukas Dlouhy,R,185,CZE,22.7,7-5 6-2 6-4,5,R128,106,12,1,81,44,37,22,15,5,7,8,2,93,51,29,21,15,10,16,79,500,96,428
2006-580,Australian Open,Hard,128,G,20060116,51,104180,,,Gilles Muller,L,193,LUX,22.6,103672,,,Ricardo Mello,L,175,BRA,25.0,5-7 6-2 6-7(4) 7-6(4) 6-0,5,R128,196,24,3,169,105,82,33,25,5,7,4,11,161,106,74,24,25,9,15,71,538,131,323
2006-580,Australian Open,Hard,128,G,20060116,52,103852,31,,Feliciano Lopez,L,188,ESP,24.3,102494,,,Tomas Behrend,R,193,GER,31.0,6-2 7-5 6-3,5,R128,115,13,1,85,46,38,25,14,2,2,4,5,114,67,43,22,15,14,19,33,900,88,461
2006-580,Australian Open,Hard,128,G,20060116,53,104607,19,,Tomas Berdych,R,196,CZE,20.3,104035,,,Bobby Reynolds,R,183,USA,23.5,7-5 6-3 6-7(2) 6-1,5,R128,173,24,7,143,76,61,30,21,8,10,10,10,128,73,49,23,19,3,9,23,1250,92,442
2006-580,Australian Open,Hard,128,G,20060116,54,104468,,Q,Gilles Simon,R,183,FRA,21.0,103454,,,Nicolas Massu,R,183,CHI,26.2,7-6(6) 6-2 3-6 4-6 6-3,5,R128,253,8,3,169,89,60,40,24,10,17,7,4,183,108,68,35,24,13,21,123,365,61,600
2006-580,Australian Open,Hard,128,G,20060116,55,103598,,,Xavier Malisse,R,185,BEL,25.4,104022,,,Mikhail Youzhny,R,183,RUS,23.5,7-5 5-7 6-4 6-2,5,R128,169,7,2,125,61,46,32,21,7,13,3,9,127,63,40,28,21,10,19,39,836,42,795
2006-580,Australian Open,Hard,128,G,20060116,56,102563,10,,Thomas Johansson,R,180,SWE,30.8,102642,,,Cyril Saulnier,R,190,FRA,30.4,6-1 7-6(3) 6-4,5,R128,139,13,3,95,51,42,26,15,7,8,10,5,111,56,36,27,14,9,13,13,1645,89,460
2006-580,Australian Open,Hard,128,G,20060116,57,104068,13,,Robby Ginepri,R,183,USA,23.2,103781,,,Jurgen Melzer,L,183,AUT,24.6,6-1 6-4 6-2,5,R128,79,1,4,73,37,29,18,13,1,4,3,1,67,35,16,13,12,6,14,18,1495,55,675
2006-580,Australian Open,Hard,128,G,20060116,58,103823,,Q,Denis Gremelmayr,L,183,GER,24.4,102035,,,Jonas Bjorkman,R,183,SWE,33.8,3-6 6-2 6-0 6-1,5,R128,125,8,2,93,51,38,23,15,3,5,4,6,98,52,28,18,15,3,11,177,218,66,578
2006-580,Australian Open,Hard,128,G,20060116,59,104571,,,Marcos Baghdatis,R,183,CYP,20.5,102925,,,Justin Gimelstob,R,196,USA,28.9,7-6(6) 7-5 6-0,5,R128,139,4,4,83,38,33,25,15,2,4,8,4,112,60,36,24,15,9,15,54,684,115,383
2006-580,Australian Open,Hard,128,G,20060116,60,103285,17,,Radek Stepanek,R,185,CZE,27.1,103104,,Q,Bjorn Rehnquist,R,175,SWE,28.0,6-1 6-2 6-2,5,R128,88,1,1,71,41,29,22,12,3,3,3,2,54,32,16,10,11,1,7,20,1440,368,83
2006-580,Australian Open,Hard,128,G,20060116,61,104198,,,Guillermo Garcia Lopez,R,188,ESP,22.6,103758,27,,Taylor Dent,R,188,USA,24.7,7-6(4) 6-3 7-6(4),5,R128,136,9,4,105,67,53,18,17,5,8,13,7,97,50,40,20,16,2,6,110,393,31,920
2006-580,Australian Open,Hard,128,G,20060116,62,103898,,Q,Julien Benneteau,R,185,FRA,24.0,103228,,,Marcos Daniel,R,180,BRA,27.5,6-2 6-1 3-0 RET,5,R128,71,4,1,50,35,26,12,9,3,3,2,3,60,43,21,5,9,4,10,162,255,95,429
2006-580,Australian Open,Hard,128,G,20060116,63,103325,,,Wesley Moodie,R,196,RSA,26.9,103169,,,Oscar Hernandez,R,180,ESP,27.7,3-6 7-6(5) 6-4 6-2,5,R128,180,21,9,133,84,65,27,19,9,10,6,1,135,87,61,27,20,9,12,60,603,113,385
2006-580,Australian Open,Hard,128,G,20060116,64,104053,2,,Andy Roddick,R,188,USA,23.3,103967,,Q,Michael Lammer,R,185,SUI,23.8,6-4 6-2 6-2,5,R128,104,7,2,79,46,39,15,13,2,3,2,2,74,43,26,11,13,3,9,3,3085,220,163
2006-580,Australian Open,Hard,128,G,20060116,65,103819,1,,Roger Federer,R,185,SUI,24.4,104252,,,Florian Mayer,R,190,GER,22.2,6-1 6-4 6-0,5,R64,72,9,1,74,45,34,18,12,1,1,2,5,69,44,23,11,11,4,10,1,6725,69,544
2006-580,Australian Open,Hard,128,G,20060116,66,103018,30,,Max Mirnyi,R,196,BLR,28.5,102106,,,Davide Sanguinetti,R,188,ITA,33.3,7-5 6-3 4-6 7-6(8),5,R64,190,7,4,145,96,68,31,22,10,14,6,5,147,86,58,36,21,10,15,34,890,44,779
2006-580,Australian Open,Hard,128,G,20060116,67,103429,,WC,Peter Luczak,R,183,AUS,26.3,103694,24,,Olivier Rochus,R,168,BEL,24.9,6-7(4) 6-4 6-1 6-7(1) 6-1,5,R64,187,22,3,147,101,76,23,25,3,6,9,12,143,84,61,26,23,8,16,139,304,29,1045
2006-580,Australian Open,Hard,128,G,20060116,68,103163,,,Tommy Haas,R,188,GER,27.7,102834,,,Paul Goldstein,R,178,USA,29.4,6-0 6-1 6-2,5,R64,76,2,0,57,31,29,17,11,2,2,3,3,63,38,25,5,10,2,9,41,825,68,567
2006-580,Australian Open,Hard,128,G,20060116,69,103103,12,,Dominik Hrbaty,R,183,SVK,28.0,101868,,,Dick Norman,L,203,BEL,34.8,6-2 7-5 5-7 4-6 10-8,5,R64,231,11,12,162,96,77,32,30,5,11,20,17,221,127,85,42,30,23,31,15,1540,104,404
2006-580,Australian Open,Hard,128,G,20060116,70,104214,23,,Igor Andreev,R,185,RUS,22.5,103171,,,Raemon Sluiter,R,185,NED,27.7,3-6 6-3 7-6(4) 2-6 6-2,5,R64,180,9,4,146,100,70,24,23,6,11,11,3,139,80,54,34,23,4,9,26,1215,103,407
2006-580,Australian Open,Hard,128,G,20060116,71,103516,,WC,Nathan Healey,R,180,AUS,25.8,104025,,WC,Amer Delic,R,196,BIH,23.5,6-4 6-7(4) 6-3 6-4,5,R64,166,10,6,143,86,64,36,21,10,10,13,6,112,62,51,27,20,4,7,240,148,173,224
2006-580,Australian Open,Hard,128,G,20060116,72,103786,5,,Nikolay Davydenko,R,178,RUS,24.6,103240,,,Kevin Kim,R,180,USA,27.4,4-6 6-0 6-3 6-2,5,R64,134,3,2,102,81,54,14,17,2,5,0,9,99,58,37,15,16,6,14,5,2355,99,416
2006-580,Australian Open,Hard,128,G,20060116,73,103428,,,Juan Ignacio Chela,R,190,ARG,26.3,103720,3,,Lleyton Hewitt,R,180,AUS,24.8,6-4 6-4 6-7(8) 6-2,5,R64,203,6,0,129,82,52,30,20,9,13,8,3,146,81,53,28,20,13,21,51,695,6,2330
2006-580,Australian Open,Hard,128,G,20060116,74,104019,,,Kristof Vliegen,R,193,BEL,23.5,104269,28,,Fernando Verdasco,L,188,ESP,22.1,3-6 6-2 7-6(4) 7-5,5,R64,193,10,2,138,92,63,19,20,8,13,9,20,163,97,65,28,21,15,22,84,481,30,925
2006-580,Australian Open,Hard,128,G,20060116,75,103017,21,,Nicolas Kiefer,R,183,GER,28.5,104081,,,Boris Pashanski,R,180,SRB,23.2,4-6 6-1 6-4 6-1,5,R64,152,15,4,103,53,42,24,17,5,9,4,6,117,64,37,21,17,7,16,25,1215,77,502
2006-580,Australian Open,Hard,128,G,20060116,76,103507,15,,Juan Carlos Ferrero,R,183,ESP,25.9,104386,,Q,Janko Tipsarevic,R,180,SRB,21.5,6-3 3-6 5-7 6-3 6-2,5,R64,218,14,2,129,80,59,26,24,0,5,16,3,163,81,54,38,23,13,20,17,1500,137,309
2006-580,Australian Open,Hard,128,G,20060116,77,103908,,,Paul Henri Mathieu,R,185,FRA,24.0,104166,,Q,Alex Bogomolov Jr,R,178,RUS,22.7,6-0 7-6(5) 6-2,5,R64,145,13,3,81,40,35,22,13,0,2,1,7,117,75,43,15,13,12,19,48,713,202,184
2006-580,Australian Open,Hard,128,G,20060116,78,103632,,,Luis Horna,R,180,PER,25.3,103451,,,Bjorn Phau,R,175,GER,26.2,6-3 6-2 6-1,5,R64,78,8,2,65,46,38,9,12,1,2,2,6,63,33,18,10,12,3,10,81,492,91,454
2006-580,Australian Open,Hard,128,G,20060116,79,103206,25,,Sebastien Grosjean,R,175,FRA,27.6,104338,,,Juan Monaco,R,185,ARG,21.8,6-4 6-3 6-3,5,R64,122,3,1,85,38,33,23,14,4,6,2,4,74,45,22,18,14,1,7,28,1080,85,477
2006-580,Australian Open,Hard,128,G,20060116,80,103909,6,,Guillermo Coria,R,175,ARG,24.0,103487,,LL,Federico Luzzi,R,188,ITA,26.0,7-6(10) 6-4 6-3,5,R64,172,1,9,119,93,63,12,16,7,10,5,6,127,71,46,24,15,13,18,9,2175,186,209
2006-580,Australian Open,Hard,128,G,20060116,81,103292,8,,Gaston Gaudio,R,175,ARG,27.1,102694,,Q,Lars Burgsmuller,R,183,GER,30.1,6-3 6-2 6-3,5,R64,118,1,1,76,42,32,21,13,4,5,3,4,82,41,29,13,13,5,11,10,2050,143,295
2006-580,Australian Open,Hard,128,G,20060116,82,102148,,,Fabrice Santoro,R,178,FRA,33.1,102318,,,Andrei Pavel,R,183,ROU,31.9,6-4 6-1 6-4,5,R64,129,8,2,100,59,41,18,14,10,13,4,3,83,54,30,10,13,4,11,65,580,82,485
2006-580,Australian Open,Hard,128,G,20060116,83,104339,18,,Mario Ancic,R,196,CRO,21.7,103401,,,Jan Hernych,R,190,CZE,26.5,6-1 6-4 6-4,5,R64,107,10,2,70,44,40,16,14,0,0,1,1,86,56,34,18,13,11,15,21,1390,90,455
2006-580,Australian Open,Hard,128,G,20060116,84,103970,11,,David Ferrer,R,175,ESP,23.7,103110,,,Daniele Bracciali,R,180,ITA,28.0,6-4 6-4 6-7(5) 6-2,5,R64,169,5,2,140,93,60,22,20,7,12,6,11,123,63,33,27,20,4,13,14,1635,80,498
2006-580,Australian Open,Hard,128,G,20060116,85,103990,16,,Tommy Robredo,R,180,ESP,23.7,104098,,,Dmitry Tursunov,R,185,RUS,23.0,7-6(4) 3-6 7-6(5) 6-3,5,R64,183,5,2,140,102,70,24,20,6,9,8,5,154,83,65,29,22,2,6,19,1490,53,690
2006-580,Australian Open,Hard,128,G,20060116,86,103484,20,,James Blake,R,185,USA,26.0,103726,,Q,Jean Christophe Faurel,R,175,FRA,24.8,2-6 6-1 6-4 6-3,5,R64,129,5,3,97,53,41,21,17,4,8,9,6,122,74,47,18,17,8,15,22,1390,203,183
2006-580,Australian Open,Hard,128,G,20060116,87,103813,26,,Jarkko Nieminen,L,185,FIN,24.4,104499,,,Jimmy Wang,R,178,TPE,20.9,6-2 7-6(3) 6-2,5,R64,113,4,2,93,58,42,23,14,8,10,4,2,86,43,27,17,14,3,9,24,1230,98,423
2006-580,Australian Open,Hard,128,G,20060116,88,103900,4,,David Nalbandian,R,180,ARG,24.0,104527,,,Stan Wawrinka,R,183,SUI,20.8,6-4 3-6 6-4 6-2,5,R64,180,2,3,125,83,55,28,18,11,12,10,4,134,74,48,33,19,8,12,4,2370,46,735
2006-580,Australian Open,Hard,128,G,20060116,89,103344,7,,Ivan Ljubicic,R,193,CRO,26.8,104259,,,Philipp Kohlschreiber,R,178,GER,22.2,7-5 6-2 6-1,5,R64,140,3,4,96,50,35,26,14,3,5,3,5,93,43,25,22,13,9,16,8,2180,79,500
2006-580,Australian Open,Hard,128,G,20060116,90,103852,31,,Feliciano Lopez,L,188,ESP,24.3,104180,,,Gilles Muller,L,193,LUX,22.6,6-2 6-4 6-7(6) 6-4,5,R64,155,17,5,122,74,59,23,20,1,3,10,4,141,92,61,24,20,10,16,33,900,71,538
2006-580,Australian Open,Hard,128,G,20060116,91,104468,,Q,Gilles Simon,R,183,FRA,21.0,104607,19,,Tomas Berdych,R,196,CZE,20.3,6-3 6-2 4-6 6-2,5,R64,150,6,3,129,63,46,34,18,11,14,3,9,112,52,34,23,17,2,9,123,365,23,1250
2006-580,Australian Open,Hard,128,G,20060116,92,102563,10,,Thomas Johansson,R,180,SWE,30.8,103598,,,Xavier Malisse,R,185,BEL,25.4,6-3 3-6 7-5 4-6 6-3,5,R64,220,12,4,154,81,61,39,25,6,10,16,3,147,69,52,42,24,6,11,13,1645,39,836
2006-580,Australian Open,Hard,128,G,20060116,93,103823,,Q,Denis Gremelmayr,L,183,GER,24.4,104068,13,,Robby Ginepri,R,183,USA,23.2,2-6 5-7 6-4 6-3 6-3,5,R64,183,8,10,181,91,61,41,24,14,21,7,3,150,99,66,23,24,4,12,177,218,18,1495
2006-580,Australian Open,Hard,128,G,20060116,94,104571,,,Marcos Baghdatis,R,183,CYP,20.5,103285,17,,Radek Stepanek,R,185,CZE,27.1,6-4 6-3 3-6 0-6 7-5,5,R64,190,6,6,128,65,47,36,23,5,11,11,4,150,85,57,35,23,7,12,54,684,20,1440
2006-580,Australian Open,Hard,128,G,20060116,95,103898,,Q,Julien Benneteau,R,185,FRA,24.0,104198,,,Guillermo Garcia Lopez,R,188,ESP,22.6,6-4 7-6(3) 6-1,5,R64,131,8,4,97,73,57,12,15,2,2,4,6,99,54,38,22,14,9,12,162,255,110,393
2006-580,Australian Open,Hard,128,G,20060116,96,104053,2,,Andy Roddick,R,188,USA,23.3,103325,,,Wesley Moodie,R,196,RSA,26.9,7-5 6-3 6-2,5,R64,108,11,1,78,48,41,20,15,1,1,11,2,85,61,38,16,14,5,9,3,3085,60,603
2006-580,Australian Open,Hard,128,G,20060116,97,103819,1,,Roger Federer,R,185,SUI,24.4,103018,30,,Max Mirnyi,R,196,BLR,28.5,6-3 6-4 6-3,5,R32,109,6,2,70,47,37,20,14,1,1,5,6,108,72,50,11,14,11,15,1,6725,34,890
2006-580,Australian Open,Hard,128,G,20060116,98,103163,,,Tommy Haas,R,188,GER,27.7,103429,,WC,Peter Luczak,R,183,AUS,26.3,4-6 6-3 6-4 6-4,5,R32,157,18,1,113,68,55,28,20,0,1,21,2,115,69,50,25,19,3,6,41,825,139,304
2006-580,Australian Open,Hard,128,G,20060116,99,103103,12,,Dominik Hrbaty,R,183,SVK,28.0,104214,23,,Igor Andreev,R,185,RUS,22.5,1-6 6-4 6-3 2-6 6-4,5,R32,211,12,5,156,87,53,39,22,8,14,12,6,164,95,63,33,22,16,21,15,1540,26,1215
2006-580,Australian Open,Hard,128,G,20060116,100,103786,5,,Nikolay Davydenko,R,178,RUS,24.6,103516,,WC,Nathan Healey,R,180,AUS,25.8,6-2 5-7 6-4 7-5,5,R32,179,4,2,114,86,64,20,21,4,6,17,6,146,90,63,23,21,13,18,5,2355,240,148
2006-580,Australian Open,Hard,128,G,20060116,101,103428,,,Juan Ignacio Chela,R,190,ARG,26.3,104019,,,Kristof Vliegen,R,193,BEL,23.5,6-1 6-4 6-4,5,R32,124,4,3,95,52,41,25,14,8,8,5,5,82,53,36,11,13,7,11,51,695,84,481
2006-580,Australian Open,Hard,128,G,20060116,102,103017,21,,Nicolas Kiefer,R,183,GER,28.5,103507,15,,Juan Carlos Ferrero,R,183,ESP,25.9,6-3 6-2 5-7 6-2,5,R32,177,13,4,103,53,46,28,19,2,3,5,2,126,81,49,26,18,9,14,25,1215,17,1500
2006-580,Australian Open,Hard,128,G,20060116,103,103908,,,Paul Henri Mathieu,R,185,FRA,24.0,103632,,,Luis Horna,R,180,PER,25.3,7-6(2) 7-6(7) 6-1,5,R32,159,,,,,,,,,,,,,,,,,,,48,713,81,492
2006-580,Australian Open,Hard,128,G,20060116,104,103206,25,,Sebastien Grosjean,R,175,FRA,27.6,103909,6,,Guillermo Coria,R,175,ARG,24.0,6-2 6-2 3-6 6-4,5,R32,172,7,8,108,55,40,21,18,5,11,0,23,129,82,50,12,17,17,26,28,1080,9,2175
2006-580,Australian Open,Hard,128,G,20060116,105,102148,,,Fabrice Santoro,R,178,FRA,33.1,103292,8,,Gaston Gaudio,R,175,ARG,27.1,6-3 6-2 5-7 1-6 6-4,5,R32,227,9,5,172,95,64,33,23,18,25,1,3,136,81,51,26,23,5,13,65,580,10,2050
2006-580,Australian Open,Hard,128,G,20060116,106,103970,11,,David Ferrer,R,175,ESP,23.7,104339,18,,Mario Ancic,R,196,CRO,21.7,6-3 6-3 6-3,5,R32,113,0,2,84,60,39,14,14,2,4,3,5,86,57,31,14,13,7,13,14,1635,21,1390
2006-580,Australian Open,Hard,128,G,20060116,107,103990,16,,Tommy Robredo,R,180,ESP,23.7,103484,20,,James Blake,R,185,USA,26.0,6-3 6-4 6-4,5,R32,115,9,6,86,49,38,24,15,4,5,6,8,96,50,35,20,14,9,13,19,1490,22,1390
2006-580,Australian Open,Hard,128,G,20060116,108,103900,4,,David Nalbandian,R,180,ARG,24.0,103813,26,,Jarkko Nieminen,L,185,FIN,24.4,2-6 6-3 6-2 7-5,5,R32,174,6,3,136,88,55,28,19,11,16,3,1,126,86,50,18,18,12,19,4,2370,24,1230
2006-580,Australian Open,Hard,128,G,20060116,109,103344,7,,Ivan Ljubicic,R,193,CRO,26.8,103852,31,,Feliciano Lopez,L,188,ESP,24.3,7-5 7-6(5) 6-0,5,R32,146,10,4,99,54,45,24,15,4,5,12,8,114,64,45,19,15,12,17,8,2180,33,900
2006-580,Australian Open,Hard,128,G,20060116,110,102563,10,,Thomas Johansson,R,180,SWE,30.8,104468,,Q,Gilles Simon,R,183,FRA,21.0,6-3 6-2 6-1,5,R32,91,9,1,71,41,35,16,12,4,4,4,2,83,37,26,19,12,9,15,13,1645,123,365
2006-580,Australian Open,Hard,128,G,20060116,111,104571,,,Marcos Baghdatis,R,183,CYP,20.5,103823,,Q,Denis Gremelmayr,L,183,GER,24.4,6-2 6-1 6-2,5,R32,80,5,3,66,36,24,18,12,1,3,0,4,68,42,19,9,11,3,11,54,684,177,218
2006-580,Australian Open,Hard,128,G,20060116,112,104053,2,,Andy Roddick,R,188,USA,23.3,103898,,Q,Julien Benneteau,R,185,FRA,24.0,6-1 6-2 6-2,5,R32,82,17,1,62,37,32,16,12,0,0,5,3,59,35,17,9,11,1,7,3,3085,162,255
2006-580,Australian Open,Hard,128,G,20060116,113,103819,1,,Roger Federer,R,185,SUI,24.4,103163,,,Tommy Haas,R,188,GER,27.7,6-4 6-0 3-6 4-6 6-2,5,R16,178,10,1,132,77,60,29,21,7,9,5,0,138,89,56,28,22,5,11,1,6725,41,825
2006-580,Australian Open,Hard,128,G,20060116,114,103786,5,,Nikolay Davydenko,R,178,RUS,24.6,103103,12,,Dominik Hrbaty,R,183,SVK,28.0,4-6 4-6 6-4 6-2 6-3,5,R16,210,6,3,160,110,65,31,24,8,14,7,6,149,75,54,30,23,4,12,5,2355,15,1540
2006-580,Australian Open,Hard,128,G,20060116,115,103017,21,,Nicolas Kiefer,R,183,GER,28.5,103428,,,Juan Ignacio Chela,R,190,ARG,26.3,7-6(4) 6-3 6-3,5,R16,142,5,3,94,43,36,26,15,7,9,2,0,94,54,34,21,15,2,7,25,1215,51,695
2006-580,Australian Open,Hard,128,G,20060116,116,103206,25,,Sebastien Grosjean,R,175,FRA,27.6,103908,,,Paul Henri Mathieu,R,185,FRA,24.0,7-5 6-2 6-2,5,R16,127,12,3,72,31,29,19,14,1,4,3,4,89,44,23,21,14,6,14,28,1080,48,713
2006-580,Australian Open,Hard,128,G,20060116,117,102148,,,Fabrice Santoro,R,178,FRA,33.1,103970,11,,David Ferrer,R,175,ESP,23.7,6-4 7-5 7-5,5,R16,133,6,0,94,56,35,18,17,7,14,0,2,106,77,41,10,17,8,18,65,580,14,1635
2006-580,Australian Open,Hard,128,G,20060116,118,103900,4,,David Nalbandian,R,180,ARG,24.0,103990,16,,Tommy Robredo,R,180,ESP,23.7,6-3 6-0 2-6 6-2,5,R16,127,3,2,84,55,40,19,15,0,2,9,6,119,81,50,12,16,15,22,4,2370,19,1490
2006-580,Australian Open,Hard,128,G,20060116,119,103344,7,,Ivan Ljubicic,R,193,CRO,26.8,102563,10,,Thomas Johansson,R,180,SWE,30.8,6-2 6-4 6-4,5,R16,115,12,1,81,43,33,27,14,1,1,12,7,91,42,34,20,14,3,7,8,2180,13,1645
2006-580,Australian Open,Hard,128,G,20060116,120,104571,,,Marcos Baghdatis,R,183,CYP,20.5,104053,2,,Andy Roddick,R,188,USA,23.3,6-4 1-6 6-3 6-4,5,R16,152,16,1,125,60,43,37,18,7,9,15,4,108,65,48,24,18,7,10,54,684,3,3085
2006-580,Australian Open,Hard,128,G,20060116,121,103819,1,,Roger Federer,R,185,SUI,24.4,103786,5,,Nikolay Davydenko,R,178,RUS,24.6,6-4 3-6 7-6(7) 7-6(5),5,QF,193,6,0,139,86,64,28,22,5,10,1,2,144,111,78,14,21,6,10,1,6725,5,2355
2006-580,Australian Open,Hard,128,G,20060116,122,103017,21,,Nicolas Kiefer,R,183,GER,28.5,103206,25,,Sebastien Grosjean,R,175,FRA,27.6,6-3 0-6 6-4 6-7(1) 8-6,5,QF,288,4,9,164,74,46,46,26,4,13,12,2,165,84,54,43,25,7,16,25,1215,28,1080
2006-580,Australian Open,Hard,128,G,20060116,123,103900,4,,David Nalbandian,R,180,ARG,24.0,102148,,,Fabrice Santoro,R,178,FRA,33.1,7-5 6-0 6-0,5,QF,101,2,0,64,39,29,18,12,2,3,4,1,76,46,27,6,12,7,15,4,2370,65,580
2006-580,Australian Open,Hard,128,G,20060116,124,104571,,,Marcos Baghdatis,R,183,CYP,20.5,103344,7,,Ivan Ljubicic,R,193,CRO,26.8,6-4 6-2 4-6 3-6 6-3,5,QF,197,8,4,131,69,55,37,23,7,9,14,3,154,98,70,30,23,11,15,54,684,8,2180
2006-580,Australian Open,Hard,128,G,20060116,125,103819,1,,Roger Federer,R,185,SUI,24.4,103017,21,,Nicolas Kiefer,R,183,GER,28.5,6-3 5-7 6-0 6-2,5,SF,160,7,5,106,70,50,24,18,3,4,14,7,122,62,44,23,17,13,19,1,6725,25,1215
2006-580,Australian Open,Hard,128,G,20060116,126,104571,,,Marcos Baghdatis,R,183,CYP,20.5,103900,4,,David Nalbandian,R,180,ARG,24.0,3-6 5-7 6-3 6-4 6-4,5,SF,207,15,2,154,86,60,34,25,10,17,5,1,141,95,60,23,25,5,13,54,684,4,2370
2006-580,Australian Open,Hard,128,G,20060116,127,103819,1,,Roger Federer,R,185,SUI,24.4,104571,,,Marcos Baghdatis,R,183,CYP,20.5,5-7 7-5 6-0 6-2,5,F,166,11,6,144,77,55,34,19,7,10,6,2,114,55,39,22,19,4,12,1,6725,54,684
2007-580,Australian Open,Hard,128,G,20070115,1,103819,1,,Roger Federer,R,185,SUI,25.4,103451,,,Bjorn Phau,R,175,GER,27.2,7-5 6-0 6-4,5,R128,107,7,1,79,56,39,12,14,2,6,3,3,107,52,28,19,14,10,19,1,8120,82,483
2007-580,Australian Open,Hard,128,G,20070115,2,102035,,,Jonas Bjorkman,R,183,SWE,34.8,103535,,,Olivier Patience,R,180,FRA,26.8,5-7 4-6 6-0 6-1 6-2,5,R128,165,3,5,124,78,58,24,22,5,9,4,6,136,107,61,10,21,11,20,50,743,115,379
2007-580,Australian Open,Hard,128,G,20070115,3,104229,,,Yen Hsun Lu,R,180,TPE,23.4,103752,,,Simon Greul,R,185,GER,25.7,6-3 6-4 6-3,5,R128,120,5,6,87,54,41,15,14,2,4,1,3,79,46,27,16,14,5,11,91,449,80,486
2007-580,Australian Open,Hard,128,G,20070115,4,104022,25,,Mikhail Youzhny,R,183,RUS,24.5,103401,,,Jan Hernych,R,190,CZE,27.5,7-6(6) 6-2 6-0,5,R128,118,4,2,79,42,31,20,13,3,5,3,2,103,64,37,11,13,8,15,25,1075,75,511
2007-580,Australian Open,Hard,128,G,20070115,5,103507,24,,Juan Carlos Ferrero,R,183,ESP,26.9,104225,,,Jan Hajek,R,180,CZE,23.4,3-0 RET,5,R128,6,4,1,10,7,7,1,2,0,0,1,0,5,2,1,0,1,1,2,24,1080,77,509
2007-580,Australian Open,Hard,128,G,20070115,6,103821,,,Danai Udomchoke,R,173,THA,25.4,103506,,,Martin Vassallo Arguello,R,183,ARG,26.9,6-3 6-3 6-2,5,R128,126,3,8,85,51,38,13,13,4,7,7,4,103,65,38,12,13,8,16,102,417,85,470
2007-580,Australian Open,Hard,128,G,20070115,7,103852,,,Feliciano Lopez,L,188,ESP,25.3,104001,,Q,Brian Wilson,R,190,USA,24.6,7-6(8) 4-6 6-2 7-6(3),5,R128,177,19,2,133,85,71,27,22,2,3,13,3,159,104,76,26,21,9,10,79,486,279,140
2007-580,Australian Open,Hard,128,G,20070115,8,104925,14,,Novak Djokovic,R,188,SRB,19.6,103454,,,Nicolas Massu,R,183,CHI,27.2,6-1 6-1 6-0,5,R128,81,5,1,59,40,33,11,10,3,3,1,4,69,37,17,12,10,7,15,15,1530,43,825
2007-580,Australian Open,Hard,128,G,20070115,9,104571,11,,Marcos Baghdatis,R,183,CYP,21.5,102783,,,Rainer Schuettler,R,180,GER,30.7,6-4 2-6 6-3 6-2,5,R128,144,11,7,101,43,36,27,17,2,6,2,6,111,59,40,22,18,3,10,11,1880,100,425
2007-580,Australian Open,Hard,128,G,20070115,10,104792,,,Gael Monfils,R,193,FRA,20.3,103110,,,Daniele Bracciali,R,180,ITA,29.0,7-6(2) 6-7(9) 6-4 7-6(5),5,R128,208,25,1,142,76,65,45,23,6,8,11,1,179,105,73,42,23,7,10,59,645,66,560
2007-580,Australian Open,Hard,128,G,20070115,11,104025,,,Amer Delic,R,196,BIH,24.5,104468,,,Gilles Simon,R,183,FRA,22.0,6-3 6-0 6-2,5,R128,84,7,1,63,31,26,17,11,2,3,1,6,76,39,20,15,12,2,10,95,438,48,751
2007-580,Australian Open,Hard,128,G,20070115,12,104755,18,,Richard Gasquet,R,185,FRA,20.5,103835,,,Filippo Volandri,R,183,ITA,25.3,6-4 6-4 6-2,5,R128,116,4,3,84,54,35,13,14,3,7,3,3,100,59,32,17,14,8,16,17,1435,45,809
2007-580,Australian Open,Hard,128,G,20070115,13,105023,,WC,Sam Querrey,R,198,USA,19.2,104076,27,,Jose Acasuso,R,190,ARG,24.2,6-7(2) 6-4 6-1 6-3,5,R128,148,20,5,123,70,59,24,19,9,10,13,3,120,62,42,31,19,7,13,129,354,28,995
2007-580,Australian Open,Hard,128,G,20070115,14,103722,,,Florent Serra,R,180,FRA,25.8,103534,,,Nicolas Devilder,L,173,FRA,26.8,7-5 6-2 6-4,5,R128,131,4,1,93,48,33,29,15,3,4,7,2,113,59,36,28,15,10,15,76,510,97,433
2007-580,Australian Open,Hard,128,G,20070115,15,103781,,,Jurgen Melzer,L,183,AUT,25.6,103333,,,Ivo Karlovic,R,208,CRO,27.8,6-4 6-4 7-6(6),5,R128,122,1,4,116,77,61,22,16,4,4,27,3,83,50,47,19,16,1,3,32,925,94,441
2007-580,Australian Open,Hard,128,G,20070115,16,103990,7,,Tommy Robredo,R,180,ESP,24.7,103105,,,Ruben Ramirez Hidalgo,R,183,ESP,29.0,6-4 6-4 6-0,5,R128,104,10,2,66,44,37,12,13,0,1,4,8,76,38,24,15,13,1,7,6,2455,55,710
2007-580,Australian Open,Hard,128,G,20070115,17,103888,,,Mardy Fish,R,188,USA,25.1,103344,4,,Ivan Ljubicic,R,193,CRO,27.8,4-6 7-6(2) 6-4 6-4,5,R128,173,14,1,143,70,56,43,21,6,7,28,2,124,71,60,25,21,2,4,42,841,4,2570
2007-580,Australian Open,Hard,128,G,20070115,18,103917,,,Nicolas Mahut,R,190,FRA,24.9,104338,,,Juan Monaco,R,185,ARG,22.7,6-0 6-7(0) 6-3 6-4,5,R128,161,10,8,115,51,40,32,19,6,10,3,5,118,83,51,12,18,8,17,68,552,67,559
2007-580,Australian Open,Hard,128,G,20070115,19,101885,,WC,Wayne Arthurs,L,190,AUS,35.8,102905,,,Stefan Koubek,L,175,AUT,30.0,1-6 6-7(4) 7-6(5) 6-2 6-3,5,R128,180,19,9,150,85,64,31,24,6,12,4,6,152,101,65,28,24,8,15,163,258,63,605
2007-580,Australian Open,Hard,128,G,20070115,20,103530,,Q,Zack Fleishman,R,188,USA,26.8,102860,30,,Agustin Calleri,R,183,ARG,30.3,7-5 4-6 6-3 6-4,5,R128,150,10,4,143,71,49,36,21,8,13,12,12,126,72,50,22,20,5,12,170,240,26,1023
2007-580,Australian Open,Hard,128,G,20070115,21,103285,20,,Radek Stepanek,R,185,CZE,28.1,103566,,,Michael Llodra,L,190,FRA,26.6,6-2 6-4 6-0,5,R128,76,15,1,58,41,38,11,12,1,1,1,1,83,59,33,9,12,5,11,20,1285,93,441
2007-580,Australian Open,Hard,128,G,20070115,22,104160,,,Lukas Dlouhy,R,185,CZE,23.7,104559,,Q,Teymuraz Gabashvili,R,188,RUS,21.6,6-3 6-1 6-7(5) 6-7(5) 16-14,5,R128,286,17,8,237,150,110,36,35,9,17,13,11,253,145,96,47,35,12,25,99,428,113,385
2007-580,Australian Open,Hard,128,G,20070115,23,102563,,,Thomas Johansson,R,180,SWE,31.8,103843,,Q,Marco Chiudinelli,R,185,SUI,25.3,6-4 3-6 1-6 6-4 6-2,5,R128,182,14,4,126,75,56,22,22,3,9,7,2,139,75,53,31,22,2,8,72,524,146,314
2007-580,Australian Open,Hard,128,G,20070115,24,103970,16,,David Ferrer,R,175,ESP,24.7,103709,,,Kristian Pless,R,188,DEN,25.9,7-5 6-4 6-3,5,R128,126,4,4,105,66,43,21,15,3,6,6,4,103,57,34,23,16,7,14,14,1610,81,484
2007-580,Australian Open,Hard,128,G,20070115,25,104339,9,,Mario Ancic,R,196,CRO,22.7,104424,,WC,Go Soeda,R,178,JPN,22.3,6-4 6-3 6-2,5,R128,115,7,4,69,44,40,14,14,2,3,0,5,99,55,33,20,13,8,13,10,2000,188,214
2007-580,Australian Open,Hard,128,G,20070115,26,104198,,,Guillermo Garcia Lopez,R,188,ESP,23.6,104026,,,Joachim Johansson,R,198,SWE,24.5,1-1 RET,5,R128,43,0,0,8,6,5,0,1,0,0,0,1,10,5,4,2,1,0,0,65,562,156,277
2007-580,Australian Open,Hard,128,G,20070115,27,102434,,,Vincent Spadea,R,183,USA,32.4,104214,,,Igor Andreev,R,185,RUS,23.5,6-2 7-6(3) 6-1,5,R128,110,3,1,86,60,40,17,13,4,6,1,4,93,58,33,13,14,9,16,71,544,136,340
2007-580,Australian Open,Hard,128,G,20070115,28,103103,22,,Dominik Hrbaty,R,183,SVK,29.0,103181,,,Jiri Vanek,R,185,CZE,28.7,6-7(7) 7-6(1) 6-1 6-3,5,R128,172,9,10,131,77,59,25,20,3,7,10,8,165,89,54,33,20,11,19,22,1183,103,414
2007-580,Australian Open,Hard,128,G,20070115,29,103498,26,,Marat Safin,R,193,RUS,26.9,103794,,,Benjamin Becker,R,178,GER,25.5,5-7 7-6(2) 3-6 6-3 6-4,5,R128,206,19,2,149,98,78,29,26,5,8,14,6,166,81,64,49,26,9,12,27,1015,57,695
2007-580,Australian Open,Hard,128,G,20070115,30,104534,,Q,Dudi Sela,R,175,ISR,21.7,103387,,,Paradorn Srichaphan,R,185,THA,27.5,6-4 6-2 6-2,5,R128,111,0,4,81,51,38,14,13,3,5,0,8,88,51,28,16,13,12,19,202,194,56,705
2007-580,Australian Open,Hard,128,G,20070115,31,102967,,,Marc Gicquel,R,188,FRA,29.7,103553,,WC,Alun Jones,R,180,AUS,26.7,3-6 6-7(1) 6-4 6-1 6-0,5,R128,188,14,4,130,73,53,31,21,8,12,5,6,153,90,49,32,23,6,16,54,715,182,221
2007-580,Australian Open,Hard,128,G,20070115,32,104053,6,,Andy Roddick,R,188,USA,24.3,104542,,WC,Jo-Wilfried Tsonga,R,188,FRA,21.7,6-7(18) 7-6(2) 6-2 6-3,5,R128,164,13,2,141,101,81,23,21,6,7,16,5,141,96,72,22,21,2,6,7,2415,212,186
2007-580,Australian Open,Hard,128,G,20070115,33,103900,8,,David Nalbandian,R,180,ARG,25.0,104386,,,Janko Tipsarevic,R,180,SRB,22.5,6-7(5) 4-6 7-6(2) 6-0 2-1 RET,5,R128,199,20,10,142,84,61,26,21,10,16,14,12,146,79,57,21,22,12,21,8,2295,64,590
2007-580,Australian Open,Hard,128,G,20070115,34,102839,,,Nicolas Lapentti,R,188,ECU,30.4,103820,,Q,Alan Mackin,R,183,GBR,25.4,6-4 6-4 6-2,5,R128,134,2,2,97,64,45,17,14,8,10,1,9,95,58,35,15,14,9,15,69,552,270,147
2007-580,Australian Open,Hard,128,G,20070115,35,103694,,,Olivier Rochus,R,168,BEL,25.9,104589,,WC,Chris Guccione,L,201,AUS,21.4,3-6 7-5 7-5 6-7(4) 9-7,5,R128,237,6,6,170,108,92,36,30,10,11,45,3,206,131,106,32,31,9,12,39,895,106,402
2007-580,Australian Open,Hard,128,G,20070115,36,103206,28,,Sebastien Grosjean,R,175,FRA,28.6,103294,,,Christophe Rochus,R,170,BEL,28.0,6-2 4-1 RET,5,R128,54,7,2,31,13,13,15,7,0,0,0,3,58,43,24,5,6,7,10,29,965,74,514
2007-580,Australian Open,Hard,128,G,20070115,37,104252,,,Florian Mayer,R,190,GER,23.2,104417,23,,Robin Soderling,R,193,SWE,22.4,3-6 6-4 3-6 6-4 6-0,5,R128,139,12,0,125,74,55,27,22,3,7,11,9,134,86,64,19,22,7,13,58,680,23,1083
2007-580,Australian Open,Hard,128,G,20070115,38,104312,,,Andreas Seppi,R,190,ITA,22.8,104035,,Q,Bobby Reynolds,R,183,USA,24.4,6-1 6-7(4) 6-7(5) 7-6 6-3,5,R128,239,23,10,168,84,69,49,27,5,7,21,8,167,90,69,32,25,5,10,98,428,192,205
2007-580,Australian Open,Hard,128,G,20070115,39,104592,,Q,Ilija Bozoljac,R,193,SRB,21.4,105227,,Q,Marin Cilic,R,198,CRO,18.2,6-2 6-4 6-1,5,R128,79,4,2,63,39,32,18,12,0,0,6,6,74,33,28,12,13,2,8,126,360,171,240
2007-580,Australian Open,Hard,128,G,20070115,40,103163,12,,Tommy Haas,R,188,GER,28.7,103656,,,Albert Montanes,R,175,ESP,26.1,7-5 6-1 7-6(3),5,R128,110,17,4,81,56,47,18,16,0,1,5,3,100,68,45,13,15,8,12,12,1855,83,473
2007-580,Australian Open,Hard,128,G,20070115,41,104607,13,,Tomas Berdych,R,196,CZE,21.3,102703,,,Hyung Taik Lee,R,180,KOR,31.0,6-1 6-2 6-2,5,R128,90,10,3,74,35,31,22,12,7,8,4,3,60,41,19,4,11,1,8,13,1670,49,747
2007-580,Australian Open,Hard,128,G,20070115,42,104635,,WC,Robert Smeets,L,188,AUS,21.1,105041,,Q,Lukas Lacko,R,185,SVK,19.2,6-2 3-6 6-1 6-4,5,R128,109,14,4,101,53,46,27,17,5,6,5,5,108,64,42,24,17,9,14,360,96,193,205
2007-580,Australian Open,Hard,128,G,20070115,43,103018,,,Max Mirnyi,R,196,BLR,29.5,103632,,,Luis Horna,R,180,PER,26.3,7-6(4) 3-6 2-6 6-4 6-4,5,R128,218,23,4,163,90,71,34,25,9,14,7,8,166,125,87,21,24,16,19,53,725,62,620
2007-580,Australian Open,Hard,128,G,20070115,44,104098,21,,Dmitry Tursunov,R,185,RUS,24.0,102565,,Q,Alexander Waske,R,188,GER,31.7,5-7 6-4 6-3 6-4,5,R128,132,26,7,103,55,48,30,21,1,3,24,7,126,74,53,26,20,4,8,21,1190,107,398
2007-580,Australian Open,Hard,128,G,20070115,45,103096,,,Arnaud Clement,R,173,FRA,29.0,103598,29,,Xavier Malisse,R,185,BEL,26.4,6-3 3-6 7-5 6-4,5,R128,167,11,2,116,64,48,29,20,2,6,14,2,116,60,40,31,20,5,11,44,820,30,965
2007-580,Australian Open,Hard,128,G,20070115,46,102148,,,Fabrice Santoro,R,178,FRA,34.0,103857,,,Igor Kunitsyn,R,180,RUS,25.2,7-6(5) 6-3 6-0,5,R128,117,11,5,89,46,39,20,13,3,5,3,4,100,56,32,18,14,6,13,51,740,84,473
2007-580,Australian Open,Hard,128,G,20070115,47,104180,,,Gilles Muller,L,193,LUX,23.6,103292,,,Gaston Gaudio,R,175,ARG,28.1,6-0 4-6 6-2 6-3,5,R128,121,24,3,93,61,49,19,17,3,4,5,9,98,56,36,18,16,1,7,116,376,34,915
2007-580,Australian Open,Hard,128,G,20070115,48,103786,3,,Nikolay Davydenko,R,178,RUS,25.6,103373,,,Sergio Roitman,R,185,ARG,27.6,6-2 7-5 6-2,5,R128,118,12,6,85,55,44,15,14,1,2,2,2,92,57,32,17,14,10,16,3,2825,78,488
2007-580,Australian Open,Hard,128,G,20070115,49,103484,5,,James Blake,R,185,USA,27.0,102845,,,Carlos Moya,R,190,ESP,30.3,7-6(8) 6-2 6-4,5,R128,110,18,1,87,50,41,27,15,1,1,8,1,105,69,50,11,15,2,5,5,2530,41,870
2007-580,Australian Open,Hard,128,G,20070115,50,104864,,Q,Alex Kuznetsov,R,183,USA,19.9,103429,,WC,Peter Luczak,R,183,AUS,27.3,6-4 5-7 6-7(5) 6-1 6-4,5,R128,212,26,5,162,102,80,30,26,7,11,13,1,148,97,70,23,25,10,17,216,184,164,256
2007-580,Australian Open,Hard,128,G,20070115,51,104999,,Q,Mischa Zverev,L,190,GER,19.4,103582,,Q,Michael Berrer,L,193,GER,26.5,6-4 7-6(1) 3-6 6-4,5,R128,180,16,3,142,92,64,28,21,14,18,10,15,131,77,57,21,20,4,8,153,298,157,275
2007-580,Australian Open,Hard,128,G,20070115,52,104068,,,Robby Ginepri,R,183,USA,24.2,104597,32,,Nicolas Almagro,R,183,ESP,21.4,4-6 6-2 4-6 7-5 6-3,5,R128,170,15,3,143,91,71,28,25,4,7,19,9,163,90,68,34,24,8,13,52,725,31,932
2007-580,Australian Open,Hard,128,G,20070115,53,103720,19,,Lleyton Hewitt,R,180,AUS,25.8,103188,,Q,Michael Russell,R,173,USA,28.7,3-6 2-6 6-3 6-3 6-3,5,R128,209,18,3,120,61,47,31,22,3,9,6,1,131,99,63,13,22,2,9,19,1295,114,381
2007-580,Australian Open,Hard,128,G,20070115,54,104433,,,Frank Dancevic,R,185,CAN,22.3,103812,,,Victor Hanescu,R,198,ROU,25.4,6-3 6-3 7-6(3),5,R128,113,25,3,87,55,46,17,15,2,3,4,0,111,80,51,15,15,6,10,88,459,759,20
2007-580,Australian Open,Hard,128,G,20070115,55,105223,,,Juan Martin del Potro,R,198,ARG,18.3,103035,,,Alessio Di Mauro,L,185,ITA,29.4,6-3 6-3 6-1,5,R128,100,0,2,70,48,35,17,13,3,4,5,4,72,37,21,15,12,4,10,73,515,92,447
2007-580,Australian Open,Hard,128,G,20070115,56,103602,10,,Fernando Gonzalez,R,183,CHI,26.4,105095,,,Evgeny Korolev,R,185,KAZ,18.9,6-7(4) 7-6(6) 6-3 6-2,5,R128,145,11,1,129,82,69,30,21,2,2,14,5,116,80,66,19,20,2,5,9,2015,87,459
2007-580,Australian Open,Hard,128,G,20070115,57,104918,15,,Andy Murray,R,190,GBR,19.6,103252,,,Alberto Martin,R,175,ESP,28.4,6-0 6-0 6-1,5,R128,70,3,3,53,25,22,19,10,0,0,1,3,58,28,11,10,9,7,15,16,1505,60,641
2007-580,Australian Open,Hard,128,G,20070115,58,104269,,,Fernando Verdasco,L,188,ESP,23.1,103908,,,Paul Henri Mathieu,R,185,FRA,25.0,6-7 4-6 6-6(1) RET,5,R128,180,17,2,132,80,50,35,17,14,16,5,4,115,67,54,26,17,5,6,35,910,47,760
2007-580,Australian Open,Hard,128,G,20070115,59,103428,,,Juan Ignacio Chela,R,190,ARG,27.3,103808,,,Potito Starace,R,188,ITA,25.5,7-6(5) 6-4 6-4,5,R128,141,2,0,94,53,36,28,16,3,6,1,2,110,74,49,16,16,8,13,33,920,89,458
2007-580,Australian Open,Hard,128,G,20070115,60,103813,17,,Jarkko Nieminen,L,185,FIN,25.4,102834,,,Paul Goldstein,R,178,USA,30.4,5-7 6-2 7-6(4) 6-4,5,R128,182,9,10,144,81,58,26,21,11,17,9,5,135,66,43,32,21,7,15,18,1360,70,551
2007-580,Australian Open,Hard,128,G,20070115,61,104527,31,,Stan Wawrinka,R,183,SUI,21.8,103240,,,Kevin Kim,R,180,USA,28.4,6-1 2-6 6-4 6-2,5,R128,131,14,4,114,73,48,22,17,10,14,2,1,91,58,39,9,16,3,10,40,885,96,433
2007-580,Australian Open,Hard,128,G,20070115,62,104154,,Q,Paul Capdeville,R,190,CHI,23.7,103898,,,Julien Benneteau,R,185,FRA,25.0,4-6 6-7(4) 6-2 6-1 6-2,5,R128,215,14,8,153,92,57,26,23,6,16,3,18,149,102,53,12,22,9,24,148,304,36,902
2007-580,Australian Open,Hard,128,G,20070115,63,104259,,,Philipp Kohlschreiber,R,178,GER,23.2,104019,,,Kristof Vliegen,R,193,BEL,24.5,5-7 6-3 6-2 6-4,5,R128,174,11,3,123,75,57,25,19,8,10,11,3,140,87,59,23,20,14,20,61,631,37,900
2007-580,Australian Open,Hard,128,G,20070115,64,104745,2,,Rafael Nadal,L,185,ESP,20.6,103470,,,Robert Kendrick,R,190,USA,27.1,7-6(6) 6-3 6-2,5,R128,127,7,2,87,53,40,24,15,0,0,7,6,98,56,42,16,14,4,7,2,4525,90,458
2007-580,Australian Open,Hard,128,G,20070115,65,103819,1,,Roger Federer,R,185,SUI,25.4,102035,,,Jonas Bjorkman,R,183,SWE,34.8,6-2 6-3 6-2,5,R64,95,7,1,66,42,31,16,13,0,2,2,3,86,52,27,13,12,5,12,1,8120,50,743
2007-580,Australian Open,Hard,128,G,20070115,66,104022,25,,Mikhail Youzhny,R,183,RUS,24.5,104229,,,Yen Hsun Lu,R,180,TPE,23.4,7-5 6-4 6-4,5,R64,157,8,6,105,49,38,26,16,8,12,4,6,103,53,31,23,16,8,15,25,1075,91,449
2007-580,Australian Open,Hard,128,G,20070115,67,103821,,,Danai Udomchoke,R,173,THA,25.4,103507,24,,Juan Carlos Ferrero,R,183,ESP,26.9,7-6(0) 7-5 4-6 6-1,5,R64,203,7,11,163,95,69,33,21,9,13,6,3,145,96,61,20,20,14,20,102,417,24,1080
2007-580,Australian Open,Hard,128,G,20070115,68,104925,14,,Novak Djokovic,R,188,SRB,19.6,103852,,,Feliciano Lopez,L,188,ESP,25.3,6-2 7-5 6-1,5,R64,121,8,1,86,59,41,18,14,4,5,5,6,90,53,34,12,13,9,15,15,1530,79,486
2007-580,Australian Open,Hard,128,G,20070115,69,104792,,,Gael Monfils,R,193,FRA,20.3,104571,11,,Marcos Baghdatis,R,183,CYP,21.5,7-6(5) 6-2 2-6 6-0,5,R64,157,11,4,115,65,45,27,17,6,9,6,2,110,59,43,23,17,11,17,59,645,11,1880
2007-580,Australian Open,Hard,128,G,20070115,70,104755,18,,Richard Gasquet,R,185,FRA,20.5,104025,,,Amer Delic,R,196,BIH,24.5,6-1 6-2 6-4,5,R64,82,5,1,73,48,41,16,13,4,4,6,3,68,35,21,14,12,2,7,17,1435,95,438
2007-580,Australian Open,Hard,128,G,20070115,71,105023,,WC,Sam Querrey,R,198,USA,19.2,103722,,,Florent Serra,R,180,FRA,25.8,6-3 6-4 6-3,5,R64,104,16,4,76,46,39,19,14,0,0,5,3,107,70,46,15,14,8,12,129,354,76,510
2007-580,Australian Open,Hard,128,G,20070115,72,103990,7,,Tommy Robredo,R,180,ESP,24.7,103781,,,Jurgen Melzer,L,183,AUT,25.6,6-1 6-3 6-3,5,R64,98,5,1,81,54,38,14,13,3,5,1,4,79,53,24,11,12,7,14,6,2455,32,925
2007-580,Australian Open,Hard,128,G,20070115,73,103888,,,Mardy Fish,R,188,USA,25.1,103917,,,Nicolas Mahut,R,190,FRA,24.9,7-5 6-4 3-6 6-4,5,R64,175,17,3,127,67,58,26,21,3,6,8,7,127,67,49,31,20,7,11,42,841,68,552
2007-580,Australian Open,Hard,128,G,20070115,74,101885,,WC,Wayne Arthurs,L,190,AUS,35.8,103530,,Q,Zack Fleishman,R,188,USA,26.8,6-7(5) 6-1 6-4 6-4,5,R64,140,26,8,120,77,62,23,20,3,4,11,12,113,53,44,28,19,3,8,163,258,170,240
2007-580,Australian Open,Hard,128,G,20070115,75,103285,20,,Radek Stepanek,R,185,CZE,28.1,104160,,,Lukas Dlouhy,R,185,CZE,23.7,4-6 4-6 6-4 6-1 6-4,5,R64,165,16,1,157,103,72,30,24,10,14,12,3,129,82,64,20,23,5,11,20,1285,99,428
2007-580,Australian Open,Hard,128,G,20070115,76,103970,16,,David Ferrer,R,175,ESP,24.7,102563,,,Thomas Johansson,R,180,SWE,31.8,6-2 6-7(5) 6-2 6-2,5,R64,145,5,0,109,67,49,27,18,3,4,9,5,108,57,42,21,18,6,13,14,1610,72,524
2007-580,Australian Open,Hard,128,G,20070115,77,104339,9,,Mario Ancic,R,196,CRO,22.7,104198,,,Guillermo Garcia Lopez,R,188,ESP,23.6,3-6 7-5 6-2 6-2,5,R64,157,8,3,107,75,50,19,19,2,6,2,3,111,67,41,22,18,5,12,10,2000,65,562
2007-580,Australian Open,Hard,128,G,20070115,78,103103,22,,Dominik Hrbaty,R,183,SVK,29.0,102434,,,Vincent Spadea,R,183,USA,32.4,6-7 6-4 6-4 6-3,5,R64,173,4,2,127,69,48,30,20,9,13,4,7,156,91,58,29,21,18,25,22,1183,71,544
2007-580,Australian Open,Hard,128,G,20070115,79,103498,26,,Marat Safin,R,193,RUS,26.9,104534,,Q,Dudi Sela,R,175,ISR,21.7,6-3 5-7 4-6 7-6(4) 6-0,5,R64,201,13,6,164,107,68,28,25,11,20,1,8,144,81,48,32,24,11,22,27,1015,202,194
2007-580,Australian Open,Hard,128,G,20070115,80,104053,6,,Andy Roddick,R,188,USA,24.3,102967,,,Marc Gicquel,R,188,FRA,29.7,6-3 7-6(4) 6-4,5,R64,116,18,2,93,62,52,19,16,3,3,10,2,90,47,38,23,15,4,6,7,2415,54,715
2007-580,Australian Open,Hard,128,G,20070115,81,103900,8,,David Nalbandian,R,180,ARG,25.0,102839,,,Nicolas Lapentti,R,188,ECU,30.4,6-4 6-4 6-4,5,R64,116,4,2,79,49,42,19,15,2,2,5,2,87,59,42,16,15,4,7,8,2295,69,552
2007-580,Australian Open,Hard,128,G,20070115,82,103206,28,,Sebastien Grosjean,R,175,FRA,28.6,103694,,,Olivier Rochus,R,168,BEL,25.9,4-6 6-1 6-3 4-6 6-4,5,R64,242,20,0,153,77,61,37,23,11,15,4,7,166,114,73,23,23,15,22,29,965,39,895
2007-580,Australian Open,Hard,128,G,20070115,83,104252,,,Florian Mayer,R,190,GER,23.2,104312,,,Andreas Seppi,R,190,ITA,22.8,5-7 7-5 6-2 6-2,5,R64,146,8,5,126,66,43,30,20,6,12,6,3,119,63,38,23,20,9,19,58,680,98,428
2007-580,Australian Open,Hard,128,G,20070115,84,103163,12,,Tommy Haas,R,188,GER,28.7,104592,,Q,Ilija Bozoljac,R,193,SRB,21.4,7-6(3) 6-1 6-3,5,R64,103,18,1,76,58,50,12,14,0,0,18,9,93,44,36,19,14,5,9,12,1855,126,360
2007-580,Australian Open,Hard,128,G,20070115,85,104607,13,,Tomas Berdych,R,196,CZE,21.3,104635,,WC,Robert Smeets,L,188,AUS,21.1,6-3 6-2 6-4,5,R64,115,4,4,99,64,49,17,14,8,9,11,7,105,57,40,16,13,14,19,13,1670,360,96
2007-580,Australian Open,Hard,128,G,20070115,86,104098,21,,Dmitry Tursunov,R,185,RUS,24.0,103018,,,Max Mirnyi,R,196,BLR,29.5,6-2 6-3 7-6(4),5,R64,132,9,5,104,55,46,25,15,4,5,9,3,99,66,43,14,14,5,9,21,1190,53,725
2007-580,Australian Open,Hard,128,G,20070115,87,102148,,,Fabrice Santoro,R,178,FRA,34.0,103096,,,Arnaud Clement,R,173,FRA,29.0,6-2 6-4 6-4,5,R64,129,13,2,83,40,33,29,14,2,2,1,1,84,55,37,12,14,7,11,51,740,44,820
2007-580,Australian Open,Hard,128,G,20070115,88,103786,3,,Nikolay Davydenko,R,178,RUS,25.6,104180,,,Gilles Muller,L,193,LUX,23.6,6-4 6-0 6-3,5,R64,101,7,0,79,53,39,16,12,2,2,15,2,87,58,34,12,13,4,10,3,2825,116,376
2007-580,Australian Open,Hard,128,G,20070115,89,103484,5,,James Blake,R,185,USA,27.0,104864,,Q,Alex Kuznetsov,R,183,USA,19.9,6-4 6-1 6-2,5,R64,82,6,1,69,42,32,17,13,0,2,9,4,74,44,30,6,12,4,11,5,2530,216,184
2007-580,Australian Open,Hard,128,G,20070115,90,104068,,,Robby Ginepri,R,183,USA,24.2,104999,,Q,Mischa Zverev,L,190,GER,19.4,6-4 7-5 6-1,5,R64,123,10,2,100,65,49,17,15,5,6,9,4,130,86,56,17,14,15,20,52,725,153,298
2007-580,Australian Open,Hard,128,G,20070115,91,103720,19,,Lleyton Hewitt,R,180,AUS,25.8,104433,,,Frank Dancevic,R,185,CAN,22.3,6-4 6-4 3-6 6-4,5,R64,168,14,12,118,56,45,31,19,4,7,16,6,112,59,44,26,20,1,6,19,1295,88,459
2007-580,Australian Open,Hard,128,G,20070115,92,103602,10,,Fernando Gonzalez,R,183,CHI,26.4,105223,,,Juan Martin del Potro,R,198,ARG,18.3,7-6(7) 4-6 6-7(3) 6-4 4-0 RET,5,R64,206,18,4,147,89,71,27,24,3,7,11,6,161,96,64,35,24,4,10,9,2015,73,515
2007-580,Australian Open,Hard,128,G,20070115,93,104918,15,,Andy Murray,R,190,GBR,19.6,104269,,,Fernando Verdasco,L,188,ESP,23.1,7-6(4) 7-5 6-4,5,R64,168,4,0,109,57,38,26,17,3,8,7,7,109,69,42,14,17,10,17,16,1505,35,910
2007-580,Australian Open,Hard,128,G,20070115,94,103428,,,Juan Ignacio Chela,R,190,ARG,27.3,103813,17,,Jarkko Nieminen,L,185,FIN,25.4,6-3 2-6 6-4 6-4,5,R64,160,6,3,111,65,47,26,19,4,8,4,2,114,68,47,22,18,7,12,33,920,18,1360
2007-580,Australian Open,Hard,128,G,20070115,95,104527,31,,Stan Wawrinka,R,183,SUI,21.8,104154,,Q,Paul Capdeville,R,190,CHI,23.7,6-4 6-3 6-2,5,R64,99,21,2,80,52,44,14,14,1,2,5,1,76,53,35,9,13,4,9,40,885,148,304
2007-580,Australian Open,Hard,128,G,20070115,96,104745,2,,Rafael Nadal,L,185,ESP,20.6,104259,,,Philipp Kohlschreiber,R,178,GER,23.2,7-5 6-3 4-6 6-2,5,R64,210,4,6,125,81,57,22,20,9,13,8,3,128,68,41,30,19,14,21,2,4525,61,631
2007-580,Australian Open,Hard,128,G,20070115,97,103819,1,,Roger Federer,R,185,SUI,25.4,104022,25,,Mikhail Youzhny,R,183,RUS,24.5,6-3 6-3 7-6(5),5,R32,124,7,1,100,53,44,25,15,3,4,7,1,101,55,43,18,15,4,8,1,8120,25,1075
2007-580,Australian Open,Hard,128,G,20070115,98,104925,14,,Novak Djokovic,R,188,SRB,19.6,103821,,,Danai Udomchoke,R,173,THA,25.4,6-3 6-4 5-7 6-1,5,R32,165,15,1,121,90,61,17,19,6,9,1,4,121,64,41,27,19,8,15,15,1530,102,417
2007-580,Australian Open,Hard,128,G,20070115,99,104755,18,,Richard Gasquet,R,185,FRA,20.5,104792,,,Gael Monfils,R,193,FRA,20.3,6-0 4-6 7-5 6-3,5,R32,146,6,2,100,76,60,14,19,5,7,9,3,105,68,43,19,18,3,9,17,1435,59,645
2007-580,Australian Open,Hard,128,G,20070115,100,103990,7,,Tommy Robredo,R,180,ESP,24.7,105023,,WC,Sam Querrey,R,198,USA,19.2,6-4 6-7(5) 6-2 6-1,5,R32,143,18,2,112,77,60,24,19,2,2,9,0,106,63,47,19,18,3,8,6,2455,129,354
2007-580,Australian Open,Hard,128,G,20070115,101,103888,,,Mardy Fish,R,188,USA,25.1,101885,,WC,Wayne Arthurs,L,190,AUS,35.8,3-0 RET,5,R32,6,3,0,4,3,3,1,1,0,0,0,2,10,5,1,1,2,1,3,42,841,163,258
2007-580,Australian Open,Hard,128,G,20070115,102,103970,16,,David Ferrer,R,175,ESP,24.7,103285,20,,Radek Stepanek,R,185,CZE,28.1,6-7(5) 4-6 6-0 6-4 6-3,5,R32,231,3,1,162,106,77,21,24,7,13,9,8,176,104,69,26,23,19,29,14,1610,20,1285
2007-580,Australian Open,Hard,128,G,20070115,103,104339,9,,Mario Ancic,R,196,CRO,22.7,103103,22,,Dominik Hrbaty,R,183,SVK,29.0,6-3 6-2 6-1,5,R32,103,13,0,76,58,43,9,12,5,6,0,3,75,38,18,15,12,1,8,10,2000,22,1183
2007-580,Australian Open,Hard,128,G,20070115,104,104053,6,,Andy Roddick,R,188,USA,24.3,103498,26,,Marat Safin,R,193,RUS,26.9,7-6(2) 2-6 6-4 7-6(2),5,R32,192,14,2,124,81,59,25,21,3,7,22,2,139,85,63,25,21,9,12,7,2415,27,1015
2007-580,Australian Open,Hard,128,G,20070115,105,103900,8,,David Nalbandian,R,180,ARG,25.0,103206,28,,Sebastien Grosjean,R,175,FRA,28.6,5-7 4-6 7-6(4) 6-4 6-1,5,R32,236,14,6,180,113,77,33,26,13,20,15,2,167,88,65,29,25,14,22,8,2295,29,965
2007-580,Australian Open,Hard,128,G,20070115,106,103163,12,,Tommy Haas,R,188,GER,28.7,104252,,,Florian Mayer,R,190,GER,23.2,7-6(3) 6-3 6-3,5,R32,125,6,2,97,64,48,17,15,4,6,10,2,118,71,41,23,15,5,10,12,1855,58,680
2007-580,Australian Open,Hard,128,G,20070115,107,104607,13,,Tomas Berdych,R,196,CZE,21.3,104098,21,,Dmitry Tursunov,R,185,RUS,24.0,6-2 6-1 6-1,5,R32,83,8,2,58,34,30,14,11,0,0,5,6,77,40,20,14,11,6,13,13,1670,21,1190
2007-580,Australian Open,Hard,128,G,20070115,108,103786,3,,Nikolay Davydenko,R,178,RUS,25.6,102148,,,Fabrice Santoro,R,178,FRA,34.0,7-6(1) 6-2 6-2,5,R32,124,6,2,92,57,43,22,14,1,2,4,1,88,44,28,22,14,3,8,3,2825,51,740
2007-580,Australian Open,Hard,128,G,20070115,109,103484,5,,James Blake,R,185,USA,27.0,104068,,,Robby Ginepri,R,183,USA,24.2,7-6(7) 7-5 6-2,5,R32,113,10,3,87,55,44,21,16,1,4,5,0,113,66,41,26,16,7,13,5,2530,52,725
2007-580,Australian Open,Hard,128,G,20070115,110,103602,10,,Fernando Gonzalez,R,183,CHI,26.4,103720,19,,Lleyton Hewitt,R,180,AUS,25.8,6-2 6-2 5-7 6-4,5,R32,160,19,3,102,67,49,23,19,1,3,17,7,129,75,58,18,19,13,19,9,2015,19,1295
2007-580,Australian Open,Hard,128,G,20070115,111,104918,15,,Andy Murray,R,190,GBR,19.6,103428,,,Juan Ignacio Chela,R,190,ARG,27.3,6-3 6-2 6-4,5,R32,110,9,2,86,61,42,12,14,2,4,3,4,95,64,39,9,13,9,15,16,1505,33,920
2007-580,Australian Open,Hard,128,G,20070115,112,104745,2,,Rafael Nadal,L,185,ESP,20.6,104527,31,,Stan Wawrinka,R,183,SUI,21.8,6-2 6-2 6-2,5,R32,123,1,3,69,51,43,7,12,0,1,4,2,92,52,30,13,12,4,11,2,4525,40,885
2007-580,Australian Open,Hard,128,G,20070115,113,103819,1,,Roger Federer,R,185,SUI,25.4,104925,14,,Novak Djokovic,R,188,SRB,19.6,6-2 7-5 6-3,5,R16,110,12,1,80,50,40,20,15,1,2,7,2,101,62,38,18,14,3,8,1,8120,15,1530
2007-580,Australian Open,Hard,128,G,20070115,114,103990,7,,Tommy Robredo,R,180,ESP,24.7,104755,18,,Richard Gasquet,R,185,FRA,20.5,6-4 6-2 3-6 6-4,5,R16,167,8,1,103,65,51,21,18,2,3,1,2,147,114,68,18,19,17,21,6,2455,17,1435
2007-580,Australian Open,Hard,128,G,20070115,115,103888,,,Mardy Fish,R,188,USA,25.1,103970,16,,David Ferrer,R,175,ESP,24.7,6-1 7-6(4) 2-6 7-5,5,R16,150,15,5,125,65,49,34,20,2,5,7,1,113,78,53,17,19,1,5,42,841,14,1610
2007-580,Australian Open,Hard,128,G,20070115,116,104053,6,,Andy Roddick,R,188,USA,24.3,104339,9,,Mario Ancic,R,196,CRO,22.7,6-3 3-6 6-1 5-7 6-4,5,R16,183,16,1,132,91,72,20,24,1,4,21,3,131,84,61,28,23,9,14,7,2415,10,2000
2007-580,Australian Open,Hard,128,G,20070115,117,103163,12,,Tommy Haas,R,188,GER,28.7,103900,8,,David Nalbandian,R,180,ARG,25.0,4-6 6-3 6-2 6-3,5,R16,149,16,2,113,80,61,15,18,5,7,9,6,118,65,41,26,18,5,11,12,1855,8,2295
2007-580,Australian Open,Hard,128,G,20070115,118,103786,3,,Nikolay Davydenko,R,178,RUS,25.6,104607,13,,Tomas Berdych,R,196,CZE,21.3,5-7 6-4 6-1 7-6(5),5,R16,180,8,5,128,74,56,30,20,9,12,6,7,129,73,50,26,21,8,14,3,2825,13,1670
2007-580,Australian Open,Hard,128,G,20070115,119,103602,10,,Fernando Gonzalez,R,183,CHI,26.4,103484,5,,James Blake,R,185,USA,27.0,7-5 6-4 7-6(4),5,R16,126,18,1,102,71,53,17,17,5,8,8,6,111,55,41,26,17,8,13,9,2015,5,2530
2007-580,Australian Open,Hard,128,G,20070115,120,104745,2,,Rafael Nadal,L,185,ESP,20.6,104918,15,,Andy Murray,R,190,GBR,19.6,6-7(3) 6-4 4-6 6-3 6-1,5,R16,231,5,1,155,113,78,23,24,14,17,15,9,160,84,62,33,24,9,16,2,4525,16,1505
2007-580,Australian Open,Hard,128,G,20070115,121,103819,1,,Roger Federer,R,185,SUI,25.4,103990,7,,Tommy Robredo,R,180,ESP,24.7,6-3 7-6(2) 7-5,5,QF,140,5,1,96,60,43,21,17,4,8,4,4,117,71,45,17,16,6,12,1,8120,6,2455
2007-580,Australian Open,Hard,128,G,20070115,122,104053,6,,Andy Roddick,R,188,USA,24.3,103888,,,Mardy Fish,R,188,USA,25.1,6-2 6-2 6-2,5,QF,87,10,2,61,38,35,12,12,0,1,12,5,70,31,20,12,12,6,13,7,2415,42,841
2007-580,Australian Open,Hard,128,G,20070115,123,103163,12,,Tommy Haas,R,188,GER,28.7,103786,3,,Nikolay Davydenko,R,178,RUS,25.6,6-3 2-6 1-6 6-1 7-5,5,QF,199,9,8,132,78,54,26,22,4,10,5,2,134,94,58,22,21,10,16,12,1855,3,2825
2007-580,Australian Open,Hard,128,G,20070115,124,103602,10,,Fernando Gonzalez,R,183,CHI,26.4,104745,2,,Rafael Nadal,L,185,ESP,20.6,6-2 6-4 6-3,5,QF,125,10,0,83,55,40,17,13,3,3,1,2,79,56,39,8,14,3,8,9,2015,2,4525
2007-580,Australian Open,Hard,128,G,20070115,125,103819,1,,Roger Federer,R,185,SUI,25.4,104053,6,,Andy Roddick,R,188,USA,24.3,6-4 6-0 6-2,5,SF,83,10,2,63,32,26,21,12,0,1,4,2,65,41,22,7,12,0,7,1,8120,7,2415
2007-580,Australian Open,Hard,128,G,20070115,126,103602,10,,Fernando Gonzalez,R,183,CHI,26.4,103163,12,,Tommy Haas,R,188,GER,28.7,6-1 6-3 6-1,5,SF,91,9,0,60,38,33,14,11,0,0,0,4,67,40,25,7,12,5,12,9,2015,12,1855
2007-580,Australian Open,Hard,128,G,20070115,127,103819,1,,Roger Federer,R,185,SUI,25.4,103602,10,,Fernando Gonzalez,R,183,CHI,26.4,7-6(2) 6-4 6-4,5,F,140,5,1,86,50,41,28,16,0,1,6,3,127,77,53,23,16,7,10,1,8120,9,2015
2008-580,Australian Open,Hard,128,G,20080114,1,103819,1,,Roger Federer,R,185,SUI,26.4,103701,,,Diego Hartfield,R,185,ARG,26.9,6-0 6-3 6-0,5,R128,72,11,1,65,50,42,7,11,2,2,3,1,62,40,21,5,10,3,10,1,7180,107,410
2008-580,Australian Open,Hard,128,G,20080114,2,102148,,,Fabrice Santoro,R,178,FRA,35.0,104545,,,John Isner,R,206,USA,22.7,6-2 6-2 6-4,5,R128,110,3,0,67,41,29,21,13,1,2,11,6,80,56,37,7,13,3,9,36,852,109,407
2008-580,Australian Open,Hard,128,G,20080114,3,104386,,,Janko Tipsarevic,R,180,SRB,23.5,102512,,WC,Joseph Sirianni,R,175,AUS,32.9,7-5 6-2 6-7(6) 0-6 6-0,5,R128,220,25,5,156,86,65,36,22,6,9,11,5,157,81,55,41,22,9,15,49,657,146,293
2008-580,Australian Open,Hard,128,G,20080114,4,104269,25,,Fernando Verdasco,L,188,ESP,24.1,103693,,,Thierry Ascione,R,188,FRA,26.9,6-4 6-0 6-3,5,R128,97,4,2,72,56,37,9,12,6,9,2,5,88,57,28,11,13,6,15,28,1050,96,438
2008-580,Australian Open,Hard,128,G,20080114,5,104338,21,,Juan Monaco,R,185,ARG,23.7,104122,,,Carlos Berlocq,R,183,ARG,24.9,7-6(5) 7-5 6-1,5,R128,139,6,2,94,62,44,14,16,2,6,8,7,102,46,30,22,15,3,10,23,1380,75,525
2008-580,Australian Open,Hard,128,G,20080114,6,104025,,Q,Amer Delic,R,196,BIH,25.5,103470,,,Robert Kendrick,R,190,USA,28.1,6-4 7-5 6-2,5,R128,103,8,4,93,62,46,18,15,4,5,6,2,82,46,35,13,15,1,6,136,314,108,408
2008-580,Australian Open,Hard,128,G,20080114,7,103169,,,Oscar Hernandez,R,180,ESP,29.7,104371,,,Ivo Minar,R,183,CZE,23.6,1-6 7-6(5) 6-2 6-1,5,R128,122,10,4,107,65,51,19,18,4,8,3,2,96,55,32,25,16,4,9,60,602,102,425
2008-580,Australian Open,Hard,128,G,20080114,8,104607,13,,Tomas Berdych,R,196,CZE,22.3,102381,,,Werner Eschauer,R,188,AUT,33.7,6-4 6-4 6-4,5,R128,127,10,2,79,51,36,18,15,1,4,9,5,106,58,37,18,15,3,9,13,1685,64,580
2008-580,Australian Open,Hard,128,G,20080114,9,103484,12,,James Blake,R,185,USA,28.0,103454,,,Nicolas Massu,R,183,CHI,28.2,6-3 6-2 6-2,5,R128,96,11,2,80,44,36,20,13,3,4,6,3,76,54,32,7,12,7,13,15,1610,69,544
2008-580,Australian Open,Hard,128,G,20080114,10,103188,,,Michael Russell,R,173,USA,29.7,104926,,,Fabio Fognini,R,178,ITA,20.6,6-1 4-6 6-2 3-6 6-3,5,R128,183,6,3,135,94,63,26,22,2,5,6,9,128,58,38,36,21,5,11,101,426,94,444
2008-580,Australian Open,Hard,128,G,20080114,11,103206,,,Sebastien Grosjean,R,175,FRA,29.6,103835,,,Filippo Volandri,R,183,ITA,26.3,7-6(3) 6-3 7-6(0),5,R128,138,4,0,96,57,42,22,16,3,7,0,5,112,55,36,24,17,4,10,46,661,39,731
2008-580,Australian Open,Hard,128,G,20080114,12,104898,,Q,Robin Haase,R,190,NED,20.7,103344,17,,Ivan Ljubicic,R,193,CRO,28.8,6-7(2) 6-3 6-0 7-6(1),5,R128,177,16,9,134,76,61,29,20,7,9,16,4,140,79,54,26,19,8,14,103,424,19,1440
2008-580,Australian Open,Hard,128,G,20080114,13,105227,,,Marin Cilic,R,198,CRO,19.2,104597,27,,Nicolas Almagro,R,183,ESP,22.3,7-6(4) 7-5 6-2,5,R128,131,16,1,103,56,42,29,16,2,4,10,5,101,57,40,17,16,7,12,57,615,31,965
2008-580,Australian Open,Hard,128,G,20080114,14,103781,,,Jurgen Melzer,L,183,AUT,26.6,103181,,,Jiri Vanek,R,185,CZE,29.7,6-3 6-4 6-4,5,R128,99,14,2,78,49,42,15,15,2,4,8,3,107,64,44,15,14,7,12,71,540,99,431
2008-580,Australian Open,Hard,128,G,20080114,15,102703,,,Hyung Taik Lee,R,180,KOR,32.0,104589,,,Chris Guccione,L,201,AUS,22.4,7-6(6) 6-3 6-4,5,R128,114,7,0,91,53,45,24,16,0,0,16,2,93,59,46,18,15,7,9,47,659,91,462
2008-580,Australian Open,Hard,128,G,20080114,16,103602,7,,Fernando Gonzalez,R,183,CHI,27.4,103077,,Q,Konstantinos Economidis,R,188,GRE,30.1,6-4 7-6(2) 6-1,5,R128,110,10,4,87,51,42,23,15,1,1,2,4,88,52,34,18,14,3,6,7,2005,142,299
2008-580,Australian Open,Hard,128,G,20080114,17,104925,3,,Novak Djokovic,R,188,SRB,20.6,103794,,,Benjamin Becker,R,178,GER,26.5,6-0 6-2 7-6(5),5,R128,120,6,4,79,50,42,13,13,1,2,7,2,82,38,22,19,13,1,7,3,4315,81,496
2008-580,Australian Open,Hard,128,G,20080114,18,104620,,,Simone Bolelli,R,183,ITA,22.2,104330,,Q,Rajeev Ram,R,193,USA,23.8,7-6(5) 3-6 6-4 2-6 6-3,5,R128,187,9,2,147,94,69,26,24,9,15,12,3,147,101,75,17,24,10,15,70,541,233,176
2008-580,Australian Open,Hard,128,G,20080114,19,105023,,,Sam Querrey,R,198,USA,20.2,103694,,,Olivier Rochus,R,168,BEL,26.9,6-3 6-2 7-5,5,R128,118,21,4,82,49,42,17,15,4,6,2,4,104,53,26,26,14,9,15,62,588,56,616
2008-580,Australian Open,Hard,128,G,20080114,20,104098,32,,Dmitry Tursunov,R,185,RUS,25.0,103598,,,Xavier Malisse,R,185,BEL,27.4,6-7(1) 5-7 6-2 6-1 6-3,5,R128,183,15,1,140,90,66,32,24,5,7,11,4,138,74,56,32,24,8,15,32,965,156,270
2008-580,Australian Open,Hard,128,G,20080114,21,103720,19,,Lleyton Hewitt,R,180,AUS,26.8,104327,,,Steve Darcis,R,178,BEL,23.8,6-0 6-3 6-0,5,R128,76,14,6,55,30,25,17,11,0,1,1,0,53,26,15,5,10,5,13,22,1385,83,492
2008-580,Australian Open,Hard,128,G,20080114,22,104797,,WC,Denis Istomin,R,188,UZB,21.3,105041,,Q,Lukas Lacko,R,185,SVK,20.1,6-3 6-7(1) 7-6(4) 6-1,5,R128,167,5,3,122,79,57,27,20,5,7,8,7,145,79,56,31,20,11,17,216,193,150,285
2008-580,Australian Open,Hard,128,G,20080114,23,103498,,,Marat Safin,R,193,RUS,27.9,105208,,,Ernests Gulbis,R,190,LAT,19.3,6-0 6-4 7-6(2),5,R128,114,6,1,84,39,31,28,14,2,3,9,6,109,56,36,23,14,9,14,58,610,61,595
2008-580,Australian Open,Hard,128,G,20080114,24,104571,15,,Marcos Baghdatis,R,183,CYP,22.5,102563,,,Thomas Johansson,R,180,SWE,32.8,7-6(0) 6-2 3-6 6-3,5,R128,188,16,4,125,63,52,30,19,7,10,8,5,129,72,48,26,19,11,16,16,1600,51,635
2008-580,Australian Open,Hard,128,G,20080114,25,103900,10,,David Nalbandian,R,180,ARG,26.0,104635,,WC,Robert Smeets,L,188,AUS,22.1,6-1 6-1 7-6(3),5,R128,102,4,5,75,39,32,24,13,1,2,6,5,87,38,24,20,13,3,9,10,1775,149,286
2008-580,Australian Open,Hard,128,G,20080114,26,103429,,,Peter Luczak,R,183,AUS,28.3,103151,,,Mariano Zabaleta,R,183,ARG,29.8,6-1 6-7(2) 6-3 6-4,5,R128,155,11,7,120,76,61,23,20,4,6,13,7,111,51,42,25,18,7,13,90,464,104,416
2008-580,Australian Open,Hard,128,G,20080114,27,103553,,WC,Alun Jones,R,180,AUS,27.7,103656,,,Albert Montanes,R,175,ESP,27.1,6-4 6-3 3-6 6-2,5,R128,166,5,2,129,90,58,16,18,12,17,5,9,119,69,44,20,18,6,14,137,313,45,681
2008-580,Australian Open,Hard,128,G,20080114,28,103507,22,,Juan Carlos Ferrero,R,183,ESP,27.9,103017,,,Nicolas Kiefer,R,183,GER,30.5,6-4 6-3 6-1,5,R128,123,8,2,81,58,45,13,13,4,4,6,5,80,43,28,15,13,4,9,21,1400,42,685
2008-580,Australian Open,Hard,128,G,20080114,29,102434,,,Vincent Spadea,R,183,USA,33.4,103285,30,,Radek Stepanek,R,185,CZE,29.1,2-6 2-6 7-5 6-2 6-3,5,R128,186,0,8,146,81,57,34,23,9,14,8,1,126,72,48,32,22,3,8,80,515,30,985
2008-580,Australian Open,Hard,128,G,20080114,30,103823,,Q,Denis Gremelmayr,L,183,GER,26.4,103373,,,Sergio Roitman,R,185,ARG,28.6,6-1 0-6 6-4 7-5,5,R128,146,13,5,126,67,50,27,18,19,23,7,6,115,63,39,28,17,6,11,119,366,72,537
2008-580,Australian Open,Hard,128,G,20080114,31,105223,,,Juan Martin del Potro,R,198,ARG,19.3,103490,,,Santiago Ventura,R,183,ESP,28.0,6-3 6-1 6-3,5,R128,98,3,2,80,53,41,16,13,2,2,8,6,74,35,24,15,12,8,13,53,625,87,473
2008-580,Australian Open,Hard,128,G,20080114,32,103970,5,,David Ferrer,R,175,ESP,25.7,104273,,,Edouard Roger-Vasselin,R,188,FRA,24.1,6-2 6-2 6-1,5,R128,85,3,2,61,46,35,11,11,5,6,2,2,74,44,21,10,12,3,11,5,2615,93,450
2008-580,Australian Open,Hard,128,G,20080114,33,104755,8,,Richard Gasquet,R,185,FRA,21.5,105194,,WC,Nick Lindahl,R,183,AUS,19.4,6-0 6-1 3-6 6-2,5,R128,104,10,3,77,52,39,20,15,1,2,7,3,114,77,48,13,15,11,18,8,1895,254,161
2008-580,Australian Open,Hard,128,G,20080114,34,103852,,,Feliciano Lopez,L,188,ESP,26.3,104639,,Q,Wayne Odesnik,L,180,USA,22.1,7-6(6) 6-1 6-4,5,R128,100,28,6,95,55,46,25,15,2,2,6,3,78,41,29,25,14,1,4,37,840,124,359
2008-580,Australian Open,Hard,128,G,20080114,35,104019,,,Kristof Vliegen,R,193,BEL,25.5,103535,,,Olivier Patience,R,180,FRA,27.8,6-0 6-1 7-6(3),5,R128,98,9,1,75,46,36,20,13,3,4,4,2,93,69,36,10,12,6,12,105,412,110,405
2008-580,Australian Open,Hard,128,G,20080114,36,104214,31,,Igor Andreev,R,185,RUS,24.5,102318,,,Andrei Pavel,R,183,ROU,33.9,5-7 6-2 7-6(4) 6-3,5,R128,182,7,2,126,92,69,22,21,3,4,3,1,141,105,65,24,20,3,6,35,890,78,518
2008-580,Australian Open,Hard,128,G,20080114,37,104198,,,Guillermo Garcia Lopez,R,188,ESP,24.6,103428,18,,Juan Ignacio Chela,R,190,ARG,28.3,6-4 6-2 1-6 6-2,5,R128,150,1,4,94,63,40,16,16,1,6,2,8,125,75,43,23,17,10,18,86,477,20,1425
2008-580,Australian Open,Hard,128,G,20080114,38,104268,,,Alejandro Falla,L,185,COL,24.1,104731,,Q,Kevin Anderson,R,203,RSA,21.6,5-7 7-5 6-7(8) 6-2 7-5,5,R128,246,4,4,175,106,71,40,28,12,17,13,8,200,138,85,32,28,10,18,84,481,208,201
2008-580,Australian Open,Hard,128,G,20080114,39,104173,,Q,Sam Warburg,R,190,USA,24.7,103976,,,Juan Pablo Brzezicki,R,178,ARG,25.7,2-6 6-2 6-3 2-6 6-4,5,R128,207,5,4,138,97,58,24,22,9,16,7,4,140,94,58,21,21,9,16,172,241,97,437
2008-580,Australian Open,Hard,128,G,20080114,40,104542,,,Jo-Wilfried Tsonga,R,188,FRA,22.7,104918,9,,Andy Murray,R,190,GBR,20.6,7-5 6-4 0-6 7-6(5),5,R128,192,7,6,136,81,58,23,20,5,10,7,3,136,79,55,27,20,9,13,38,789,9,1830
2008-580,Australian Open,Hard,128,G,20080114,41,104022,14,,Mikhail Youzhny,R,183,RUS,25.5,104515,,WC,Mathieu Montcourt,R,183,FRA,22.8,6-0 6-2 7-6(3),5,R128,111,4,2,97,59,45,18,13,11,12,1,4,75,48,28,10,13,0,6,14,1670,122,361
2008-580,Australian Open,Hard,128,G,20080114,42,104312,,,Andreas Seppi,R,190,ITA,23.8,103248,,Q,Harel Levy,R,185,ISR,29.4,6-4 6-2 6-1,5,R128,87,6,1,76,42,33,19,13,0,2,0,3,75,43,20,16,12,7,14,48,659,160,262
2008-580,Australian Open,Hard,128,G,20080114,43,104534,,,Dudi Sela,R,175,ISR,22.7,103763,,Q,Martin Slanar,R,,AUT,26.7,6-2 6-4 6-2,5,R128,117,1,3,103,72,52,18,13,5,5,3,4,87,52,33,13,13,6,11,66,573,277,138
2008-580,Australian Open,Hard,128,G,20080114,44,103333,20,,Ivo Karlovic,R,208,CRO,28.8,104779,,Q,Jamie Baker,R,183,GBR,21.4,6-4 6-4 6-7(1) 6-4,5,R128,209,19,4,126,76,57,29,21,4,6,6,2,136,94,57,27,21,9,14,24,1360,217,192
2008-580,Australian Open,Hard,128,G,20080114,45,104527,26,,Stan Wawrinka,R,183,SUI,22.7,103898,,,Julien Benneteau,R,185,FRA,26.0,6-3 6-3 6-3,5,R128,108,14,3,78,45,38,17,14,1,3,2,6,88,45,27,18,13,7,13,29,995,65,575
2008-580,Australian Open,Hard,128,G,20080114,46,102967,,,Marc Gicquel,R,188,FRA,30.7,104229,,,Yen Hsun Lu,R,180,TPE,24.4,6-3 4-6 6-7(6) 6-4 6-2,5,R128,270,14,8,184,113,83,30,24,14,18,3,5,180,102,67,39,25,10,18,73,535,112,393
2008-580,Australian Open,Hard,128,G,20080114,47,103917,,,Nicolas Mahut,R,190,FRA,25.9,104076,,,Jose Acasuso,R,190,ARG,25.2,7-6(2) 5-7 6-2 3-6 7-5,5,R128,228,13,9,167,97,69,42,26,8,12,14,7,178,98,71,41,27,9,14,44,683,63,581
2008-580,Australian Open,Hard,128,G,20080114,48,103786,4,,Nikolay Davydenko,R,178,RUS,26.6,103566,,,Michael Llodra,L,190,FRA,27.6,7-5 7-5 6-3,5,R128,128,1,3,92,72,55,8,16,3,5,4,4,103,60,41,17,17,4,10,4,2825,50,654
2008-580,Australian Open,Hard,128,G,20080114,49,104053,6,,Andy Roddick,R,188,USA,25.3,104160,,Q,Lukas Dlouhy,R,185,CZE,24.7,6-3 6-4 7-5,5,R128,98,13,2,89,58,44,18,16,5,7,7,12,88,49,33,16,0,6,11,6,2530,154,275
2008-580,Australian Open,Hard,128,G,20080114,50,103582,,,Michael Berrer,L,193,GER,27.5,105385,,,Donald Young,L,183,USA,18.4,6-7(5) 7-6(4) 6-3 7-6(5),5,R128,199,7,10,146,99,77,22,22,3,6,5,8,178,109,70,35,23,10,15,54,621,98,432
2008-580,Australian Open,Hard,128,G,20080114,51,105095,,,Evgeny Korolev,R,185,KAZ,19.9,104719,,Q,Marcel Granollers,R,190,ESP,21.7,7-5 6-2 6-0,5,R128,89,3,1,78,47,37,18,13,8,9,1,7,73,42,19,17,13,2,9,82,492,131,334
2008-580,Australian Open,Hard,128,G,20080114,52,104259,29,,Philipp Kohlschreiber,R,178,GER,24.2,104056,,Q,Roko Karanusic,R,183,CRO,25.3,6-4 7-6(5) 6-1,5,R128,132,4,2,115,88,59,16,15,10,11,6,1,91,59,41,13,14,5,9,27,1075,133,323
2008-580,Australian Open,Hard,128,G,20080114,53,103813,24,,Jarkko Nieminen,L,185,FIN,26.4,104433,,,Frank Dancevic,R,185,CAN,23.2,6-3 6-1 5-7 2-6 6-1,5,R128,131,1,2,113,76,58,19,21,0,3,13,1,127,79,54,25,22,7,14,26,1075,74,531
2008-580,Australian Open,Hard,128,G,20080114,54,105028,,WC,Jesse Levine,L,175,CAN,20.2,103506,,,Martin Vassallo Arguello,R,183,ARG,27.9,6-1 7-5 6-1,5,R128,101,3,3,80,52,38,14,13,5,7,1,5,77,46,24,11,13,3,11,170,242,77,520
2008-580,Australian Open,Hard,128,G,20080114,55,103888,,,Mardy Fish,R,188,USA,26.0,104081,,,Boris Pashanski,R,180,SRB,25.1,6-2 6-3 3-6 6-3,5,R128,140,12,2,107,64,49,22,18,2,5,1,5,121,83,52,15,17,10,16,43,685,95,441
2008-580,Australian Open,Hard,128,G,20080114,56,103990,11,,Tommy Robredo,R,180,ESP,25.7,104999,,,Mischa Zverev,L,190,GER,20.3,4-6 2-6 7-6(2) 6-4 7-5,5,R128,238,4,7,188,123,85,27,26,11,19,2,1,188,142,91,16,26,10,17,12,1705,85,478
2008-580,Australian Open,Hard,128,G,20080114,57,102905,,,Stefan Koubek,L,175,AUT,31.0,102845,16,,Carlos Moya,R,190,ESP,31.3,7-6(5) 6-7(2) 7-5 6-4,5,R128,214,5,11,158,88,61,38,23,6,9,7,4,161,105,67,31,23,5,10,68,556,18,1505
2008-580,Australian Open,Hard,128,G,20080114,58,102860,,,Agustin Calleri,R,183,ARG,31.3,103632,,,Luis Horna,R,180,PER,27.3,6-4 6-7(6) 6-3 6-4,5,R128,165,16,4,130,65,50,44,21,7,7,14,3,118,71,57,22,20,5,8,41,700,76,520
2008-580,Australian Open,Hard,128,G,20080114,59,104154,,,Paul Capdeville,R,190,CHI,24.7,105454,,WC,Brydan Klein,R,183,AUS,18.0,6-4 7-5 6-4,5,R128,154,3,1,97,72,52,13,16,2,4,4,7,113,63,40,26,16,6,11,100,428,618,32
2008-580,Australian Open,Hard,128,G,20080114,60,103908,23,,Paul Henri Mathieu,R,185,FRA,26.0,103812,,,Victor Hanescu,R,198,ROU,26.4,6-1 7-6(4) 6-2,5,R128,134,8,7,88,53,45,18,14,5,6,1,2,102,73,47,9,13,14,19,25,1320,79,517
2008-580,Australian Open,Hard,128,G,20080114,61,104468,28,,Gilles Simon,R,183,FRA,23.0,104035,,,Bobby Reynolds,R,183,USA,25.4,4-6 6-4 6-2 6-7(3) 6-4,5,R128,222,10,6,176,121,90,24,25,17,20,11,2,171,93,63,43,25,12,18,33,955,113,392
2008-580,Australian Open,Hard,128,G,20080114,62,102783,,,Rainer Schuettler,R,180,GER,31.7,103096,,,Arnaud Clement,R,173,FRA,30.0,6-4 6-2 6-7(3) 6-4,5,R128,192,4,5,124,83,51,28,20,8,11,3,4,142,89,56,25,20,8,15,92,453,59,610
2008-580,Australian Open,Hard,128,G,20080114,63,103722,,,Florent Serra,R,180,FRA,26.8,104252,,,Florian Mayer,R,190,GER,24.2,6-3 7-6(2) 7-6(5),5,R128,124,2,3,101,56,41,28,16,6,10,8,3,133,87,55,21,17,8,14,88,466,52,626
2008-580,Australian Open,Hard,128,G,20080114,64,104745,2,,Rafael Nadal,L,185,ESP,21.6,104678,,Q,Viktor Troicki,R,193,SRB,21.9,7-6(3) 7-5 6-1,5,R128,154,4,4,95,58,39,28,16,3,5,14,2,97,66,47,10,15,7,12,2,5780,126,357
2008-580,Australian Open,Hard,128,G,20080114,65,103819,1,,Roger Federer,R,185,SUI,26.4,102148,,,Fabrice Santoro,R,178,FRA,35.0,6-1 6-2 6-0,5,R64,80,6,1,61,42,32,15,11,2,2,2,0,69,45,20,9,10,7,14,1,7180,36,852
2008-580,Australian Open,Hard,128,G,20080114,66,104386,,,Janko Tipsarevic,R,180,SRB,23.5,104269,25,,Fernando Verdasco,L,188,ESP,24.1,7-5 7-6(3) 7-6(3),5,R64,160,8,2,111,72,55,23,18,0,3,15,6,110,80,57,13,18,2,6,49,657,28,1050
2008-580,Australian Open,Hard,128,G,20080114,67,104338,21,,Juan Monaco,R,185,ARG,23.7,104025,,Q,Amer Delic,R,196,BIH,25.5,6-3 7-6(6) 5-7 6-7(8) 8-6,5,R64,251,4,7,195,145,100,29,30,9,14,17,12,192,107,81,41,29,10,16,23,1380,136,314
2008-580,Australian Open,Hard,128,G,20080114,68,104607,13,,Tomas Berdych,R,196,CZE,22.3,103169,,,Oscar Hernandez,R,180,ESP,29.7,6-2 6-1 6-3,5,R64,91,9,4,65,39,35,14,12,2,2,1,2,71,48,31,6,12,5,11,13,1685,60,602
2008-580,Australian Open,Hard,128,G,20080114,69,103484,12,,James Blake,R,185,USA,28.0,103188,,,Michael Russell,R,173,USA,29.7,6-3 6-2 6-2,5,R64,84,8,3,69,41,33,17,13,0,1,2,2,72,50,24,12,12,4,10,15,1610,101,426
2008-580,Australian Open,Hard,128,G,20080114,70,103206,,,Sebastien Grosjean,R,175,FRA,29.6,104898,,Q,Robin Haase,R,190,NED,20.7,4-6 6-4 6-0 6-7(4) 6-4,5,R64,181,7,2,132,84,63,30,24,2,5,5,3,138,77,55,31,24,4,11,46,661,103,424
2008-580,Australian Open,Hard,128,G,20080114,71,105227,,,Marin Cilic,R,198,CRO,19.2,103781,,,Jurgen Melzer,L,183,AUT,26.6,6-4 6-3 6-4,5,R64,116,7,1,92,49,35,29,15,1,2,3,2,93,66,34,19,14,7,11,57,615,71,540
2008-580,Australian Open,Hard,128,G,20080114,72,103602,7,,Fernando Gonzalez,R,183,CHI,27.4,102703,,,Hyung Taik Lee,R,180,KOR,32.0,4-6 6-3 6-2 6-4,5,R64,156,15,4,125,74,47,28,19,8,12,5,4,116,70,44,21,18,10,17,7,2005,47,659
2008-580,Australian Open,Hard,128,G,20080114,73,104925,3,,Novak Djokovic,R,188,SRB,20.6,104620,,,Simone Bolelli,R,183,ITA,22.2,6-1 6-2 6-2,5,R64,92,12,3,73,45,34,18,12,2,2,5,2,64,38,19,11,11,2,8,3,4315,70,541
2008-580,Australian Open,Hard,128,G,20080114,74,105023,,,Sam Querrey,R,198,USA,20.2,104098,32,,Dmitry Tursunov,R,185,RUS,25.0,7-6(5) 4-6 6-4 6-2,5,R64,193,13,6,132,72,56,29,20,5,8,7,7,146,81,54,30,20,3,8,62,588,32,965
2008-580,Australian Open,Hard,128,G,20080114,75,103720,19,,Lleyton Hewitt,R,180,AUS,26.8,104797,,WC,Denis Istomin,R,188,UZB,21.3,7-6(5) 6-3 5-7 6-1,5,R64,184,13,2,123,71,47,36,20,9,12,9,1,134,74,52,25,20,6,12,22,1385,216,193
2008-580,Australian Open,Hard,128,G,20080114,76,104571,15,,Marcos Baghdatis,R,183,CYP,22.5,103498,,,Marat Safin,R,193,RUS,27.9,6-4 6-4 2-6 3-6 6-2,5,R64,192,4,4,134,80,59,29,22,3,7,12,0,149,84,57,36,23,12,17,16,1600,58,610
2008-580,Australian Open,Hard,128,G,20080114,77,103900,10,,David Nalbandian,R,180,ARG,26.0,103429,,,Peter Luczak,R,183,AUS,28.3,4-6 7-5 6-4 6-1,5,R64,160,19,5,113,69,57,25,20,2,3,15,3,119,76,56,20,19,3,7,10,1775,90,464
2008-580,Australian Open,Hard,128,G,20080114,78,103507,22,,Juan Carlos Ferrero,R,183,ESP,27.9,103553,,WC,Alun Jones,R,180,AUS,27.7,6-4 6-4 6-2,5,R64,107,7,1,87,55,42,18,14,8,9,3,2,78,45,31,16,14,3,8,21,1400,137,313
2008-580,Australian Open,Hard,128,G,20080114,79,102434,,,Vincent Spadea,R,183,USA,33.4,103823,,Q,Denis Gremelmayr,L,183,GER,26.4,4-6 6-2 6-3 2-6 9-7,5,R64,227,2,1,178,119,81,29,26,16,22,8,7,169,88,60,39,25,12,19,80,515,119,366
2008-580,Australian Open,Hard,128,G,20080114,80,103970,5,,David Ferrer,R,175,ESP,25.7,105223,,,Juan Martin del Potro,R,198,ARG,19.3,6-3 6-4 RET,5,R64,98,1,1,53,40,28,5,9,1,3,0,2,77,62,32,7,10,7,12,5,2615,53,625
2008-580,Australian Open,Hard,128,G,20080114,81,104755,8,,Richard Gasquet,R,185,FRA,21.5,103852,,,Feliciano Lopez,L,188,ESP,26.3,6-2 6-1 6-3,5,R64,88,8,1,59,41,32,16,12,0,0,3,5,86,55,28,14,12,5,11,8,1895,37,840
2008-580,Australian Open,Hard,128,G,20080114,82,104214,31,,Igor Andreev,R,185,RUS,24.5,104019,,,Kristof Vliegen,R,193,BEL,25.5,7-5 7-5 6-2,5,R64,132,2,8,103,68,54,18,16,8,8,5,3,99,75,46,15,16,7,11,35,890,105,412
2008-580,Australian Open,Hard,128,G,20080114,83,104198,,,Guillermo Garcia Lopez,R,188,ESP,24.6,104268,,,Alejandro Falla,L,185,COL,24.1,6-4 5-7 6-4 7-6(6),5,R64,212,5,6,137,79,59,26,22,6,11,5,7,178,114,67,34,22,16,22,86,477,84,481
2008-580,Australian Open,Hard,128,G,20080114,84,104542,,,Jo-Wilfried Tsonga,R,188,FRA,22.7,104173,,Q,Sam Warburg,R,190,USA,24.7,6-4 7-6(4) 6-2,5,R64,133,14,0,89,57,46,16,15,3,4,3,2,115,82,48,15,15,9,13,38,789,172,241
2008-580,Australian Open,Hard,128,G,20080114,85,104022,14,,Mikhail Youzhny,R,183,RUS,25.5,104312,,,Andreas Seppi,R,190,ITA,23.8,4-6 7-5 6-3 7-6(4),5,R64,199,8,6,146,91,68,28,22,8,12,6,3,124,65,48,30,21,7,12,14,1670,48,659
2008-580,Australian Open,Hard,128,G,20080114,86,103333,20,,Ivo Karlovic,R,208,CRO,28.8,104534,,,Dudi Sela,R,175,ISR,22.7,6-7(5) 6-4 6-3 6-1,5,R64,165,15,1,122,77,63,22,19,4,4,0,1,128,89,52,28,19,8,13,24,1360,66,573
2008-580,Australian Open,Hard,128,G,20080114,87,102967,,,Marc Gicquel,R,188,FRA,30.7,104527,26,,Stan Wawrinka,R,183,SUI,22.7,6-2 3-6 7-6(5) 2-1 RET,5,R64,171,2,3,110,65,41,28,15,5,8,9,3,109,59,44,21,17,3,8,73,535,29,995
2008-580,Australian Open,Hard,128,G,20080114,88,103786,4,,Nikolay Davydenko,R,178,RUS,26.6,103917,,,Nicolas Mahut,R,190,FRA,25.9,6-4 6-0 6-3,5,R64,113,3,2,91,70,43,8,13,7,11,3,7,75,50,23,8,12,4,13,4,2825,44,683
2008-580,Australian Open,Hard,128,G,20080114,89,104053,6,,Andy Roddick,R,188,USA,25.3,103582,,,Michael Berrer,L,193,GER,27.5,6-2 6-2 6-4,5,R64,117,10,1,75,57,46,9,13,2,3,6,7,101,63,41,12,13,12,18,6,2530,54,621
2008-580,Australian Open,Hard,128,G,20080114,90,104259,29,,Philipp Kohlschreiber,R,178,GER,24.2,105095,,,Evgeny Korolev,R,185,KAZ,19.9,6-4 6-2 0-1 RET,5,R64,85,6,1,49,29,23,14,9,1,1,3,5,69,42,32,9,10,6,9,27,1075,82,492
2008-580,Australian Open,Hard,128,G,20080114,91,103813,24,,Jarkko Nieminen,L,185,FIN,26.4,105028,,WC,Jesse Levine,L,175,CAN,20.2,6-2 7-5 7-6(2),5,R64,143,4,7,102,74,52,9,16,5,10,7,6,123,68,40,22,16,15,23,26,1075,170,242
2008-580,Australian Open,Hard,128,G,20080114,92,103888,,,Mardy Fish,R,188,USA,26.0,103990,11,,Tommy Robredo,R,180,ESP,25.7,6-1 6-2 6-3,5,R64,94,4,5,70,40,33,15,12,2,3,1,5,82,52,27,12,12,7,14,43,685,12,1705
2008-580,Australian Open,Hard,128,G,20080114,93,102905,,,Stefan Koubek,L,175,AUT,31.0,102860,,,Agustin Calleri,R,183,ARG,31.3,6-3 7-6(6) 7-6(5),5,R64,133,3,2,119,76,54,29,17,5,6,6,4,100,53,40,29,16,2,4,68,556,41,700
2008-580,Australian Open,Hard,128,G,20080114,94,103908,23,,Paul Henri Mathieu,R,185,FRA,26.0,104154,,,Paul Capdeville,R,190,CHI,24.7,6-7(5) 6-0 6-4 6-4,5,R64,183,11,2,125,70,53,33,19,4,5,4,2,115,73,50,18,19,7,13,25,1320,100,428
2008-580,Australian Open,Hard,128,G,20080114,95,104468,28,,Gilles Simon,R,183,FRA,23.0,102783,,,Rainer Schuettler,R,180,GER,31.7,6-2 6-2 6-1,5,R64,88,4,2,70,51,37,12,11,2,2,1,1,75,47,25,13,12,10,17,33,955,92,453
2008-580,Australian Open,Hard,128,G,20080114,96,104745,2,,Rafael Nadal,L,185,ESP,21.6,103722,,,Florent Serra,R,180,FRA,26.8,6-0 6-2 6-2,5,R64,92,9,1,67,48,37,8,11,1,3,0,2,63,45,22,3,11,5,14,2,5780,88,466
2008-580,Australian Open,Hard,128,G,20080114,97,103819,1,,Roger Federer,R,185,SUI,26.4,104386,,,Janko Tipsarevic,R,180,SRB,23.5,6-7(5) 7-6(1) 5-7 6-1 10-8,5,R32,265,39,1,167,107,95,33,31,0,3,12,6,207,106,75,58,30,16,21,1,7180,49,657
2008-580,Australian Open,Hard,128,G,20080114,98,104607,13,,Tomas Berdych,R,196,CZE,22.3,104338,21,,Juan Monaco,R,185,ARG,23.7,3-6 6-3 7-6(5) 6-2,5,R32,153,15,7,116,83,63,15,19,3,6,10,2,130,95,63,15,19,4,9,13,1685,23,1380
2008-580,Australian Open,Hard,128,G,20080114,99,103484,12,,James Blake,R,185,USA,28.0,103206,,,Sebastien Grosjean,R,175,FRA,29.6,4-6 2-6 6-0 7-6(5) 6-2,5,R32,185,10,3,167,92,60,41,22,14,20,4,2,137,81,53,26,22,6,14,15,1610,46,661
2008-580,Australian Open,Hard,128,G,20080114,100,105227,,,Marin Cilic,R,198,CRO,19.2,103602,7,,Fernando Gonzalez,R,183,CHI,27.4,6-2 6-7(4) 6-3 6-1,5,R32,156,14,5,111,62,45,32,18,3,4,2,7,126,82,48,19,18,8,15,57,615,7,2005
2008-580,Australian Open,Hard,128,G,20080114,101,104925,3,,Novak Djokovic,R,188,SRB,20.6,105023,,,Sam Querrey,R,198,USA,20.2,6-3 6-1 6-3,5,R32,94,5,1,62,46,35,13,12,3,4,8,5,92,57,35,11,13,7,14,3,4315,62,588
2008-580,Australian Open,Hard,128,G,20080114,102,103720,19,,Lleyton Hewitt,R,180,AUS,26.8,104571,15,,Marcos Baghdatis,R,183,CYP,22.5,4-6 7-5 7-5 6-7(4) 6-3,5,R32,283,9,6,168,95,72,36,27,9,14,28,8,206,108,81,40,28,15,23,22,1385,16,1600
2008-580,Australian Open,Hard,128,G,20080114,103,103507,22,,Juan Carlos Ferrero,R,183,ESP,27.9,103900,10,,David Nalbandian,R,180,ARG,26.0,6-1 6-2 6-3,5,R32,103,11,2,77,48,38,17,12,1,1,3,4,67,36,22,12,12,4,10,21,1400,10,1775
2008-580,Australian Open,Hard,128,G,20080114,104,103970,5,,David Ferrer,R,175,ESP,25.7,102434,,,Vincent Spadea,R,183,USA,33.4,6-3 6-3 6-2,5,R32,106,5,2,77,50,41,14,13,2,2,0,1,93,55,33,18,13,4,9,5,2615,80,515
2008-580,Australian Open,Hard,128,G,20080114,105,104755,8,,Richard Gasquet,R,185,FRA,21.5,104214,31,,Igor Andreev,R,185,RUS,24.5,6-3 6-2 4-6 6-4,5,R32,142,9,2,99,66,49,22,19,0,2,2,0,105,72,44,22,18,8,13,8,1895,35,890
2008-580,Australian Open,Hard,128,G,20080114,106,104542,,,Jo-Wilfried Tsonga,R,188,FRA,22.7,104198,,,Guillermo Garcia Lopez,R,188,ESP,24.6,6-3 6-4 6-2,5,R32,102,21,1,76,53,44,10,14,0,1,6,7,79,42,22,20,13,3,8,38,789,86,477
2008-580,Australian Open,Hard,128,G,20080114,107,104022,14,,Mikhail Youzhny,R,183,RUS,25.5,103333,20,,Ivo Karlovic,R,208,CRO,28.8,6-2 6-4 6-2,5,R32,94,4,1,68,50,41,13,13,2,2,11,1,71,46,28,12,13,1,6,14,1670,24,1360
2008-580,Australian Open,Hard,128,G,20080114,108,103786,4,,Nikolay Davydenko,R,178,RUS,26.6,102967,,,Marc Gicquel,R,188,FRA,30.7,6-3 6-2 6-3,5,R32,139,2,1,89,58,38,18,13,4,6,7,0,95,62,38,10,13,6,13,4,2825,73,535
2008-580,Australian Open,Hard,128,G,20080114,109,104259,29,,Philipp Kohlschreiber,R,178,GER,24.2,104053,6,,Andy Roddick,R,188,USA,25.3,6-4 3-6 7-6(9) 6-7(3) 8-6,5,R32,230,32,2,165,107,91,37,28,8,9,42,3,182,131,109,24,29,9,11,27,1075,6,2530
2008-580,Australian Open,Hard,128,G,20080114,110,103813,24,,Jarkko Nieminen,L,185,FIN,26.4,103888,,,Mardy Fish,R,188,USA,26.0,3-6 7-6(4) 6-3 6-1,5,R32,157,11,4,133,97,74,17,18,11,12,13,3,125,72,57,23,19,9,13,26,1075,43,685
2008-580,Australian Open,Hard,128,G,20080114,111,103908,23,,Paul Henri Mathieu,R,185,FRA,26.0,102905,,,Stefan Koubek,L,175,AUT,31.0,4-6 7-6(4) 2-6 7-5 8-6,5,R32,238,7,8,184,104,72,39,28,11,18,18,5,188,120,85,31,28,14,20,25,1320,68,556
2008-580,Australian Open,Hard,128,G,20080114,112,104745,2,,Rafael Nadal,L,185,ESP,21.6,104468,28,,Gilles Simon,R,183,FRA,23.0,7-5 6-2 6-3,5,R32,145,7,1,86,51,38,22,14,5,6,5,0,109,67,42,18,15,11,17,2,5780,33,955
2008-580,Australian Open,Hard,128,G,20080114,113,103819,1,,Roger Federer,R,185,SUI,26.4,104607,13,,Tomas Berdych,R,196,CZE,22.3,6-4 7-6(7) 6-3,5,R16,117,11,1,94,59,44,26,16,2,3,7,4,96,54,41,20,15,4,7,1,7180,13,1685
2008-580,Australian Open,Hard,128,G,20080114,114,103484,12,,James Blake,R,185,USA,28.0,105227,,,Marin Cilic,R,198,CRO,19.2,6-3 6-4 6-4,5,R16,100,4,0,88,55,42,24,15,3,3,5,3,78,44,31,18,14,2,5,15,1610,57,615
2008-580,Australian Open,Hard,128,G,20080114,115,104925,3,,Novak Djokovic,R,188,SRB,20.6,103720,19,,Lleyton Hewitt,R,180,AUS,26.8,7-5 6-3 6-3,5,R16,146,13,6,104,62,45,19,15,4,7,6,4,90,48,28,18,15,5,12,3,4315,22,1385
2008-580,Australian Open,Hard,128,G,20080114,116,103970,5,,David Ferrer,R,175,ESP,25.7,103507,22,,Juan Carlos Ferrero,R,183,ESP,27.9,7-5 3-6 6-4 6-1,5,R16,185,6,0,120,89,62,13,19,12,16,3,7,142,93,60,17,19,15,22,5,2615,21,1400
2008-580,Australian Open,Hard,128,G,20080114,117,104542,,,Jo-Wilfried Tsonga,R,188,FRA,22.7,104755,8,,Richard Gasquet,R,185,FRA,21.5,6-2 6-7(5) 7-6(6) 6-3,5,R16,195,19,2,134,88,73,23,20,7,8,5,4,151,92,64,29,21,7,12,38,789,8,1895
2008-580,Australian Open,Hard,128,G,20080114,118,104022,14,,Mikhail Youzhny,R,183,RUS,25.5,103786,4,,Nikolay Davydenko,R,178,RUS,26.6,7-6(2) 6-3 6-1,5,R16,144,5,2,87,53,40,17,14,3,6,2,1,94,58,34,15,14,2,9,14,1670,4,2825
2008-580,Australian Open,Hard,128,G,20080114,119,103813,24,,Jarkko Nieminen,L,185,FIN,26.4,104259,29,,Philipp Kohlschreiber,R,178,GER,24.2,3-6 7-6(7) 7-6(9) 6-3,5,R16,211,4,4,175,109,68,30,21,15,22,9,7,149,79,54,31,21,7,14,26,1075,27,1075
2008-580,Australian Open,Hard,128,G,20080114,120,104745,2,,Rafael Nadal,L,185,ESP,21.6,103908,23,,Paul Henri Mathieu,R,185,FRA,26.0,6-4 3-0 RET,5,R16,51,3,1,29,27,24,0,6,0,0,5,3,37,22,12,6,7,0,3,2,5780,25,1320
2008-580,Australian Open,Hard,128,G,20080114,121,103819,1,,Roger Federer,R,185,SUI,26.4,103484,12,,James Blake,R,185,USA,28.0,7-5 7-6(5) 6-4,5,QF,119,13,0,96,65,49,18,17,0,3,8,5,116,67,47,21,17,5,10,1,7180,15,1610
2008-580,Australian Open,Hard,128,G,20080114,122,104925,3,,Novak Djokovic,R,188,SRB,20.6,103970,5,,David Ferrer,R,175,ESP,25.7,6-0 6-3 7-5,5,QF,132,7,3,93,58,44,18,14,8,9,4,4,91,52,29,17,13,8,14,3,4315,5,2615
2008-580,Australian Open,Hard,128,G,20080114,123,104542,,,Jo-Wilfried Tsonga,R,188,FRA,22.7,104022,14,,Mikhail Youzhny,R,183,RUS,25.5,7-5 6-0 7-6(6),5,QF,136,8,1,86,57,49,17,15,0,0,0,3,106,78,53,9,15,3,7,38,789,14,1670
2008-580,Australian Open,Hard,128,G,20080114,124,104745,2,,Rafael Nadal,L,185,ESP,21.6,103813,24,,Jarkko Nieminen,L,185,FIN,26.4,7-5 6-3 6-1,5,QF,138,5,5,92,55,43,18,14,7,8,2,2,91,63,40,10,14,3,9,2,5780,26,1075
2008-580,Australian Open,Hard,128,G,20080114,125,104925,3,,Novak Djokovic,R,188,SRB,20.6,103819,1,,Roger Federer,R,185,SUI,26.4,7-5 6-3 7-6(5),5,SF,146,13,6,113,77,60,15,17,7,9,10,2,109,68,48,18,16,7,11,3,4315,1,7180
2008-580,Australian Open,Hard,128,G,20080114,126,104542,,,Jo-Wilfried Tsonga,R,188,FRA,22.7,104745,2,,Rafael Nadal,L,185,ESP,21.6,6-2 6-3 6-2,5,SF,116,18,1,76,48,41,16,13,3,3,2,1,70,48,27,11,12,2,7,38,789,2,5780
2008-580,Australian Open,Hard,128,G,20080114,127,104925,3,,Novak Djokovic,R,188,SRB,20.6,104542,,,Jo-Wilfried Tsonga,R,188,FRA,22.7,4-6 6-4 6-3 7-6(2),5,F,185,11,2,122,68,53,34,20,3,5,15,2,136,97,69,18,21,8,12,3,4315,38,789
2009-580,Australian Open,Hard,128,G,20090119,1,104745,1,,Rafael Nadal,L,185,ESP,22.6,103294,,,Christophe Rochus,R,170,BEL,30.0,6-0 6-2 6-2,5,R128,76,10,2,51,35,32,12,11,0,0,1,2,72,48,28,5,11,4,11,1,13160,75,1096
2009-580,Australian Open,Hard,128,G,20090119,2,104056,,,Roko Karanusic,R,183,CRO,26.3,103722,,,Florent Serra,R,180,FRA,27.8,6-3 1-6 6-3 3-6 6-3,5,R128,152,8,5,131,83,60,21,22,8,14,5,1,126,86,55,21,21,4,10,92,974,58,1339
2009-580,Australian Open,Hard,128,G,20090119,3,103163,,,Tommy Haas,R,188,GER,30.7,104724,,,Eduardo Schwank,R,183,ARG,22.7,6-3 6-3 6-4,5,R128,119,11,5,89,42,37,23,14,5,7,2,4,92,55,33,17,14,7,13,79,1050,54,1380
2009-580,Australian Open,Hard,128,G,20090119,4,104262,,Q,Flavio Cipolla,R,173,ITA,25.2,104098,29,,Dmitry Tursunov,R,185,RUS,26.1,4-6 6-2 7-6(7) 7-5,5,R128,194,3,6,173,118,77,26,21,13,17,11,4,144,81,55,31,21,10,16,138,664,30,1952
2009-580,Australian Open,Hard,128,G,20090119,5,104755,24,,Richard Gasquet,R,185,FRA,22.5,103675,,,Diego Junqueira,L,178,ARG,28.0,6-7(5) 7-6(3) 6-3 6-4,5,R128,204,14,4,138,80,63,34,21,7,10,3,4,158,104,73,23,21,14,19,25,2330,76,1088
2009-580,Australian Open,Hard,128,G,20090119,6,104797,,WC,Denis Istomin,R,188,UZB,22.3,102434,,,Vincent Spadea,R,183,USA,34.5,6-2 7-5 6-4,5,R128,98,10,5,79,47,37,16,15,1,4,3,7,95,62,34,13,15,6,13,105,910,82,1038
2009-580,Australian Open,Hard,128,G,20090119,7,103084,,,Guillermo Canas,R,185,ARG,31.1,104010,,Q,Dieter Kindlmann,R,183,GER,26.6,3-6 7-5 5-7 6-0 7-5,5,R128,215,21,4,143,73,57,35,25,6,12,3,6,166,106,64,27,26,13,22,77,1086,229,337
2009-580,Australian Open,Hard,128,G,20090119,8,103602,13,,Fernando Gonzalez,R,183,CHI,28.4,103720,,,Lleyton Hewitt,R,180,AUS,27.9,5-7 6-2 6-2 3-6 6-3,5,R128,184,12,4,132,75,60,29,23,7,11,9,11,134,69,43,35,23,7,14,14,2840,70,1145
2009-580,Australian Open,Hard,128,G,20090119,9,104792,12,,Gael Monfils,R,193,FRA,22.3,103506,,,Martin Vassallo Arguello,R,183,ARG,28.9,6-1 6-3 7-5,5,R128,145,9,8,92,47,39,19,14,6,9,0,6,116,76,41,16,14,13,21,13,3010,71,1144
2009-580,Australian Open,Hard,128,G,20090119,10,102905,,,Stefan Koubek,L,175,AUT,32.0,104022,,,Mikhail Youzhny,R,183,RUS,26.5,6-3 6-2 6-2,5,R128,95,4,4,79,43,34,18,13,4,6,4,5,82,52,22,16,12,9,16,183,457,40,1670
2009-580,Australian Open,Hard,128,G,20090119,11,104926,,,Fabio Fognini,R,178,ITA,21.6,104979,,,Andrey Golubev,R,185,KAZ,21.4,3-6 7-6(7) 6-4 6-2,5,R128,169,4,7,129,72,57,30,19,6,8,6,7,134,75,49,36,20,8,12,88,986,93,966
2009-580,Australian Open,Hard,128,G,20090119,12,104597,17,,Nicolas Almagro,R,183,ESP,23.4,103454,,,Nicolas Massu,R,183,CHI,29.2,6-4 6-4 3-6 5-7 6-3,5,R128,210,31,4,138,87,70,29,24,4,7,9,7,139,86,64,31,25,5,9,18,2540,84,1010
2009-580,Australian Open,Hard,128,G,20090119,13,103333,25,,Ivo Karlovic,R,208,CRO,29.8,104593,,,Daniel Gimeno Traver,R,185,ESP,23.4,6-3 6-4 6-4,5,R128,107,13,2,82,45,39,24,15,2,2,1,1,87,73,49,6,14,7,10,26,2295,91,976
2009-580,Australian Open,Hard,128,G,20090119,14,104339,,,Mario Ancic,R,196,CRO,24.8,104639,,Q,Wayne Odesnik,L,180,USA,23.1,7-5 6-4 4-6 6-2,5,R128,174,12,2,108,74,58,19,20,0,2,1,4,131,87,56,24,20,6,11,36,1805,115,862
2009-580,Australian Open,Hard,128,G,20090119,15,104589,,,Chris Guccione,L,201,AUS,23.4,103534,,,Nicolas Devilder,L,173,FRA,28.8,6-4 6-2 6-4,5,R128,115,12,4,75,46,37,17,14,1,2,4,4,97,59,32,21,14,8,13,132,706,72,1142
2009-580,Australian Open,Hard,128,G,20090119,16,104468,6,,Gilles Simon,R,183,FRA,24.0,104665,,,Pablo Andujar,R,180,ESP,22.9,6-4 6-1 6-1,5,R128,114,8,3,95,46,30,27,12,7,9,1,5,95,55,27,17,12,9,17,8,3960,98,942
2009-580,Australian Open,Hard,128,G,20090119,17,104918,4,,Andy Murray,R,190,GBR,21.6,102318,,,Andrei Pavel,R,183,ROU,34.9,6-2 3-1 RET,5,R128,45,2,3,31,20,20,5,6,2,2,0,3,39,22,13,5,6,1,4,4,7190,1141,10
2009-580,Australian Open,Hard,128,G,20090119,18,104719,,,Marcel Granollers,R,190,ESP,22.7,104559,,,Teymuraz Gabashvili,R,188,RUS,23.6,6-4 7-6(3) 4-6 6-0,5,R128,183,12,3,112,70,51,21,19,6,10,6,10,131,64,44,29,19,7,14,51,1444,64,1226
2009-580,Australian Open,Hard,128,G,20090119,19,104676,,Q,Andreas Beck,L,190,GER,22.9,104456,,WC,Colin Ebelthite,R,,AUS,24.1,7-5 6-1 6-0,5,R128,96,1,2,67,46,32,14,12,3,5,3,5,84,48,28,10,13,8,17,103,926,254,300
2009-580,Australian Open,Hard,128,G,20090119,20,103781,31,,Jurgen Melzer,L,183,AUT,27.6,105453,,,Kei Nishikori,R,178,JPN,19.0,7-5 6-2 6-1,5,R128,102,6,2,78,47,39,16,14,5,7,3,6,93,53,27,18,13,4,11,32,1868,59,1325
2009-580,Australian Open,Hard,128,G,20090119,21,103285,22,,Radek Stepanek,R,185,CZE,30.1,102839,,,Nicolas Lapentti,R,188,ECU,32.4,3-6 6-3 6-4 6-4,5,R128,174,9,3,110,74,52,24,19,1,3,9,5,130,75,48,32,19,9,13,23,2360,86,1004
2009-580,Australian Open,Hard,128,G,20090119,22,103582,,Q,Michael Berrer,L,193,GER,28.5,104958,,WC,Carsten Ball,L,198,AUS,21.5,6-2 6-4 6-3,5,R128,105,8,3,80,42,33,20,13,5,8,12,6,116,68,39,16,14,18,26,134,684,203,414
2009-580,Australian Open,Hard,128,G,20090119,23,103096,,,Arnaud Clement,R,173,FRA,31.0,104660,,,Sergiy Stakhovsky,R,193,UKR,23.0,6-3 2-6 4-6 6-2 6-1,5,R128,207,2,2,150,63,45,41,21,8,14,9,4,135,84,51,24,21,10,19,89,980,83,1011
2009-580,Australian Open,Hard,128,G,20090119,24,104269,14,,Fernando Verdasco,L,188,ESP,25.1,105173,,WC,Adrian Mannarino,L,183,FRA,20.5,6-0 6-2 6-2,5,R128,87,7,4,69,50,40,10,11,2,2,2,4,62,27,15,11,11,5,12,15,2830,129,726
2009-580,Australian Open,Hard,128,G,20090119,25,103484,9,,James Blake,R,185,USA,29.0,104433,,LL,Frank Dancevic,R,185,CAN,24.3,6-4 6-3 7-5,5,R128,114,7,5,90,59,47,14,16,9,12,8,3,107,59,41,18,15,9,15,10,3550,131,710
2009-580,Australian Open,Hard,128,G,20090119,26,103063,,Q,Sebastien De Chaunac,R,183,FRA,31.2,104327,,,Steve Darcis,R,178,BEL,24.8,2-6 6-3 0-6 6-2 6-2,5,R128,162,12,5,111,56,42,26,20,2,8,5,2,108,50,31,31,19,1,7,253,300,57,1340
2009-580,Australian Open,Hard,128,G,20090119,27,105208,,,Ernests Gulbis,R,190,LAT,20.3,103656,,,Albert Montanes,R,175,ESP,28.1,6-3 6-2 6-3,5,R128,86,11,1,74,47,39,16,13,1,1,2,2,68,37,26,17,13,1,6,52,1438,42,1574
2009-580,Australian Open,Hard,128,G,20090119,28,104214,18,,Igor Andreev,R,185,RUS,25.5,105166,,Q,Peter Polansky,R,180,CAN,20.5,5-7 3-6 6-4 6-3 6-4,5,R128,,,,,,,,,,,,,,,,,,,,19,2490,210,380
2009-580,Australian Open,Hard,128,G,20090119,29,104534,,Q,Dudi Sela,R,175,ISR,23.7,102783,30,,Rainer Schuettler,R,180,GER,32.7,1-6 6-2 6-4 6-4,5,R128,163,2,3,107,77,53,12,17,5,10,2,3,127,100,57,11,18,12,19,106,908,31,1924
2009-580,Australian Open,Hard,128,G,20090119,30,103812,,,Victor Hanescu,R,198,ROU,27.4,103401,,,Jan Hernych,R,190,CZE,29.5,3-6 3-6 7-6(7) 7-6(4) 8-6,5,R128,252,9,4,182,131,81,27,28,7,16,6,8,197,142,93,24,28,14,21,44,1531,78,1068
2009-580,Australian Open,Hard,128,G,20090119,31,103344,,,Ivan Ljubicic,R,193,CRO,29.8,103857,,,Igor Kunitsyn,R,180,RUS,27.3,4-6 7-6(3) 7-6(7) 5-7 6-3,5,R128,242,26,4,164,112,79,24,28,2,10,10,6,189,146,96,16,27,8,15,55,1376,43,1562
2009-580,Australian Open,Hard,128,G,20090119,32,104542,5,,Jo-Wilfried Tsonga,R,188,FRA,23.7,104338,,,Juan Monaco,R,185,ARG,24.8,6-4 6-4 6-0,5,R128,99,5,2,66,32,27,21,13,1,3,1,2,74,47,25,11,13,3,10,7,3995,49,1470
2009-580,Australian Open,Hard,128,G,20090119,33,104053,7,,Andy Roddick,R,188,USA,26.3,103104,,Q,Bjorn Rehnquist,R,175,SWE,31.0,6-0 6-2 6-2,5,R128,104,9,1,63,33,25,21,11,0,0,0,2,65,37,19,9,11,3,10,9,3940,191,442
2009-580,Australian Open,Hard,128,G,20090119,34,103598,,Q,Xavier Malisse,R,185,BEL,28.5,103566,,,Michael Llodra,L,190,FRA,28.6,7-6(8) 6-1 6-1,5,R128,50,5,2,82,57,45,13,13,8,8,8,1,101,63,37,20,13,13,18,195,428,56,1350
2009-580,Australian Open,Hard,128,G,20090119,35,102148,,,Fabrice Santoro,R,178,FRA,36.1,103507,,,Juan Carlos Ferrero,R,183,ESP,28.9,6-3 6-2 6-7(5) 6-2,5,R128,151,17,3,115,54,45,29,19,4,7,3,2,105,61,41,18,18,0,8,60,1268,65,1190
2009-580,Australian Open,Hard,128,G,20090119,36,104259,32,,Philipp Kohlschreiber,R,178,GER,25.2,105023,,,Sam Querrey,R,198,USA,21.2,7-6(6) 6-3 6-2,5,R128,113,8,5,103,66,51,20,15,3,3,9,1,82,45,33,23,14,2,5,34,1855,33,1860
2009-580,Australian Open,Hard,128,G,20090119,37,103990,21,,Tommy Robredo,R,180,ESP,26.7,104035,,,Bobby Reynolds,R,183,USA,26.5,6-2 7-5 6-1,5,R128,182,10,1,61,42,34,18,13,0,0,7,5,76,45,30,11,14,4,10,22,2390,69,1146
2009-580,Australian Open,Hard,128,G,20090119,38,104678,,,Viktor Troicki,R,193,SRB,22.9,103252,,,Alberto Martin,R,175,ESP,30.4,6-3 3-6 6-2 6-4,5,R128,280,12,1,97,59,46,21,18,5,8,3,6,106,60,40,23,18,5,11,53,1395,99,940
2009-580,Australian Open,Hard,128,G,20090119,39,104229,,,Yen Hsun Lu,R,180,TPE,25.4,105064,,,Thomaz Bellucci,L,188,BRA,21.0,6-3 7-5 6-4,5,R128,185,8,3,112,61,49,27,16,12,13,9,5,71,41,31,16,15,0,4,61,1244,90,978
2009-580,Australian Open,Hard,128,G,20090119,40,103900,10,,David Nalbandian,R,180,ARG,27.0,102967,,,Marc Gicquel,R,188,FRA,31.8,6-1 4-6 6-2 6-3,5,R128,210,4,8,129,74,52,26,16,8,10,8,2,103,50,32,24,17,8,15,11,3500,50,1448
2009-580,Australian Open,Hard,128,G,20090119,41,104417,16,,Robin Soderling,R,193,SWE,24.4,103470,,,Robert Kendrick,R,190,USA,29.1,5-7 6-4 6-4 7-5,5,R128,150,11,2,114,78,65,26,22,5,6,20,6,127,78,63,23,22,4,7,17,2650,96,956
2009-580,Australian Open,Hard,128,G,20090119,42,104571,,,Marcos Baghdatis,R,183,CYP,23.5,103898,,,Julien Benneteau,R,185,FRA,27.0,6-3 7-6(5) 6-2,5,R128,250,7,2,104,44,34,32,14,7,8,4,7,113,68,45,18,15,7,12,97,950,48,1478
2009-580,Australian Open,Hard,128,G,20090119,43,104620,,,Simone Bolelli,R,183,ITA,23.2,104019,,,Kristof Vliegen,R,193,BEL,26.5,7-6(5) 7-6(3) 7-5,5,R128,284,3,1,111,60,47,35,18,1,2,10,2,102,54,40,34,18,3,5,39,1686,85,1008
2009-580,Australian Open,Hard,128,G,20090119,44,103888,23,,Mardy Fish,R,188,USA,27.1,105032,,WC,Sam Groth,R,193,AUS,21.2,6-7(3) 6-4 7-5 6-0,5,R128,191,19,6,105,57,50,26,20,0,2,14,10,128,73,47,25,20,8,15,24,2330,279,266
2009-580,Australian Open,Hard,128,G,20090119,45,103908,28,,Paul Henri Mathieu,R,185,FRA,27.0,103813,,,Jarkko Nieminen,L,185,FIN,27.4,6-2 4-1 RET,5,R128,49,6,2,43,25,20,12,7,0,0,3,1,31,16,9,9,6,2,5,29,2000,38,1700
2009-580,Australian Open,Hard,128,G,20090119,46,104025,,LL,Amer Delic,R,196,BIH,26.5,103758,,,Taylor Dent,R,188,USA,27.7,6-4 3-6 4-6 6-3 6-4,5,R128,250,21,5,144,106,81,18,24,3,5,8,10,133,91,73,20,24,4,7,127,728,728,48
2009-580,Australian Open,Hard,128,G,20090119,47,104871,,,Jeremy Chardy,R,188,FRA,21.9,103228,,,Marcos Daniel,R,180,BRA,30.5,6-4 6-4 6-1,5,R128,252,18,3,71,44,35,17,13,0,1,8,8,98,54,35,15,14,9,15,68,1163,101,932
2009-580,Australian Open,Hard,128,G,20090119,48,104925,3,,Novak Djokovic,R,188,SRB,21.6,103521,,Q,Andrea Stoppini,R,190,ITA,28.8,6-2 6-3 7-5,5,R128,115,8,1,74,51,34,14,14,3,6,6,6,110,59,33,21,15,11,19,3,10650,220,354
2009-580,Australian Open,Hard,128,G,20090119,49,105223,8,,Juan Martin del Potro,R,198,ARG,20.3,104999,,,Mischa Zverev,L,190,GER,21.4,6-3 6-4 6-2,5,R128,225,7,4,83,54,38,19,14,4,6,5,2,96,59,33,16,13,8,14,6,4060,81,1040
2009-580,Australian Open,Hard,128,G,20090119,50,104252,,Q,Florian Mayer,R,190,GER,25.2,104467,,Q,Lamine Ouahab,R,185,ALG,24.0,6-2 6-1 6-2,5,R128,83,4,1,69,40,31,19,12,0,1,0,4,72,37,23,9,11,7,14,450,127,193,430
2009-580,Australian Open,Hard,128,G,20090119,51,106071,,WC,Bernard Tomic,R,193,AUS,16.2,103808,,,Potito Starace,R,188,ITA,27.5,7-6(5) 1-6 7-6(5) 7-6(6),5,R128,281,10,1,147,98,64,30,21,5,10,14,6,169,112,84,26,22,10,13,768,42,73,1128
2009-580,Australian Open,Hard,128,G,20090119,52,104180,,,Gilles Muller,L,193,LUX,25.7,103852,27,,Feliciano Lopez,L,188,ESP,27.3,6-3 7-6(5) 4-6 4-6 16-14,5,R128,262,0,0,194,194,148,0,36,4,6,0,0,196,196,145,0,35,4,6,87,988,28,2010
2009-580,Australian Open,Hard,128,G,20090119,53,105227,19,,Marin Cilic,R,198,CRO,20.3,104731,,,Kevin Anderson,R,203,RSA,22.6,6-3 6-2 6-7(4) 6-3,5,R128,307,16,8,125,64,56,29,20,7,9,8,7,117,70,47,21,18,8,14,20,2450,108,904
2009-580,Australian Open,Hard,128,G,20090119,54,104386,,,Janko Tipsarevic,R,180,SRB,24.5,103169,,,Oscar Hernandez,R,180,ESP,30.7,4-6 6-1 6-3 4-6 6-0,5,R128,210,15,4,153,88,68,29,21,15,18,13,11,142,79,52,24,21,7,15,46,1500,67,1168
2009-580,Australian Open,Hard,128,G,20090119,55,103103,,Q,Dominik Hrbaty,R,183,SVK,31.0,104545,,WC,John Isner,R,206,USA,23.7,7-6(4) 2-6 6-2 7-5,5,R128,166,6,5,119,80,59,23,20,1,3,39,8,138,88,68,20,20,6,9,251,302,139,645
2009-580,Australian Open,Hard,128,G,20090119,56,103970,11,,David Ferrer,R,175,ESP,26.8,103823,,,Denis Gremelmayr,L,183,GER,27.4,6-1 6-7(6) 6-1 6-7(4) 6-4,5,R128,237,7,8,172,95,68,42,25,9,12,5,7,183,100,64,37,23,11,19,12,3390,80,1042
2009-580,Australian Open,Hard,128,G,20090119,57,104527,15,,Stan Wawrinka,R,183,SUI,23.8,104371,,,Ivo Minar,R,183,CZE,24.6,6-1 2-6 7-5 7-6(9),5,R128,150,4,6,126,74,50,25,20,8,14,7,5,110,65,43,19,19,3,10,16,2670,102,930
2009-580,Australian Open,Hard,128,G,20090119,58,105454,,WC,Brydan Klein,R,183,AUS,19.0,103451,,Q,Bjorn Phau,R,175,GER,29.2,6-4 6-3 4-6 6-3,5,R128,307,14,6,106,66,50,17,19,3,7,3,7,113,53,39,27,19,7,14,249,304,110,883
2009-580,Australian Open,Hard,128,G,20090119,59,104314,,,Brian Dabul,L,170,ARG,24.9,104332,,,Philipp Petzschner,R,185,GER,24.8,6-1 6-2 6-4,5,R128,100,6,0,76,61,47,9,13,2,3,5,8,80,54,35,5,12,4,10,100,940,63,1232
2009-580,Australian Open,Hard,128,G,20090119,60,104607,20,,Tomas Berdych,R,196,CZE,23.3,104068,,,Robby Ginepri,R,183,USA,26.2,6-4 6-4 6-3,5,R128,110,9,4,81,52,43,16,14,4,5,6,3,103,67,43,14,15,9,14,21,2400,47,1490
2009-580,Australian Open,Hard,128,G,20090119,61,103498,26,,Marat Safin,R,193,RUS,28.9,103868,,,Ivan Navarro,R,183,ESP,27.2,6-3 6-3 6-4,5,R128,145,8,3,82,42,34,25,14,1,1,6,2,91,51,37,18,14,2,6,27,2050,74,1108
2009-580,Australian Open,Hard,128,G,20090119,62,104198,,,Guillermo Garcia Lopez,R,188,ESP,25.6,102860,,,Agustin Calleri,R,183,ARG,32.3,3-6 7-6(5) 6-2 6-0,5,R128,284,4,5,113,69,44,24,18,6,12,10,12,108,62,41,15,17,7,16,62,1232,66,1170
2009-580,Australian Open,Hard,128,G,20090119,63,105095,,Q,Evgeny Korolev,R,185,KAZ,20.9,102845,,,Carlos Moya,R,190,ESP,32.3,6-3 6-1 7-6(7),5,R128,111,9,3,82,49,44,16,14,1,2,10,11,91,40,32,17,14,6,11,118,808,41,1580
2009-580,Australian Open,Hard,128,G,20090119,64,103819,2,,Roger Federer,R,185,SUI,27.4,104312,,,Andreas Seppi,R,190,ITA,24.9,6-1 7-6(4) 7-5,5,R128,280,9,5,115,76,56,23,16,10,10,1,6,109,70,48,18,15,7,10,2,10700,35,1820
2009-580,Australian Open,Hard,128,G,20090119,65,104745,1,,Rafael Nadal,L,185,ESP,22.6,104056,,,Roko Karanusic,R,183,CRO,26.3,6-2 6-3 6-2,5,R64,96,3,2,77,50,37,17,12,6,6,2,2,64,42,29,6,13,1,7,1,13160,92,974
2009-580,Australian Open,Hard,128,G,20090119,66,103163,,,Tommy Haas,R,188,GER,30.7,104262,,Q,Flavio Cipolla,R,173,ITA,25.2,6-1 6-2 6-1,5,R64,96,7,2,61,34,26,17,11,1,2,0,4,89,71,37,2,11,11,19,79,1050,138,664
2009-580,Australian Open,Hard,128,G,20090119,67,104755,24,,Richard Gasquet,R,185,FRA,22.5,104797,,WC,Denis Istomin,R,188,UZB,22.3,6-3 6-4 6-4,5,R64,120,7,4,87,46,36,26,15,4,6,5,2,95,56,37,14,14,11,16,25,2330,105,910
2009-580,Australian Open,Hard,128,G,20090119,68,103602,13,,Fernando Gonzalez,R,183,CHI,28.4,103084,,,Guillermo Canas,R,185,ARG,31.1,7-5 6-3 6-4,5,R64,137,12,3,87,59,49,15,16,0,1,9,5,118,63,41,29,15,16,20,14,2840,77,1086
2009-580,Australian Open,Hard,128,G,20090119,69,104792,12,,Gael Monfils,R,193,FRA,22.3,102905,,,Stefan Koubek,L,175,AUT,32.0,6-4 6-4 3-6 6-2,5,R64,125,17,6,105,65,48,25,18,4,6,2,3,104,56,38,30,19,4,9,13,3010,183,457
2009-580,Australian Open,Hard,128,G,20090119,70,104597,17,,Nicolas Almagro,R,183,ESP,23.4,104926,,,Fabio Fognini,R,178,ITA,21.6,6-2 7-5 6-0,5,R64,103,8,4,80,44,35,18,13,1,3,3,5,73,38,23,10,13,2,10,18,2540,88,986
2009-580,Australian Open,Hard,128,G,20090119,71,104339,,,Mario Ancic,R,196,CRO,24.8,103333,25,,Ivo Karlovic,R,208,CRO,29.8,5-7 7-5 4-6 6-4 6-3,5,R64,211,8,1,131,84,66,32,26,3,6,25,2,155,101,79,25,27,5,10,36,1805,26,2295
2009-580,Australian Open,Hard,128,G,20090119,72,104468,6,,Gilles Simon,R,183,FRA,24.0,104589,,,Chris Guccione,L,201,AUS,23.4,6-7(5) 6-4 6-1 6-2,5,R64,140,14,2,117,63,53,33,19,7,7,13,3,122,77,50,26,18,6,11,8,3960,132,706
2009-580,Australian Open,Hard,128,G,20090119,73,104918,4,,Andy Murray,R,190,GBR,21.6,104719,,,Marcel Granollers,R,190,ESP,22.7,6-4 6-2 6-2,5,R64,109,4,1,79,45,33,22,13,1,2,2,1,93,48,27,21,13,10,16,4,7190,51,1444
2009-580,Australian Open,Hard,128,G,20090119,74,103781,31,,Jurgen Melzer,L,183,AUT,27.6,104676,,Q,Andreas Beck,L,190,GER,22.9,5-7 7-6(7) 6-4 6-3,5,R64,193,21,2,142,78,55,33,21,10,14,5,10,146,81,49,37,22,6,12,32,1868,103,926
2009-580,Australian Open,Hard,128,G,20090119,75,103285,22,,Radek Stepanek,R,185,CZE,30.1,103582,,Q,Michael Berrer,L,193,GER,28.5,6-3 6-2 6-7(3) 7-5,5,R64,182,14,6,140,94,73,20,21,4,6,4,8,134,89,58,21,20,6,12,23,2360,134,684
2009-580,Australian Open,Hard,128,G,20090119,76,104269,14,,Fernando Verdasco,L,188,ESP,25.1,103096,,,Arnaud Clement,R,173,FRA,31.0,6-1 6-1 6-2,5,R64,93,6,1,56,47,39,7,11,3,3,2,3,79,50,23,12,11,6,13,15,2830,89,980
2009-580,Australian Open,Hard,128,G,20090119,77,103484,9,,James Blake,R,185,USA,29.0,103063,,Q,Sebastien De Chaunac,R,183,FRA,31.2,6-3 6-2 6-3,5,R64,128,4,5,81,52,44,15,13,4,4,9,7,107,52,33,24,13,13,18,10,3550,253,300
2009-580,Australian Open,Hard,128,G,20090119,78,104214,18,,Igor Andreev,R,185,RUS,25.5,105208,,,Ernests Gulbis,R,190,LAT,20.3,6-4 6-4 5-7 3-6 6-4,5,R64,231,10,7,162,95,68,37,25,9,12,14,8,190,122,82,34,26,13,17,19,2490,52,1438
2009-580,Australian Open,Hard,128,G,20090119,79,104534,,Q,Dudi Sela,R,175,ISR,23.7,103812,,,Victor Hanescu,R,198,ROU,27.4,6-3 6-3 6-2,5,R64,114,5,3,94,63,49,15,13,12,12,1,3,86,61,40,8,13,7,12,106,908,44,1531
2009-580,Australian Open,Hard,128,G,20090119,80,104542,5,,Jo-Wilfried Tsonga,R,188,FRA,23.7,103344,,,Ivan Ljubicic,R,193,CRO,29.8,6-7(4) 7-6(8) 7-6(7) 6-2,5,R64,193,18,1,137,91,76,27,22,0,1,17,1,146,89,68,35,22,8,11,7,3995,55,1376
2009-580,Australian Open,Hard,128,G,20090119,81,104053,7,,Andy Roddick,R,188,USA,26.3,103598,,Q,Xavier Malisse,R,185,BEL,28.5,4-6 6-2 7-6(1) 6-2,5,R64,160,19,2,101,70,58,18,19,1,3,11,2,128,77,51,25,19,8,13,9,3940,195,428
2009-580,Australian Open,Hard,128,G,20090119,82,102148,,,Fabrice Santoro,R,178,FRA,36.1,104259,32,,Philipp Kohlschreiber,R,178,GER,25.2,5-7 7-5 3-6 7-5 6-3,5,R64,242,3,3,173,94,63,41,27,12,19,4,4,182,122,71,34,27,21,29,60,1268,34,1855
2009-580,Australian Open,Hard,128,G,20090119,83,103990,21,,Tommy Robredo,R,180,ESP,26.7,104678,,,Viktor Troicki,R,193,SRB,22.9,6-1 6-3 6-0,5,R64,82,7,1,56,45,35,10,11,0,0,4,3,76,43,25,8,11,9,16,22,2390,53,1395
2009-580,Australian Open,Hard,128,G,20090119,84,104229,,,Yen Hsun Lu,R,180,TPE,25.4,103900,10,,David Nalbandian,R,180,ARG,27.0,6-4 5-7 4-6 6-4 6-2,5,R64,231,9,3,161,102,72,31,25,11,17,5,8,155,77,51,40,25,6,14,61,1244,11,3500
2009-580,Australian Open,Hard,128,G,20090119,85,104571,,,Marcos Baghdatis,R,183,CYP,23.5,104417,16,,Robin Soderling,R,193,SWE,24.4,3-6 7-5 6-3 6-3,5,R64,175,13,7,120,69,45,29,19,7,12,7,4,128,76,49,20,20,7,15,97,950,17,2650
2009-580,Australian Open,Hard,128,G,20090119,86,103888,23,,Mardy Fish,R,188,USA,27.1,104620,,,Simone Bolelli,R,183,ITA,23.2,6-4 6-1 7-5,5,R64,118,16,2,95,49,41,23,15,2,3,5,2,80,50,33,11,14,5,10,24,2330,39,1686
2009-580,Australian Open,Hard,128,G,20090119,87,104025,,LL,Amer Delic,R,196,BIH,26.5,103908,28,,Paul Henri Mathieu,R,185,FRA,27.0,1-6 3-6 6-3 7-6(3) 9-7,5,R64,202,33,5,161,95,66,42,27,5,10,11,4,150,101,74,31,26,8,11,127,728,29,2000
2009-580,Australian Open,Hard,128,G,20090119,88,104925,3,,Novak Djokovic,R,188,SRB,21.6,104871,,,Jeremy Chardy,R,188,FRA,21.9,7-5 6-1 6-3,5,R64,102,7,1,75,54,41,14,14,1,2,3,0,75,52,30,11,14,0,6,3,10650,68,1163
2009-580,Australian Open,Hard,128,G,20090119,89,105223,8,,Juan Martin del Potro,R,198,ARG,20.3,104252,,Q,Florian Mayer,R,190,GER,25.2,6-1 7-5 6-2,5,R64,112,7,0,82,54,36,19,13,4,5,3,1,76,47,25,14,14,4,11,6,4060,450,127
2009-580,Australian Open,Hard,128,G,20090119,90,104180,,,Gilles Muller,L,193,LUX,25.7,106071,,WC,Bernard Tomic,R,193,AUS,16.2,3-6 6-1 6-4 6-2,5,R64,118,27,4,96,64,53,17,17,5,6,5,6,116,65,42,24,17,12,17,87,988,768,42
2009-580,Australian Open,Hard,128,G,20090119,91,105227,19,,Marin Cilic,R,198,CRO,20.3,104386,,,Janko Tipsarevic,R,180,SRB,24.5,6-2 6-3 4-6 6-3,5,R64,195,4,0,11,10,8,0,2,0,0,0,0,19,8,4,7,2,3,4,20,2450,46,1500
2009-580,Australian Open,Hard,128,G,20090119,92,103970,11,,David Ferrer,R,175,ESP,26.8,103103,,Q,Dominik Hrbaty,R,183,SVK,31.0,6-2 6-2 6-1,5,R64,90,1,0,18,12,11,3,0,0,0,0,0,16,7,4,4,4,0,2,12,3390,251,302
2009-580,Australian Open,Hard,128,G,20090119,93,104527,15,,Stan Wawrinka,R,183,SUI,23.8,105454,,WC,Brydan Klein,R,183,AUS,19.0,6-3 6-4 6-4,5,R64,,,,,,,,,,,,,,,,,,,,16,2670,249,304
2009-580,Australian Open,Hard,128,G,20090119,94,104607,20,,Tomas Berdych,R,196,CZE,23.3,104314,,,Brian Dabul,L,170,ARG,24.9,6-1 6-1 6-3,5,R64,101,11,1,72,45,33,21,12,3,3,2,3,93,65,38,7,11,12,18,21,2400,100,940
2009-580,Australian Open,Hard,128,G,20090119,95,103498,26,,Marat Safin,R,193,RUS,28.9,104198,,,Guillermo Garcia Lopez,R,188,ESP,25.6,7-5 6-2 6-2,5,R64,101,18,3,76,40,34,24,13,2,2,1,6,85,56,35,14,14,7,12,27,2050,62,1232
2009-580,Australian Open,Hard,128,G,20090119,96,103819,2,,Roger Federer,R,185,SUI,27.4,105095,,Q,Evgeny Korolev,R,185,KAZ,20.9,6-2 6-3 6-1,5,R64,85,8,3,68,41,28,20,12,0,1,2,3,80,41,22,17,12,5,12,2,10700,118,808
2009-580,Australian Open,Hard,128,G,20090119,97,104745,1,,Rafael Nadal,L,185,ESP,22.6,103163,,,Tommy Haas,R,188,GER,30.7,6-4 6-2 6-2,5,R32,122,4,0,62,43,35,15,13,0,1,6,0,98,61,35,15,13,12,18,1,13160,79,1050
2009-580,Australian Open,Hard,128,G,20090119,98,103602,13,,Fernando Gonzalez,R,183,CHI,28.4,104755,24,,Richard Gasquet,R,185,FRA,22.5,3-6 3-6 7-6(10) 6-2 12-10,5,R32,245,14,7,203,145,104,27,30,8,14,11,8,179,125,97,22,30,8,14,14,2840,25,2330
2009-580,Australian Open,Hard,128,G,20090119,99,104792,12,,Gael Monfils,R,193,FRA,22.3,104597,17,,Nicolas Almagro,R,183,ESP,23.4,6-4 6-3 7-5,5,R32,129,12,0,101,67,51,16,15,4,5,10,2,96,67,43,14,16,5,10,13,3010,18,2540
2009-580,Australian Open,Hard,128,G,20090119,100,104468,6,,Gilles Simon,R,183,FRA,24.0,104339,,,Mario Ancic,R,196,CRO,24.8,7-6(2) 6-4 6-2,5,R32,154,0,1,118,71,50,25,15,10,12,6,3,96,51,34,21,15,5,10,8,3960,36,1805
2009-580,Australian Open,Hard,128,G,20090119,101,104918,4,,Andy Murray,R,190,GBR,21.6,103781,31,,Jurgen Melzer,L,183,AUT,27.6,7-5 6-0 6-3,5,R32,99,8,0,82,49,38,17,14,6,8,2,1,79,55,32,6,13,7,14,4,7190,32,1868
2009-580,Australian Open,Hard,128,G,20090119,102,104269,14,,Fernando Verdasco,L,188,ESP,25.1,103285,22,,Radek Stepanek,R,185,CZE,30.1,6-4 6-0 6-0,5,R32,108,1,2,69,56,40,6,11,8,10,2,5,85,49,21,11,11,11,20,15,2830,23,2360
2009-580,Australian Open,Hard,128,G,20090119,103,103484,9,,James Blake,R,185,USA,29.0,104214,18,,Igor Andreev,R,185,RUS,25.5,6-3 6-2 3-6 6-1,5,R32,127,5,0,102,64,49,25,17,4,5,5,2,96,56,40,15,16,5,10,10,3550,19,2490
2009-580,Australian Open,Hard,128,G,20090119,104,104542,5,,Jo-Wilfried Tsonga,R,188,FRA,23.7,104534,,Q,Dudi Sela,R,175,ISR,23.7,6-4 6-2 1-6 6-1,5,R32,140,5,2,100,62,43,21,16,8,11,0,2,102,55,35,22,16,10,16,7,3995,106,908
2009-580,Australian Open,Hard,128,G,20090119,105,104053,7,,Andy Roddick,R,188,USA,26.3,102148,,,Fabrice Santoro,R,178,FRA,36.1,6-3 6-4 6-2,5,R32,97,22,1,73,55,46,12,14,3,3,4,2,79,45,31,16,13,7,11,9,3940,60,1268
2009-580,Australian Open,Hard,128,G,20090119,106,103990,21,,Tommy Robredo,R,180,ESP,26.7,104229,,,Yen Hsun Lu,R,180,TPE,25.4,6-1 6-3 6-2,5,R32,108,7,1,71,53,39,10,12,3,4,1,2,71,45,26,8,12,4,11,22,2390,61,1244
2009-580,Australian Open,Hard,128,G,20090119,107,104571,,,Marcos Baghdatis,R,183,CYP,23.5,103888,23,,Mardy Fish,R,188,USA,27.1,6-2 6-4 6-4,5,R32,132,5,4,83,45,36,18,14,1,3,10,4,111,60,36,24,14,8,14,97,950,24,2330
2009-580,Australian Open,Hard,128,G,20090119,108,104925,3,,Novak Djokovic,R,188,SRB,21.6,104025,,LL,Amer Delic,R,196,BIH,26.5,6-2 4-6 6-3 7-6(4),5,R32,183,11,4,131,84,67,24,20,8,9,16,6,131,77,59,24,19,5,8,3,10650,127,728
2009-580,Australian Open,Hard,128,G,20090119,109,105223,8,,Juan Martin del Potro,R,198,ARG,20.3,104180,,,Gilles Muller,L,193,LUX,25.7,6-7(5) 7-5 6-3 7-5,5,R32,203,11,3,126,93,77,20,23,2,3,22,9,179,116,80,28,22,20,24,6,4060,87,988
2009-580,Australian Open,Hard,128,G,20090119,110,105227,19,,Marin Cilic,R,198,CRO,20.3,103970,11,,David Ferrer,R,175,ESP,26.8,7-6(5) 6-3 6-4,5,R32,134,7,0,107,64,44,25,16,2,4,0,3,89,61,35,20,15,5,9,20,2450,12,3390
2009-580,Australian Open,Hard,128,G,20090119,111,104607,20,,Tomas Berdych,R,196,CZE,23.3,104527,15,,Stan Wawrinka,R,183,SUI,23.8,4-6 6-1 6-3 6-4,5,R32,195,10,3,122,77,59,20,18,6,7,9,2,133,68,45,31,18,15,20,21,2400,16,2670
2009-580,Australian Open,Hard,128,G,20090119,112,103819,2,,Roger Federer,R,185,SUI,27.4,103498,26,,Marat Safin,R,193,RUS,28.9,6-3 6-2 7-6(5),5,R32,110,9,1,89,54,46,22,15,0,0,14,2,88,44,30,24,14,1,4,2,10700,27,2050
2009-580,Australian Open,Hard,128,G,20090119,113,104745,1,,Rafael Nadal,L,185,ESP,22.6,103602,13,,Fernando Gonzalez,R,183,CHI,28.4,6-3 6-2 6-4,5,R16,113,4,0,73,49,38,15,14,5,7,6,2,89,61,36,10,13,7,13,1,13160,14,2840
2009-580,Australian Open,Hard,128,G,20090119,114,104468,6,,Gilles Simon,R,183,FRA,24.0,104792,12,,Gael Monfils,R,193,FRA,22.3,6-4 2-6 6-1 RET,5,R16,119,3,4,77,49,35,10,13,5,9,1,3,89,50,30,16,12,5,10,8,3960,13,3010
2009-580,Australian Open,Hard,128,G,20090119,115,104269,14,,Fernando Verdasco,L,188,ESP,25.1,104918,4,,Andy Murray,R,190,GBR,21.6,2-6 6-1 1-6 6-3 6-4,5,R16,189,10,6,135,100,69,12,21,8,13,7,3,140,85,54,30,20,12,17,15,2830,4,7190
2009-580,Australian Open,Hard,128,G,20090119,116,104542,5,,Jo-Wilfried Tsonga,R,188,FRA,23.7,103484,9,,James Blake,R,185,USA,29.0,6-4 6-4 7-6(3),5,R16,143,12,3,104,66,55,18,16,3,4,4,5,104,56,37,29,16,3,6,7,3995,10,3550
2009-580,Australian Open,Hard,128,G,20090119,117,104053,7,,Andy Roddick,R,188,USA,26.3,103990,21,,Tommy Robredo,R,180,ESP,26.7,7-5 6-1 6-3,5,R16,106,13,2,78,49,41,17,14,1,1,0,2,80,54,34,13,14,2,7,9,3940,22,2390
2009-580,Australian Open,Hard,128,G,20090119,118,104925,3,,Novak Djokovic,R,188,SRB,21.6,104571,,,Marcos Baghdatis,R,183,CYP,23.5,6-1 7-6(1) 6-7(5) 6-2,5,R16,193,3,3,129,81,60,27,20,4,5,12,2,136,74,48,28,19,12,17,3,10650,97,950
2009-580,Australian Open,Hard,128,G,20090119,119,105223,8,,Juan Martin del Potro,R,198,ARG,20.3,105227,19,,Marin Cilic,R,198,CRO,20.3,5-7 6-4 6-4 6-2,5,R16,182,8,3,138,92,64,25,20,7,10,10,1,113,56,40,30,20,4,10,6,4060,20,2450
2009-580,Australian Open,Hard,128,G,20090119,120,103819,2,,Roger Federer,R,185,SUI,27.4,104607,20,,Tomas Berdych,R,196,CZE,23.3,4-6 6-7(4) 6-4 6-4 6-2,5,R16,205,20,5,159,108,76,24,25,7,12,7,2,151,93,65,27,25,4,12,2,10700,21,2400
2009-580,Australian Open,Hard,128,G,20090119,121,104745,1,,Rafael Nadal,L,185,ESP,22.6,104468,6,,Gilles Simon,R,183,FRA,24.0,6-2 7-5 7-5,5,QF,146,5,2,94,63,46,18,16,4,7,4,4,94,52,37,16,16,5,12,1,13160,8,3960
2009-580,Australian Open,Hard,128,G,20090119,122,104269,14,,Fernando Verdasco,L,188,ESP,25.1,104542,5,,Jo-Wilfried Tsonga,R,188,FRA,23.7,7-6(2) 3-6 6-3 6-2,5,QF,164,7,3,133,103,71,18,19,11,13,9,3,110,71,51,19,19,0,4,15,2830,7,3995
2009-580,Australian Open,Hard,128,G,20090119,123,104053,7,,Andy Roddick,R,188,USA,26.3,104925,3,,Novak Djokovic,R,188,SRB,21.6,6-7(3) 6-4 6-2 2-1 RET,5,QF,150,16,5,87,62,54,11,16,0,1,8,5,115,72,46,20,17,7,12,9,3940,3,10650
2009-580,Australian Open,Hard,128,G,20090119,124,103819,2,,Roger Federer,R,185,SUI,27.4,105223,8,,Juan Martin del Potro,R,198,ARG,20.3,6-3 6-0 6-0,5,QF,80,12,0,53,37,32,12,11,0,0,5,2,66,39,18,9,10,4,11,2,10700,6,4060
2009-580,Australian Open,Hard,128,G,20090119,125,104745,1,,Rafael Nadal,L,185,ESP,22.6,104269,14,,Fernando Verdasco,L,188,ESP,25.1,6-7(4) 6-4 7-6(2) 6-7(1) 6-4,5,SF,310,12,3,173,128,92,28,28,2,4,21,4,212,148,104,35,28,16,20,1,13160,15,2830
2009-580,Australian Open,Hard,128,G,20090119,126,103819,2,,Roger Federer,R,185,SUI,27.4,104053,7,,Andy Roddick,R,188,USA,26.3,6-2 7-5 7-5,5,SF,125,16,0,96,63,52,19,16,3,3,8,2,94,61,43,17,16,9,13,2,10700,9,3940
2009-580,Australian Open,Hard,128,G,20090119,127,104745,1,,Rafael Nadal,L,185,ESP,22.6,103819,2,,Roger Federer,R,185,SUI,27.4,7-5 3-6 7-6(3) 3-6 6-2,5,F,259,4,4,175,112,74,30,24,13,19,11,6,172,89,65,38,26,9,16,1,13160,2,10700
2010-580,Australian Open,Hard,128,G,20100118,1,103819,1,,Roger Federer,R,185,SUI,28.4,104214,,,Igor Andreev,R,185,RUS,26.5,4-6 6-2 7-6(2) 6-0,5,R128,164,9,2,102,57,44,22,18,6,11,2,7,136,84,48,19,18,10,19,1,10550,37,1030
2010-580,Australian Open,Hard,128,G,20100118,2,103812,,,Victor Hanescu,R,198,ROU,28.4,103428,,,Juan Ignacio Chela,R,190,ARG,30.3,6-4 6-3 7-6(2),5,R128,137,6,1,110,78,54,18,16,4,7,6,4,112,60,38,20,15,8,13,47,905,76,611
2010-580,Australian Open,Hard,128,G,20100118,3,103565,,,Stephane Robert,R,185,FRA,29.6,103808,,,Potito Starace,R,188,ITA,28.5,6-3 7-6(2) 7-6(4),5,R128,143,3,2,134,83,61,29,17,9,11,5,2,110,68,45,21,16,3,6,104,515,63,707
2010-580,Australian Open,Hard,128,G,20100118,4,103656,31,,Albert Montanes,R,175,ESP,29.1,103169,,,Oscar Hernandez,R,180,ESP,31.7,7-6(5) 2-2 RET,5,R128,81,4,2,47,28,22,12,8,0,1,0,2,70,38,23,17,8,7,8,32,1185,71,633
2010-580,Australian Open,Hard,128,G,20100118,5,103720,22,,Lleyton Hewitt,R,180,AUS,28.8,104550,,Q,Ricardo Hocevar,R,180,BRA,24.7,6-1 6-2 6-3,5,R128,100,10,3,62,37,33,16,12,1,1,5,4,84,59,36,9,12,6,12,22,1600,194,245
2010-580,Australian Open,Hard,128,G,20100118,6,105385,,Q,Donald Young,L,183,USA,20.4,103294,,,Christophe Rochus,R,170,BEL,31.0,1-6 7-5 6-2 6-4,5,R128,175,6,6,130,70,50,29,19,10,15,4,6,108,68,45,16,18,2,6,195,244,85,575
2010-580,Australian Open,Hard,128,G,20100118,7,104571,,,Marcos Baghdatis,R,183,CYP,24.5,103893,,,Paolo Lorenzi,R,183,ITA,28.0,6-2 6-4 6-4,5,R128,120,7,1,71,37,31,23,14,3,4,3,6,102,67,39,15,14,5,10,31,1215,83,580
2010-580,Australian Open,Hard,128,G,20100118,8,103970,17,,David Ferrer,R,175,ESP,27.7,104523,,,Frederico Gil,R,178,POR,24.8,6-0 6-0 2-0 RET,5,R128,61,2,1,36,21,17,11,7,0,0,0,1,46,32,10,3,7,2,9,18,1825,68,645
2010-580,Australian Open,Hard,128,G,20100118,9,104269,9,,Fernando Verdasco,L,188,ESP,26.1,104958,,WC,Carsten Ball,L,198,AUS,22.5,6-7(4) 7-6(1) 7-5 6-2,5,R128,185,7,6,147,107,84,18,22,10,13,13,5,152,74,49,44,22,16,22,9,3300,129,420
2010-580,Australian Open,Hard,128,G,20100118,10,105079,,Q,Ivan Sergeyev,R,175,UKR,21.9,104534,,,Dudi Sela,R,175,ISR,24.7,6-3 7-6(3) 4-6 7-6(8),5,R128,202,10,7,159,92,66,34,22,9,14,7,3,145,91,60,28,21,10,15,209,225,41,1006
2010-580,Australian Open,Hard,128,G,20100118,11,102905,,Q,Stefan Koubek,L,175,AUT,33.0,104330,,,Rajeev Ram,R,193,USA,25.8,4-6 6-3 5-7 6-1 6-3,5,R128,193,13,3,149,91,63,37,24,5,7,15,7,155,89,63,32,23,9,14,134,377,84,578
2010-580,Australian Open,Hard,128,G,20100118,12,104471,,Q,Ivan Dodig,R,183,CRO,25.0,103507,23,,Juan Carlos Ferrero,R,183,ESP,29.9,2-6 1-6 6-4 6-1 6-1,5,R128,180,19,5,136,82,55,25,20,8,13,5,3,129,84,57,19,19,6,12,185,260,23,1555
2010-580,Australian Open,Hard,128,G,20100118,13,104338,30,,Juan Monaco,R,185,ARG,25.8,105208,,,Ernests Gulbis,R,190,LAT,21.3,6-3 7-6(5) 6-1,5,R128,135,3,1,97,64,44,17,13,7,10,8,7,103,56,33,18,15,11,19,33,1170,82,580
2010-580,Australian Open,Hard,128,G,20100118,14,103566,,,Michael Llodra,L,190,FRA,29.6,103506,,,Martin Vassallo Arguello,R,183,ARG,29.9,6-3 7-5 6-4,5,R128,134,9,4,94,59,45,21,16,3,4,3,2,114,81,50,15,15,8,12,72,627,96,535
2010-580,Australian Open,Hard,128,G,20100118,15,105011,,Q,Illya Marchenko,R,185,UKR,22.3,102845,,,Carlos Moya,R,190,ESP,33.3,7-6(2) 7-5 6-3,5,R128,156,7,6,115,66,49,26,17,4,7,9,2,102,57,37,22,16,6,11,119,455,509,55
2010-580,Australian Open,Hard,128,G,20100118,16,103786,6,,Nikolay Davydenko,R,178,RUS,28.6,104010,,Q,Dieter Kindlmann,R,183,GER,27.6,6-1 6-0 6-3,5,R128,91,6,2,60,36,24,15,11,4,6,0,5,79,49,25,5,11,10,19,6,4930,175,278
2010-580,Australian Open,Hard,128,G,20100118,17,104925,3,,Novak Djokovic,R,188,SRB,22.6,104593,,,Daniel Gimeno Traver,R,185,ESP,24.4,7-5 6-3 6-2,5,R128,121,4,5,90,61,47,16,15,5,6,5,5,91,54,39,12,14,9,14,3,8310,74,613
2010-580,Australian Open,Hard,128,G,20100118,18,103843,,,Marco Chiudinelli,R,185,SUI,28.3,104594,,WC,Marinko Matosevic,R,194,AUS,24.4,7-6(7) 7-6(3) 4-6 6-3,5,R128,190,4,3,135,79,57,28,21,7,12,11,5,141,79,46,38,22,6,12,58,775,180,270
2010-580,Australian Open,Hard,128,G,20100118,19,103582,,,Michael Berrer,L,193,GER,29.5,104019,,,Kristof Vliegen,R,193,BEL,27.5,6-1 6-2 6-1,5,R128,80,10,4,54,38,35,9,11,0,0,5,4,79,54,29,6,11,7,14,66,653,112,485
2010-580,Australian Open,Hard,128,G,20100118,20,104797,,,Denis Istomin,R,188,UZB,23.3,104871,32,,Jeremy Chardy,R,188,FRA,22.9,6-2 6-2 6-0,5,R128,81,6,2,66,40,33,17,11,1,1,5,7,61,30,18,11,11,5,12,103,515,34,1090
2010-580,Australian Open,Hard,128,G,20100118,21,104022,20,,Mikhail Youzhny,R,183,RUS,27.5,104755,,,Richard Gasquet,R,185,FRA,23.5,6-7(9) 4-6 7-6(2) 7-6(4) 6-4,5,R128,293,12,8,188,111,79,40,28,10,16,8,9,179,105,81,30,28,4,10,20,1690,52,865
2010-580,Australian Open,Hard,128,G,20100118,22,104225,,,Jan Hajek,R,180,CZE,26.4,104068,,,Robby Ginepri,R,183,USA,27.2,7-6(2) 7-5 6-1,5,R128,124,3,3,109,73,51,19,16,6,8,6,3,116,73,46,17,15,8,13,92,546,99,529
2010-580,Australian Open,Hard,128,G,20100118,23,103997,,,Lukasz Kubot,R,190,POL,27.6,104999,,,Mischa Zverev,L,190,GER,22.4,6-3 6-3 6-3,5,R128,101,5,3,71,45,31,18,13,1,3,12,3,94,48,30,18,14,4,11,86,573,78,590
2010-580,Australian Open,Hard,128,G,20100118,24,105053,,,Santiago Giraldo,R,188,COL,22.1,103990,16,,Tommy Robredo,R,180,ESP,27.7,6-4 6-2 6-2,5,R128,116,2,0,74,40,32,23,13,2,2,2,6,93,53,32,18,13,8,12,114,483,16,2175
2010-580,Australian Open,Hard,128,G,20100118,25,104542,10,,Jo-Wilfried Tsonga,R,188,FRA,24.7,104660,,,Sergiy Stakhovsky,R,193,UKR,24.0,6-3 6-4 6-4,5,R128,111,15,1,87,57,47,15,15,4,6,4,6,94,57,36,17,14,5,10,10,2875,62,708
2010-580,Australian Open,Hard,128,G,20100118,26,103758,,,Taylor Dent,R,188,USA,28.7,104926,,,Fabio Fognini,R,178,ITA,22.6,6-1 6-3 6-3,5,R128,80,6,3,73,39,31,15,13,5,8,2,7,60,26,13,11,12,4,12,79,588,56,790
2010-580,Australian Open,Hard,128,G,20100118,27,104386,,,Janko Tipsarevic,R,180,SRB,25.5,105992,,WC,Ryan Harrison,R,183,USA,17.7,6-2 6-4 7-6(3),5,R128,166,10,5,122,75,49,28,15,9,11,5,9,121,65,41,25,15,14,18,36,1060,341,119
2010-580,Australian Open,Hard,128,G,20100118,28,103163,18,,Tommy Haas,R,188,GER,31.7,103752,,,Simon Greul,R,185,GER,28.7,6-7(5) 6-4 6-2 6-1,5,R128,170,14,4,109,71,49,25,18,2,4,3,11,143,69,44,30,19,17,25,17,1855,61,739
2010-580,Australian Open,Hard,128,G,20100118,29,104597,26,,Nicolas Almagro,R,183,ESP,24.4,103598,,Q,Xavier Malisse,R,185,BEL,29.5,7-6(12) 6-4 2-6 4-6 8-6,5,R128,216,15,5,169,103,76,39,27,5,9,14,3,187,106,79,45,27,10,13,25,1305,93,541
2010-580,Australian Open,Hard,128,G,20100118,30,103794,,,Benjamin Becker,R,178,GER,28.5,104813,,Q,Grega Zemlja,R,183,SLO,23.3,7-6(5) 7-5 7-5,5,R128,153,8,8,108,55,44,25,18,4,8,10,3,107,61,38,28,18,5,11,38,1016,169,291
2010-580,Australian Open,Hard,128,G,20100118,31,104268,,,Alejandro Falla,L,185,COL,26.1,103228,,,Marcos Daniel,R,180,BRA,31.5,7-5 6-3 6-1,5,R128,119,2,4,87,45,36,24,14,2,2,2,8,87,31,25,24,14,5,10,77,594,88,565
2010-580,Australian Open,Hard,128,G,20100118,32,104719,,,Marcel Granollers,R,190,ESP,23.7,104417,8,,Robin Soderling,R,193,SWE,25.4,5-7 2-6 6-4 6-4 6-2,5,R128,201,11,1,142,91,57,29,24,6,12,8,3,158,97,65,28,24,8,15,113,483,8,3410
2010-580,Australian Open,Hard,128,G,20100118,33,104053,7,,Andy Roddick,R,188,USA,27.3,105217,,,Thiemo De Bakker,R,193,NED,21.3,6-1 6-4 6-4,5,R128,124,8,1,88,55,41,23,14,7,7,17,2,91,66,43,12,13,11,15,7,4510,80,586
2010-580,Australian Open,Hard,128,G,20100118,34,105064,,,Thomaz Bellucci,L,188,BRA,22.0,104559,,,Teymuraz Gabashvili,R,188,RUS,24.6,6-3 7-5 4-6 6-4,5,R128,235,9,6,148,95,70,26,21,13,16,3,13,154,88,58,31,20,23,27,35,1086,102,518
2010-580,Australian Open,Hard,128,G,20100118,35,103852,,,Feliciano Lopez,L,188,ESP,28.3,104655,,,Pablo Cuevas,R,180,URU,24.0,6-1 6-4 7-5,5,R128,109,13,2,88,59,44,14,15,3,5,7,8,84,51,36,12,14,4,11,46,905,48,905
2010-580,Australian Open,Hard,128,G,20100118,36,102783,,,Rainer Schuettler,R,180,GER,33.7,105023,25,,Sam Querrey,R,198,USA,22.2,6-3 2-6 6-4 6-3,5,R128,135,1,5,113,64,47,24,18,2,5,15,6,106,62,47,18,18,5,10,107,505,29,1240
2010-580,Australian Open,Hard,128,G,20100118,37,104607,21,,Tomas Berdych,R,196,CZE,24.3,104898,,,Robin Haase,R,190,NED,22.7,6-0 6-3 6-3,5,R128,99,2,1,66,33,26,21,12,2,3,5,5,81,49,26,11,12,3,10,21,1680,390,95
2010-580,Australian Open,Hard,128,G,20100118,38,105095,,,Evgeny Korolev,R,185,KAZ,21.9,104978,,,Daniel Brands,R,196,GER,22.5,6-2 7-5 7-5,5,R128,124,2,7,101,58,42,21,16,4,7,10,5,95,49,29,22,16,2,9,53,860,91,550
2010-580,Australian Open,Hard,128,G,20100118,39,104947,,LL,Marsel Ilhan,R,190,TUR,22.6,103206,,WC,Sebastien Grosjean,R,175,FRA,31.6,6-4 6-3 7-5,5,R128,159,1,1,110,74,49,22,15,10,11,4,1,101,64,42,18,16,10,16,154,322,564,46
2010-580,Australian Open,Hard,128,G,20100118,40,103602,11,,Fernando Gonzalez,R,183,CHI,29.4,103694,,,Olivier Rochus,R,168,BEL,28.9,6-3 6-4 3-6 6-1,5,R128,138,19,4,95,56,48,19,18,4,7,5,4,127,83,51,20,17,9,15,11,2870,59,769
2010-580,Australian Open,Hard,128,G,20100118,41,105227,14,,Marin Cilic,R,198,CRO,21.3,102148,,,Fabrice Santoro,R,178,FRA,37.1,7-5 7-5 6-3,5,R128,152,6,2,92,53,42,22,17,2,4,0,1,108,65,43,21,16,12,17,14,2430,67,645
2010-580,Australian Open,Hard,128,G,20100118,42,106071,,WC,Bernard Tomic,R,193,AUS,17.2,105558,,Q,Guillaume Rufin,R,188,FRA,19.6,6-3 6-4 6-4,5,R128,104,5,0,85,56,39,18,15,5,8,2,2,79,44,24,18,14,7,13,289,150,173,287
2010-580,Australian Open,Hard,128,G,20100118,43,103857,,,Igor Kunitsyn,R,180,RUS,28.3,104076,,,Jose Acasuso,R,190,ARG,27.2,6-1 2-6 6-4 6-2,5,R128,188,5,2,120,99,67,10,17,11,14,9,6,105,61,39,17,16,5,11,100,525,51,870
2010-580,Australian Open,Hard,128,G,20100118,44,104527,19,,Stan Wawrinka,R,183,SUI,24.8,104198,,,Guillermo Garcia Lopez,R,188,ESP,26.6,6-3 6-3 6-2,5,R128,110,6,4,74,43,36,20,13,3,3,1,9,84,52,34,12,13,3,8,19,1765,44,954
2010-580,Australian Open,Hard,128,G,20100118,45,104678,29,,Viktor Troicki,R,193,SRB,23.9,102839,,,Nicolas Lapentti,R,188,ECU,33.4,4-6 6-3 6-1 6-3,5,R128,182,15,3,110,60,46,27,17,8,10,2,3,117,53,31,31,18,5,12,30,1220,94,540
2010-580,Australian Open,Hard,128,G,20100118,46,104252,,,Florian Mayer,R,190,GER,26.2,104332,,,Philipp Petzschner,R,185,GER,25.8,0-6 2-6 6-4 6-2 6-2,5,R128,154,4,2,121,84,54,18,20,3,9,7,6,125,73,51,23,20,3,9,60,746,81,582
2010-580,Australian Open,Hard,128,G,20100118,47,103484,,,James Blake,R,185,USA,30.0,103096,,,Arnaud Clement,R,173,FRA,32.0,7-5 7-5 6-2,5,R128,132,9,0,94,60,49,20,16,1,2,2,1,103,65,41,20,16,9,14,45,935,55,797
2010-580,Australian Open,Hard,128,G,20100118,48,105223,4,,Juan Martin del Potro,R,198,ARG,21.3,103188,,,Michael Russell,R,173,USA,31.7,6-4 6-4 3-6 6-2,5,R128,180,21,6,109,66,48,21,18,3,6,3,9,131,86,55,20,19,8,14,5,6580,90,554
2010-580,Australian Open,Hard,128,G,20100118,49,104918,5,,Andy Murray,R,190,GBR,22.6,104731,,Q,Kevin Anderson,R,203,RSA,23.6,6-1 6-1 6-2,5,R128,97,9,1,65,24,21,24,11,3,4,2,2,74,50,26,6,11,4,12,4,6780,148,347
2010-580,Australian Open,Hard,128,G,20100118,50,102967,,,Marc Gicquel,R,188,FRA,32.8,104620,,,Simone Bolelli,R,183,ITA,24.2,7-6(2) 7-6(3) 6-3,5,R128,161,14,4,130,70,52,35,17,6,8,5,2,115,76,53,18,16,6,9,57,775,98,529
2010-580,Australian Open,Hard,128,G,20100118,51,103813,,,Jarkko Nieminen,L,185,FIN,28.4,105194,,WC,Nick Lindahl,R,183,AUS,21.4,6-2 7-5 6-4,5,R128,121,1,0,95,74,54,13,15,7,8,7,2,102,64,43,16,15,8,13,132,398,235,191
2010-580,Australian Open,Hard,128,G,20100118,52,103722,,,Florent Serra,R,180,FRA,28.8,103781,28,,Jurgen Melzer,L,183,AUT,28.6,6-1 6-7(3) 6-4 4-6 6-3,5,R128,184,12,2,154,103,72,34,25,9,11,10,7,138,85,59,27,23,6,11,64,665,27,1260
2010-580,Australian Open,Hard,128,G,20100118,53,104545,33,,John Isner,R,206,USA,24.7,104312,,,Andreas Seppi,R,190,ITA,25.9,6-3 6-3 3-6 5-7 6-4,5,R128,197,34,5,155,95,74,29,25,6,9,10,10,141,79,60,35,24,3,6,28,1260,49,900
2010-580,Australian Open,Hard,128,G,20100118,54,104476,,Q,Louk Sorensen,R,175,IRL,25.0,104229,,,Yen Hsun Lu,R,180,TPE,26.4,6-4 3-6 6-2 6-1,5,R128,156,6,2,91,65,50,15,17,1,3,0,3,112,68,45,17,17,8,14,284,156,101,525
2010-580,Australian Open,Hard,128,G,20100118,55,105099,,Q,Antonio Veic,R,180,CRO,21.9,104230,,,Daniel Koellerer,R,180,AUT,26.4,6-4 3-6 6-7(3) 6-1 6-4,5,R128,237,7,1,157,107,69,26,25,7,14,1,1,136,109,67,11,23,6,14,224,208,73,617
2010-580,Australian Open,Hard,128,G,20100118,56,104792,12,,Gael Monfils,R,193,FRA,23.3,105051,,Q,Matthew Ebden,R,188,AUS,22.1,6-4 6-4 6-4,5,R128,116,4,4,77,52,43,16,15,0,1,2,2,96,62,44,16,15,3,7,12,2610,251,183
2010-580,Australian Open,Hard,128,G,20100118,57,103333,,,Ivo Karlovic,R,208,CRO,30.8,103285,13,,Radek Stepanek,R,185,CZE,31.1,2-6 7-6(5) 6-4 3-6 6-4,5,R128,236,35,9,147,87,77,21,24,10,14,2,6,166,95,66,40,25,9,12,39,1015,13,2525
2010-580,Australian Open,Hard,128,G,20100118,58,103898,,,Julien Benneteau,R,185,FRA,28.0,104095,,Q,David Guez,R,185,FRA,27.1,0-6 6-4 7-6(4) 7-6(2),5,R128,231,4,7,135,93,63,19,20,6,12,1,5,129,81,44,33,20,3,7,43,969,133,381
2010-580,Australian Open,Hard,128,G,20100118,59,104979,,WC,Andrey Golubev,R,185,KAZ,22.4,103888,,,Mardy Fish,R,188,USA,28.1,6-2 1-6 6-3 6-3,5,R128,171,4,2,100,65,41,19,16,5,9,3,4,117,61,41,22,17,3,10,131,407,54,835
2010-580,Australian Open,Hard,128,G,20100118,60,103344,24,,Ivan Ljubicic,R,193,CRO,30.8,106186,,WC,Jason Kubler,R,178,AUS,16.6,6-1 6-2 6-2,5,R128,89,6,2,62,44,38,11,12,0,0,2,2,73,41,22,13,11,8,14,24,1405,,
2010-580,Australian Open,Hard,128,G,20100118,61,104259,27,,Philipp Kohlschreiber,R,178,GER,26.2,104547,,,Horacio Zeballos,L,188,ARG,24.7,6-1 7-5 6-1,5,R128,121,10,4,76,53,44,12,13,2,3,7,3,85,54,33,8,13,6,13,26,1260,50,899
2010-580,Australian Open,Hard,128,G,20100118,62,104639,,,Wayne Odesnik,L,180,USA,24.1,104882,,Q,Blaz Kavcic,R,188,SLO,22.8,4-6 6-1 6-4 6-2,5,R128,155,6,3,104,67,48,19,18,2,6,1,4,111,70,40,16,17,9,16,89,559,124,445
2010-580,Australian Open,Hard,128,G,20100118,63,105041,,,Lukas Lacko,R,185,SVK,22.2,104919,,,Leonardo Mayer,R,188,ARG,22.6,6-4 6-4 6-0,5,R128,110,7,2,75,46,41,15,13,0,0,7,3,77,51,31,13,13,3,8,75,612,69,637
2010-580,Australian Open,Hard,128,G,20100118,64,104745,2,,Rafael Nadal,L,185,ESP,23.6,103429,,,Peter Luczak,R,183,AUS,30.3,7-6(0) 6-1 6-4,5,R128,154,11,1,104,72,55,18,15,6,7,7,6,91,57,39,12,14,5,9,2,9310,70,635
2010-580,Australian Open,Hard,128,G,20100118,65,103819,1,,Roger Federer,R,185,SUI,28.4,103812,,,Victor Hanescu,R,198,ROU,28.4,6-2 6-3 6-2,5,R64,99,8,1,73,50,41,14,13,5,5,3,1,87,61,34,12,12,6,11,1,10550,47,905
2010-580,Australian Open,Hard,128,G,20100118,66,103656,31,,Albert Montanes,R,175,ESP,29.1,103565,,,Stephane Robert,R,185,FRA,29.6,4-6 6-7(3) 6-2 6-3 6-2,5,R64,201,13,5,158,107,75,23,23,6,10,3,7,166,98,58,32,24,10,19,32,1185,104,515
2010-580,Australian Open,Hard,128,G,20100118,67,103720,22,,Lleyton Hewitt,R,180,AUS,28.8,105385,,Q,Donald Young,L,183,USA,20.4,7-6(3) 6-4 6-1,5,R64,120,7,1,96,56,38,25,15,6,9,7,2,82,50,33,10,14,6,12,22,1600,195,244
2010-580,Australian Open,Hard,128,G,20100118,68,104571,,,Marcos Baghdatis,R,183,CYP,24.5,103970,17,,David Ferrer,R,175,ESP,27.7,4-6 3-6 7-6(4) 6-3 6-1,5,R64,249,12,1,142,80,60,33,23,5,9,1,1,178,116,73,32,24,11,17,31,1215,18,1825
2010-580,Australian Open,Hard,128,G,20100118,69,104269,9,,Fernando Verdasco,L,188,ESP,26.1,105079,,Q,Ivan Sergeyev,R,175,UKR,21.9,6-1 6-2 6-2,5,R64,109,6,6,81,56,41,11,11,4,5,0,7,84,34,18,17,12,10,18,9,3300,209,225
2010-580,Australian Open,Hard,128,G,20100118,70,102905,,Q,Stefan Koubek,L,175,AUT,33.0,104471,,Q,Ivan Dodig,R,183,CRO,25.0,7-6(4) 6-1 6-2,5,R64,136,9,4,83,54,44,16,14,3,4,9,5,95,51,31,22,13,5,10,134,377,185,260
2010-580,Australian Open,Hard,128,G,20100118,71,104338,30,,Juan Monaco,R,185,ARG,25.8,103566,,,Michael Llodra,L,190,FRA,29.6,3-6 3-6 7-6(5) 6-1 6-3,5,R64,206,5,2,145,98,61,27,23,8,15,6,7,144,82,52,28,23,10,18,33,1170,72,627
2010-580,Australian Open,Hard,128,G,20100118,72,103786,6,,Nikolay Davydenko,R,178,RUS,28.6,105011,,Q,Illya Marchenko,R,185,UKR,22.3,6-3 6-3 6-0,5,R64,109,9,0,75,56,44,9,12,6,7,1,1,70,38,23,10,12,4,11,6,4930,119,455
2010-580,Australian Open,Hard,128,G,20100118,73,104925,3,,Novak Djokovic,R,188,SRB,22.6,103843,,,Marco Chiudinelli,R,185,SUI,28.3,3-6 6-1 6-1 6-3,5,R64,178,12,9,125,79,59,15,16,14,17,3,3,102,57,33,19,16,10,18,3,8310,58,775
2010-580,Australian Open,Hard,128,G,20100118,74,104797,,,Denis Istomin,R,188,UZB,23.3,103582,,,Michael Berrer,L,193,GER,29.5,7-5 6-3 6-4,5,R64,141,9,2,88,59,44,16,15,0,2,5,2,107,70,39,21,16,4,10,103,515,66,653
2010-580,Australian Open,Hard,128,G,20100118,75,104022,20,,Mikhail Youzhny,R,183,RUS,27.5,104225,,,Jan Hajek,R,180,CZE,26.4,6-2 6-1 6-1,5,R64,91,5,1,60,36,33,12,11,0,0,0,5,70,48,22,8,11,4,10,20,1690,92,546
2010-580,Australian Open,Hard,128,G,20100118,76,103997,,,Lukasz Kubot,R,190,POL,27.6,105053,,,Santiago Giraldo,R,188,COL,22.1,6-4 3-6 6-3 6-1,5,R64,163,17,6,114,75,56,19,17,8,11,2,2,132,93,56,15,18,10,17,86,573,114,483
2010-580,Australian Open,Hard,128,G,20100118,77,104542,10,,Jo-Wilfried Tsonga,R,188,FRA,24.7,103758,,,Taylor Dent,R,188,USA,28.7,6-4 6-3 6-3,5,R64,101,12,0,73,42,36,19,14,0,1,6,7,85,40,28,21,14,6,11,10,2875,79,588
2010-580,Australian Open,Hard,128,G,20100118,78,103163,18,,Tommy Haas,R,188,GER,31.7,104386,,,Janko Tipsarevic,R,180,SRB,25.5,4-6 6-4 6-3 1-6 6-3,5,R64,200,16,7,159,89,64,31,23,11,16,14,5,125,66,46,30,22,2,8,17,1855,36,1060
2010-580,Australian Open,Hard,128,G,20100118,79,104597,26,,Nicolas Almagro,R,183,ESP,24.4,103794,,,Benjamin Becker,R,178,GER,28.5,6-4 6-2 3-6 4-6 6-3,5,R64,177,17,1,124,72,54,37,23,0,2,14,5,132,69,52,36,23,3,7,25,1305,38,1016
2010-580,Australian Open,Hard,128,G,20100118,80,104268,,,Alejandro Falla,L,185,COL,26.1,104719,,,Marcel Granollers,R,190,ESP,23.7,6-4 6-1 6-3,5,R64,113,2,4,76,46,34,13,13,2,5,3,4,96,66,36,8,13,10,18,77,594,113,483
2010-580,Australian Open,Hard,128,G,20100118,81,104053,7,,Andy Roddick,R,188,USA,27.3,105064,,,Thomaz Bellucci,L,188,BRA,22.0,6-3 6-4 6-4,5,R64,132,11,0,79,62,49,12,15,4,5,8,4,100,61,39,19,14,6,10,7,4510,35,1086
2010-580,Australian Open,Hard,128,G,20100118,82,103852,,,Feliciano Lopez,L,188,ESP,28.3,102783,,,Rainer Schuettler,R,180,GER,33.7,6-3 2-6 6-3 6-2,5,R64,160,10,4,120,59,42,35,17,7,9,3,4,99,63,43,16,17,5,10,46,905,107,505
2010-580,Australian Open,Hard,128,G,20100118,83,105095,,,Evgeny Korolev,R,185,KAZ,21.9,104607,21,,Tomas Berdych,R,196,CZE,24.3,6-4 6-4 7-5,5,R64,141,4,5,95,56,42,16,16,4,8,4,4,95,48,29,20,16,5,12,53,860,21,1680
2010-580,Australian Open,Hard,128,G,20100118,84,103602,11,,Fernando Gonzalez,R,183,CHI,29.4,104947,,LL,Marsel Ilhan,R,190,TUR,22.6,6-3 6-4 7-5,5,R64,112,12,6,96,64,55,14,16,2,3,4,1,95,76,45,11,15,5,9,11,2870,154,322
2010-580,Australian Open,Hard,128,G,20100118,85,105227,14,,Marin Cilic,R,198,CRO,21.3,106071,,WC,Bernard Tomic,R,193,AUS,17.2,6-7(6) 6-3 4-6 6-2 6-4,5,R64,228,25,2,156,79,59,45,25,8,13,4,8,190,128,82,27,24,8,16,14,2430,289,150
2010-580,Australian Open,Hard,128,G,20100118,86,104527,19,,Stan Wawrinka,R,183,SUI,24.8,103857,,,Igor Kunitsyn,R,180,RUS,28.3,6-3 6-2 6-2,5,R64,111,12,5,93,49,43,18,13,3,3,2,1,69,50,29,9,12,2,7,19,1765,100,525
2010-580,Australian Open,Hard,128,G,20100118,87,104252,,,Florian Mayer,R,190,GER,26.2,104678,29,,Viktor Troicki,R,193,SRB,23.9,4-6 6-4 7-6(2) 6-1,5,R64,164,6,0,125,83,60,26,19,4,6,26,9,118,72,55,20,20,6,11,60,746,30,1220
2010-580,Australian Open,Hard,128,G,20100118,88,105223,4,,Juan Martin del Potro,R,198,ARG,21.3,103484,,,James Blake,R,185,USA,30.0,6-4 6-7(3) 5-7 6-3 10-8,5,R64,257,19,9,188,109,86,34,31,5,10,16,3,217,135,93,39,30,15,22,5,6580,45,935
2010-580,Australian Open,Hard,128,G,20100118,89,104918,5,,Andy Murray,R,190,GBR,22.6,102967,,,Marc Gicquel,R,188,FRA,32.8,6-1 6-4 6-3,5,R64,110,10,2,84,47,34,21,13,6,7,1,3,92,53,32,15,13,6,12,4,6780,57,775
2010-580,Australian Open,Hard,128,G,20100118,90,103722,,,Florent Serra,R,180,FRA,28.8,103813,,,Jarkko Nieminen,L,185,FIN,28.4,3-6 6-4 5-7 7-6(4) 7-5,5,R64,231,11,7,199,115,73,47,28,17,24,9,4,195,148,94,26,27,11,16,64,665,132,398
2010-580,Australian Open,Hard,128,G,20100118,91,104545,33,,John Isner,R,206,USA,24.7,104476,,Q,Louk Sorensen,R,175,IRL,25.0,6-3 7-6(4) 7-5,5,R64,136,21,2,105,78,59,18,17,3,3,11,6,87,53,48,17,16,3,5,28,1260,284,156
2010-580,Australian Open,Hard,128,G,20100118,92,104792,12,,Gael Monfils,R,193,FRA,23.3,105099,,Q,Antonio Veic,R,180,CRO,21.9,6-4 6-4 6-4,5,R64,110,7,7,104,66,48,17,15,2,5,2,0,84,53,32,14,15,1,7,12,2610,224,208
2010-580,Australian Open,Hard,128,G,20100118,93,103333,,,Ivo Karlovic,R,208,CRO,30.8,103898,,,Julien Benneteau,R,185,FRA,28.0,2-6 6-1 6-3 6-3,5,R64,137,26,2,103,60,50,21,17,8,10,7,4,98,59,37,20,16,3,8,39,1015,43,969
2010-580,Australian Open,Hard,128,G,20100118,94,103344,24,,Ivan Ljubicic,R,193,CRO,30.8,104979,,WC,Andrey Golubev,R,185,KAZ,22.4,6-3 3-6 6-2 6-3,5,R64,153,12,3,110,67,53,25,18,5,6,6,9,120,65,43,29,17,7,11,24,1405,131,407
2010-580,Australian Open,Hard,128,G,20100118,95,104259,27,,Philipp Kohlschreiber,R,178,GER,26.2,104639,,,Wayne Odesnik,L,180,USA,24.1,6-4 3-6 6-3 6-2,5,R64,185,16,3,123,77,60,20,18,12,14,8,11,127,61,39,35,18,10,15,26,1260,89,559
2010-580,Australian Open,Hard,128,G,20100118,96,104745,2,,Rafael Nadal,L,185,ESP,23.6,105041,,,Lukas Lacko,R,185,SVK,22.2,6-2 6-2 6-2,5,R64,113,1,1,64,35,25,20,12,0,1,2,5,80,32,19,17,12,3,10,2,9310,75,612
2010-580,Australian Open,Hard,128,G,20100118,97,103819,1,,Roger Federer,R,185,SUI,28.4,103656,31,,Albert Montanes,R,175,ESP,29.1,6-3 6-4 6-4,5,R32,108,10,3,79,52,46,15,15,0,0,7,1,91,55,33,23,14,3,6,1,10550,32,1185
2010-580,Australian Open,Hard,128,G,20100118,98,103720,22,,Lleyton Hewitt,R,180,AUS,28.8,104571,,,Marcos Baghdatis,R,183,CYP,24.5,6-0 4-2 RET,5,R32,54,1,0,31,17,13,11,6,0,0,5,2,36,17,11,3,6,4,8,22,1600,31,1215
2010-580,Australian Open,Hard,128,G,20100118,99,104269,9,,Fernando Verdasco,L,188,ESP,26.1,102905,,Q,Stefan Koubek,L,175,AUT,33.0,6-1 RET,5,R32,23,0,2,16,9,9,3,3,0,0,0,2,17,7,2,3,4,0,3,9,3300,134,377
2010-580,Australian Open,Hard,128,G,20100118,100,103786,6,,Nikolay Davydenko,R,178,RUS,28.6,104338,30,,Juan Monaco,R,185,ARG,25.8,6-0 6-3 6-4,5,R32,109,6,2,75,53,38,13,13,1,2,0,0,70,47,22,12,12,4,10,6,4930,33,1170
2010-580,Australian Open,Hard,128,G,20100118,101,104925,3,,Novak Djokovic,R,188,SRB,22.6,104797,,,Denis Istomin,R,188,UZB,23.3,6-1 6-1 6-2,5,R32,97,3,7,78,47,34,14,11,7,9,3,0,60,33,13,7,11,5,14,3,8310,103,515
2010-580,Australian Open,Hard,128,G,20100118,102,103997,,,Lukasz Kubot,R,190,POL,27.6,104022,20,,Mikhail Youzhny,R,183,RUS,27.5,W/O,5,R32,,,,,,,,,,,,,,,,,,,,86,573,20,1690
2010-580,Australian Open,Hard,128,G,20100118,103,104542,10,,Jo-Wilfried Tsonga,R,188,FRA,24.7,103163,18,,Tommy Haas,R,188,GER,31.7,6-4 3-6 6-1 7-5,5,R32,148,20,3,108,72,56,20,19,2,4,9,2,108,74,49,19,19,6,11,10,2875,17,1855
2010-580,Australian Open,Hard,128,G,20100118,104,104597,26,,Nicolas Almagro,R,183,ESP,24.4,104268,,,Alejandro Falla,L,185,COL,26.1,6-4 6-3 6-4,5,R32,123,10,3,89,49,43,21,15,3,4,3,2,98,49,31,25,14,6,10,25,1305,77,594
2010-580,Australian Open,Hard,128,G,20100118,105,104053,7,,Andy Roddick,R,188,USA,27.3,103852,,,Feliciano Lopez,L,188,ESP,28.3,6-7(4) 6-4 6-4 7-6(3),5,R32,212,29,3,129,95,76,23,22,4,5,29,5,166,97,71,36,22,14,17,7,4510,46,905
2010-580,Australian Open,Hard,128,G,20100118,106,103602,11,,Fernando Gonzalez,R,183,CHI,29.4,105095,,,Evgeny Korolev,R,185,KAZ,21.9,6-7(5) 6-3 1-6 6-3 6-4,5,R32,202,18,5,159,90,73,34,24,6,9,16,7,145,87,68,30,23,7,11,11,2870,53,860
2010-580,Australian Open,Hard,128,G,20100118,107,105227,14,,Marin Cilic,R,198,CRO,21.3,104527,19,,Stan Wawrinka,R,183,SUI,24.8,4-6 6-4 6-3 6-3,5,R32,200,10,2,115,68,55,24,19,5,7,10,6,128,69,52,26,19,5,10,14,2430,19,1765
2010-580,Australian Open,Hard,128,G,20100118,108,105223,4,,Juan Martin del Potro,R,198,ARG,21.3,104252,,,Florian Mayer,R,190,GER,26.2,6-3 0-6 6-4 7-5,5,R32,154,11,5,123,72,51,23,19,5,10,5,3,112,75,48,20,18,9,14,5,6580,60,746
2010-580,Australian Open,Hard,128,G,20100118,109,104918,5,,Andy Murray,R,190,GBR,22.6,103722,,,Florent Serra,R,180,FRA,28.8,7-5 6-1 6-4,5,R32,112,14,3,76,43,34,19,15,0,3,5,2,98,70,36,13,14,9,16,4,6780,64,665
2010-580,Australian Open,Hard,128,G,20100118,110,104545,33,,John Isner,R,206,USA,24.7,104792,12,,Gael Monfils,R,193,FRA,23.3,6-1 4-6 7-6(4) 7-6(5),5,R32,168,26,3,131,87,69,24,21,4,7,12,7,126,76,54,26,20,1,5,28,1260,12,2610
2010-580,Australian Open,Hard,128,G,20100118,111,103333,,,Ivo Karlovic,R,208,CRO,30.8,103344,24,,Ivan Ljubicic,R,193,CRO,30.8,6-3 3-6 6-3 7-6(7),5,R32,181,33,2,114,79,68,18,20,6,7,15,0,135,85,64,25,19,8,10,39,1015,24,1405
2010-580,Australian Open,Hard,128,G,20100118,112,104745,2,,Rafael Nadal,L,185,ESP,23.6,104259,27,,Philipp Kohlschreiber,R,178,GER,26.2,6-4 6-2 2-6 7-5,5,R32,210,6,3,138,84,58,28,19,12,15,11,4,128,78,53,24,19,7,12,2,9310,26,1260
2010-580,Australian Open,Hard,128,G,20100118,113,103819,1,,Roger Federer,R,185,SUI,28.4,103720,22,,Lleyton Hewitt,R,180,AUS,28.8,6-2 6-3 6-4,5,R16,115,7,0,79,50,38,19,14,4,5,5,2,100,61,37,18,13,10,15,1,10550,22,1600
2010-580,Australian Open,Hard,128,G,20100118,114,103786,6,,Nikolay Davydenko,R,178,RUS,28.6,104269,9,,Fernando Verdasco,L,188,ESP,26.1,6-2 7-5 4-6 6-7(5) 6-3,5,R16,237,6,5,173,108,73,37,26,8,12,14,20,155,88,64,30,25,5,12,6,4930,9,3300
2010-580,Australian Open,Hard,128,G,20100118,115,104925,3,,Novak Djokovic,R,188,SRB,22.6,103997,,,Lukasz Kubot,R,190,POL,27.6,6-1 6-2 7-5,5,R16,115,10,1,74,51,41,16,14,1,2,4,4,76,46,31,10,13,3,9,3,8310,86,573
2010-580,Australian Open,Hard,128,G,20100118,116,104542,10,,Jo-Wilfried Tsonga,R,188,FRA,24.7,104597,26,,Nicolas Almagro,R,183,ESP,24.4,6-3 6-4 4-6 6-7(6) 9-7,5,R16,213,25,4,161,93,79,43,29,3,4,13,1,173,133,100,21,28,8,11,10,2875,25,1305
2010-580,Australian Open,Hard,128,G,20100118,117,104053,7,,Andy Roddick,R,188,USA,27.3,103602,11,,Fernando Gonzalez,R,183,CHI,29.4,6-3 3-6 4-6 7-5 6-2,5,R16,205,33,0,125,85,74,20,24,2,4,17,9,175,107,81,29,24,14,18,7,4510,11,2870
2010-580,Australian Open,Hard,128,G,20100118,118,105227,14,,Marin Cilic,R,198,CRO,21.3,105223,4,,Juan Martin del Potro,R,198,ARG,21.3,5-7 6-4 7-5 5-7 6-3,5,R16,278,20,7,173,101,84,34,28,7,10,19,3,181,108,78,40,27,12,16,14,2430,5,6580
2010-580,Australian Open,Hard,128,G,20100118,119,104918,5,,Andy Murray,R,190,GBR,22.6,104545,33,,John Isner,R,206,USA,24.7,7-6(4) 6-3 6-2,5,R16,132,5,1,90,65,53,17,15,4,4,14,2,89,61,43,8,14,3,5,4,6780,28,1260
2010-580,Australian Open,Hard,128,G,20100118,120,104745,2,,Rafael Nadal,L,185,ESP,23.6,103333,,,Ivo Karlovic,R,208,CRO,30.8,6-4 4-6 6-4 6-4,5,R16,156,2,2,102,72,56,22,20,1,2,28,2,106,73,56,21,20,3,6,2,9310,39,1015
2010-580,Australian Open,Hard,128,G,20100118,121,103819,1,,Roger Federer,R,185,SUI,28.4,103786,6,,Nikolay Davydenko,R,178,RUS,28.6,2-6 6-3 6-0 7-5,5,QF,156,8,4,122,73,49,24,18,14,19,1,4,107,66,39,16,17,6,14,1,10550,6,4930
2010-580,Australian Open,Hard,128,G,20100118,122,104542,10,,Jo-Wilfried Tsonga,R,188,FRA,24.7,104925,3,,Novak Djokovic,R,188,SRB,22.6,7-6(8) 6-7(5) 1-6 6-3 6-1,5,QF,232,19,2,168,109,74,28,23,10,16,2,9,145,100,67,22,24,4,11,10,2875,3,8310
2010-580,Australian Open,Hard,128,G,20100118,123,105227,14,,Marin Cilic,R,198,CRO,21.3,104053,7,,Andy Roddick,R,188,USA,27.3,7-6(4) 6-3 3-6 2-6 6-3,5,QF,230,20,6,155,77,58,36,24,10,16,15,1,141,90,62,26,23,8,13,14,2430,7,4510
2010-580,Australian Open,Hard,128,G,20100118,124,104918,5,,Andy Murray,R,190,GBR,22.6,104745,2,,Rafael Nadal,L,185,ESP,23.6,6-3 7-6(2) 3-0 RET,5,QF,150,12,1,97,57,44,18,13,10,12,1,1,72,48,30,10,11,6,10,4,6780,2,9310
2010-580,Australian Open,Hard,128,G,20100118,125,103819,1,,Roger Federer,R,185,SUI,28.4,104542,10,,Jo-Wilfried Tsonga,R,188,FRA,24.7,6-2 6-3 6-2,5,SF,88,4,0,69,44,37,17,13,0,0,6,5,70,42,28,11,12,5,10,1,10550,10,2875
2010-580,Australian Open,Hard,128,G,20100118,126,104918,5,,Andy Murray,R,190,GBR,22.6,105227,14,,Marin Cilic,R,198,CRO,21.3,3-6 6-4 6-4 6-2,5,SF,182,4,1,107,68,51,23,19,6,9,6,6,124,70,49,24,18,11,16,4,6780,14,2430
2010-580,Australian Open,Hard,128,G,20100118,127,103819,1,,Roger Federer,R,185,SUI,28.4,104918,5,,Andy Murray,R,190,GBR,22.6,6-3 6-4 7-6(11),5,F,161,11,2,112,75,54,22,16,6,8,10,4,104,58,40,24,15,8,12,1,10550,4,6780
2011-580,Australian Open,Hard,128,G,20110117,1,104745,1,,Rafael Nadal,L,185,ESP,24.6,103228,,,Marcos Daniel,R,180,BRA,32.5,6-0 5-0 RET,5,R128,47,4,3,35,19,16,9,5,4,4,0,0,26,17,2,0,6,0,6,1,12390,93,564
2011-580,Australian Open,Hard,128,G,20110117,2,104976,,Q,Ryan Sweeting,R,196,USA,23.5,104593,,,Daniel Gimeno Traver,R,185,ESP,25.4,6-4 6-4 6-1,5,R128,111,3,6,113,84,59,12,13,11,12,10,2,77,47,31,12,14,1,7,116,486,60,844
2011-580,Australian Open,Hard,128,G,20110117,3,106071,,WC,Bernard Tomic,R,196,AUS,18.2,104871,,,Jeremy Chardy,R,188,FRA,23.9,6-3 6-2 7-6(5),5,R128,110,2,3,92,62,44,22,15,2,2,12,7,92,56,41,14,14,3,6,199,251,44,960
2011-580,Australian Open,Hard,128,G,20110117,4,103852,31,,Feliciano Lopez,L,188,ESP,29.3,104268,,,Alejandro Falla,L,185,COL,27.1,6-3 7-6(6) 6-3,5,R128,134,17,6,102,61,46,21,16,7,10,6,3,95,59,38,16,14,7,12,31,1310,103,540
2011-580,Australian Open,Hard,128,G,20110117,5,104545,20,,John Isner,R,208,USA,25.7,103722,,,Florent Serra,R,180,FRA,29.8,6-3 7-6(8) 6-3,5,R128,110,27,4,106,77,62,14,16,3,4,4,5,92,58,43,17,14,2,5,20,1645,69,711
2011-580,Australian Open,Hard,128,G,20110117,6,103285,,,Radek Stepanek,R,185,CZE,32.1,103823,,Q,Denis Gremelmayr,L,183,GER,29.4,6-3 6-2 6-3,5,R128,84,7,1,65,37,30,20,13,2,3,5,1,88,46,27,20,13,4,10,66,735,120,469
2011-580,Australian Open,Hard,128,G,20110117,7,105053,,,Santiago Giraldo,R,188,COL,23.1,104349,,,Rui Machado,R,178,POR,26.7,6-4 6-3 5-7 6-1,5,R128,149,7,2,100,61,40,24,19,4,9,9,5,125,76,43,20,19,4,13,59,850,90,573
2011-580,Australian Open,Hard,128,G,20110117,8,105227,15,,Marin Cilic,R,198,CRO,22.3,105385,,Q,Donald Young,L,183,USA,21.4,6-3 6-2 6-1,5,R128,91,8,0,67,42,34,16,12,1,1,1,3,75,47,28,11,12,5,11,15,2140,129,435
2011-580,Australian Open,Hard,128,G,20110117,9,104022,10,,Mikhail Youzhny,R,183,RUS,28.5,104947,,,Marsel Ilhan,R,191,TUR,23.6,6-2 6-3 7-6(5),5,R128,131,3,0,89,59,50,20,15,5,5,10,5,96,61,45,17,14,5,8,10,2920,87,574
2011-580,Australian Open,Hard,128,G,20110117,10,104882,,Q,Blaz Kavcic,R,188,SLO,23.8,104731,,,Kevin Anderson,R,203,RSA,24.6,2-6 6-4 7-6(4) 7-6(5),5,R128,201,4,2,142,93,69,21,21,6,11,23,2,131,84,64,23,21,5,9,98,552,56,868
2011-580,Australian Open,Hard,128,G,20110117,11,105683,,Q,Milos Raonic,R,196,CAN,20.0,103451,,,Bjorn Phau,R,175,GER,31.2,7-6(3) 6-3 7-6(8),5,R128,127,27,6,104,68,57,23,17,0,0,5,3,107,58,44,28,16,1,2,152,351,85,581
2011-580,Australian Open,Hard,128,G,20110117,12,103566,22,,Michael Llodra,L,190,FRA,30.6,103428,,,Juan Ignacio Chela,R,190,ARG,31.3,6-3 3-6 6-2 6-4,5,R128,143,9,5,109,67,50,21,18,7,10,3,5,112,67,43,19,18,5,11,24,1575,39,1070
2011-580,Australian Open,Hard,128,G,20110117,13,103900,27,,David Nalbandian,R,180,ARG,29.0,103720,,,Lleyton Hewitt,R,180,AUS,29.8,3-6 6-4 3-6 7-6(1) 9-7,5,R128,288,7,6,210,136,88,37,28,23,29,10,5,176,103,73,35,28,6,12,21,1610,54,870
2011-580,Australian Open,Hard,128,G,20110117,14,105575,,,Ricardas Berankis,R,175,LTU,20.5,104594,,WC,Marinko Matosevic,R,194,AUS,25.4,6-4 6-2 7-5,5,R128,113,7,1,86,50,37,20,15,1,4,4,4,95,54,31,20,15,8,15,95,560,138,380
2011-580,Australian Open,Hard,128,G,20110117,15,103188,,,Michael Russell,R,173,USA,32.7,105051,,WC,Matthew Ebden,R,188,AUS,23.1,6-3 6-2 5-7 7-6(9),5,R128,203,4,3,147,104,69,19,21,5,11,13,2,133,83,55,20,20,5,13,100,547,185,288
2011-580,Australian Open,Hard,128,G,20110117,16,103970,7,,David Ferrer,R,175,ESP,28.7,103813,,,Jarkko Nieminen,L,185,FIN,29.4,6-4 6-3 1-6 6-2,5,R128,119,4,2,89,62,49,15,17,0,3,6,0,105,60,41,20,17,6,11,7,3895,40,1062
2011-580,Australian Open,Hard,128,G,20110117,17,104417,4,,Robin Soderling,R,193,SWE,26.4,103808,,,Potito Starace,R,188,ITA,29.5,6-4 6-2 6-2,5,R128,94,12,0,68,40,35,18,13,0,0,4,2,80,47,34,10,13,3,8,4,5785,48,945
2011-580,Australian Open,Hard,128,G,20110117,18,104180,,Q,Gilles Muller,L,193,LUX,27.6,104217,,Q,Simon Stadler,L,183,GER,27.4,6-3 7-6(5) 6-4,5,R128,134,11,1,108,74,56,19,16,6,8,3,1,91,62,40,17,15,4,8,122,466,288,155
2011-580,Australian Open,Hard,128,G,20110117,19,103401,,Q,Jan Hernych,R,190,CZE,31.5,104797,,,Denis Istomin,R,185,UZB,24.3,6-3 6-4 3-6 6-2,5,R128,153,4,1,116,76,50,26,18,11,13,2,3,118,81,50,19,18,10,15,241,196,41,1031
2011-580,Australian Open,Hard,128,G,20110117,20,105064,30,,Thomaz Bellucci,L,188,BRA,23.0,103672,,,Ricardo Mello,L,175,BRA,30.0,7-5 7-5 4-6 3-6 6-3,5,R128,237,15,9,175,95,73,32,26,16,22,4,4,165,97,58,38,26,10,17,30,1355,77,627
2011-580,Australian Open,Hard,128,G,20110117,21,103794,,,Benjamin Becker,R,178,GER,29.5,105208,24,,Ernests Gulbis,R,190,LAT,22.3,7-6(5) 6-2 6-4,5,R128,118,12,2,93,56,47,20,15,4,5,12,6,92,65,49,9,15,2,6,55,870,23,1575
2011-580,Australian Open,Hard,128,G,20110117,22,105238,,,Alexandr Dolgopolov,R,180,UKR,22.1,105062,,,Mikhail Kukushkin,R,183,KAZ,23.0,6-3 6-2 6-4,5,R128,100,16,3,75,35,31,23,14,0,2,1,5,79,47,28,11,13,8,14,46,953,63,815
2011-580,Australian Open,Hard,128,G,20110117,23,104312,,,Andreas Seppi,R,190,ITA,26.9,103096,,,Arnaud Clement,R,173,FRA,33.0,3-6 2-6 7-5 6-3 6-2,5,R128,219,12,5,142,81,60,29,23,3,8,5,8,169,96,62,38,23,16,22,51,900,113,497
2011-580,Australian Open,Hard,128,G,20110117,24,104542,13,,Jo-Wilfried Tsonga,R,188,FRA,25.7,104332,,,Philipp Petzschner,R,185,GER,26.8,4-6 2-6 6-2 6-3 6-4,5,R128,195,11,5,166,109,75,25,23,13,18,14,7,129,72,52,24,22,7,13,13,2345,57,859
2011-580,Australian Open,Hard,128,G,20110117,25,103781,11,,Jurgen Melzer,L,183,AUT,29.6,104672,,Q,Vincent Millot,L,173,FRA,24.9,6-2 6-4 6-2,5,R128,108,4,1,81,48,36,20,13,2,3,5,3,94,60,29,19,13,10,16,11,2785,160,334
2011-580,Australian Open,Hard,128,G,20110117,26,105137,,,Pere Riba,R,183,ESP,22.7,104958,,WC,Carsten Ball,L,198,AUS,23.5,1-6 7-6(5) 6-2 2-6 6-4,5,R128,172,10,6,132,72,44,38,22,3,8,23,11,134,92,70,19,23,5,9,71,672,158,344
2011-580,Australian Open,Hard,128,G,20110117,27,105223,,,Juan Martin del Potro,R,198,ARG,22.3,104534,,,Dudi Sela,R,175,ISR,25.7,7-6(13) 6-4 6-4,5,R128,159,19,3,112,71,54,20,16,3,5,4,1,96,52,37,25,16,2,6,236,200,92,568
2011-580,Australian Open,Hard,128,G,20110117,28,104571,21,,Marcos Baghdatis,R,183,CYP,25.5,104813,,Q,Grega Zemlja,R,183,SLO,24.3,3-6 7-5 6-1 4-6 6-2,5,R128,203,15,3,137,72,54,35,23,9,13,9,5,162,87,57,37,23,15,22,22,1580,141,376
2011-580,Australian Open,Hard,128,G,20110117,29,104198,32,,Guillermo Garcia Lopez,R,188,ESP,27.6,103582,,,Michael Berrer,L,193,GER,30.5,6-4 6-4 3-6 6-3,5,R128,152,8,5,118,77,55,19,19,10,14,16,4,124,86,53,16,19,5,12,32,1300,61,835
2011-580,Australian Open,Hard,128,G,20110117,30,104724,,,Eduardo Schwank,R,183,ARG,24.7,104919,,,Leonardo Mayer,R,188,ARG,23.6,6-2 6-0 6-4,5,R128,102,6,0,60,36,29,19,12,0,0,2,5,85,55,31,12,12,7,13,86,580,107,515
2011-580,Australian Open,Hard,128,G,20110117,31,105011,,,Illya Marchenko,R,185,UKR,23.3,103105,,,Ruben Ramirez Hidalgo,R,183,ESP,33.0,6-3 6-4 6-1,5,R128,133,9,8,88,49,35,18,13,11,14,1,5,84,35,21,17,13,4,12,79,624,76,638
2011-580,Australian Open,Hard,128,G,20110117,32,104918,5,,Andy Murray,R,191,GBR,23.6,103971,,,Karol Beck,R,180,SVK,28.7,6-3 6-1 4-2 RET,5,R128,102,2,3,66,38,33,14,11,3,3,5,5,83,50,32,12,11,4,9,5,5760,101,543
2011-580,Australian Open,Hard,128,G,20110117,33,104607,6,,Tomas Berdych,R,196,CZE,25.3,104192,,Q,Marco Crugnola,R,188,ITA,27.6,6-4 6-0 6-2,5,R128,99,2,1,65,41,36,10,12,0,1,0,9,81,50,29,10,12,4,11,6,3955,237,200
2011-580,Australian Open,Hard,128,G,20110117,34,104259,,,Philipp Kohlschreiber,R,178,GER,27.2,104735,,,Tobias Kamke,R,180,GER,24.6,1-6 4-6 7-6(6) 6-4 6-4,5,R128,231,7,2,166,110,68,30,24,9,15,6,7,170,99,70,38,25,13,18,35,1195,65,736
2011-580,Australian Open,Hard,128,G,20110117,35,105173,,,Adrian Mannarino,L,180,FRA,22.5,105992,,WC,Ryan Harrison,R,185,USA,18.6,6-4 6-3 6-4,5,R128,106,4,3,79,47,39,17,14,3,4,9,2,93,60,36,18,15,5,10,74,669,172,313
2011-580,Australian Open,Hard,128,G,20110117,36,104755,28,,Richard Gasquet,R,183,FRA,24.5,104433,,Q,Frank Dancevic,R,185,CAN,26.3,6-3 6-4 6-4,5,R128,121,5,2,80,50,36,19,15,1,4,2,0,96,61,35,17,14,8,14,33,1280,267,172
2011-580,Australian Open,Hard,128,G,20110117,37,104252,,,Florian Mayer,R,190,GER,27.2,103786,23,,Nikolay Davydenko,R,178,RUS,29.6,6-3 4-6 7-6(4) 6-4,5,R128,185,3,2,137,92,63,28,20,10,13,4,6,149,95,69,23,21,9,14,36,1143,25,1555
2011-580,Australian Open,Hard,128,G,20110117,38,105453,,,Kei Nishikori,R,178,JPN,21.0,104926,,,Fabio Fognini,R,178,ITA,23.6,6-1 6-4 6-7(4) 6-4,5,R128,188,6,3,129,89,61,20,19,11,14,3,5,134,80,52,22,20,7,15,82,599,58,855
2011-580,Australian Open,Hard,128,G,20110117,39,104386,,,Janko Tipsarevic,R,180,SRB,26.5,104999,,,Mischa Zverev,L,190,GER,23.4,6-3 6-1 6-4,5,R128,132,13,4,88,51,43,17,13,3,3,7,6,101,66,42,12,13,11,16,49,935,80,611
2011-580,Australian Open,Hard,128,G,20110117,40,104269,9,,Fernando Verdasco,L,188,ESP,27.1,102783,,,Rainer Schuettler,R,180,GER,34.7,6-1 6-3 6-2,5,R128,104,8,1,68,41,35,16,12,1,1,5,5,89,48,31,15,12,8,14,9,3240,83,597
2011-580,Australian Open,Hard,128,G,20110117,41,104597,14,,Nicolas Almagro,R,183,ESP,25.4,103565,,Q,Stephane Robert,R,185,FRA,30.6,6-4 6-3 6-7(4) 7-5,5,R128,157,22,4,141,84,67,31,22,6,8,7,5,132,80,58,25,21,5,10,14,2160,124,460
2011-580,Australian Open,Hard,128,G,20110117,42,104214,,,Igor Andreev,R,185,RUS,27.5,103835,,,Filippo Volandri,R,183,ITA,29.3,6-3 7-6(3) 6-3,5,R128,153,6,4,107,62,45,17,16,8,14,0,8,110,62,36,17,14,10,18,75,644,88,574
2011-580,Australian Open,Hard,128,G,20110117,43,105332,,WC,Benoit Paire,R,196,FRA,21.6,104262,,Q,Flavio Cipolla,R,173,ITA,27.2,6-1 7-5 6-1,5,R128,102,8,3,81,45,38,19,13,1,1,2,4,95,63,38,13,13,10,16,145,366,248,190
2011-580,Australian Open,Hard,128,G,20110117,44,103344,17,,Ivan Ljubicic,R,193,CRO,31.8,103429,,WC,Peter Luczak,R,183,AUS,31.3,6-3 6-3 7-6(2),5,R128,152,19,1,92,58,50,21,15,5,5,8,2,117,70,50,20,15,9,12,16,1965,148,361
2011-580,Australian Open,Hard,128,G,20110117,45,104678,29,,Viktor Troicki,R,193,SRB,24.9,104098,,,Dmitry Tursunov,R,185,RUS,28.0,6-2 3-6 6-2 6-0,5,R128,142,10,1,93,54,39,23,15,4,6,8,4,111,65,37,20,16,10,18,27,1490,197,263
2011-580,Australian Open,Hard,128,G,20110117,46,103917,,Q,Nicolas Mahut,R,191,FRA,28.9,104314,,,Brian Dabul,L,170,ARG,26.8,6-3 6-4 6-4,5,R128,111,7,3,92,57,48,16,15,3,4,1,0,76,45,26,22,14,4,8,132,424,109,510
2011-580,Australian Open,Hard,128,G,20110117,47,104471,,,Ivan Dodig,R,183,CRO,26.0,103333,,,Ivo Karlovic,R,208,CRO,31.8,6-4 3-6 6-7(5) 6-4 6-4,5,R128,177,10,7,132,85,71,33,25,2,3,48,6,152,106,85,25,26,5,8,81,606,73,670
2011-580,Australian Open,Hard,128,G,20110117,48,104925,3,,Novak Djokovic,R,188,SRB,23.6,104719,,,Marcel Granollers,R,191,ESP,24.7,6-1 6-3 6-1,5,R128,91,7,1,66,45,34,14,12,1,2,3,3,65,31,21,8,11,5,12,3,6240,42,993
2011-580,Australian Open,Hard,128,G,20110117,49,104053,8,,Andy Roddick,R,188,USA,28.3,104225,,,Jan Hajek,R,180,CZE,27.4,6-1 6-2 6-2,5,R128,100,18,2,74,50,40,13,12,5,5,2,3,74,43,25,11,11,7,13,8,3565,96,560
2011-580,Australian Open,Hard,128,G,20110117,50,103857,,,Igor Kunitsyn,R,180,RUS,29.2,104308,,,Michal Przysiezny,R,185,POL,26.9,6-7(1) 6-4 6-4 7-6(6),5,R128,203,8,1,135,80,53,31,22,3,8,16,7,159,93,61,28,22,9,16,99,551,84,596
2011-580,Australian Open,Hard,128,G,20110117,51,104898,,,Robin Haase,R,191,NED,23.7,104122,,,Carlos Berlocq,R,183,ARG,27.9,6-4 6-3 7-6(5),5,R128,148,4,5,105,60,44,27,15,4,6,4,3,99,49,35,23,16,3,8,62,823,67,725
2011-580,Australian Open,Hard,128,G,20110117,52,104338,26,,Juan Monaco,R,185,ARG,26.8,103752,,LL,Simon Greul,R,185,GER,29.7,7-6(5) 7-6(4) 6-2,5,R128,179,5,1,105,76,51,14,16,5,10,4,7,128,75,43,22,16,14,21,28,1480,131,424
2011-580,Australian Open,Hard,128,G,20110117,53,104527,19,,Stan Wawrinka,R,183,SUI,25.8,104559,,,Teymuraz Gabashvili,R,185,RUS,25.6,7-6(3) 6-4 6-4,5,R128,147,11,5,111,60,48,27,16,1,2,4,4,107,58,39,27,16,7,10,19,1855,78,626
2011-580,Australian Open,Hard,128,G,20110117,54,105777,,Q,Grigor Dimitrov,R,191,BUL,19.6,104979,,,Andrey Golubev,R,180,KAZ,23.4,6-1 6-4 6-2,5,R128,93,2,2,70,40,31,23,13,3,3,2,2,87,52,30,15,12,8,13,105,518,38,1135
2011-580,Australian Open,Hard,128,G,20110117,55,104523,,,Frederico Gil,R,173,POR,25.8,104655,,,Pablo Cuevas,R,180,URU,25.0,6-4 6-7(7) 4-6 6-3 9-7,5,R128,264,4,3,192,120,81,37,29,12,18,20,7,190,106,70,40,28,8,16,91,571,64,790
2011-580,Australian Open,Hard,128,G,20110117,56,104792,12,,Gael Monfils,R,193,FRA,24.3,105217,,,Thiemo De Bakker,R,193,NED,22.3,6-7(5) 2-6 7-5 6-2 6-1,5,R128,218,13,4,131,84,64,23,23,4,9,14,5,191,123,79,25,24,19,28,12,2560,47,950
2011-580,Australian Open,Hard,128,G,20110117,57,103888,16,,Mardy Fish,R,188,USA,29.1,103812,,,Victor Hanescu,R,198,ROU,29.4,2-6 4-6 6-3 7-5 6-3,5,R128,212,12,3,138,79,60,30,24,7,12,10,1,146,109,74,19,24,7,13,17,1921,50,925
2011-580,Australian Open,Hard,128,G,20110117,58,103990,,,Tommy Robredo,R,180,ESP,28.7,104500,,WC,Somdev Devvarman,R,180,IND,25.9,7-6(4) 6-3 6-4,5,R128,157,9,0,104,64,47,24,16,6,8,6,2,107,71,49,15,15,8,12,52,890,108,514
2011-580,Australian Open,Hard,128,G,20110117,59,104660,,,Sergiy Stakhovsky,R,193,UKR,25.0,104978,,,Daniel Brands,R,196,GER,23.5,6-2 6-3 6-4,5,R128,91,7,1,77,52,40,13,14,0,2,5,3,74,48,34,5,13,4,10,43,970,102,541
2011-580,Australian Open,Hard,128,G,20110117,60,103997,,,Lukasz Kubot,R,191,POL,28.6,105023,18,,Sam Querrey,R,198,USA,23.2,5-7 6-2 3-6 6-1 8-6,5,R128,200,7,8,161,110,83,21,25,8,12,19,4,172,115,72,29,25,6,13,72,670,18,1860
2011-580,Australian Open,Hard,128,G,20110117,61,103656,25,,Albert Montanes,R,175,ESP,30.1,104460,,,Dustin Brown,R,196,JAM,26.1,6-4 6-2 3-6 2-6 7-5,5,R128,158,1,3,134,78,53,39,23,9,12,29,7,172,118,90,17,24,9,13,26,1495,89,573
2011-580,Australian Open,Hard,128,G,20110117,62,103598,,,Xavier Malisse,R,185,BEL,30.4,104665,,,Pablo Andujar,R,180,ESP,24.9,6-1 6-2 7-6(3),5,R128,121,1,3,84,49,33,23,14,1,3,1,0,77,51,27,14,13,3,9,45,956,70,683
2011-580,Australian Open,Hard,128,G,20110117,63,104468,,,Gilles Simon,R,183,FRA,26.0,104229,,,Yen Hsun Lu,R,180,TPE,27.4,6-7(3) 6-2 6-4 6-2,5,R128,217,6,2,123,59,45,38,19,5,6,3,4,126,75,48,25,19,5,11,34,1210,37,1141
2011-580,Australian Open,Hard,128,G,20110117,64,103819,2,,Roger Federer,R,185,SUI,29.4,105041,,,Lukas Lacko,R,185,SVK,23.2,6-1 6-1 6-3,5,R128,84,8,1,59,38,33,14,12,0,1,3,1,83,56,33,6,11,7,14,2,9245,97,553
2011-580,Australian Open,Hard,128,G,20110117,65,104745,1,,Rafael Nadal,L,185,ESP,24.6,104976,,Q,Ryan Sweeting,R,196,USA,23.5,6-2 6-1 6-1,5,R64,102,7,4,64,41,34,12,11,1,2,2,5,78,58,26,8,11,7,15,1,12390,116,486
2011-580,Australian Open,Hard,128,G,20110117,66,106071,,WC,Bernard Tomic,R,196,AUS,18.2,103852,31,,Feliciano Lopez,L,188,ESP,29.3,7-6(4) 7-6(3) 6-3,5,R64,129,10,3,103,65,53,21,17,6,8,20,1,91,55,39,22,16,2,5,199,251,31,1310
2011-580,Australian Open,Hard,128,G,20110117,67,104545,20,,John Isner,R,208,USA,25.7,103285,,,Radek Stepanek,R,185,CZE,32.1,4-6 6-4 6-2 6-1,5,R64,129,20,5,99,75,59,15,18,7,8,3,3,88,52,38,19,17,2,7,20,1645,66,735
2011-580,Australian Open,Hard,128,G,20110117,68,105227,15,,Marin Cilic,R,198,CRO,22.3,105053,,,Santiago Giraldo,R,188,COL,23.1,6-3 7-6(1) 6-1,5,R64,120,13,7,103,48,40,33,15,11,12,2,2,71,48,31,12,13,1,5,15,2140,59,850
2011-580,Australian Open,Hard,128,G,20110117,69,104022,10,,Mikhail Youzhny,R,183,RUS,28.5,104882,,Q,Blaz Kavcic,R,188,SLO,23.8,6-3 6-1 5-7 4-6 6-1,5,R64,219,14,4,146,84,62,34,23,10,13,6,8,143,88,57,26,22,3,10,10,2920,98,552
2011-580,Australian Open,Hard,128,G,20110117,70,105683,,Q,Milos Raonic,R,196,CAN,20.0,103566,22,,Michael Llodra,L,190,FRA,30.6,7-6(3) 6-3 7-6(4),5,R64,138,21,1,95,62,55,22,17,1,2,10,2,108,66,51,21,16,4,6,152,351,24,1575
2011-580,Australian Open,Hard,128,G,20110117,71,105575,,,Ricardas Berankis,R,175,LTU,20.5,103900,27,,David Nalbandian,R,180,ARG,29.0,6-1 6-0 2-0 RET,5,R64,59,8,1,43,25,21,13,8,1,1,0,3,46,29,13,4,8,6,12,95,560,21,1610
2011-580,Australian Open,Hard,128,G,20110117,72,103970,7,,David Ferrer,R,175,ESP,28.7,103188,,,Michael Russell,R,173,USA,32.7,6-0 6-1 7-5,5,R64,109,8,3,63,39,32,17,12,0,0,4,4,82,47,31,10,13,7,14,7,3895,100,547
2011-580,Australian Open,Hard,128,G,20110117,73,104417,4,,Robin Soderling,R,193,SWE,26.4,104180,,Q,Gilles Muller,L,193,LUX,27.6,6-3 7-6(1) 6-1,5,R64,105,6,5,78,45,42,22,15,0,0,7,1,75,45,35,12,13,1,4,4,5785,122,466
2011-580,Australian Open,Hard,128,G,20110117,74,103401,,Q,Jan Hernych,R,190,CZE,31.5,105064,30,,Thomaz Bellucci,L,188,BRA,23.0,6-2 6-7(11) 6-4 6-7(3) 8-6,5,R64,276,12,6,203,143,98,26,28,13,17,25,5,196,123,84,29,28,7,15,241,196,30,1355
2011-580,Australian Open,Hard,128,G,20110117,75,105238,,,Alexandr Dolgopolov,R,180,UKR,22.1,103794,,,Benjamin Becker,R,178,GER,29.5,6-3 6-0 3-6 7-6(3),5,R64,137,18,2,93,50,43,31,18,0,1,9,3,115,63,44,25,18,5,9,46,953,55,870
2011-580,Australian Open,Hard,128,G,20110117,76,104542,13,,Jo-Wilfried Tsonga,R,188,FRA,25.7,104312,,,Andreas Seppi,R,190,ITA,26.9,6-3 7-6(1) 7-6(5),5,R64,150,20,4,121,78,62,19,17,6,8,8,3,96,55,42,20,16,3,6,13,2345,51,900
2011-580,Australian Open,Hard,128,G,20110117,77,103781,11,,Jurgen Melzer,L,183,AUT,29.6,105137,,,Pere Riba,R,183,ESP,22.7,6-2 6-4 6-2,5,R64,103,9,2,73,49,38,12,13,0,1,5,6,83,42,27,16,13,4,10,11,2785,71,672
2011-580,Australian Open,Hard,128,G,20110117,78,104571,21,,Marcos Baghdatis,R,183,CYP,25.5,105223,,,Juan Martin del Potro,R,198,ARG,22.3,6-1 6-3 4-6 6-3,5,R64,162,15,5,103,51,45,25,18,3,5,9,3,109,76,46,17,17,6,12,22,1580,236,200
2011-580,Australian Open,Hard,128,G,20110117,79,104198,32,,Guillermo Garcia Lopez,R,188,ESP,27.6,104724,,,Eduardo Schwank,R,183,ARG,24.7,6-4 7-6(8) 6-1,5,R64,127,4,4,85,46,40,24,15,1,2,2,8,112,72,48,17,14,5,9,32,1300,86,580
2011-580,Australian Open,Hard,128,G,20110117,80,104918,5,,Andy Murray,R,191,GBR,23.6,105011,,,Illya Marchenko,R,185,UKR,23.3,6-1 6-3 6-3,5,R64,117,16,0,82,52,41,13,13,3,4,5,4,71,38,21,13,12,2,8,5,5760,79,624
2011-580,Australian Open,Hard,128,G,20110117,81,104607,6,,Tomas Berdych,R,196,CZE,25.3,104259,,,Philipp Kohlschreiber,R,178,GER,27.2,4-6 6-2 6-3 6-4,5,R64,183,10,6,121,70,59,25,19,2,3,13,5,120,74,54,17,18,5,9,6,3955,35,1195
2011-580,Australian Open,Hard,128,G,20110117,82,104755,28,,Richard Gasquet,R,183,FRA,24.5,105173,,,Adrian Mannarino,L,180,FRA,22.5,6-3 7-6(4) 6-4,5,R64,132,12,3,95,65,50,18,16,2,4,5,3,107,64,39,21,15,7,11,33,1280,74,669
2011-580,Australian Open,Hard,128,G,20110117,83,105453,,,Kei Nishikori,R,178,JPN,21.0,104252,,,Florian Mayer,R,190,GER,27.2,6-4 6-3 0-6 6-3,5,R64,144,2,5,116,66,43,28,17,6,10,7,5,118,76,52,16,17,7,12,82,599,36,1143
2011-580,Australian Open,Hard,128,G,20110117,84,104269,9,,Fernando Verdasco,L,188,ESP,27.1,104386,,,Janko Tipsarevic,R,180,SRB,26.5,2-6 4-6 6-4 7-6(0) 6-0,5,R64,232,23,7,151,97,75,21,23,15,20,17,6,154,85,57,32,23,7,12,9,3240,49,935
2011-580,Australian Open,Hard,128,G,20110117,85,104597,14,,Nicolas Almagro,R,183,ESP,25.4,104214,,,Igor Andreev,R,185,RUS,27.5,7-5 2-6 4-6 7-6(10) 7-5,5,R64,234,10,5,163,87,68,40,27,6,12,21,5,175,116,86,28,27,8,13,14,2160,75,644
2011-580,Australian Open,Hard,128,G,20110117,86,103344,17,,Ivan Ljubicic,R,193,CRO,31.8,105332,,WC,Benoit Paire,R,196,FRA,21.6,6-3 6-7(2) 6-4 7-6(5),5,R64,185,8,1,128,79,53,30,21,0,3,13,5,145,76,55,32,22,10,16,16,1965,145,366
2011-580,Australian Open,Hard,128,G,20110117,87,104678,29,,Viktor Troicki,R,193,SRB,24.9,103917,,Q,Nicolas Mahut,R,191,FRA,28.9,6-4 6-2 1-6 6-3,5,R64,162,12,4,118,63,51,18,17,10,15,7,4,116,78,49,14,17,10,17,27,1490,132,424
2011-580,Australian Open,Hard,128,G,20110117,88,104925,3,,Novak Djokovic,R,188,SRB,23.6,104471,,,Ivan Dodig,R,183,CRO,26.0,7-5 6-7(8) 6-0 6-2,5,R64,201,9,3,121,78,59,27,19,4,5,8,6,146,84,56,30,19,13,20,3,6240,81,606
2011-580,Australian Open,Hard,128,G,20110117,89,104053,8,,Andy Roddick,R,188,USA,28.3,103857,,,Igor Kunitsyn,R,180,RUS,29.2,7-6(7) 6-2 6-3,5,R64,124,17,5,82,55,47,20,15,3,3,4,0,91,59,40,19,14,4,7,8,3565,99,551
2011-580,Australian Open,Hard,128,G,20110117,90,104898,,,Robin Haase,R,191,NED,23.7,104338,26,,Juan Monaco,R,185,ARG,26.8,6-4 6-4 3-6 6-2,5,R64,184,9,3,148,99,64,23,19,12,17,2,2,121,84,49,17,18,8,16,62,823,28,1480
2011-580,Australian Open,Hard,128,G,20110117,91,104527,19,,Stan Wawrinka,R,183,SUI,25.8,105777,,Q,Grigor Dimitrov,R,191,BUL,19.6,7-5 6-3 6-3,5,R64,101,8,0,80,43,33,24,15,5,7,2,6,82,43,31,17,15,4,10,19,1855,105,518
2011-580,Australian Open,Hard,128,G,20110117,92,104792,12,,Gael Monfils,R,193,FRA,24.3,104523,,,Frederico Gil,R,173,POR,25.8,6-4 6-3 1-6 6-2,5,R64,149,8,5,104,70,49,17,17,3,7,0,0,127,91,50,20,17,5,11,12,2560,91,571
2011-580,Australian Open,Hard,128,G,20110117,93,103990,,,Tommy Robredo,R,180,ESP,28.7,103888,16,,Mardy Fish,R,188,USA,29.1,1-6 6-3 6-3 6-3,5,R64,153,1,2,105,76,55,14,17,5,8,12,5,117,69,48,19,17,9,14,52,890,17,1921
2011-580,Australian Open,Hard,128,G,20110117,94,104660,,,Sergiy Stakhovsky,R,193,UKR,25.0,103997,,,Lukasz Kubot,R,191,POL,28.6,6-3 6-4 6-4,5,R64,127,9,5,85,57,38,12,15,3,8,5,8,92,60,34,10,14,6,14,43,970,72,670
2011-580,Australian Open,Hard,128,G,20110117,95,103598,,,Xavier Malisse,R,185,BEL,30.4,103656,25,,Albert Montanes,R,175,ESP,30.1,6-4 6-0 6-1,5,R64,99,7,0,64,33,25,19,11,2,4,5,3,84,45,22,13,12,9,17,45,956,26,1495
2011-580,Australian Open,Hard,128,G,20110117,96,103819,2,,Roger Federer,R,185,SUI,29.4,104468,,,Gilles Simon,R,183,FRA,26.0,6-2 6-3 4-6 4-6 6-3,5,R64,193,11,1,126,77,61,21,23,4,9,8,5,155,88,49,37,23,10,18,2,9245,34,1210
2011-580,Australian Open,Hard,128,G,20110117,97,104745,1,,Rafael Nadal,L,185,ESP,24.6,106071,,WC,Bernard Tomic,R,196,AUS,18.2,6-2 7-5 6-3,5,R32,150,4,4,97,56,38,22,14,6,8,11,3,103,70,42,13,15,12,19,1,12390,199,251
2011-580,Australian Open,Hard,128,G,20110117,98,105227,15,,Marin Cilic,R,198,CRO,22.3,104545,20,,John Isner,R,208,USA,25.7,4-6 6-2 6-7(5) 7-6(2) 9-7,5,R32,273,22,8,186,106,81,54,29,10,11,26,5,185,128,97,31,29,6,9,15,2140,20,1645
2011-580,Australian Open,Hard,128,G,20110117,99,105683,,Q,Milos Raonic,R,196,CAN,20.0,104022,10,,Mikhail Youzhny,R,183,RUS,28.5,6-4 7-5 4-6 6-4,5,R32,166,28,2,113,77,55,22,21,1,5,3,1,117,71,45,26,21,2,8,152,351,10,2920
2011-580,Australian Open,Hard,128,G,20110117,100,103970,7,,David Ferrer,R,175,ESP,28.7,105575,,,Ricardas Berankis,R,175,LTU,20.5,6-2 6-2 6-1,5,R32,91,5,1,57,33,29,14,11,0,1,1,5,91,52,26,13,12,11,19,7,3895,95,560
2011-580,Australian Open,Hard,128,G,20110117,101,104417,4,,Robin Soderling,R,193,SWE,26.4,103401,,Q,Jan Hernych,R,190,CZE,31.5,6-3 6-1 6-4,5,R32,118,10,3,75,45,38,16,13,2,3,0,1,92,60,32,14,13,6,12,4,5785,241,196
2011-580,Australian Open,Hard,128,G,20110117,102,105238,,,Alexandr Dolgopolov,R,180,UKR,22.1,104542,13,,Jo-Wilfried Tsonga,R,188,FRA,25.7,3-6 6-3 3-6 6-1 6-1,5,R32,139,9,3,107,57,45,25,20,5,10,6,8,116,70,50,15,21,6,15,46,953,13,2345
2011-580,Australian Open,Hard,128,G,20110117,103,103781,11,,Jurgen Melzer,L,183,AUT,29.6,104571,21,,Marcos Baghdatis,R,183,CYP,25.5,6-7(5) 6-2 6-1 4-3 RET,5,R32,141,6,5,112,76,55,20,17,6,8,4,0,97,60,38,19,17,6,13,11,2785,22,1580
2011-580,Australian Open,Hard,128,G,20110117,104,104918,5,,Andy Murray,R,191,GBR,23.6,104198,32,,Guillermo Garcia Lopez,R,188,ESP,27.6,6-1 6-1 6-2,5,R32,82,10,1,58,37,29,12,11,1,2,3,5,69,45,26,5,11,3,11,5,5760,32,1300
2011-580,Australian Open,Hard,128,G,20110117,105,104607,6,,Tomas Berdych,R,196,CZE,25.3,104755,28,,Richard Gasquet,R,183,FRA,24.5,6-2 7-6(3) 6-2,5,R32,124,9,1,80,57,44,15,14,3,4,10,5,101,55,39,18,14,5,10,6,3955,33,1280
2011-580,Australian Open,Hard,128,G,20110117,106,104269,9,,Fernando Verdasco,L,188,ESP,27.1,105453,,,Kei Nishikori,R,178,JPN,21.0,6-2 6-4 6-3,5,R32,120,3,2,81,59,43,13,13,3,4,1,3,83,57,36,9,14,4,10,9,3240,82,599
2011-580,Australian Open,Hard,128,G,20110117,107,104597,14,,Nicolas Almagro,R,183,ESP,25.4,103344,17,,Ivan Ljubicic,R,193,CRO,31.8,6-4 7-6(8) 6-3,5,R32,126,11,2,88,55,46,24,16,2,2,11,2,87,48,40,21,15,1,3,14,2160,16,1965
2011-580,Australian Open,Hard,128,G,20110117,108,104925,3,,Novak Djokovic,R,188,SRB,23.6,104678,29,,Viktor Troicki,R,193,SRB,24.9,6-2 RET,5,R32,40,1,0,22,17,10,4,4,0,1,2,1,38,23,15,2,4,3,6,3,6240,27,1490
2011-580,Australian Open,Hard,128,G,20110117,109,104053,8,,Andy Roddick,R,188,USA,28.3,104898,,,Robin Haase,R,191,NED,23.7,2-6 7-6(2) 6-2 6-2,5,R32,146,32,3,107,74,58,18,18,3,6,10,5,115,71,49,19,18,4,9,8,3565,62,823
2011-580,Australian Open,Hard,128,G,20110117,110,104527,19,,Stan Wawrinka,R,183,SUI,25.8,104792,12,,Gael Monfils,R,193,FRA,24.3,7-6(4) 6-2 6-3,5,R32,155,11,2,95,60,45,19,14,4,6,3,7,120,69,42,22,15,15,21,19,1855,12,2560
2011-580,Australian Open,Hard,128,G,20110117,111,103990,,,Tommy Robredo,R,180,ESP,28.7,104660,,,Sergiy Stakhovsky,R,193,UKR,25.0,5-7 6-2 6-4 6-2,5,R32,184,3,4,136,85,55,29,19,15,19,2,4,123,82,51,16,19,6,14,52,890,43,970
2011-580,Australian Open,Hard,128,G,20110117,112,103819,2,,Roger Federer,R,185,SUI,29.4,103598,,,Xavier Malisse,R,185,BEL,30.4,6-3 6-3 6-1,5,R32,105,6,1,83,50,35,17,13,1,3,4,2,85,51,27,12,12,10,17,2,9245,45,956
2011-580,Australian Open,Hard,128,G,20110117,113,104745,1,,Rafael Nadal,L,185,ESP,24.6,105227,15,,Marin Cilic,R,198,CRO,22.3,6-2 6-4 6-3,5,R16,151,3,3,85,62,49,11,13,2,2,8,4,100,55,42,15,14,9,14,1,12390,15,2140
2011-580,Australian Open,Hard,128,G,20110117,114,103970,7,,David Ferrer,R,175,ESP,28.7,105683,,Q,Milos Raonic,R,196,CAN,20.0,4-6 6-2 6-3 6-4,5,R16,156,3,1,113,80,62,18,19,7,9,15,2,127,77,50,26,18,9,14,7,3895,152,351
2011-580,Australian Open,Hard,128,G,20110117,115,105238,,,Alexandr Dolgopolov,R,180,UKR,22.1,104417,4,,Robin Soderling,R,193,SWE,26.4,1-6 6-3 6-1 4-6 6-2,5,R16,156,11,2,105,55,43,22,20,3,9,6,6,138,86,51,20,21,8,17,46,953,4,5785
2011-580,Australian Open,Hard,128,G,20110117,116,104918,5,,Andy Murray,R,191,GBR,23.6,103781,11,,Jurgen Melzer,L,183,AUT,29.6,6-3 6-1 6-1,5,R16,104,13,3,70,40,33,17,12,7,8,1,1,72,47,24,8,11,7,14,5,5760,11,2785
2011-580,Australian Open,Hard,128,G,20110117,117,104607,6,,Tomas Berdych,R,196,CZE,25.3,104269,9,,Fernando Verdasco,L,188,ESP,27.1,6-4 6-2 6-3,5,R16,118,11,1,66,43,38,17,14,0,1,10,4,79,45,31,15,13,8,13,6,3955,9,3240
2011-580,Australian Open,Hard,128,G,20110117,118,104925,3,,Novak Djokovic,R,188,SRB,23.6,104597,14,,Nicolas Almagro,R,183,ESP,25.4,6-3 6-4 6-0,5,R16,104,12,4,75,56,48,9,13,3,3,5,2,78,46,28,14,12,8,13,3,6240,14,2160
2011-580,Australian Open,Hard,128,G,20110117,119,104527,19,,Stan Wawrinka,R,183,SUI,25.8,104053,8,,Andy Roddick,R,188,USA,28.3,6-3 6-4 6-4,5,R16,142,24,2,79,39,36,26,15,3,3,9,4,112,70,50,18,14,10,13,19,1855,8,3565
2011-580,Australian Open,Hard,128,G,20110117,120,103819,2,,Roger Federer,R,185,SUI,29.4,103990,,,Tommy Robredo,R,180,ESP,28.7,6-3 3-6 6-3 6-2,5,R16,145,11,1,105,73,58,19,18,1,2,7,1,109,68,49,20,17,6,10,2,9245,52,890
2011-580,Australian Open,Hard,128,G,20110117,121,103970,7,,David Ferrer,R,175,ESP,28.7,104745,1,,Rafael Nadal,L,185,ESP,24.6,6-4 6-2 6-3,5,QF,153,8,2,73,50,36,13,14,6,8,2,1,104,69,38,13,13,8,15,7,3895,1,12390
2011-580,Australian Open,Hard,128,G,20110117,122,104918,5,,Andy Murray,R,191,GBR,23.6,105238,,,Alexandr Dolgopolov,R,180,UKR,22.1,7-5 6-3 6-7(3) 6-3,5,QF,186,9,5,118,69,52,30,22,1,5,16,5,158,92,65,23,20,11,18,5,5760,46,953
2011-580,Australian Open,Hard,128,G,20110117,123,104925,3,,Novak Djokovic,R,188,SRB,23.6,104607,6,,Tomas Berdych,R,196,CZE,25.3,6-1 7-6(5) 6-1,5,QF,152,10,1,91,62,51,12,14,1,2,6,5,96,52,37,15,12,5,10,3,6240,6,3955
2011-580,Australian Open,Hard,128,G,20110117,124,103819,2,,Roger Federer,R,185,SUI,29.4,104527,19,,Stan Wawrinka,R,183,SUI,25.8,6-1 6-3 6-3,5,QF,107,5,0,75,58,42,13,13,1,1,1,0,81,47,27,19,12,2,6,2,9245,19,1855
2011-580,Australian Open,Hard,128,G,20110117,125,104918,5,,Andy Murray,R,191,GBR,23.6,103970,7,,David Ferrer,R,175,ESP,28.7,4-6 7-6(2) 6-1 7-6(2),5,SF,226,9,3,151,91,68,22,21,13,18,5,2,142,94,57,23,20,5,11,5,5760,7,3895
2011-580,Australian Open,Hard,128,G,20110117,126,104925,3,,Novak Djokovic,R,188,SRB,23.6,103819,2,,Roger Federer,R,185,SUI,29.4,7-6(3) 7-5 6-4,5,SF,180,6,5,125,86,63,16,17,7,10,5,0,105,62,45,20,17,9,14,3,6240,2,9245
2011-580,Australian Open,Hard,128,G,20110117,127,104925,3,,Novak Djokovic,R,188,SRB,23.6,104918,5,,Andy Murray,R,191,GBR,23.6,6-4 6-2 6-3,5,F,159,5,0,75,48,35,15,14,1,4,6,4,109,59,37,16,13,11,18,3,6240,5,5760
2012-580,Australian Open,Hard,128,G,20120116,1,104925,1,,Novak Djokovic,R,188,SRB,24.6,103893,,,Paolo Lorenzi,R,183,ITA,30.0,6-2 6-0 6-0,5,R128,92,4,1,62,45,33,8,10,4,5,0,5,61,32,18,2,10,4,13,1,13630,109,521
2012-580,Australian Open,Hard,128,G,20120116,2,105053,,,Santiago Giraldo,R,188,COL,24.1,104970,,Q,Matteo Viola,R,188,ITA,24.5,6-4 6-2 6-1,5,R128,101,0,1,62,38,29,17,12,2,3,2,4,80,47,26,12,13,9,15,56,845,153,335
2012-580,Australian Open,Hard,128,G,20120116,3,105147,,WC,Tatsuma Ito,R,180,JPN,23.6,103808,,,Potito Starace,R,188,ITA,30.5,6-3 4-6 6-3 6-4,5,R128,144,10,3,112,65,52,26,19,5,7,9,3,103,73,50,18,19,4,9,117,500,62,800
2012-580,Australian Open,Hard,128,G,20120116,4,103917,,,Nicolas Mahut,R,191,FRA,29.9,103285,29,,Radek Stepanek,R,185,CZE,33.1,7-5 7-5 6-3,5,R128,160,8,4,111,66,52,17,17,6,9,3,3,102,70,42,13,16,10,16,81,653,31,1230
2012-580,Australian Open,Hard,128,G,20120116,5,105683,23,,Milos Raonic,R,196,CAN,21.0,103835,,,Filippo Volandri,R,183,ITA,30.3,6-4 6-0 6-2,5,R128,91,13,4,69,43,36,15,12,5,5,0,5,84,37,21,21,12,6,12,25,1460,72,696
2012-580,Australian Open,Hard,128,G,20120116,6,104332,,,Philipp Petzschner,R,185,GER,27.8,104586,,,Lukas Rosol,R,193,CZE,26.4,6-0 6-0 6-2,5,R128,85,10,2,55,31,27,12,10,0,1,7,5,84,47,21,11,10,5,14,63,780,69,701
2012-580,Australian Open,Hard,128,G,20120116,7,103720,,WC,Lleyton Hewitt,R,180,AUS,30.8,105649,,,Cedrik Marcel Stebe,L,183,GER,21.2,7-5 6-4 3-6 7-5,5,R128,238,8,2,130,69,53,30,21,6,10,13,6,151,89,59,31,22,13,19,181,265,83,652
2012-580,Australian Open,Hard,128,G,20120116,8,104053,15,,Andy Roddick,R,188,USA,29.3,104898,,,Robin Haase,R,191,NED,24.7,6-3 6-4 6-1,5,R128,103,13,1,78,56,41,14,13,4,5,7,6,76,40,27,13,13,7,13,16,1880,53,861
2012-580,Australian Open,Hard,128,G,20120116,9,104386,9,,Janko Tipsarevic,R,180,SRB,27.5,104098,,,Dmitry Tursunov,R,185,RUS,29.0,5-7 7-6(12) 6-3 6-4,5,R128,223,28,4,129,88,72,23,22,2,4,9,5,145,87,65,29,21,5,8,9,2655,43,988
2012-580,Australian Open,Hard,128,G,20120116,10,105902,,WC,James Duckworth,R,183,AUS,19.9,105132,,Q,Jurgen Zopp,R,190,EST,23.8,6-3 6-4 6-4,5,R128,99,11,3,89,56,44,19,15,3,4,6,4,77,46,31,15,14,5,9,250,191,148,359
2012-580,Australian Open,Hard,128,G,20120116,11,104979,,Q,Andrey Golubev,R,180,KAZ,24.4,104022,,,Mikhail Youzhny,R,183,RUS,29.5,7-5 6-7(4) 6-4 4-6 6-3,5,R128,293,12,10,196,122,80,31,27,15,22,7,6,189,117,73,31,26,10,20,146,362,35,1105
2012-580,Australian Open,Hard,128,G,20120116,12,104755,17,,Richard Gasquet,R,183,FRA,25.5,104312,,,Andreas Seppi,R,190,ITA,27.9,6-3 3-6 6-3 6-1,5,R128,151,9,3,97,63,49,15,17,3,6,8,6,113,59,35,25,17,10,17,18,1765,40,1015
2012-580,Australian Open,Hard,128,G,20120116,13,103428,27,,Juan Ignacio Chela,R,190,ARG,32.3,103188,,,Michael Russell,R,173,USA,33.7,7-6(3) 6-3 6-4,5,R128,186,5,1,118,72,44,29,16,6,11,3,7,116,72,40,21,15,7,14,29,1270,97,578
2012-580,Australian Open,Hard,128,G,20120116,14,104665,,,Pablo Andujar,R,180,ESP,25.9,103857,,,Igor Kunitsyn,R,180,RUS,30.2,6-1 7-6(12) 6-0,5,R128,132,4,4,86,53,39,13,13,3,7,1,3,91,55,30,11,12,5,14,45,920,74,692
2012-580,Australian Open,Hard,128,G,20120116,15,104976,,,Ryan Sweeting,R,196,USA,24.5,104897,,,Matthias Bachinger,R,188,GER,24.7,6-4 6-4 6-2,5,R128,107,8,5,79,55,47,14,14,3,3,4,4,94,56,39,18,14,4,8,68,716,89,611
2012-580,Australian Open,Hard,128,G,20120116,16,103970,5,,David Ferrer,R,175,ESP,29.7,104349,,,Rui Machado,R,178,POR,27.7,6-1 6-4 6-2,5,R128,104,2,1,68,40,34,14,13,2,4,0,4,81,54,27,11,12,2,9,5,4925,70,698
2012-580,Australian Open,Hard,128,G,20120116,17,104918,4,,Andy Murray,R,191,GBR,24.6,105992,,,Ryan Harrison,R,185,USA,19.6,4-6 6-3 6-4 6-2,5,R128,192,8,5,120,65,46,33,19,5,7,8,8,122,77,51,21,18,9,14,4,7380,77,666
2012-580,Australian Open,Hard,128,G,20120116,18,104273,,,Edouard Roger-Vasselin,R,185,FRA,28.1,103598,,,Xavier Malisse,R,185,BEL,31.4,7-6(6) RET,5,R128,64,6,0,43,31,23,8,6,1,2,3,2,57,31,23,12,6,6,7,101,562,64,760
2012-580,Australian Open,Hard,128,G,20120116,19,103566,,,Michael Llodra,L,190,FRA,31.6,105208,,,Ernests Gulbis,R,190,LAT,23.3,2-6 6-1 6-2 6-2,5,R128,140,11,2,100,75,53,14,16,9,11,6,8,96,56,37,16,15,11,17,46,915,73,695
2012-580,Australian Open,Hard,128,G,20120116,20,104166,32,,Alex Bogomolov Jr,R,178,RUS,28.7,104593,,,Daniel Gimeno Traver,R,185,ESP,26.4,6-3 6-2 6-4,5,R128,116,3,0,75,66,47,5,13,2,4,4,4,118,80,42,16,14,7,14,34,1135,104,547
2012-580,Australian Open,Hard,128,G,20120116,21,104678,19,,Viktor Troicki,R,193,SRB,25.9,103507,,,Juan Carlos Ferrero,R,183,ESP,31.9,4-6 6-7(3) 6-2 7-6(3) 6-2,5,R128,227,27,3,161,96,78,32,25,6,9,3,3,163,102,67,36,25,6,12,23,1595,48,910
2012-580,Australian Open,Hard,128,G,20120116,22,105062,,,Mikhail Kukushkin,R,183,KAZ,24.0,104198,,,Guillermo Garcia Lopez,R,188,ESP,28.6,6-4 6-3 6-0,5,R128,113,5,0,75,45,34,20,13,1,2,1,3,77,49,27,14,12,5,11,92,598,66,755
2012-580,Australian Open,Hard,128,G,20120116,23,105064,,,Thomaz Bellucci,L,188,BRA,24.0,104534,,,Dudi Sela,R,175,ISR,26.7,7-6(5) 6-4 6-3,5,R128,144,10,4,99,47,38,30,15,4,6,7,5,119,65,42,27,16,5,10,37,1060,75,685
2012-580,Australian Open,Hard,128,G,20120116,24,104792,14,,Gael Monfils,R,193,FRA,25.3,104594,,WC,Marinko Matosevic,R,194,AUS,26.4,7-6(5) 6-3 6-3,5,R128,142,12,6,111,61,43,26,15,8,10,3,7,112,61,41,19,15,6,11,15,1970,203,240
2012-580,Australian Open,Hard,128,G,20120116,25,104468,12,,Gilles Simon,R,183,FRA,27.0,103821,,Q,Danai Udomchoke,R,173,THA,30.4,6-1 3-6 6-7(5) 6-3 6-2,5,R128,200,13,2,135,72,48,40,22,6,11,4,4,136,82,48,26,23,3,13,14,2005,201,242
2012-580,Australian Open,Hard,128,G,20120116,26,103898,,,Julien Benneteau,R,185,FRA,30.0,103971,,,Karol Beck,R,180,SVK,29.7,6-4 6-2 7-5,5,R128,120,6,3,84,53,37,23,15,2,3,7,2,89,50,31,20,15,7,12,39,1030,100,567
2012-580,Australian Open,Hard,128,G,20120116,27,105051,,,Matthew Ebden,R,188,AUS,24.1,105154,,,Joao Souza,R,193,BRA,23.6,6-3 7-6(1) 6-2,5,R128,137,10,3,89,62,51,14,15,1,2,8,2,110,72,45,16,14,12,16,94,590,105,544
2012-580,Australian Open,Hard,128,G,20120116,28,105453,24,,Kei Nishikori,R,178,JPN,22.0,103565,,,Stephane Robert,R,185,FRA,31.6,6-1 7-6(7) 6-0,5,R128,112,7,0,86,62,47,12,12,2,3,2,5,92,49,31,13,13,5,12,26,1410,106,540
2012-580,Australian Open,Hard,128,G,20120116,29,104719,26,,Marcel Granollers,R,191,ESP,25.7,105028,,WC,Jesse Levine,L,175,CAN,24.2,6-0 7-6(4) 5-7 5-7 6-3,5,R128,243,24,5,149,94,79,26,26,4,7,7,3,172,119,80,24,25,11,16,28,1315,158,320
2012-580,Australian Open,Hard,128,G,20120116,30,104523,,,Frederico Gil,R,173,POR,26.8,104471,,,Ivan Dodig,R,183,CRO,27.0,2-6 6-1 6-1 4-1 RET,5,R128,121,3,0,78,56,36,14,13,11,14,6,4,80,41,26,10,14,4,12,107,537,36,1065
2012-580,Australian Open,Hard,128,G,20120116,31,103672,,,Ricardo Mello,L,175,BRA,31.0,105138,,Q,Roberto Bautista Agut,R,183,ESP,23.7,6-4 6-4 7-5,5,R128,156,3,4,93,62,42,17,16,5,9,6,9,129,72,45,21,16,5,12,108,526,175,281
2012-580,Australian Open,Hard,128,G,20120116,32,104542,6,,Jo-Wilfried Tsonga,R,188,FRA,26.7,104797,,,Denis Istomin,R,185,UZB,25.3,6-4 3-6 6-2 7-5,5,R128,174,11,5,120,59,42,34,19,6,9,9,3,112,78,50,18,20,3,9,6,4335,60,802
2012-580,Australian Open,Hard,128,G,20120116,33,103888,8,,Mardy Fish,R,188,USA,30.1,104180,,,Gilles Muller,L,193,LUX,28.6,6-4 6-4 6-2,5,R128,123,11,2,73,45,41,18,14,3,3,10,2,97,65,45,14,14,9,13,8,2965,55,853
2012-580,Australian Open,Hard,128,G,20120116,34,104268,,,Alejandro Falla,L,185,COL,28.1,104926,,,Fabio Fognini,R,178,ITA,24.6,6-3 6-2 3-6 6-1,5,R128,150,5,3,118,78,53,21,17,5,7,2,8,119,66,43,20,16,4,11,71,696,47,915
2012-580,Australian Open,Hard,128,G,20120116,35,105137,,,Pere Riba,R,183,ESP,23.7,103656,,,Albert Montanes,R,175,ESP,31.1,7-6(2) 2-6 6-4 7-6(5),5,R128,193,16,3,134,82,57,25,21,8,14,2,7,154,101,67,26,21,9,14,88,612,50,895
2012-580,Australian Open,Hard,128,G,20120116,36,104259,,,Philipp Kohlschreiber,R,178,GER,28.2,104338,25,,Juan Monaco,R,185,ARG,27.8,7-5 4-6 6-3 6-7(4) 6-0,5,R128,235,9,2,143,84,64,35,24,5,8,2,1,154,110,68,22,25,6,14,41,1005,27,1335
2012-580,Australian Open,Hard,128,G,20120116,37,104229,,,Yen Hsun Lu,R,180,TPE,28.4,103573,,LL,Rik De Voest,R,180,RSA,31.6,6-4 3-6 6-1 3-6 6-3,5,R128,210,7,4,132,78,61,25,22,6,9,10,0,135,91,61,23,22,5,10,79,661,126,459
2012-580,Australian Open,Hard,128,G,20120116,38,103722,,Q,Florent Serra,R,180,FRA,30.8,104327,,,Steve Darcis,R,178,BEL,27.8,6-7(3) 3-6 5-4 RET,5,R128,151,5,2,107,65,38,21,14,8,13,4,1,102,77,50,12,15,7,10,156,324,85,634
2012-580,Australian Open,Hard,128,G,20120116,39,104882,,,Blaz Kavcic,R,188,SLO,24.8,104868,,Q,James Ward,R,190,GBR,24.9,6-4 6-3 6-4,5,R128,137,2,5,101,61,45,20,15,4,7,7,3,76,36,24,18,14,6,11,103,552,161,310
2012-580,Australian Open,Hard,128,G,20120116,40,105223,11,,Juan Martin del Potro,R,198,ARG,23.3,105173,,,Adrian Mannarino,L,180,FRA,23.5,2-6 6-1 7-5 6-4,5,R128,179,11,6,138,80,60,23,19,9,13,7,3,101,69,48,11,18,2,8,11,2315,91,598
2012-580,Australian Open,Hard,128,G,20120116,41,105238,13,,Alexandr Dolgopolov,R,180,UKR,23.1,105286,,WC,Greg Jones,R,190,AUS,22.9,1-6 4-6 6-1 6-1 6-2,5,R128,150,15,1,92,53,41,23,19,1,5,8,8,121,65,45,21,20,10,18,13,2030,198,245
2012-580,Australian Open,Hard,128,G,20120116,42,104735,,,Tobias Kamke,R,180,GER,25.6,103812,,,Victor Hanescu,R,198,ROU,30.4,6-2 6-1 6-2,5,R128,105,1,3,66,37,27,18,12,0,2,1,1,95,71,32,9,11,16,24,98,578,90,600
2012-580,Australian Open,Hard,128,G,20120116,43,105023,,,Sam Querrey,R,198,USA,24.2,104932,,WC,Kenny De Schepper,L,203,FRA,24.6,6-3 6-2 6-2,5,R128,86,12,4,81,47,42,17,13,5,5,5,7,71,37,26,12,12,3,8,95,589,135,400
2012-580,Australian Open,Hard,128,G,20120116,44,106071,,,Bernard Tomic,R,196,AUS,19.2,104269,22,,Fernando Verdasco,L,188,ESP,28.1,4-6 6-7(3) 6-4 6-2 7-5,5,R128,251,7,3,171,104,73,36,26,9,13,15,11,178,106,70,36,26,14,21,38,1048,24,1550
2012-580,Australian Open,Hard,128,G,20120116,45,103333,,,Ivo Karlovic,R,208,CRO,32.8,103781,31,,Jurgen Melzer,L,183,AUT,30.6,7-6(3) 7-5 6-3,5,R128,124,24,3,104,81,61,10,16,5,7,2,8,102,66,47,16,17,5,10,57,842,33,1170
2012-580,Australian Open,Hard,128,G,20120116,46,104122,,,Carlos Berlocq,R,183,ARG,28.9,104619,,Q,Jesse Huta Galung,R,188,NED,26.2,2-6 6-3 7-6(3) 6-3,5,R128,206,9,3,127,85,63,15,20,8,13,8,12,122,64,50,23,18,7,12,61,801,233,205
2012-580,Australian Open,Hard,128,G,20120116,47,104676,,,Andreas Beck,L,190,GER,25.9,103799,,,Eric Prodon,R,178,FRA,30.5,6-4 6-2 4-6 7-5,5,R128,152,2,8,126,79,58,23,20,7,10,14,3,127,87,48,27,20,8,14,93,592,96,581
2012-580,Australian Open,Hard,128,G,20120116,48,103819,3,,Roger Federer,R,185,SUI,30.4,104628,,Q,Alexander Kudryavtsev,R,183,RUS,26.2,7-5 6-2 6-2,5,R128,98,14,2,87,56,44,18,14,3,4,4,4,89,36,23,22,14,7,13,3,8010,172,290
2012-580,Australian Open,Hard,128,G,20120116,49,104607,7,,Tomas Berdych,R,196,CZE,26.3,105077,,,Albert Ramos,L,188,ESP,23.9,7-5 4-6 6-2 6-3,5,R128,172,7,6,113,59,51,29,20,2,4,4,4,113,61,42,27,19,2,7,7,3700,67,734
2012-580,Australian Open,Hard,128,G,20120116,50,103694,,,Olivier Rochus,R,168,BEL,30.9,103451,,Q,Bjorn Phau,R,175,GER,32.2,6-1 6-4 6-0,5,R128,94,7,1,68,41,33,18,12,3,4,2,4,63,31,14,13,11,3,10,54,854,174,286
2012-580,Australian Open,Hard,128,G,20120116,51,104660,,,Sergiy Stakhovsky,R,193,UKR,26.0,105011,,Q,Illya Marchenko,R,185,UKR,24.3,6-3 6-7(9) 4-6 6-3 7-5,5,R128,266,13,9,199,128,85,37,27,9,13,2,18,176,97,66,34,25,13,19,65,755,246,192
2012-580,Australian Open,Hard,128,G,20120116,52,104731,30,,Kevin Anderson,R,203,RSA,25.6,104233,,Q,Frederik Nielsen,R,190,DEN,28.3,6-1 6-2 6-4,5,R128,113,5,4,86,55,41,17,13,5,6,0,3,80,48,28,11,12,7,13,32,1190,240,197
2012-580,Australian Open,Hard,128,G,20120116,53,104527,21,,Stan Wawrinka,R,183,SUI,26.8,105332,,,Benoit Paire,R,196,FRA,22.6,6-1 6-1 7-5,5,R128,100,1,3,98,59,41,24,13,10,11,3,6,83,45,28,11,13,4,11,22,1615,84,636
2012-580,Australian Open,Hard,128,G,20120116,54,104571,,,Marcos Baghdatis,R,183,CYP,26.5,103794,,,Benjamin Becker,R,178,GER,30.5,6-1 7-6(5) 6-2,5,R128,109,18,1,80,36,33,26,13,5,6,5,1,79,44,32,13,14,2,8,44,985,304,148
2012-580,Australian Open,Hard,128,G,20120116,55,105777,,,Grigor Dimitrov,R,191,BUL,20.6,104871,,,Jeremy Chardy,R,188,FRA,24.9,4-6 6-3 3-6 6-4 6-4,5,R128,197,11,6,156,91,68,33,24,19,22,19,8,140,77,64,29,24,11,15,78,666,82,652
2012-580,Australian Open,Hard,128,G,20120116,56,104597,10,,Nicolas Almagro,R,183,ESP,26.4,103997,,,Lukasz Kubot,R,191,POL,29.6,1-6 7-5 6-3 7-5,5,R128,182,15,3,129,82,62,22,20,9,12,7,15,136,75,53,29,20,7,11,10,2380,58,822
2012-580,Australian Open,Hard,128,G,20120116,57,104545,16,,John Isner,R,208,USA,26.7,106093,,WC,Benjamin Mitchell,R,183,AUS,19.1,6-4 6-4 7-6(1),5,R128,124,19,4,95,63,54,16,16,5,6,7,8,99,48,37,26,16,5,8,17,1800,222,220
2012-580,Australian Open,Hard,128,G,20120116,58,103900,,,David Nalbandian,R,180,ARG,30.0,103813,,,Jarkko Nieminen,L,185,FIN,30.4,6-4 4-2 RET,5,R128,67,3,0,44,25,14,12,8,2,4,3,1,58,36,16,12,9,1,5,87,630,49,908
2012-580,Australian Open,Hard,128,G,20120116,59,104262,,,Flavio Cipolla,R,173,ITA,28.2,103786,,,Nikolay Davydenko,R,178,RUS,30.6,6-4 4-6 3-6 6-2 6-1,5,R128,201,2,6,134,104,58,16,22,2,11,3,8,139,91,48,21,22,11,22,76,671,52,875
2012-580,Australian Open,Hard,128,G,20120116,60,103852,18,,Feliciano Lopez,L,188,ESP,30.3,104919,,,Leonardo Mayer,R,188,ARG,24.6,7-6(5) 6-3 7-6(2),5,R128,198,8,6,129,74,57,31,17,11,12,13,9,118,64,46,28,16,8,10,19,1755,80,659
2012-580,Australian Open,Hard,128,G,20120116,61,105041,,Q,Lukas Lacko,R,185,SVK,24.2,103344,28,,Ivan Ljubicic,R,193,CRO,32.8,3-6 4-6 6-3 6-4 6-4,5,R128,189,27,4,122,78,63,28,24,5,8,13,3,136,80,61,29,24,7,11,119,491,30,1270
2012-580,Australian Open,Hard,128,G,20120116,62,105385,,,Donald Young,L,183,USA,22.4,105376,,Q,Peter Gojowczyk,R,188,GER,22.5,6-1 6-2 4-6 1-6 6-2,5,R128,158,5,7,117,73,49,23,20,5,9,4,4,123,72,41,22,20,8,17,42,1004,248,192
2012-580,Australian Open,Hard,128,G,20120116,63,103163,,,Tommy Haas,R,188,GER,33.7,106045,,Q,Denis Kudla,R,180,USA,19.4,7-6(5) 3-6 6-0 7-5,5,R128,144,20,1,104,73,60,19,19,1,3,14,8,138,78,56,29,20,11,16,190,257,276,171
2012-580,Australian Open,Hard,128,G,20120116,64,104745,2,,Rafael Nadal,L,185,ESP,25.6,104864,,Q,Alex Kuznetsov,R,183,USA,24.9,6-4 6-1 6-1,5,R128,106,8,2,62,42,36,13,12,2,2,5,2,75,49,24,12,12,4,10,2,9595,167,301
2012-580,Australian Open,Hard,128,G,20120116,65,104925,1,,Novak Djokovic,R,188,SRB,24.6,105053,,,Santiago Giraldo,R,188,COL,24.1,6-3 6-2 6-1,5,R64,102,9,2,65,36,29,19,12,1,2,3,3,73,38,24,11,12,6,13,1,13630,56,845
2012-580,Australian Open,Hard,128,G,20120116,66,103917,,,Nicolas Mahut,R,191,FRA,29.9,105147,,WC,Tatsuma Ito,R,180,JPN,23.6,1-6 7-6(6) 6-2 6-2,5,R64,170,8,2,121,83,53,14,18,5,11,3,5,125,77,48,21,17,9,16,81,653,117,500
2012-580,Australian Open,Hard,128,G,20120116,67,105683,23,,Milos Raonic,R,196,CAN,21.0,104332,,,Philipp Petzschner,R,185,GER,27.8,6-4 5-7 6-2 7-5,5,R64,175,17,6,123,67,54,30,21,9,11,10,4,135,73,58,25,21,2,7,25,1460,63,780
2012-580,Australian Open,Hard,128,G,20120116,68,103720,,WC,Lleyton Hewitt,R,180,AUS,30.8,104053,15,,Andy Roddick,R,188,USA,29.3,3-6 6-3 6-4 RET,5,R64,132,11,2,78,45,37,17,14,3,5,8,2,91,56,38,19,14,4,7,181,265,16,1880
2012-580,Australian Open,Hard,128,G,20120116,69,104386,9,,Janko Tipsarevic,R,180,SRB,27.5,105902,,WC,James Duckworth,R,183,AUS,19.9,3-6 6-2 7-6(5) 6-4,5,R64,191,11,3,105,62,49,26,19,2,5,9,6,145,99,65,20,20,11,15,9,2655,250,191
2012-580,Australian Open,Hard,128,G,20120116,70,104755,17,,Richard Gasquet,R,183,FRA,25.5,104979,,Q,Andrey Golubev,R,180,KAZ,24.4,6-4 6-2 3-0 RET,5,R64,99,5,0,60,37,28,12,11,0,2,4,5,82,54,25,13,10,11,17,18,1765,146,362
2012-580,Australian Open,Hard,128,G,20120116,71,103428,27,,Juan Ignacio Chela,R,190,ARG,32.3,104665,,,Pablo Andujar,R,180,ESP,25.9,6-4 6-4 6-3,5,R64,144,1,3,96,68,40,15,15,7,12,0,5,89,51,26,15,14,7,15,29,1270,45,920
2012-580,Australian Open,Hard,128,G,20120116,72,103970,5,,David Ferrer,R,175,ESP,29.7,104976,,,Ryan Sweeting,R,196,USA,24.5,6-7(4) 6-2 3-6 6-2 6-3,5,R64,208,6,5,145,99,68,24,23,7,10,5,9,147,95,60,24,23,3,10,5,4925,68,716
2012-580,Australian Open,Hard,128,G,20120116,73,104918,4,,Andy Murray,R,191,GBR,24.6,104273,,,Edouard Roger-Vasselin,R,185,FRA,28.1,6-1 6-4 6-4,5,R64,118,9,2,77,51,43,16,14,1,1,2,2,95,54,35,18,13,8,12,4,7380,101,562
2012-580,Australian Open,Hard,128,G,20120116,74,103566,,,Michael Llodra,L,190,FRA,31.6,104166,32,,Alex Bogomolov Jr,R,178,RUS,28.7,6-1 6-3 4-6 5-7 6-4,5,R64,193,12,8,136,80,53,27,24,6,14,1,6,150,115,67,12,24,6,17,46,915,34,1135
2012-580,Australian Open,Hard,128,G,20120116,75,105062,,,Mikhail Kukushkin,R,183,KAZ,24.0,104678,19,,Viktor Troicki,R,193,SRB,25.9,5-7 6-4 6-2 4-6 6-3,5,R64,218,5,3,138,87,62,28,25,6,11,7,2,155,82,52,38,24,11,18,92,598,23,1595
2012-580,Australian Open,Hard,128,G,20120116,76,104792,14,,Gael Monfils,R,193,FRA,25.3,105064,,,Thomaz Bellucci,L,188,BRA,24.0,2-6 6-0 6-4 6-2,5,R64,165,3,5,115,70,48,22,16,9,12,1,2,109,61,38,20,16,9,16,15,1970,37,1060
2012-580,Australian Open,Hard,128,G,20120116,77,103898,,,Julien Benneteau,R,185,FRA,30.0,104468,12,,Gilles Simon,R,183,FRA,27.0,7-5 7-6(8) 1-6 3-6 6-2,5,R64,252,6,6,158,100,64,28,24,9,16,3,3,170,110,70,29,24,11,18,39,1030,14,2005
2012-580,Australian Open,Hard,128,G,20120116,78,105453,24,,Kei Nishikori,R,178,JPN,22.0,105051,,,Matthew Ebden,R,188,AUS,24.1,3-6 1-6 6-4 6-1 6-1,5,R64,181,2,3,127,86,53,21,20,6,12,6,2,126,83,56,17,20,11,19,26,1410,94,590
2012-580,Australian Open,Hard,128,G,20120116,79,104523,,,Frederico Gil,R,173,POR,26.8,104719,26,,Marcel Granollers,R,191,ESP,25.7,6-3 4-6 6-4 6-3,5,R64,168,3,0,109,76,53,19,19,3,6,7,5,123,73,51,20,19,9,15,107,537,28,1315
2012-580,Australian Open,Hard,128,G,20120116,80,104542,6,,Jo-Wilfried Tsonga,R,188,FRA,26.7,103672,,,Ricardo Mello,L,175,BRA,31.0,7-5 6-4 6-4,5,R64,118,15,3,93,70,52,11,16,4,6,2,7,95,50,32,24,16,5,10,6,4335,108,526
2012-580,Australian Open,Hard,128,G,20120116,81,104268,,,Alejandro Falla,L,185,COL,28.1,103888,8,,Mardy Fish,R,188,USA,30.1,7-6(4) 6-3 7-6(6),5,R64,180,5,1,116,68,44,28,17,7,11,5,0,102,63,39,19,16,1,6,71,696,8,2965
2012-580,Australian Open,Hard,128,G,20120116,82,104259,,,Philipp Kohlschreiber,R,178,GER,28.2,105137,,,Pere Riba,R,183,ESP,23.7,6-0 4-0 RET,5,R64,50,1,1,26,21,19,2,5,2,2,0,0,36,18,7,5,5,2,6,41,1005,88,612
2012-580,Australian Open,Hard,128,G,20120116,83,104229,,,Yen Hsun Lu,R,180,TPE,28.4,103722,,Q,Florent Serra,R,180,FRA,30.8,7-5 6-2 6-2,5,R64,121,4,2,68,47,42,15,14,3,3,5,3,106,65,39,18,14,7,12,79,661,156,324
2012-580,Australian Open,Hard,128,G,20120116,84,105223,11,,Juan Martin del Potro,R,198,ARG,23.3,104882,,,Blaz Kavcic,R,188,SLO,24.8,6-4 7-5 6-3,5,R64,162,14,5,85,54,41,15,15,0,3,3,9,110,63,42,15,16,5,12,11,2315,103,552
2012-580,Australian Open,Hard,128,G,20120116,85,105238,13,,Alexandr Dolgopolov,R,180,UKR,23.1,104735,,,Tobias Kamke,R,180,GER,25.6,4-6 6-1 6-1 3-6 8-6,5,R64,198,16,4,149,91,69,25,24,10,16,2,9,157,93,53,35,23,11,20,13,2030,98,578
2012-580,Australian Open,Hard,128,G,20120116,86,106071,,,Bernard Tomic,R,196,AUS,19.2,105023,,,Sam Querrey,R,198,USA,24.2,3-6 6-3 7-6(3) 6-3,5,R64,133,6,1,119,81,62,25,20,1,3,23,7,118,73,62,18,19,7,10,38,1048,95,589
2012-580,Australian Open,Hard,128,G,20120116,87,103333,,,Ivo Karlovic,R,208,CRO,32.8,104122,,,Carlos Berlocq,R,183,ARG,28.9,7-6(4) 3-6 6-3 6-4,5,R64,203,20,2,132,87,63,28,20,9,12,1,2,138,103,74,16,20,6,9,57,842,61,801
2012-580,Australian Open,Hard,128,G,20120116,88,103819,3,,Roger Federer,R,185,SUI,30.4,104676,,,Andreas Beck,L,190,GER,25.9,W/O,5,R64,,,,,,,,,,,,,,,,,,,,3,8010,93,592
2012-580,Australian Open,Hard,128,G,20120116,89,104607,7,,Tomas Berdych,R,196,CZE,26.3,103694,,,Olivier Rochus,R,168,BEL,30.9,6-1 6-0 7-6(4),5,R64,114,21,1,78,45,41,19,13,1,1,1,0,80,48,29,17,12,3,8,7,3700,54,854
2012-580,Australian Open,Hard,128,G,20120116,90,104731,30,,Kevin Anderson,R,203,RSA,25.6,104660,,,Sergiy Stakhovsky,R,193,UKR,26.0,3-6 6-1 7-6(3) 6-3,5,R64,155,15,4,117,81,63,18,19,1,3,10,4,109,57,42,29,18,5,9,32,1190,65,755
2012-580,Australian Open,Hard,128,G,20120116,91,104527,21,,Stan Wawrinka,R,183,SUI,26.8,104571,,,Marcos Baghdatis,R,183,CYP,26.5,7-6(3) 6-4 5-7 6-1,5,R64,190,4,4,132,70,49,31,20,7,12,1,8,138,77,45,27,21,7,14,22,1615,44,985
2012-580,Australian Open,Hard,128,G,20120116,92,104597,10,,Nicolas Almagro,R,183,ESP,26.4,105777,,,Grigor Dimitrov,R,191,BUL,20.6,4-6 6-3 6-7(4) 6-4 6-0,5,R64,209,9,2,143,92,64,32,23,4,7,13,5,158,93,65,26,24,14,22,10,2380,78,666
2012-580,Australian Open,Hard,128,G,20120116,93,104545,16,,John Isner,R,208,USA,26.7,103900,,,David Nalbandian,R,180,ARG,30.0,4-6 6-3 2-6 7-6(5) 10-8,5,R64,281,43,2,191,120,86,37,29,10,15,7,5,177,113,82,37,28,6,10,17,1800,87,630
2012-580,Australian Open,Hard,128,G,20120116,94,103852,18,,Feliciano Lopez,L,188,ESP,30.3,104262,,,Flavio Cipolla,R,173,ITA,28.2,7-5 7-6(4) 6-2,5,R64,145,6,5,103,57,43,22,16,4,7,0,2,100,84,45,9,16,6,12,19,1755,76,671
2012-580,Australian Open,Hard,128,G,20120116,95,105041,,Q,Lukas Lacko,R,185,SVK,24.2,105385,,,Donald Young,L,183,USA,22.4,6-3 6-1 3-6 6-3,5,R64,143,8,1,107,68,49,25,17,4,5,2,2,103,60,41,20,17,7,12,119,491,42,1004
2012-580,Australian Open,Hard,128,G,20120116,96,104745,2,,Rafael Nadal,L,185,ESP,25.6,103163,,,Tommy Haas,R,188,GER,33.7,6-4 6-3 6-4,5,R64,149,2,2,80,51,38,16,14,2,4,8,4,94,59,36,16,15,4,10,2,9595,190,257
2012-580,Australian Open,Hard,128,G,20120116,97,104925,1,,Novak Djokovic,R,188,SRB,24.6,103917,,,Nicolas Mahut,R,191,FRA,29.9,6-0 6-1 6-1,5,R32,74,7,1,52,32,27,14,10,1,1,0,5,66,43,21,5,10,6,14,1,13630,81,653
2012-580,Australian Open,Hard,128,G,20120116,98,103720,,WC,Lleyton Hewitt,R,180,AUS,30.8,105683,23,,Milos Raonic,R,196,CAN,21.0,4-6 6-3 7-6(5) 6-3,5,R32,186,7,7,136,77,57,32,21,6,8,23,6,115,61,47,28,19,2,5,181,265,25,1460
2012-580,Australian Open,Hard,128,G,20120116,99,104755,17,,Richard Gasquet,R,183,FRA,25.5,104386,9,,Janko Tipsarevic,R,180,SRB,27.5,6-3 6-3 6-1,5,R32,97,7,1,68,41,29,20,13,0,1,5,1,75,37,19,18,12,6,12,18,1765,9,2655
2012-580,Australian Open,Hard,128,G,20120116,100,103970,5,,David Ferrer,R,175,ESP,29.7,103428,27,,Juan Ignacio Chela,R,190,ARG,32.3,7-5 6-2 6-1,5,R32,128,1,4,84,46,30,21,14,3,6,1,1,86,55,29,8,13,5,13,5,4925,29,1270
2012-580,Australian Open,Hard,128,G,20120116,101,104918,4,,Andy Murray,R,191,GBR,24.6,103566,,,Michael Llodra,L,190,FRA,31.6,6-4 6-2 6-0,5,R32,109,7,2,77,46,32,22,12,5,5,2,3,78,45,32,6,12,7,13,4,7380,46,915
2012-580,Australian Open,Hard,128,G,20120116,102,105062,,,Mikhail Kukushkin,R,183,KAZ,24.0,104792,14,,Gael Monfils,R,193,FRA,25.3,6-2 7-5 5-7 1-6 6-4,5,R32,220,5,2,148,98,62,24,24,7,15,9,11,159,106,68,19,25,17,25,92,598,15,1970
2012-580,Australian Open,Hard,128,G,20120116,103,105453,24,,Kei Nishikori,R,178,JPN,22.0,103898,,,Julien Benneteau,R,185,FRA,30.0,4-6 7-6(3) 7-6(4) 6-3,5,R32,205,5,4,121,85,58,18,21,1,7,8,3,156,104,62,22,22,6,13,26,1410,39,1030
2012-580,Australian Open,Hard,128,G,20120116,104,104542,6,,Jo-Wilfried Tsonga,R,188,FRA,26.7,104523,,,Frederico Gil,R,173,POR,26.8,6-2 6-2 6-2,5,R32,91,7,1,70,40,33,19,12,6,6,0,1,68,48,23,12,12,1,7,6,4335,107,537
2012-580,Australian Open,Hard,128,G,20120116,105,104259,,,Philipp Kohlschreiber,R,178,GER,28.2,104268,,,Alejandro Falla,L,185,COL,28.1,6-3 6-2 7-6(3),5,R32,138,4,0,93,49,38,29,14,2,3,1,1,98,66,43,12,15,3,8,41,1005,71,696
2012-580,Australian Open,Hard,128,G,20120116,106,105223,11,,Juan Martin del Potro,R,198,ARG,23.3,104229,,,Yen Hsun Lu,R,180,TPE,28.4,6-2 6-3 6-0,5,R32,112,8,1,60,34,29,15,11,0,0,6,3,67,39,22,10,12,3,10,11,2315,79,661
2012-580,Australian Open,Hard,128,G,20120116,107,106071,,,Bernard Tomic,R,196,AUS,19.2,105238,13,,Alexandr Dolgopolov,R,180,UKR,23.1,4-6 7-6(0) 7-6(6) 2-6 6-3,5,R32,229,12,2,197,134,84,36,26,12,17,22,3,151,69,54,43,25,5,9,38,1048,13,2030
2012-580,Australian Open,Hard,128,G,20120116,108,103819,3,,Roger Federer,R,185,SUI,30.4,103333,,,Ivo Karlovic,R,208,CRO,32.8,7-6(6) 7-5 6-3,5,R32,137,9,0,99,61,49,28,17,2,2,15,3,119,83,63,13,16,4,6,3,8010,57,842
2012-580,Australian Open,Hard,128,G,20120116,109,104607,7,,Tomas Berdych,R,196,CZE,26.3,104731,30,,Kevin Anderson,R,203,RSA,25.6,7-6(5) 7-6(1) 6-1,5,R32,167,14,6,107,57,46,32,16,4,4,18,5,119,83,59,14,15,9,11,7,3700,32,1190
2012-580,Australian Open,Hard,128,G,20120116,110,104597,10,,Nicolas Almagro,R,183,ESP,26.4,104527,21,,Stan Wawrinka,R,183,SUI,26.8,7-6(2) 6-2 6-4,5,R32,147,7,0,90,58,40,21,15,0,3,4,2,118,72,41,21,15,11,17,10,2380,22,1615
2012-580,Australian Open,Hard,128,G,20120116,111,103852,18,,Feliciano Lopez,L,188,ESP,30.3,104545,16,,John Isner,R,208,USA,26.7,6-3 6-7(3) 6-4 6-7(0) 6-1,5,R32,206,16,12,153,86,65,43,25,3,4,29,3,147,108,78,17,25,5,11,19,1755,17,1800
2012-580,Australian Open,Hard,128,G,20120116,112,104745,2,,Rafael Nadal,L,185,ESP,25.6,105041,,Q,Lukas Lacko,R,185,SVK,24.2,6-2 6-4 6-2,5,R32,115,2,0,68,55,47,6,13,4,5,8,3,78,52,31,11,13,6,12,2,9595,119,491
2012-580,Australian Open,Hard,128,G,20120116,113,104925,1,,Novak Djokovic,R,188,SRB,24.6,103720,,WC,Lleyton Hewitt,R,180,AUS,30.8,6-1 6-3 4-6 6-3,5,R16,176,15,3,102,63,46,22,18,2,6,3,6,124,66,45,21,17,4,12,1,13630,181,265
2012-580,Australian Open,Hard,128,G,20120116,114,103970,5,,David Ferrer,R,175,ESP,29.7,104755,17,,Richard Gasquet,R,183,FRA,25.5,6-4 6-4 6-1,5,R16,107,5,3,73,46,40,10,13,1,3,1,3,82,57,29,13,14,2,9,5,4925,18,1765
2012-580,Australian Open,Hard,128,G,20120116,115,104918,4,,Andy Murray,R,191,GBR,24.6,105062,,,Mikhail Kukushkin,R,183,KAZ,24.0,6-1 6-1 1-0 RET,5,R16,49,4,0,34,22,15,7,7,1,3,0,0,47,33,6,7,8,4,12,4,7380,92,598
2012-580,Australian Open,Hard,128,G,20120116,116,105453,24,,Kei Nishikori,R,178,JPN,22.0,104542,6,,Jo-Wilfried Tsonga,R,188,FRA,26.7,2-6 6-2 6-1 3-6 6-3,5,R16,210,1,5,125,82,57,23,21,8,12,13,3,142,82,56,26,20,12,18,26,1410,6,4335
2012-580,Australian Open,Hard,128,G,20120116,117,105223,11,,Juan Martin del Potro,R,198,ARG,23.3,104259,,,Philipp Kohlschreiber,R,178,GER,28.2,6-4 6-2 6-1,5,R16,126,5,1,69,43,35,14,12,2,3,3,3,87,50,32,9,13,9,16,11,2315,41,1005
2012-580,Australian Open,Hard,128,G,20120116,118,103819,3,,Roger Federer,R,185,SUI,30.4,106071,,,Bernard Tomic,R,196,AUS,19.2,6-4 6-2 6-2,5,R16,104,13,3,76,44,37,18,13,4,5,0,2,95,71,39,10,13,4,10,3,8010,38,1048
2012-580,Australian Open,Hard,128,G,20120116,119,104607,7,,Tomas Berdych,R,196,CZE,26.3,104597,10,,Nicolas Almagro,R,183,ESP,26.4,4-6 7-6(5) 7-6(3) 7-6(2),5,R16,234,27,4,149,84,73,38,23,7,9,16,4,157,90,68,39,23,8,9,7,3700,10,2380
2012-580,Australian Open,Hard,128,G,20120116,120,104745,2,,Rafael Nadal,L,185,ESP,25.6,103852,18,,Feliciano Lopez,L,188,ESP,30.3,6-4 6-4 6-2,5,R16,145,4,1,71,57,46,9,14,3,4,10,6,109,62,41,18,14,13,18,2,9595,19,1755
2012-580,Australian Open,Hard,128,G,20120116,121,104925,1,,Novak Djokovic,R,188,SRB,24.6,103970,5,,David Ferrer,R,175,ESP,29.7,6-4 7-6(4) 6-1,5,QF,164,3,0,91,47,34,29,15,2,4,2,1,98,64,39,17,14,7,12,1,13630,5,4925
2012-580,Australian Open,Hard,128,G,20120116,122,104918,4,,Andy Murray,R,191,GBR,24.6,105453,24,,Kei Nishikori,R,178,JPN,22.0,6-3 6-3 6-1,5,QF,132,4,3,81,36,28,26,13,8,10,1,2,94,56,30,14,12,11,18,4,7380,26,1410
2012-580,Australian Open,Hard,128,G,20120116,123,103819,3,,Roger Federer,R,185,SUI,30.4,105223,11,,Juan Martin del Potro,R,198,ARG,23.3,6-4 6-3 6-2,5,QF,119,4,1,77,44,39,19,14,5,6,5,3,87,58,33,16,13,3,8,3,8010,11,2315
2012-580,Australian Open,Hard,128,G,20120116,124,104745,2,,Rafael Nadal,L,185,ESP,25.6,104607,7,,Tomas Berdych,R,196,CZE,26.3,6-7(5) 7-6(6) 6-4 6-3,5,QF,256,7,2,142,100,76,21,21,11,13,17,5,162,100,74,28,22,8,13,2,9595,7,3700
2012-580,Australian Open,Hard,128,G,20120116,125,104925,1,,Novak Djokovic,R,188,SRB,24.6,104918,4,,Andy Murray,R,191,GBR,24.6,6-3 3-6 6-7(4) 6-1 7-5,5,SF,290,11,6,171,104,69,30,24,17,24,9,10,174,110,69,20,25,15,26,1,13630,4,7380
2012-580,Australian Open,Hard,128,G,20120116,126,104745,2,,Rafael Nadal,L,185,ESP,25.6,103819,3,,Roger Federer,R,185,SUI,30.4,6-7(5) 6-2 7-6(5) 6-4,5,SF,222,4,1,141,109,75,20,21,7,10,11,5,135,86,57,27,21,10,16,2,9595,3,8010
2012-580,Australian Open,Hard,128,G,20120116,127,104925,1,,Novak Djokovic,R,188,SRB,24.6,104745,2,,Rafael Nadal,L,185,ESP,25.6,5-7 6-4 6-2 6-7(5) 7-5,5,F,353,9,2,166,98,67,43,27,2,6,10,4,203,135,88,32,27,13,20,1,13630,2,9595
2013-580,Australian Open,Hard,128,G,20130114,1,104925,1,,Novak Djokovic,R,188,SRB,25.6,103908,,,Paul Henri Mathieu,R,185,FRA,31.0,6-2 6-4 7-5,5,R128,102,9,2,77,49,41,21,15,3,3,5,4,86,58,42,11,15,3,7,1,12920,60,763
2013-580,Australian Open,Hard,128,G,20130114,2,105992,,,Ryan Harrison,R,185,USA,20.6,105053,,,Santiago Giraldo,R,188,COL,25.1,2-6 6-4 7-5 6-4,5,R128,157,10,2,116,69,46,29,20,9,14,3,3,131,91,61,17,20,6,12,62,754,64,743
2013-580,Australian Open,Hard,128,G,20130114,3,103852,,,Feliciano Lopez,L,188,ESP,31.3,104516,,Q,Arnau Brugues Davi,L,183,ESP,27.8,6-3 6-2 6-4,5,R128,84,26,3,75,48,43,16,14,2,2,3,2,81,41,27,22,13,6,10,42,1005,198,241
2013-580,Australian Open,Hard,128,G,20130114,4,103285,31,,Radek Stepanek,R,185,CZE,34.1,104678,,,Viktor Troicki,R,193,SRB,26.9,5-7 4-6 6-3 6-3 7-5,5,R128,239,3,9,167,110,72,30,26,12,18,16,4,172,104,69,30,26,13,21,34,1090,37,1030
2013-580,Australian Open,Hard,128,G,20130114,5,105023,20,,Sam Querrey,R,198,USA,25.2,103926,,Q,Daniel Munoz de la Nava,L,178,ESP,30.9,6-7(2) 6-4 6-2 6-4,5,R128,133,27,2,116,80,64,22,20,0,0,5,6,125,62,47,34,20,5,9,22,1650,174,305
2013-580,Australian Open,Hard,128,G,20130114,6,104548,,,Brian Baker,R,190,USA,27.7,104166,,Q,Alex Bogomolov Jr,R,178,RUS,29.7,7-6(4) 6-3 6-7(0) 3-6 6-2,5,R128,222,13,4,156,111,77,21,24,9,14,3,3,179,131,81,23,26,7,15,57,776,133,422
2013-580,Australian Open,Hard,128,G,20130114,7,104735,,,Tobias Kamke,R,180,GER,26.6,104262,,,Flavio Cipolla,R,173,ITA,29.2,6-1 6-4 6-1,5,R128,118,2,0,84,46,31,22,12,4,6,1,6,76,48,24,9,12,5,13,90,577,95,568
2013-580,Australian Open,Hard,128,G,20130114,8,104527,15,,Stan Wawrinka,R,183,SUI,27.8,105649,,Q,Cedrik Marcel Stebe,L,183,GER,22.2,6-2 6-4 6-3,5,R128,89,3,1,82,52,39,21,14,2,2,0,2,72,48,27,15,13,5,9,17,1900,164,327
2013-580,Australian Open,Hard,128,G,20130114,9,105723,,,Andrey Kuznetsov,R,183,RUS,21.8,104338,11,,Juan Monaco,R,185,ARG,28.7,7-6(3) 6-1 6-1,5,R128,115,5,7,99,53,36,21,13,8,12,1,3,75,46,16,14,13,6,15,79,660,12,2430
2013-580,Australian Open,Hard,128,G,20130114,10,104731,,,Kevin Anderson,R,203,RSA,26.6,103893,,,Paolo Lorenzi,R,183,ITA,31.0,3-6 7-6(3) 6-3 6-4,5,R128,174,9,2,134,101,74,18,21,4,7,5,3,127,83,63,19,19,5,8,31,1170,59,769
2013-580,Australian Open,Hard,128,G,20130114,11,103598,,,Xavier Malisse,R,185,BEL,32.4,104665,,,Pablo Andujar,R,180,ESP,26.9,6-3 6-1 6-2,5,R128,113,6,0,72,45,35,18,12,4,4,1,5,86,49,32,12,12,6,12,55,791,45,915
2013-580,Australian Open,Hard,128,G,20130114,12,104269,22,,Fernando Verdasco,L,188,ESP,29.1,105676,,,David Goffin,R,180,BEL,22.1,6-3 3-6 4-6 6-3 6-4,5,R128,202,5,9,141,84,61,30,24,8,13,6,12,129,79,56,22,23,3,9,24,1445,49,843
2013-580,Australian Open,Hard,128,G,20130114,13,103781,26,,Jurgen Melzer,L,183,AUT,31.6,105062,,,Mikhail Kukushkin,R,183,KAZ,25.0,6-1 6-1 6-2,5,R128,82,10,2,63,42,34,12,11,2,2,1,4,73,40,18,13,11,9,16,29,1177,105,526
2013-580,Australian Open,Hard,128,G,20130114,14,105138,,,Roberto Bautista Agut,R,183,ESP,24.7,104926,,,Fabio Fognini,R,178,ITA,25.6,6-0 2-6 6-4 3-6 6-1,5,R128,149,1,7,122,77,49,26,20,4,9,6,5,129,74,45,25,20,10,18,56,786,47,880
2013-580,Australian Open,Hard,128,G,20130114,15,105558,,,Guillaume Rufin,R,188,FRA,22.6,104714,,Q,Julian Reister,R,188,GER,26.7,4-6 7-6(4) 6-1 6-2,5,R128,161,5,4,117,71,47,25,18,4,8,2,4,121,92,51,12,19,10,18,92,574,296,153
2013-580,Australian Open,Hard,128,G,20130114,16,104607,5,,Tomas Berdych,R,196,CZE,27.3,103188,,,Michael Russell,R,173,USA,34.7,6-3 7-5 6-3,5,R128,131,5,2,92,47,35,27,15,6,8,1,2,93,69,42,9,15,6,12,6,4680,94,569
2013-580,Australian Open,Hard,128,G,20130114,17,103970,4,,David Ferrer,R,175,ESP,30.7,103694,,,Olivier Rochus,R,168,BEL,31.9,6-3 6-4 6-2,5,R128,110,2,0,71,48,37,15,14,3,5,0,1,85,51,30,16,13,9,15,5,6505,126,447
2013-580,Australian Open,Hard,128,G,20130114,18,105065,,LL,Tim Smyczek,R,175,USA,25.0,103333,,,Ivo Karlovic,R,208,CRO,33.8,6-4 7-6(5) 7-5,5,R128,138,4,2,104,75,59,16,17,3,3,16,4,110,69,51,21,17,5,7,125,448,103,536
2013-580,Australian Open,Hard,128,G,20130114,19,105147,,,Tatsuma Ito,R,180,JPN,24.6,105357,,WC,John Millman,R,183,AUS,23.5,6-4 6-4 3-6 0-6 7-5,5,R128,209,3,9,162,81,50,39,23,7,15,17,10,156,94,65,27,24,14,21,84,633,184,279
2013-580,Australian Open,Hard,128,G,20130114,20,104571,28,,Marcos Baghdatis,R,183,CYP,27.5,105077,,,Albert Ramos,L,188,ESP,24.9,6-7(0) 7-6(4) 6-4 3-6 6-3,5,R128,255,21,3,179,106,77,36,26,15,19,5,9,192,119,90,30,26,11,16,35,1070,51,830
2013-580,Australian Open,Hard,128,G,20130114,21,104022,23,,Mikhail Youzhny,R,183,RUS,30.5,105051,,,Matthew Ebden,R,188,AUS,25.1,4-6 6-7(0) 6-2 7-6(4) 6-3,5,R128,239,5,4,196,127,86,37,26,14,18,13,7,149,93,70,28,25,6,12,25,1335,108,509
2013-580,Australian Open,Hard,128,G,20130114,22,105539,,,Evgeny Donskoy,R,185,RUS,22.6,104494,,,Adrian Ungur,R,178,ROU,27.9,6-4 6-4 6-2,5,R128,121,12,3,95,50,43,24,14,6,6,3,5,95,57,39,15,14,5,9,82,637,99,557
2013-580,Australian Open,Hard,128,G,20130114,23,104122,,,Carlos Berlocq,R,183,ARG,29.9,104893,,Q,Maxime Authom,R,,BEL,25.7,1-6 7-6(5) 7-6(4) 6-2,5,R128,205,10,9,134,80,59,27,20,4,9,4,6,141,83,57,29,19,8,12,68,720,156,351
2013-580,Australian Open,Hard,128,G,20130114,24,105453,16,,Kei Nishikori,R,178,JPN,23.0,103812,,,Victor Hanescu,R,198,ROU,31.4,6-7(5) 6-3 6-1 6-3,5,R128,159,6,5,121,86,61,20,19,5,7,6,3,123,83,53,18,18,9,16,18,1870,63,753
2013-580,Australian Open,Hard,128,G,20130114,25,104597,10,,Nicolas Almagro,R,183,ESP,27.4,105449,,Q,Steve Johnson,R,188,USA,23.0,7-5 6-7(4) 6-2 6-7(6) 6-2,5,R128,190,35,6,154,83,67,45,26,3,5,21,8,165,95,76,26,26,8,15,11,2515,175,302
2013-580,Australian Open,Hard,128,G,20130114,26,104593,,,Daniel Gimeno Traver,R,185,ESP,27.4,103997,,,Lukasz Kubot,R,191,POL,30.6,6-7(4) 6-4 6-0 4-6 6-4,5,R128,197,15,6,159,100,70,28,24,11,15,4,4,142,84,63,21,24,6,14,71,704,76,675
2013-580,Australian Open,Hard,128,G,20130114,27,104500,,,Somdev Devvarman,R,180,IND,27.9,103451,,,Bjorn Phau,R,175,GER,33.2,6-3 6-2 6-3,5,R128,110,4,1,95,61,40,20,13,13,14,2,2,77,39,25,15,13,3,9,551,52,78,672
2013-580,Australian Open,Hard,128,G,20130114,28,105668,24,,Jerzy Janowicz,R,203,POL,22.1,104620,,,Simone Bolelli,R,183,ITA,27.2,7-5 6-4 6-3,5,R128,135,12,4,99,59,48,17,15,3,5,3,3,98,56,33,22,16,3,9,26,1299,80,658
2013-580,Australian Open,Hard,128,G,20130114,29,103898,32,,Julien Benneteau,R,185,FRA,31.0,105777,,,Grigor Dimitrov,R,191,BUL,21.6,6-4 6-2 6-4,5,R128,106,6,2,75,47,40,16,14,2,3,5,1,99,63,35,20,14,2,7,38,1015,41,1008
2013-580,Australian Open,Hard,128,G,20130114,30,104273,,,Edouard Roger-Vasselin,R,185,FRA,29.1,105074,,Q,Ruben Bemelmans,L,183,BEL,25.0,6-3 6-7(5) 2-6 7-5 11-9,5,R128,265,15,10,207,119,83,41,31,7,14,14,5,207,129,85,42,30,9,17,101,539,114,486
2013-580,Australian Open,Hard,128,G,20130114,31,105041,,,Lukas Lacko,R,185,SVK,25.1,104180,,,Gilles Muller,L,193,LUX,29.6,6-2 6-4 7-6(3),5,R128,119,12,4,96,59,51,20,15,6,7,10,7,96,55,41,18,15,2,6,44,917,69,714
2013-580,Australian Open,Hard,128,G,20130114,32,104386,8,,Janko Tipsarevic,R,180,SRB,28.5,103720,,,Lleyton Hewitt,R,180,AUS,31.8,7-6(4) 7-5 6-3,5,R128,182,14,1,107,64,50,21,17,2,5,5,3,127,62,42,28,16,8,13,9,3090,81,645
2013-580,Australian Open,Hard,128,G,20130114,33,105223,6,,Juan Martin del Potro,R,198,ARG,24.3,105173,,Q,Adrian Mannarino,L,180,FRA,24.5,6-1 6-2 6-2,5,R128,76,7,0,58,43,36,12,12,0,0,5,5,61,36,19,10,11,4,10,7,4480,170,315
2013-580,Australian Open,Hard,128,G,20130114,34,103794,,,Benjamin Becker,R,178,GER,31.5,105379,,,Aljaz Bedene,R,181,SLO,23.4,4-6 6-3 7-5 7-6(1),5,R128,185,16,7,132,63,48,34,21,6,11,11,6,141,79,51,30,22,8,15,66,733,77,673
2013-580,Australian Open,Hard,128,G,20130114,35,104871,,,Jeremy Chardy,R,188,FRA,25.9,104629,,Q,Adrian Menendez Maceiras,R,185,ESP,27.2,7-6(5) 6-7(3) 6-2 6-1,5,R128,177,21,8,127,72,64,23,20,3,4,12,4,138,84,56,23,19,7,12,36,1063,233,205
2013-580,Australian Open,Hard,128,G,20130114,36,104719,30,,Marcel Granollers,R,191,ESP,26.7,104813,,,Grega Zemlja,R,183,SLO,26.2,7-6(6) 7-6(5) 1-0 RET,5,R128,131,5,3,84,52,34,25,13,4,6,7,4,99,57,39,18,12,4,6,32,1125,58,770
2013-580,Australian Open,Hard,128,G,20130114,37,104312,21,,Andreas Seppi,R,190,ITA,28.8,104547,,,Horacio Zeballos,L,188,ARG,27.7,6-2 6-4 6-2,5,R128,89,12,1,71,43,37,17,13,3,3,6,2,77,51,32,13,13,7,12,23,1595,67,725
2013-580,Australian Open,Hard,128,G,20130114,38,104797,,,Denis Istomin,R,185,UZB,26.3,104997,,,Igor Sijsling,R,191,NED,25.4,4-6 6-3 6-4 6-2,5,R128,120,3,1,101,64,47,26,19,2,4,7,0,116,69,45,25,18,12,17,50,840,65,738
2013-580,Australian Open,Hard,128,G,20130114,39,104330,,Q,Rajeev Ram,R,193,USA,28.8,104198,,,Guillermo Garcia Lopez,R,188,ESP,29.6,6-4 6-4 3-6 6-2,5,R128,157,11,1,115,79,59,18,18,4,6,12,4,119,65,46,25,19,6,11,130,433,85,624
2013-580,Australian Open,Hard,128,G,20130114,40,105227,12,,Marin Cilic,R,198,CRO,24.2,104594,,,Marinko Matosevic,R,194,AUS,27.4,6-4 7-5 6-2,5,R128,142,9,3,106,58,44,29,15,11,11,2,8,89,43,30,23,15,6,10,14,2210,48,845
2013-580,Australian Open,Hard,128,G,20130114,41,104468,14,,Gilles Simon,R,183,FRA,28.0,103835,,,Filippo Volandri,R,183,ITA,31.3,2-6 6-3 6-2 6-2,5,R128,124,8,5,94,54,37,25,17,2,5,1,1,102,67,37,18,16,6,12,16,2145,87,582
2013-580,Australian Open,Hard,128,G,20130114,42,105028,,,Jesse Levine,L,175,CAN,25.2,103990,,,Tommy Robredo,R,180,ESP,30.7,7-6(5) 6-7(2) 6-4 6-4,5,R128,188,5,7,159,98,71,32,22,10,12,14,3,129,74,58,32,22,1,5,88,580,107,515
2013-580,Australian Open,Hard,128,G,20130114,43,104229,,,Yen Hsun Lu,R,180,TPE,29.4,103105,,,Ruben Ramirez Hidalgo,R,183,ESP,35.0,6-2 6-1 4-6 6-1,5,R128,121,10,1,87,53,41,24,16,2,3,9,3,86,49,33,12,16,4,11,61,759,91,577
2013-580,Australian Open,Hard,128,G,20130114,44,104792,,,Gael Monfils,R,193,FRA,26.3,105238,18,,Alexandr Dolgopolov,R,180,UKR,24.1,6-7(7) 7-6(4) 6-3 6-3,5,R128,165,26,15,133,80,67,23,21,3,7,7,5,140,77,51,34,21,9,16,86,600,20,1750
2013-580,Australian Open,Hard,128,G,20130114,45,104252,25,,Florian Mayer,R,190,GER,29.2,105733,,WC,Rhyne Williams,R,185,USA,21.8,2-6 3-6 6-2 7-6(12) 6-1,5,R128,202,9,2,146,105,77,19,21,8,11,15,8,152,91,70,28,23,11,16,28,1215,194,253
2013-580,Australian Open,Hard,128,G,20130114,46,105575,,Q,Ricardas Berankis,R,175,LTU,22.5,104660,,,Sergiy Stakhovsky,R,193,UKR,27.0,6-2 7-6(4) 7-5,5,R128,127,6,3,100,58,47,27,16,3,3,6,2,116,83,53,19,16,10,13,110,501,102,538
2013-580,Australian Open,Hard,128,G,20130114,47,105311,,,Joao Sousa,R,185,POR,23.7,105441,,WC,John Patrick Smith,L,188,AUS,23.9,6-4 6-1 6-4,5,R128,112,4,4,88,51,36,23,14,6,8,2,1,82,49,27,17,13,13,19,100,552,237,201
2013-580,Australian Open,Hard,128,G,20130114,48,104918,3,,Andy Murray,R,191,GBR,25.6,104898,,,Robin Haase,R,191,NED,25.7,6-3 6-1 6-3,5,R128,97,4,1,74,54,39,10,12,5,7,2,1,67,34,19,12,13,5,13,3,8000,53,800
2013-580,Australian Open,Hard,128,G,20130114,49,104542,7,,Jo-Wilfried Tsonga,R,188,FRA,27.7,103566,,,Michael Llodra,L,190,FRA,32.6,6-4 7-5 6-2,5,R128,106,12,4,85,60,49,15,15,2,2,5,3,85,47,31,22,15,4,8,8,3375,52,823
2013-580,Australian Open,Hard,128,G,20130114,50,104424,,,Go Soeda,R,178,JPN,28.3,106291,,WC,Luke Saville,R,188,AUS,19.0,6-7(4) 6-3 6-2 6-3,5,R128,173,6,3,129,72,52,31,19,2,5,9,7,121,75,40,22,19,10,18,73,701,349,124
2013-580,Australian Open,Hard,128,G,20130114,51,105902,,WC,James Duckworth,R,183,AUS,20.9,106093,,WC,Benjamin Mitchell,R,183,AUS,20.1,6-4 7-6(8) 4-6 5-7 8-6,5,R128,266,27,4,200,123,96,34,29,11,16,14,9,207,114,78,51,29,10,15,223,210,334,131
2013-580,Australian Open,Hard,128,G,20130114,52,104882,,,Blaz Kavcic,R,188,SLO,25.8,105064,29,,Thomaz Bellucci,L,188,BRA,25.0,6-3 6-1 6-3,5,R128,120,4,1,85,59,42,14,13,5,6,4,8,86,48,30,14,12,8,14,93,569,33,1112
2013-580,Australian Open,Hard,128,G,20130114,53,103813,,,Jarkko Nieminen,L,185,FIN,31.4,103163,19,,Tommy Haas,R,188,GER,34.7,7-6(3) 4-6 6-3 4-6 8-6,5,R128,222,19,4,185,124,86,31,28,7,12,18,8,176,97,65,46,27,5,10,70,710,21,1720
2013-580,Australian Open,Hard,128,G,20130114,54,104471,,,Ivan Dodig,R,183,CRO,28.0,105842,,WC,Di Wu,R,175,CHN,21.3,7-5 4-6 6-3 6-3,5,R128,194,14,2,135,74,49,32,20,7,12,4,6,132,75,48,26,20,12,20,74,692,186,273
2013-580,Australian Open,Hard,128,G,20130114,55,104268,,,Alejandro Falla,L,185,COL,29.1,104721,,WC,Josselin Ouanna,R,193,FRA,26.7,6-4 7-5 6-4,5,R128,135,6,2,114,81,59,18,16,12,12,13,8,106,61,46,20,16,5,8,54,796,118,474
2013-580,Australian Open,Hard,128,G,20130114,56,104755,9,,Richard Gasquet,R,183,FRA,26.5,103656,,,Albert Montanes,R,175,ESP,32.1,7-5 6-2 6-1,5,R128,96,14,0,68,41,36,17,14,0,1,6,5,90,58,36,12,13,4,10,10,2720,96,565
2013-580,Australian Open,Hard,128,G,20130114,57,105683,13,,Milos Raonic,R,196,CAN,22.0,104225,,,Jan Hajek,R,180,CZE,29.4,3-6 6-1 6-2 7-6(0),5,R128,145,30,5,107,67,55,25,18,4,5,3,1,128,85,53,22,18,11,15,15,2175,104,527
2013-580,Australian Open,Hard,128,G,20130114,58,104586,,,Lukas Rosol,R,193,CZE,27.4,104779,,Q,Jamie Baker,R,183,GBR,26.4,7-6(5) 7-5 6-2,5,R128,121,9,2,95,57,43,24,16,1,3,8,1,109,73,51,15,16,7,12,75,679,246,194
2013-580,Australian Open,Hard,128,G,20130114,59,104804,,Q,Amir Weintraub,R,188,ISR,26.3,105550,,,Guido Pella,L,183,ARG,22.6,7-6(2) 7-5 6-2,5,R128,117,12,2,103,74,57,15,16,4,6,6,2,92,60,39,16,16,1,6,196,244,97,564
2013-580,Australian Open,Hard,128,G,20130114,60,104259,17,,Philipp Kohlschreiber,R,178,GER,29.2,104327,,,Steve Darcis,R,178,BEL,28.8,6-2 6-3 6-4,5,R128,106,10,2,76,50,46,12,14,3,3,0,4,80,44,28,20,13,5,9,19,1830,98,561
2013-580,Australian Open,Hard,128,G,20130114,61,104978,,Q,Daniel Brands,R,196,GER,25.4,105373,27,,Martin Klizan,L,191,SVK,23.5,6-3 3-6 6-3 6-4,5,R128,109,14,2,96,71,58,16,19,2,3,13,1,98,61,45,22,18,3,6,120,469,30,1175
2013-580,Australian Open,Hard,128,G,20130114,62,106071,,,Bernard Tomic,R,196,AUS,20.2,104919,,,Leonardo Mayer,R,188,ARG,25.6,6-3 6-2 6-3,5,R128,92,7,0,64,42,38,14,13,0,0,4,2,70,44,29,11,13,2,7,43,985,72,702
2013-580,Australian Open,Hard,128,G,20130114,63,103786,,,Nikolay Davydenko,R,178,RUS,31.6,104534,,Q,Dudi Sela,R,175,ISR,27.7,3-6 6-1 7-5 6-3,5,R128,162,4,3,133,91,55,27,18,16,19,1,2,118,78,48,19,19,9,16,40,1015,113,487
2013-580,Australian Open,Hard,128,G,20130114,64,103819,2,,Roger Federer,R,185,SUI,31.4,105332,,,Benoit Paire,R,196,FRA,23.6,6-2 6-4 6-1,5,R128,83,3,0,69,45,38,14,12,3,3,8,8,89,54,35,11,13,6,12,2,10265,46,900
2013-580,Australian Open,Hard,128,G,20130114,65,104925,1,,Novak Djokovic,R,188,SRB,25.6,105992,,,Ryan Harrison,R,185,USA,20.6,6-1 6-2 6-3,5,R64,91,7,0,56,41,35,13,12,0,0,6,3,90,57,32,12,12,7,13,1,12920,62,754
2013-580,Australian Open,Hard,128,G,20130114,66,103285,31,,Radek Stepanek,R,185,CZE,34.1,103852,,,Feliciano Lopez,L,188,ESP,31.3,6-2 6-2 6-4,5,R64,115,13,2,79,58,45,11,13,2,2,15,5,83,50,36,11,13,4,9,34,1090,42,1005
2013-580,Australian Open,Hard,128,G,20130114,67,105023,20,,Sam Querrey,R,198,USA,25.2,104548,,,Brian Baker,R,190,USA,27.7,6-7(2) 1-1 RET,5,R64,66,5,1,47,30,21,9,8,3,4,5,0,53,36,25,11,7,4,5,22,1650,57,776
2013-580,Australian Open,Hard,128,G,20130114,68,104527,15,,Stan Wawrinka,R,183,SUI,27.8,104735,,,Tobias Kamke,R,180,GER,26.6,6-3 7-6(4) RET,5,R64,108,11,5,83,44,33,18,11,5,7,0,4,89,54,33,17,10,8,11,17,1900,90,577
2013-580,Australian Open,Hard,128,G,20130114,69,104731,,,Kevin Anderson,R,203,RSA,26.6,105723,,,Andrey Kuznetsov,R,183,RUS,21.8,6-1 7-5 6-4,5,R64,106,19,2,90,65,52,13,15,2,2,6,5,87,51,34,17,14,5,9,31,1170,79,660
2013-580,Australian Open,Hard,128,G,20130114,70,104269,22,,Fernando Verdasco,L,188,ESP,29.1,103598,,,Xavier Malisse,R,185,BEL,32.4,6-1 6-3 6-2,5,R64,117,2,3,74,52,35,14,12,4,6,3,5,91,44,26,15,12,7,15,24,1445,55,791
2013-580,Australian Open,Hard,128,G,20130114,71,103781,26,,Jurgen Melzer,L,183,AUT,31.6,105138,,,Roberto Bautista Agut,R,183,ESP,24.7,6-7(4) 6-3 6-7(3) 6-3 6-2,5,R64,229,16,5,177,116,81,39,26,9,10,4,3,154,118,78,22,24,9,14,29,1177,56,786
2013-580,Australian Open,Hard,128,G,20130114,72,104607,5,,Tomas Berdych,R,196,CZE,27.3,105558,,,Guillaume Rufin,R,188,FRA,22.6,6-2 6-2 6-4,5,R64,120,8,2,73,46,36,17,13,3,4,6,7,101,57,39,14,13,10,16,6,4680,92,574
2013-580,Australian Open,Hard,128,G,20130114,73,103970,4,,David Ferrer,R,175,ESP,30.7,105065,,LL,Tim Smyczek,R,175,USA,25.0,6-0 7-5 4-6 6-3,5,R64,158,3,3,108,66,49,23,19,7,10,5,3,121,78,48,17,18,14,21,5,6505,125,448
2013-580,Australian Open,Hard,128,G,20130114,74,104571,28,,Marcos Baghdatis,R,183,CYP,27.5,105147,,,Tatsuma Ito,R,180,JPN,24.6,3-6 6-3 6-2 6-2,5,R64,133,6,2,94,50,36,28,17,2,4,2,1,115,68,45,21,17,11,17,35,1070,84,633
2013-580,Australian Open,Hard,128,G,20130114,75,105539,,,Evgeny Donskoy,R,185,RUS,22.6,104022,23,,Mikhail Youzhny,R,183,RUS,30.5,3-6 7-6(4) 6-2 3-6 6-3,5,R64,225,20,1,136,87,67,28,23,4,6,4,4,177,109,71,39,24,14,17,82,637,25,1335
2013-580,Australian Open,Hard,128,G,20130114,76,105453,16,,Kei Nishikori,R,178,JPN,23.0,104122,,,Carlos Berlocq,R,183,ARG,29.9,7-6(4) 6-4 6-1,5,R64,138,6,3,97,66,48,15,15,2,5,3,6,91,58,35,12,14,6,12,18,1870,68,720
2013-580,Australian Open,Hard,128,G,20130114,77,104597,10,,Nicolas Almagro,R,183,ESP,27.4,104593,,,Daniel Gimeno Traver,R,185,ESP,27.4,6-4 6-1 6-2,5,R64,101,10,2,83,53,42,15,13,5,6,4,8,78,38,25,17,12,4,10,11,2515,71,704
2013-580,Australian Open,Hard,128,G,20130114,78,105668,24,,Jerzy Janowicz,R,203,POL,22.1,104500,,,Somdev Devvarman,R,180,IND,27.9,6-7(10) 3-6 6-1 6-0 7-5,5,R64,240,14,12,171,105,74,29,23,14,18,9,3,157,97,59,29,23,10,19,26,1299,551,52
2013-580,Australian Open,Hard,128,G,20130114,79,103898,32,,Julien Benneteau,R,185,FRA,31.0,104273,,,Edouard Roger-Vasselin,R,185,FRA,29.1,4-6 7-5 7-6(5) 7-6(5),5,R64,214,9,5,148,95,65,28,23,8,15,13,7,167,118,75,22,23,10,17,38,1015,101,539
2013-580,Australian Open,Hard,128,G,20130114,80,104386,8,,Janko Tipsarevic,R,180,SRB,28.5,105041,,,Lukas Lacko,R,185,SVK,25.1,6-3 6-4 3-6 4-6 7-5,5,R64,231,15,2,155,92,69,31,25,11,15,14,1,156,102,73,28,25,6,11,9,3090,44,917
2013-580,Australian Open,Hard,128,G,20130114,81,105223,6,,Juan Martin del Potro,R,198,ARG,24.3,103794,,,Benjamin Becker,R,178,GER,31.5,6-2 6-4 6-2,5,R64,104,21,2,75,55,48,10,13,1,1,10,3,79,41,28,16,13,5,10,7,4480,66,733
2013-580,Australian Open,Hard,128,G,20130114,82,104871,,,Jeremy Chardy,R,188,FRA,25.9,104719,30,,Marcel Granollers,R,191,ESP,26.7,6-3 3-6 6-1 6-2,5,R64,136,8,6,105,74,60,15,17,7,8,5,4,93,68,45,11,16,6,11,36,1063,32,1125
2013-580,Australian Open,Hard,128,G,20130114,83,104312,21,,Andreas Seppi,R,190,ITA,28.8,104797,,,Denis Istomin,R,185,UZB,26.3,7-6(4) 5-7 6-7(3) 7-6(3) 6-2,5,R64,247,13,6,183,111,84,47,28,6,7,16,1,191,118,90,42,28,5,7,23,1595,50,840
2013-580,Australian Open,Hard,128,G,20130114,84,105227,12,,Marin Cilic,R,198,CRO,24.2,104330,,Q,Rajeev Ram,R,193,USA,28.8,7-5 6-2 6-4,5,R64,119,9,2,76,41,38,23,15,0,0,1,1,94,67,45,11,15,9,13,14,2210,130,433
2013-580,Australian Open,Hard,128,G,20130114,85,104468,14,,Gilles Simon,R,183,FRA,28.0,105028,,,Jesse Levine,L,175,CAN,25.2,2-6 6-3 7-6(4) 6-2,5,R64,170,12,8,133,69,54,32,19,7,10,7,5,123,74,51,23,18,8,12,16,2145,88,580
2013-580,Australian Open,Hard,128,G,20130114,86,104792,,,Gael Monfils,R,193,FRA,26.3,104229,,,Yen Hsun Lu,R,180,TPE,29.4,7-6(5) 4-6 0-6 6-1 8-6,5,R64,217,30,23,165,97,74,28,25,5,10,10,5,161,104,77,27,24,4,8,86,600,61,759
2013-580,Australian Open,Hard,128,G,20130114,87,105575,,Q,Ricardas Berankis,R,175,LTU,22.5,104252,25,,Florian Mayer,R,190,GER,29.2,6-2 6-3 6-1,5,R64,77,5,0,70,38,31,22,12,3,3,4,3,72,46,30,7,12,4,10,110,501,28,1215
2013-580,Australian Open,Hard,128,G,20130114,88,104918,3,,Andy Murray,R,191,GBR,25.6,105311,,,Joao Sousa,R,185,POR,23.7,6-2 6-2 6-4,5,R64,101,15,0,77,45,36,21,13,0,0,3,1,77,49,31,12,13,3,8,3,8000,100,552
2013-580,Australian Open,Hard,128,G,20130114,89,104542,7,,Jo-Wilfried Tsonga,R,188,FRA,27.7,104424,,,Go Soeda,R,178,JPN,28.3,6-3 7-6(1) 6-3,5,R64,123,17,2,100,58,48,24,16,3,4,5,3,78,43,32,20,14,1,4,8,3375,73,701
2013-580,Australian Open,Hard,128,G,20130114,90,104882,,,Blaz Kavcic,R,188,SLO,25.8,105902,,WC,James Duckworth,R,183,AUS,20.9,3-6 6-3 6-4 6-7(3) 10-8,5,R64,292,21,8,195,117,91,37,29,8,12,25,6,187,108,79,35,29,15,21,93,569,223,210
2013-580,Australian Open,Hard,128,G,20130114,91,104471,,,Ivan Dodig,R,183,CRO,28.0,103813,,,Jarkko Nieminen,L,185,FIN,31.4,6-3 6-7(4) 6-3 6-7(4) 6-1,5,R64,198,33,4,179,111,92,33,26,17,18,9,3,147,94,69,26,23,5,10,74,692,70,710
2013-580,Australian Open,Hard,128,G,20130114,92,104755,9,,Richard Gasquet,R,183,FRA,26.5,104268,,,Alejandro Falla,L,185,COL,29.1,6-3 6-2 6-2,5,R64,100,12,1,69,39,31,19,13,1,2,7,1,84,59,35,6,12,7,13,10,2720,54,796
2013-580,Australian Open,Hard,128,G,20130114,93,105683,13,,Milos Raonic,R,196,CAN,22.0,104586,,,Lukas Rosol,R,193,CZE,27.4,7-6(2) 6-2 6-3,5,R64,108,18,6,81,52,45,17,14,2,3,13,6,96,46,31,25,15,3,8,15,2175,75,679
2013-580,Australian Open,Hard,128,G,20130114,94,104259,17,,Philipp Kohlschreiber,R,178,GER,29.2,104804,,Q,Amir Weintraub,R,188,ISR,26.3,6-2 7-6(4) 6-4,5,R64,109,12,0,88,53,48,23,15,3,3,8,3,94,67,48,13,15,3,6,19,1830,196,244
2013-580,Australian Open,Hard,128,G,20130114,95,106071,,,Bernard Tomic,R,196,AUS,20.2,104978,,Q,Daniel Brands,R,196,GER,25.4,6-7(4) 7-5 7-6(3) 7-6(8),5,R64,175,26,3,148,114,89,20,24,1,1,23,4,159,104,79,36,24,6,7,43,985,120,469
2013-580,Australian Open,Hard,128,G,20130114,96,103819,2,,Roger Federer,R,185,SUI,31.4,103786,,,Nikolay Davydenko,R,178,RUS,31.6,6-3 6-4 6-4,5,R64,119,9,2,91,62,47,19,15,0,0,9,3,106,70,44,17,14,10,13,2,10265,40,1015
2013-580,Australian Open,Hard,128,G,20130114,97,104925,1,,Novak Djokovic,R,188,SRB,25.6,103285,31,,Radek Stepanek,R,185,CZE,34.1,6-4 6-3 7-5,5,R32,142,7,1,85,55,47,20,16,2,2,4,3,107,74,51,14,15,8,11,1,12920,34,1090
2013-580,Australian Open,Hard,128,G,20130114,98,104527,15,,Stan Wawrinka,R,183,SUI,27.8,105023,20,,Sam Querrey,R,198,USA,25.2,7-6(6) 7-5 6-4,5,R32,129,13,5,105,56,47,28,17,3,4,12,3,111,75,59,16,17,5,8,17,1900,22,1650
2013-580,Australian Open,Hard,128,G,20130114,99,104731,,,Kevin Anderson,R,203,RSA,26.6,104269,22,,Fernando Verdasco,L,188,ESP,29.1,4-6 6-3 4-6 7-6(4) 6-2,5,R32,226,9,4,147,113,85,16,25,5,9,5,4,162,110,75,28,24,9,14,31,1170,24,1445
2013-580,Australian Open,Hard,128,G,20130114,100,104607,5,,Tomas Berdych,R,196,CZE,27.3,103781,26,,Jurgen Melzer,L,183,AUT,31.6,6-3 6-2 6-2,5,R32,109,13,1,76,49,40,17,13,1,1,3,1,82,54,31,11,12,5,10,6,4680,29,1177
2013-580,Australian Open,Hard,128,G,20130114,101,103970,4,,David Ferrer,R,175,ESP,30.7,104571,28,,Marcos Baghdatis,R,183,CYP,27.5,6-4 6-2 6-3,5,R32,117,5,1,85,54,37,18,14,3,5,4,1,76,43,23,17,13,3,9,5,6505,35,1070
2013-580,Australian Open,Hard,128,G,20130114,102,105453,16,,Kei Nishikori,R,178,JPN,23.0,105539,,,Evgeny Donskoy,R,185,RUS,22.6,7-6(3) 6-2 6-3,5,R32,126,7,1,97,66,51,20,15,3,4,5,1,92,51,35,17,14,3,7,18,1870,82,637
2013-580,Australian Open,Hard,128,G,20130114,103,104597,10,,Nicolas Almagro,R,183,ESP,27.4,105668,24,,Jerzy Janowicz,R,203,POL,22.1,7-6(3) 7-6(4) 6-1,5,R32,125,18,0,91,51,44,29,16,0,0,11,2,96,66,53,13,15,7,9,11,2515,26,1299
2013-580,Australian Open,Hard,128,G,20130114,104,104386,8,,Janko Tipsarevic,R,180,SRB,28.5,103898,32,,Julien Benneteau,R,185,FRA,31.0,3-6 6-4 2-6 6-4 6-3,5,R32,209,13,1,129,68,46,42,23,1,4,12,3,145,92,67,28,23,7,10,9,3090,38,1015
2013-580,Australian Open,Hard,128,G,20130114,105,104871,,,Jeremy Chardy,R,188,FRA,25.9,105223,6,,Juan Martin del Potro,R,198,ARG,24.3,6-3 6-3 6-7(3) 3-6 6-3,5,R32,225,19,7,159,93,73,34,24,5,7,13,3,149,100,74,25,24,12,17,36,1063,7,4480
2013-580,Australian Open,Hard,128,G,20130114,106,104312,21,,Andreas Seppi,R,190,ITA,28.8,105227,12,,Marin Cilic,R,198,CRO,24.2,6-7(2) 6-3 2-6 6-4 6-2,5,R32,218,5,5,162,90,64,31,24,12,19,13,5,136,68,51,28,23,8,17,23,1595,14,2210
2013-580,Australian Open,Hard,128,G,20130114,107,104468,14,,Gilles Simon,R,183,FRA,28.0,104792,,,Gael Monfils,R,193,FRA,26.3,6-4 6-4 4-6 1-6 8-6,5,R32,283,0,4,182,125,70,31,26,16,25,9,11,166,111,75,23,25,17,25,16,2145,86,600
2013-580,Australian Open,Hard,128,G,20130114,108,104918,3,,Andy Murray,R,191,GBR,25.6,105575,,Q,Ricardas Berankis,R,175,LTU,22.5,6-3 6-4 7-5,5,R32,132,15,0,114,77,55,14,16,9,12,6,3,87,50,31,15,15,7,13,3,8000,110,501
2013-580,Australian Open,Hard,128,G,20130114,109,104542,7,,Jo-Wilfried Tsonga,R,188,FRA,27.7,104882,,,Blaz Kavcic,R,188,SLO,25.8,6-2 6-1 6-4,5,R32,79,7,0,69,49,37,13,12,4,5,1,4,74,50,21,14,13,2,9,8,3375,93,569
2013-580,Australian Open,Hard,128,G,20130114,110,104755,9,,Richard Gasquet,R,183,FRA,26.5,104471,,,Ivan Dodig,R,183,CRO,28.0,4-6 6-3 7-6(2) 6-0,5,R32,145,11,1,112,63,55,24,19,3,5,9,3,114,63,42,24,18,8,13,10,2720,74,692
2013-580,Australian Open,Hard,128,G,20130114,111,105683,13,,Milos Raonic,R,196,CAN,22.0,104259,17,,Philipp Kohlschreiber,R,178,GER,29.2,7-6(4) 6-3 6-4,5,R32,112,23,1,86,56,46,23,16,0,0,5,3,94,48,34,30,15,2,4,15,2175,19,1830
2013-580,Australian Open,Hard,128,G,20130114,112,103819,2,,Roger Federer,R,185,SUI,31.4,106071,,,Bernard Tomic,R,196,AUS,20.2,6-4 7-6(5) 6-1,5,R32,118,11,4,95,67,59,12,15,1,1,8,2,121,84,57,15,14,13,16,2,10265,43,985
2013-580,Australian Open,Hard,128,G,20130114,113,104925,1,,Novak Djokovic,R,188,SRB,25.6,104527,15,,Stan Wawrinka,R,183,SUI,27.8,1-6 7-5 6-4 6-7(5) 12-10,5,R16,302,7,5,195,129,92,36,32,11,18,16,2,214,133,91,42,31,8,15,1,12920,17,1900
2013-580,Australian Open,Hard,128,G,20130114,114,104607,5,,Tomas Berdych,R,196,CZE,27.3,104731,,,Kevin Anderson,R,203,RSA,26.6,6-3 6-2 7-6(13),5,R16,164,7,2,112,58,46,29,15,5,7,11,1,111,77,50,14,14,7,12,6,4680,31,1170
2013-580,Australian Open,Hard,128,G,20130114,115,103970,4,,David Ferrer,R,175,ESP,30.7,105453,16,,Kei Nishikori,R,178,JPN,23.0,6-2 6-1 6-4,5,R16,130,6,3,96,65,45,15,13,11,13,1,3,95,58,31,12,12,4,11,5,6505,18,1870
2013-580,Australian Open,Hard,128,G,20130114,116,104597,10,,Nicolas Almagro,R,183,ESP,27.4,104386,8,,Janko Tipsarevic,R,180,SRB,28.5,6-2 5-1 RET,5,R16,62,5,1,43,22,19,13,7,1,1,2,0,46,24,14,7,7,5,9,11,2515,9,3090
2013-580,Australian Open,Hard,128,G,20130114,117,104871,,,Jeremy Chardy,R,188,FRA,25.9,104312,21,,Andreas Seppi,R,190,ITA,28.8,5-7 6-3 6-2 6-2,5,R16,162,10,10,124,81,62,20,19,9,11,9,3,119,75,52,16,18,9,15,36,1063,23,1595
2013-580,Australian Open,Hard,128,G,20130114,118,104918,3,,Andy Murray,R,191,GBR,25.6,104468,14,,Gilles Simon,R,183,FRA,28.0,6-3 6-1 6-3,5,R16,95,12,0,63,39,30,14,12,0,2,1,2,90,60,34,9,13,7,15,3,8000,16,2145
2013-580,Australian Open,Hard,128,G,20130114,119,104542,7,,Jo-Wilfried Tsonga,R,188,FRA,27.7,104755,9,,Richard Gasquet,R,183,FRA,26.5,6-4 3-6 6-3 6-2,5,R16,140,11,1,106,58,47,27,18,6,7,7,4,102,59,46,21,18,5,9,8,3375,10,2720
2013-580,Australian Open,Hard,128,G,20130114,120,103819,2,,Roger Federer,R,185,SUI,31.4,105683,13,,Milos Raonic,R,196,CAN,22.0,6-4 7-6(4) 6-2,5,R16,113,14,1,78,50,45,21,15,0,0,19,5,96,63,44,17,15,4,7,2,10265,15,2175
2013-580,Australian Open,Hard,128,G,20130114,121,104925,1,,Novak Djokovic,R,188,SRB,25.6,104607,5,,Tomas Berdych,R,196,CZE,27.3,6-1 4-6 6-1 6-4,5,QF,151,10,2,97,65,51,20,17,3,4,8,5,107,64,42,18,17,8,14,1,12920,6,4680
2013-580,Australian Open,Hard,128,G,20130114,122,103970,4,,David Ferrer,R,175,ESP,30.7,104597,10,,Nicolas Almagro,R,183,ESP,27.4,4-6 4-6 7-5 7-6(4) 6-2,5,QF,224,16,0,149,103,74,23,26,5,12,15,4,166,77,56,42,26,13,21,5,6505,11,2515
2013-580,Australian Open,Hard,128,G,20130114,123,104918,3,,Andy Murray,R,191,GBR,25.6,104871,,,Jeremy Chardy,R,188,FRA,25.9,6-4 6-1 6-2,5,QF,111,7,1,75,51,41,7,12,3,5,6,3,77,52,31,5,13,3,11,3,8000,36,1063
2013-580,Australian Open,Hard,128,G,20130114,124,103819,2,,Roger Federer,R,185,SUI,31.4,104542,7,,Jo-Wilfried Tsonga,R,188,FRA,27.7,7-6(4) 4-6 7-6(4) 3-6 6-3,5,QF,214,6,3,158,98,76,33,26,4,9,20,1,175,117,88,27,26,14,18,2,10265,8,3375
2013-580,Australian Open,Hard,128,G,20130114,125,104925,1,,Novak Djokovic,R,188,SRB,25.6,103970,4,,David Ferrer,R,175,ESP,30.7,6-2 6-2 6-1,5,SF,89,6,0,51,32,29,15,11,0,0,1,3,75,45,25,9,12,0,7,1,12920,5,6505
2013-580,Australian Open,Hard,128,G,20130114,126,104918,3,,Andy Murray,R,191,GBR,25.6,103819,2,,Roger Federer,R,185,SUI,31.4,6-4 6-7(5) 6-3 6-7(2) 6-2,5,SF,240,21,0,157,100,75,36,26,4,6,5,2,171,106,77,28,25,10,16,3,8000,2,10265
2013-580,Australian Open,Hard,128,G,20130114,127,104925,1,,Novak Djokovic,R,188,SRB,25.6,104918,3,,Andy Murray,R,191,GBR,25.6,6-7(2) 7-6(3) 6-3 6-2,5,F,220,8,3,134,84,63,33,21,4,4,7,4,131,81,64,24,20,8,11,1,12920,3,8000
2014-580,Australian Open,Hard,128,G,20140113,1,104745,1,,Rafael Nadal,L,185,ESP,27.6,106071,,,Bernard Tomic,R,196,AUS,21.2,6-4 RET,5,R128,41,5,1,26,16,14,6,5,0,0,3,1,28,19,15,3,5,0,1,1,13130,57,810
2014-580,Australian Open,Hard,128,G,20140113,2,106423,,WC,Thanasi Kokkinakis,R,193,AUS,17.7,104997,,,Igor Sijsling,R,191,NED,26.4,7-6(4) 0-6 7-6(3) 6-2,5,R128,182,6,9,147,79,55,36,19,5,9,20,4,123,73,57,22,19,2,5,570,53,73,681
2014-580,Australian Open,Hard,128,G,20140113,3,106058,,,Jack Sock,R,191,USA,21.3,104735,,,Tobias Kamke,R,180,GER,27.6,7-6(5) 5-7 6-2 6-4,5,R128,242,16,12,148,74,54,43,21,10,12,6,8,136,66,51,36,21,6,10,95,582,78,651
2014-580,Australian Open,Hard,128,G,20140113,4,104792,25,,Gael Monfils,R,193,FRA,27.3,105992,,,Ryan Harrison,R,185,USA,21.6,6-4 6-4 6-4,5,R128,111,10,5,78,51,44,17,15,0,0,2,1,93,57,42,17,15,1,4,32,1245,110,504
2014-580,Australian Open,Hard,128,G,20140113,5,104312,24,,Andreas Seppi,R,190,ITA,29.8,103720,,,Lleyton Hewitt,R,180,AUS,32.8,7-6(4) 6-3 5-7 5-7 7-5,5,R128,258,17,5,176,103,72,40,29,6,13,23,5,177,90,76,38,28,11,18,25,1360,43,1010
2014-580,Australian Open,Hard,128,G,20140113,6,105385,,,Donald Young,L,183,USA,24.4,104898,,,Robin Haase,R,191,NED,26.7,6-7(4) 7-6(2) 6-2 1-0 RET,5,R128,154,0,5,106,77,58,16,16,3,4,11,6,124,81,55,19,15,5,7,91,595,45,977
2014-580,Australian Open,Hard,128,G,20140113,7,105583,,Q,Dusan Lajovic,R,183,SRB,23.5,106298,,WC,Lucas Pouille,R,185,FRA,19.8,6-4 7-6(9) 4-6 6-3,5,R128,183,7,7,132,80,53,30,21,4,8,2,10,135,84,56,21,20,5,10,117,483,193,262
2014-580,Australian Open,Hard,128,G,20140113,8,105453,16,,Kei Nishikori,R,178,JPN,24.0,104594,,,Marinko Matosevic,R,194,AUS,28.4,6-3 5-7 6-2 4-6 6-2,5,R128,221,6,5,143,96,69,26,23,6,9,13,9,172,103,68,30,24,8,15,17,1915,54,856
2014-580,Australian Open,Hard,128,G,20140113,9,105683,11,,Milos Raonic,R,196,CAN,23.0,104593,,,Daniel Gimeno Traver,R,185,ESP,28.4,7-6(2) 6-1 4-6 6-2,5,R128,144,21,7,101,65,56,17,18,3,6,5,5,122,69,43,25,19,13,20,11,2860,77,662
2014-580,Australian Open,Hard,128,G,20140113,10,103812,,,Victor Hanescu,R,198,ROU,32.4,105376,,Q,Peter Gojowczyk,R,188,GER,24.4,7-6(5) 7-6(5) 6-3,5,R128,136,8,4,120,78,59,24,17,5,6,7,6,104,57,44,22,16,5,7,76,665,135,423
2014-580,Australian Open,Hard,128,G,20140113,11,104229,,,Yen Hsun Lu,R,180,TPE,30.4,104499,,Q,Jimmy Wang,R,178,TPE,28.9,6-3 6-2 6-1,5,R128,108,9,5,76,47,33,11,12,4,7,1,3,101,64,32,12,12,10,19,53,860,173,302
2014-580,Australian Open,Hard,128,G,20140113,12,105777,22,,Grigor Dimitrov,R,191,BUL,22.6,105614,,,Bradley Klahn,L,183,USA,23.4,6-7(7) 6-4 6-4 6-3,5,R128,154,14,4,108,62,55,30,20,0,0,10,9,130,75,54,28,21,4,8,22,1460,93,592
2014-580,Australian Open,Hard,128,G,20140113,13,105332,27,,Benoit Paire,R,196,FRA,24.6,104433,,Q,Frank Dancevic,R,185,CAN,29.2,7-6(12) 6-3 6-4,5,R128,132,24,6,106,60,54,22,16,3,4,12,3,108,65,48,19,15,9,12,28,1300,122,460
2014-580,Australian Open,Hard,128,G,20140113,14,106401,,WC,Nick Kyrgios,R,193,AUS,18.7,103794,,,Benjamin Becker,R,178,GER,32.5,6-3 6-7(5) 6-2 7-6(2),5,R128,152,34,13,123,69,63,22,21,4,7,12,5,124,65,44,32,20,2,8,183,277,81,640
2014-580,Australian Open,Hard,128,G,20140113,15,105138,,,Roberto Bautista Agut,R,183,ESP,25.7,105065,,,Tim Smyczek,R,175,USA,26.0,6-2 6-1 6-1,5,R128,90,1,1,61,50,37,7,11,1,2,8,5,89,54,28,10,11,10,18,62,750,90,600
2014-580,Australian Open,Hard,128,G,20140113,16,105223,5,,Juan Martin del Potro,R,198,ARG,25.3,105733,,Q,Rhyne Williams,R,185,USA,22.8,6-7(1) 6-3 6-4 6-4,5,R128,184,16,3,115,73,61,24,21,1,2,29,1,114,65,52,25,20,4,8,5,5415,130,428
2014-580,Australian Open,Hard,128,G,20140113,17,104918,4,,Andy Murray,R,191,GBR,26.6,104424,,,Go Soeda,R,178,JPN,29.3,6-1 6-1 6-3,5,R128,87,11,2,59,41,33,11,11,0,0,6,3,74,45,28,6,12,6,13,4,5560,112,498
2014-580,Australian Open,Hard,128,G,20140113,18,104672,,Q,Vincent Millot,L,173,FRA,27.9,104639,,Q,Wayne Odesnik,L,180,USA,28.1,7-5 4-6 6-7(4) 6-1 6-3,5,R128,209,18,9,166,96,64,33,25,13,20,11,2,165,110,66,23,25,15,26,267,170,139,410
2014-580,Australian Open,Hard,128,G,20140113,19,103582,,Q,Michael Berrer,L,193,GER,33.5,103566,,,Michael Llodra,L,190,FRA,33.6,6-4 7-5 6-1,5,R128,94,9,6,73,46,39,19,14,2,2,10,5,96,69,47,12,15,7,12,144,391,102,541
2014-580,Australian Open,Hard,128,G,20140113,20,103852,26,,Feliciano Lopez,L,188,ESP,32.3,104500,,,Somdev Devvarman,R,180,IND,28.9,6-4 6-4 7-6(2),5,R128,133,12,2,95,62,50,18,16,5,7,6,1,104,54,34,28,16,3,7,27,1310,97,579
2014-580,Australian Open,Hard,128,G,20140113,21,103565,,LL,Stephane Robert,R,185,FRA,33.6,105379,,,Aljaz Bedene,R,181,SLO,24.4,7-6(3) 6-3 6-0,5,R128,113,4,2,71,33,25,21,13,1,5,16,11,107,58,40,9,14,8,17,119,479,104,528
2014-580,Australian Open,Hard,128,G,20140113,22,104308,,,Michal Przysiezny,R,185,POL,29.9,104547,,,Horacio Zeballos,L,188,ARG,28.7,6-3 7-6(4) 7-5,5,R128,126,15,0,89,61,48,17,16,2,4,11,4,100,60,43,18,17,3,8,64,730,65,730
2014-580,Australian Open,Hard,128,G,20140113,23,105641,,Q,Blaz Rola,L,193,SLO,23.2,105643,,,Federico Delbonis,L,193,ARG,23.2,6-4 6-2 7-5,5,R128,128,6,8,102,69,57,13,15,8,8,4,1,92,58,38,16,15,5,9,185,276,55,826
2014-580,Australian Open,Hard,128,G,20140113,24,105373,,LL,Martin Klizan,L,191,SVK,24.5,104545,13,,John Isner,R,208,USA,28.7,6-2 7-6(6) RET,5,R128,82,9,2,58,32,27,21,11,3,3,10,0,67,52,36,6,10,3,5,106,518,13,2310
2014-580,Australian Open,Hard,128,G,20140113,25,104542,10,,Jo-Wilfried Tsonga,R,188,FRA,28.7,103835,,,Filippo Volandri,R,183,ITA,32.3,7-5 6-3 6-3,5,R128,110,15,1,82,51,37,23,15,1,2,2,6,99,60,37,18,15,8,13,10,3065,70,694
2014-580,Australian Open,Hard,128,G,20140113,26,105064,,Q,Thomaz Bellucci,L,188,BRA,26.0,104714,,,Julian Reister,R,188,GER,27.7,4-6 6-3 7-6(5) RET,5,R128,132,8,6,99,53,40,23,16,4,8,5,8,92,57,43,14,15,3,7,129,430,88,612
2014-580,Australian Open,Hard,128,G,20140113,27,105227,,,Marin Cilic,R,198,CRO,25.2,104719,,,Marcel Granollers,R,191,ESP,27.7,4-6 4-6 6-3 6-3 6-2,5,R128,192,22,4,120,70,58,29,23,1,3,13,3,149,91,64,27,23,3,8,36,1130,35,1155
2014-580,Australian Open,Hard,128,G,20140113,28,104468,18,,Gilles Simon,R,183,FRA,29.0,104978,,,Daniel Brands,R,196,GER,26.4,6-7(4) 6-4 3-6 6-3 16-14,5,R128,272,32,17,257,143,114,57,35,23,25,41,4,204,128,108,37,35,6,10,19,1790,59,779
2014-580,Australian Open,Hard,128,G,20140113,29,104269,31,,Fernando Verdasco,L,188,ESP,30.1,105585,,Q,Ze Zhang,R,188,CHN,23.5,5-7 6-3 6-2 6-3,5,R128,146,20,6,115,70,59,24,19,4,5,7,6,111,64,44,25,19,9,14,33,1235,253,182
2014-580,Australian Open,Hard,128,G,20140113,30,104559,,,Teymuraz Gabashvili,R,185,RUS,28.6,104660,,,Sergiy Stakhovsky,R,193,UKR,28.0,6-7(3) 6-4 6-2 6-0,5,R128,171,5,4,114,66,49,24,18,3,6,14,8,131,72,50,21,18,8,17,79,651,82,636
2014-580,Australian Open,Hard,128,G,20140113,31,104882,,,Blaz Kavcic,R,188,SLO,26.8,103285,,,Radek Stepanek,R,185,CZE,35.1,6-7(3) 4-6 6-1 2-0 RET,5,R128,167,10,6,103,65,43,22,16,7,11,5,11,122,62,37,29,16,8,14,99,559,44,995
2014-580,Australian Open,Hard,128,G,20140113,32,103819,6,,Roger Federer,R,185,SUI,32.4,105902,,WC,James Duckworth,R,183,AUS,21.9,6-4 6-4 6-2,5,R128,106,11,5,78,45,40,19,14,1,1,13,3,92,48,36,19,14,13,17,6,4355,133,425
2014-580,Australian Open,Hard,128,G,20140113,33,104607,7,,Tomas Berdych,R,196,CZE,28.3,104873,,,Aleksandr Nedovyesov,R,188,KAZ,26.9,6-3 6-4 6-3,5,R128,110,8,0,71,47,39,19,14,2,2,8,2,93,57,37,17,14,10,14,7,4180,94,586
2014-580,Australian Open,Hard,128,G,20140113,34,104932,,,Kenny De Schepper,L,203,FRA,26.6,105842,,WC,Di Wu,R,175,CHN,22.3,7-5 7-5 7-6(2),5,R128,162,19,13,133,84,63,20,18,11,13,3,5,126,74,46,29,18,7,11,86,617,203,246
2014-580,Australian Open,Hard,128,G,20140113,35,106000,,Q,Damir Dzumhur,R,175,BIH,21.6,104225,,,Jan Hajek,R,180,CZE,30.4,6-4 6-2 6-1,5,R128,86,4,3,68,36,31,19,12,1,2,2,6,82,60,31,6,13,5,12,188,272,103,540
2014-580,Australian Open,Hard,128,G,20140113,36,104471,32,,Ivan Dodig,R,183,CRO,29.0,103333,,,Ivo Karlovic,R,208,CRO,34.8,7-6(8) 6-3 7-6(4),5,R128,114,8,2,100,83,68,12,17,2,3,25,1,101,67,55,18,16,1,3,34,1190,75,667
2014-580,Australian Open,Hard,128,G,20140113,37,104731,19,,Kevin Anderson,R,203,RSA,27.6,106210,,,Jiri Vesely,L,198,CZE,20.5,2-6 6-7(4) 6-4 6-4 6-4,5,R128,229,21,9,146,92,76,28,25,4,6,16,10,162,92,69,43,25,11,14,21,1580,83,636
2014-580,Australian Open,Hard,128,G,20140113,38,106233,,Q,Dominic Thiem,R,185,AUT,20.3,105311,,,Joao Sousa,R,185,POR,24.7,5-7 6-4 6-3 7-6(3),5,R128,185,20,3,137,76,60,31,21,5,8,8,0,144,94,57,30,22,7,12,136,422,50,925
2014-580,Australian Open,Hard,128,G,20140113,39,104273,,,Edouard Roger-Vasselin,R,185,FRA,30.1,104122,,,Carlos Berlocq,R,183,ARG,30.9,6-4 7-6(5) 6-7(9) 6-2,5,R128,228,6,6,168,109,67,32,21,9,13,9,4,145,83,49,32,21,9,16,40,1038,41,1020
2014-580,Australian Open,Hard,128,G,20140113,40,104198,,,Guillermo Garcia Lopez,R,188,ESP,30.6,103163,12,,Tommy Haas,R,188,GER,35.7,7-5 5-2 RET,5,R128,80,7,3,60,35,27,11,9,1,2,4,7,60,31,22,11,10,0,4,58,801,12,2435
2014-580,Australian Open,Hard,128,G,20140113,41,104022,14,,Mikhail Youzhny,R,183,RUS,31.5,105526,,,Jan Lennard Struff,R,193,GER,23.7,6-1 6-4 6-2,5,R128,109,5,2,86,59,39,17,13,3,5,2,8,75,37,24,12,12,2,9,15,2145,105,527
2014-580,Australian Open,Hard,128,G,20140113,42,104252,,,Florian Mayer,R,190,GER,30.2,106045,,Q,Denis Kudla,R,180,USA,21.4,6-4 6-2 6-4,5,R128,105,6,1,83,49,37,21,14,2,3,1,2,96,57,35,18,14,6,11,37,1110,113,497
2014-580,Australian Open,Hard,128,G,20140113,43,104665,,,Pablo Andujar,R,180,ESP,27.9,105077,,,Albert Ramos,L,188,ESP,25.9,6-4 6-2 6-4,5,R128,115,2,1,90,66,40,15,14,4,7,2,3,84,51,32,10,14,5,12,48,946,84,626
2014-580,Australian Open,Hard,128,G,20140113,44,105668,20,,Jerzy Janowicz,R,203,POL,23.1,111442,,WC,Jordan Thompson,R,183,AUS,19.7,1-6 4-6 6-4 6-2 6-1,5,R128,196,17,11,162,104,74,27,21,7,10,13,7,131,79,57,22,21,4,9,20,1615,319,139
2014-580,Australian Open,Hard,128,G,20140113,45,104871,29,,Jeremy Chardy,R,188,FRA,26.9,104619,,,Jesse Huta Galung,R,188,NED,28.2,6-2 6-4 6-4,5,R128,110,9,3,88,58,46,16,14,5,5,9,7,86,47,39,15,14,5,9,31,1255,100,557
2014-580,Australian Open,Hard,128,G,20140113,46,105238,,,Alexandr Dolgopolov,R,180,UKR,25.1,105575,,Q,Ricardas Berankis,R,175,LTU,23.5,7-5 7-5 6-2,5,R128,123,8,4,91,53,42,23,16,2,3,10,3,114,57,40,25,16,11,16,56,825,128,433
2014-580,Australian Open,Hard,128,G,20140113,47,105173,,,Adrian Mannarino,L,180,FRA,25.5,105449,,WC,Steve Johnson,R,188,USA,24.0,3-6 6-3 6-0 5-7 6-4,5,R128,177,3,3,140,81,52,37,23,2,6,21,12,131,69,50,28,23,4,11,71,692,147,378
2014-580,Australian Open,Hard,128,G,20140113,48,103970,3,,David Ferrer,R,175,ESP,31.7,105292,,,Alejandro Gonzalez,R,190,COL,24.9,6-3 6-4 6-4,5,R128,125,2,6,83,44,28,21,15,2,7,2,4,88,60,34,7,14,4,12,3,5640,74,672
2014-580,Australian Open,Hard,128,G,20140113,49,104527,8,,Stan Wawrinka,R,183,SUI,28.7,104979,,,Andrey Golubev,R,180,KAZ,26.4,6-4 4-1 RET,5,R128,65,4,1,35,22,20,6,7,1,2,0,0,56,36,18,10,8,5,9,8,3890,85,620
2014-580,Australian Open,Hard,128,G,20140113,50,104268,,,Alejandro Falla,L,185,COL,30.1,105062,,,Mikhail Kukushkin,R,183,KAZ,26.0,6-7(2) 6-2 6-2 6-3,5,R128,189,4,2,123,74,50,23,18,10,14,2,3,156,86,55,23,19,18,28,87,612,66,721
2014-580,Australian Open,Hard,128,G,20140113,51,105051,,,Matthew Ebden,R,188,AUS,26.1,103917,,,Nicolas Mahut,R,191,FRA,31.9,6-3 7-5 4-6 0-6 6-3,5,R128,184,7,7,132,89,58,23,23,9,15,7,4,136,87,63,23,23,6,12,67,711,46,958
2014-580,Australian Open,Hard,128,G,20140113,52,105577,28,,Vasek Pospisil,R,193,CAN,23.5,105032,,WC,Sam Groth,R,193,AUS,26.2,6-4 6-3 6-4,5,R128,103,6,4,75,50,45,13,14,2,2,16,4,93,60,40,17,15,6,10,30,1289,157,334
2014-580,Australian Open,Hard,128,G,20140113,53,103990,17,,Tommy Robredo,R,180,ESP,31.7,104586,,,Lukas Rosol,R,193,CZE,28.4,6-1 6-7(7) 3-6 7-6(5) 8-6,5,R128,212,13,0,144,82,62,43,26,4,7,11,12,185,91,71,42,28,12,18,18,1810,47,956
2014-580,Australian Open,Hard,128,G,20140113,54,103898,,,Julien Benneteau,R,185,FRA,32.0,105807,,,Pablo Carreno Busta,R,188,ESP,22.5,6-3 3-6 4-6 6-1 6-2,5,R128,183,16,4,131,87,62,24,22,1,5,7,7,147,78,47,34,21,12,19,38,1090,63,739
2014-580,Australian Open,Hard,128,G,20140113,55,103786,,,Nikolay Davydenko,R,178,RUS,32.6,103997,,,Lukasz Kubot,R,191,POL,31.6,3-6 6-3 3-6 6-3 6-4,5,R128,219,6,4,135,104,76,11,23,8,14,8,12,168,100,68,25,23,17,24,61,760,72,686
2014-580,Australian Open,Hard,128,G,20140113,56,104755,9,,Richard Gasquet,R,183,FRA,27.5,104095,,Q,David Guez,R,185,FRA,31.0,7-5 6-4 6-1,5,R128,113,12,0,85,58,43,13,15,4,7,3,0,76,48,26,12,14,3,10,9,3140,176,286
2014-580,Australian Open,Hard,128,G,20140113,57,104926,15,,Fabio Fognini,R,178,ITA,26.6,104166,,,Alex Bogomolov Jr,R,178,RUS,30.7,6-3 6-2 RET,5,R128,89,3,4,55,27,19,14,8,4,6,0,11,84,44,25,14,9,14,20,16,1930,89,611
2014-580,Australian Open,Hard,128,G,20140113,58,103813,,,Jarkko Nieminen,L,185,FIN,32.4,104534,,,Dudi Sela,R,175,ISR,28.7,3-6 7-6(3) 6-7(3) 6-3 6-3,5,R128,218,2,5,176,103,66,34,26,8,17,5,3,170,113,72,25,25,7,17,39,1090,68,706
2014-580,Australian Open,Hard,128,G,20140113,59,105023,,,Sam Querrey,R,198,USA,26.2,105053,,,Santiago Giraldo,R,188,COL,26.1,6-3 6-2 3-6 7-6(3),5,R128,133,24,4,117,74,60,22,19,5,7,9,3,113,72,50,23,19,3,7,51,915,69,703
2014-580,Australian Open,Hard,128,G,20140113,60,105208,23,,Ernests Gulbis,R,190,LAT,25.3,104338,,,Juan Monaco,R,185,ARG,29.7,1-6 6-4 7-6(4) 6-2,5,R128,189,17,11,144,76,59,32,19,9,12,0,4,111,84,63,12,18,2,5,24,1418,42,1015
2014-580,Australian Open,Hard,128,G,20140113,61,104098,30,,Dmitry Tursunov,R,185,RUS,31.0,103188,,,Michael Russell,R,173,USA,35.7,6-2 6-2 6-3,5,R128,116,8,6,99,52,39,24,13,6,7,1,8,84,42,24,19,12,3,9,26,1314,92,594
2014-580,Australian Open,Hard,128,G,20140113,62,104797,,,Denis Istomin,R,185,UZB,27.3,104571,,,Marcos Baghdatis,R,183,CYP,28.5,6-4 7-5 6-4,5,R128,156,9,1,105,80,56,16,16,8,9,9,4,127,66,53,20,16,9,13,49,945,108,515
2014-580,Australian Open,Hard,128,G,20140113,63,104919,,,Leonardo Mayer,R,188,ARG,26.6,103656,,,Albert Montanes,R,175,ESP,33.1,6-1 6-3 6-1,5,R128,70,13,1,54,33,31,13,11,0,0,1,4,68,41,23,9,12,7,14,98,579,60,766
2014-580,Australian Open,Hard,128,G,20140113,64,104925,2,,Novak Djokovic,R,188,SRB,26.6,105041,,,Lukas Lacko,R,185,SVK,26.1,6-3 7-6(2) 6-1,5,R128,110,9,0,79,54,45,17,15,2,3,5,1,92,56,35,18,13,4,8,2,12260,96,582
2014-580,Australian Open,Hard,128,G,20140113,65,104745,1,,Rafael Nadal,L,185,ESP,27.6,106423,,WC,Thanasi Kokkinakis,R,193,AUS,17.7,6-2 6-4 6-2,5,R64,113,7,1,74,56,46,10,13,3,3,4,2,78,52,33,10,13,5,10,1,13130,570,53
2014-580,Australian Open,Hard,128,G,20140113,66,104792,25,,Gael Monfils,R,193,FRA,27.3,106058,,,Jack Sock,R,191,USA,21.3,7-6(2) 7-5 6-2,5,R64,123,13,3,91,56,47,23,16,0,1,5,9,118,69,48,23,16,7,11,32,1245,95,582
2014-580,Australian Open,Hard,128,G,20140113,67,105385,,,Donald Young,L,183,USA,24.4,104312,24,,Andreas Seppi,R,190,ITA,29.8,6-4 2-6 6-3 4-6 7-5,5,R64,211,6,15,177,106,71,30,25,12,18,12,10,148,84,57,33,24,9,15,91,595,25,1360
2014-580,Australian Open,Hard,128,G,20140113,68,105453,16,,Kei Nishikori,R,178,JPN,24.0,105583,,Q,Dusan Lajovic,R,183,SRB,23.5,6-1 6-1 7-6(3),5,R64,109,5,3,81,52,43,15,13,4,5,7,3,91,63,35,10,13,6,12,17,1915,117,483
2014-580,Australian Open,Hard,128,G,20140113,69,105683,11,,Milos Raonic,R,196,CAN,23.0,103812,,,Victor Hanescu,R,198,ROU,32.4,7-6(9) 6-4 6-4,5,R64,139,27,3,104,67,57,23,16,5,5,6,1,113,76,55,22,16,4,6,11,2860,76,665
2014-580,Australian Open,Hard,128,G,20140113,70,105777,22,,Grigor Dimitrov,R,191,BUL,22.6,104229,,,Yen Hsun Lu,R,180,TPE,30.4,6-3 6-3 7-6(11),5,R64,124,15,7,96,58,50,17,15,2,4,2,2,116,82,47,19,15,16,21,22,1460,53,860
2014-580,Australian Open,Hard,128,G,20140113,71,105332,27,,Benoit Paire,R,196,FRA,24.6,106401,,WC,Nick Kyrgios,R,193,AUS,18.7,6-7(5) 6-7(5) 6-4 6-2 6-2,5,R64,200,32,5,161,82,69,46,25,8,10,24,11,186,124,87,26,25,17,24,28,1300,183,277
2014-580,Australian Open,Hard,128,G,20140113,72,105138,,,Roberto Bautista Agut,R,183,ESP,25.7,105223,5,,Juan Martin del Potro,R,198,ARG,25.3,4-6 6-3 5-7 6-4 7-5,5,R64,233,12,6,166,116,89,22,27,13,17,28,2,148,107,76,21,26,3,8,62,750,5,5415
2014-580,Australian Open,Hard,128,G,20140113,73,104918,4,,Andy Murray,R,191,GBR,26.6,104672,,Q,Vincent Millot,L,173,FRA,27.9,6-2 6-2 7-5,5,R64,121,5,5,75,44,35,17,14,1,4,2,7,99,54,25,20,14,9,17,4,5560,267,170
2014-580,Australian Open,Hard,128,G,20140113,74,103852,26,,Feliciano Lopez,L,188,ESP,32.3,103582,,Q,Michael Berrer,L,193,GER,33.5,6-4 7-6(6) 6-4,5,R64,133,8,3,97,60,45,23,16,2,4,6,3,108,75,49,17,16,8,12,27,1310,144,391
2014-580,Australian Open,Hard,128,G,20140113,75,103565,,LL,Stephane Robert,R,185,FRA,33.6,104308,,,Michal Przysiezny,R,185,POL,29.9,7-6(3) 6-1 6-7(3) 6-1,5,R64,153,12,8,124,71,55,31,20,5,7,12,6,131,72,47,27,18,11,17,119,479,64,730
2014-580,Australian Open,Hard,128,G,20140113,76,105373,,LL,Martin Klizan,L,191,SVK,24.5,105641,,Q,Blaz Rola,L,193,SLO,23.2,6-4 6-3 5-7 7-6(2),5,R64,172,16,5,116,67,49,34,21,1,4,12,8,146,92,66,24,22,9,14,106,518,185,276
2014-580,Australian Open,Hard,128,G,20140113,77,104542,10,,Jo-Wilfried Tsonga,R,188,FRA,28.7,105064,,Q,Thomaz Bellucci,L,188,BRA,26.0,7-6(6) 6-4 6-4,5,R64,135,13,6,92,59,51,18,16,3,4,9,5,106,48,31,34,16,6,9,10,3065,129,430
2014-580,Australian Open,Hard,128,G,20140113,78,104468,18,,Gilles Simon,R,183,FRA,29.0,105227,,,Marin Cilic,R,198,CRO,25.2,4-6 7-6(3) 6-7(5) 6-1 6-2,5,R64,237,7,8,180,89,65,41,25,8,15,15,7,147,73,50,32,24,2,12,19,1790,36,1130
2014-580,Australian Open,Hard,128,G,20140113,79,104559,,,Teymuraz Gabashvili,R,185,RUS,28.6,104269,31,,Fernando Verdasco,L,188,ESP,30.1,7-6(1) 3-6 2-6 6-4 6-4,5,R64,211,2,4,143,98,63,25,24,4,10,11,18,159,93,64,37,25,12,17,79,651,33,1235
2014-580,Australian Open,Hard,128,G,20140113,80,103819,6,,Roger Federer,R,185,SUI,32.4,104882,,,Blaz Kavcic,R,188,SLO,26.8,6-2 6-1 7-6(4),5,R64,107,11,0,76,58,45,9,13,1,2,6,3,99,61,32,18,14,5,11,6,4355,99,559
2014-580,Australian Open,Hard,128,G,20140113,81,104607,7,,Tomas Berdych,R,196,CZE,28.3,104932,,,Kenny De Schepper,L,203,FRA,26.6,6-4 6-1 6-3,5,R64,102,5,4,66,42,37,15,13,0,0,8,9,84,54,33,10,13,3,8,7,4180,86,617
2014-580,Australian Open,Hard,128,G,20140113,82,106000,,Q,Damir Dzumhur,R,175,BIH,21.6,104471,32,,Ivan Dodig,R,183,CRO,29.0,4-6 4-6 6-3 4-1 RET,5,R64,142,7,6,94,48,36,26,16,4,7,14,2,92,52,40,19,16,2,5,188,272,34,1190
2014-580,Australian Open,Hard,128,G,20140113,83,104731,19,,Kevin Anderson,R,203,RSA,27.6,106233,,Q,Dominic Thiem,R,185,AUT,20.3,6-4 6-3 6-4,5,R64,107,15,5,80,51,43,18,15,2,2,10,3,76,44,34,16,14,2,5,21,1580,136,422
2014-580,Australian Open,Hard,128,G,20140113,84,104273,,,Edouard Roger-Vasselin,R,185,FRA,30.1,104198,,,Guillermo Garcia Lopez,R,188,ESP,30.6,7-6(1) 6-4 4-6 6-1,5,R64,171,11,2,122,70,49,28,19,9,13,9,10,125,64,46,26,20,10,17,40,1038,58,801
2014-580,Australian Open,Hard,128,G,20140113,85,104252,,,Florian Mayer,R,190,GER,30.2,104022,14,,Mikhail Youzhny,R,183,RUS,31.5,6-4 3-6 6-3 3-6 6-3,5,R64,186,18,2,127,76,58,34,23,4,7,14,6,135,71,53,38,23,9,13,37,1110,15,2145
2014-580,Australian Open,Hard,128,G,20140113,86,105668,20,,Jerzy Janowicz,R,203,POL,23.1,104665,,,Pablo Andujar,R,180,ESP,27.9,4-6 7-6(3) 7-6(5) 6-3,5,R64,205,15,5,159,107,76,25,22,8,11,11,1,141,112,72,19,21,8,11,20,1615,48,946
2014-580,Australian Open,Hard,128,G,20140113,87,104871,29,,Jeremy Chardy,R,188,FRA,26.9,105238,,,Alexandr Dolgopolov,R,180,UKR,25.1,7-5 7-6(5) 6-7(3) 7-6(5),5,R64,211,22,10,160,95,74,30,24,8,12,15,2,163,115,80,23,24,9,14,31,1255,56,825
2014-580,Australian Open,Hard,128,G,20140113,88,103970,3,,David Ferrer,R,175,ESP,31.7,105173,,,Adrian Mannarino,L,180,FRA,25.5,7-6(2) 5-7 6-0 6-3,5,R64,182,0,3,118,81,56,18,19,5,10,3,1,137,77,44,25,20,8,17,3,5640,71,692
2014-580,Australian Open,Hard,128,G,20140113,89,104527,8,,Stan Wawrinka,R,183,SUI,28.7,104268,,,Alejandro Falla,L,185,COL,30.1,6-3 6-3 6-7(4) 6-4,5,R64,167,9,4,124,68,57,31,20,5,7,1,3,135,80,56,25,20,11,17,8,3890,87,612
2014-580,Australian Open,Hard,128,G,20140113,90,105577,28,,Vasek Pospisil,R,193,CAN,23.5,105051,,,Matthew Ebden,R,188,AUS,26.1,3-6 7-6(6) 7-6(9) 6-1,5,R64,169,14,3,128,77,59,31,20,8,11,9,3,125,86,64,19,20,1,5,30,1289,67,711
2014-580,Australian Open,Hard,128,G,20140113,91,103990,17,,Tommy Robredo,R,180,ESP,31.7,103898,,,Julien Benneteau,R,185,FRA,32.0,6-3 6-7(4) 6-1 7-6(6),5,R64,212,17,2,142,81,61,38,21,10,11,14,6,155,97,68,27,19,9,13,18,1810,38,1090
2014-580,Australian Open,Hard,128,G,20140113,92,104755,9,,Richard Gasquet,R,183,FRA,27.5,103786,,,Nikolay Davydenko,R,178,RUS,32.6,7-6(3) 6-4 6-4,5,R64,140,9,5,100,57,40,22,16,1,5,7,1,105,79,47,11,16,4,10,9,3140,61,760
2014-580,Australian Open,Hard,128,G,20140113,93,104926,15,,Fabio Fognini,R,178,ITA,26.6,103813,,,Jarkko Nieminen,L,185,FIN,32.4,7-5 6-4 3-6 6-2,5,R64,167,9,12,146,88,66,26,19,14,16,3,5,132,86,57,23,20,10,15,16,1930,39,1090
2014-580,Australian Open,Hard,128,G,20140113,94,105023,,,Sam Querrey,R,198,USA,26.2,105208,23,,Ernests Gulbis,R,190,LAT,25.3,6-2 6-3 6-4,5,R64,97,19,4,71,51,45,11,14,2,3,7,4,76,35,23,21,13,4,9,51,915,24,1418
2014-580,Australian Open,Hard,128,G,20140113,95,104797,,,Denis Istomin,R,185,UZB,27.3,104098,30,,Dmitry Tursunov,R,185,RUS,31.0,7-6(3) 4-6 6-1 6-4,5,R64,164,14,1,118,66,48,35,20,7,10,5,5,115,62,45,26,19,3,8,49,945,26,1314
2014-580,Australian Open,Hard,128,G,20140113,96,104925,2,,Novak Djokovic,R,188,SRB,26.6,104919,,,Leonardo Mayer,R,188,ARG,26.6,6-0 6-4 6-4,5,R64,107,12,2,67,44,36,17,13,0,0,3,7,85,44,28,17,13,1,6,2,12260,98,579
2014-580,Australian Open,Hard,128,G,20140113,97,104745,1,,Rafael Nadal,L,185,ESP,27.6,104792,25,,Gael Monfils,R,193,FRA,27.3,6-1 6-2 6-3,5,R32,124,2,0,79,52,38,20,12,6,6,10,5,98,67,38,11,12,6,12,1,13130,32,1245
2014-580,Australian Open,Hard,128,G,20140113,98,105453,16,,Kei Nishikori,R,178,JPN,24.0,105385,,,Donald Young,L,183,USA,24.4,7-5 6-1 6-0,5,R32,107,3,1,76,41,29,21,12,3,4,1,5,73,47,23,7,13,4,12,17,1915,91,595
2014-580,Australian Open,Hard,128,G,20140113,99,105777,22,,Grigor Dimitrov,R,191,BUL,22.6,105683,11,,Milos Raonic,R,196,CAN,23.0,6-3 3-6 6-4 7-6(10),5,R32,156,15,5,110,67,56,32,20,2,3,21,5,125,74,55,30,20,2,4,22,1460,11,2860
2014-580,Australian Open,Hard,128,G,20140113,100,105138,,,Roberto Bautista Agut,R,183,ESP,25.7,105332,27,,Benoit Paire,R,196,FRA,24.6,6-2 6-1 6-4,5,R32,90,4,1,78,65,46,7,13,5,7,14,3,83,48,30,10,12,13,20,62,750,28,1300
2014-580,Australian Open,Hard,128,G,20140113,101,104918,4,,Andy Murray,R,191,GBR,26.6,103852,26,,Feliciano Lopez,L,188,ESP,32.3,7-6(2) 6-4 6-2,5,R32,135,6,2,91,58,50,16,15,0,1,8,7,99,57,40,19,15,7,11,4,5560,27,1310
2014-580,Australian Open,Hard,128,G,20140113,102,103565,,LL,Stephane Robert,R,185,FRA,33.6,105373,,LL,Martin Klizan,L,191,SVK,24.5,6-0 7-6(2) 6-4,5,R32,105,7,5,87,63,54,11,14,3,3,6,4,93,49,32,21,14,6,10,119,479,106,518
2014-580,Australian Open,Hard,128,G,20140113,103,104542,10,,Jo-Wilfried Tsonga,R,188,FRA,28.7,104468,18,,Gilles Simon,R,183,FRA,29.0,7-6(5) 6-4 6-2,5,R32,113,17,0,92,60,48,21,15,3,3,7,3,81,43,34,22,15,3,6,10,3065,19,1790
2014-580,Australian Open,Hard,128,G,20140113,104,103819,6,,Roger Federer,R,185,SUI,32.4,104559,,,Teymuraz Gabashvili,R,185,RUS,28.6,6-2 6-2 6-3,5,R32,101,6,1,73,45,39,16,13,5,5,3,5,91,63,38,10,12,9,14,6,4355,79,651
2014-580,Australian Open,Hard,128,G,20140113,105,104607,7,,Tomas Berdych,R,196,CZE,28.3,106000,,Q,Damir Dzumhur,R,175,BIH,21.6,6-4 6-2 6-2,5,R32,105,13,1,72,41,37,19,13,2,2,5,6,79,35,25,17,13,4,9,7,4180,188,272
2014-580,Australian Open,Hard,128,G,20140113,106,104731,19,,Kevin Anderson,R,203,RSA,27.6,104273,,,Edouard Roger-Vasselin,R,185,FRA,30.1,3-6 4-6 6-3 7-6(5) 7-5,5,R32,234,27,6,151,101,77,26,26,4,7,8,4,175,129,93,21,26,9,12,21,1580,40,1038
2014-580,Australian Open,Hard,128,G,20140113,107,104252,,,Florian Mayer,R,190,GER,30.2,105668,20,,Jerzy Janowicz,R,203,POL,23.1,7-5 6-2 6-2,5,R32,98,17,0,68,45,41,16,14,1,1,3,7,93,48,34,18,14,6,11,37,1110,20,1615
2014-580,Australian Open,Hard,128,G,20140113,108,103970,3,,David Ferrer,R,175,ESP,31.7,104871,29,,Jeremy Chardy,R,188,FRA,26.9,6-2 7-6(5) 6-2,5,R32,132,2,1,87,63,44,17,14,2,3,9,8,111,64,44,17,14,6,11,3,5640,31,1255
2014-580,Australian Open,Hard,128,G,20140113,109,104527,8,,Stan Wawrinka,R,183,SUI,28.7,105577,28,,Vasek Pospisil,R,193,CAN,23.5,W/O,5,R32,,,,,,,,,,,,,,,,,,,,8,3890,30,1289
2014-580,Australian Open,Hard,128,G,20140113,110,103990,17,,Tommy Robredo,R,180,ESP,31.7,104755,9,,Richard Gasquet,R,183,FRA,27.5,2-6 7-5 6-4 7-6(6),5,R32,199,16,3,139,90,70,21,21,6,9,3,5,138,86,62,27,21,4,7,18,1810,9,3140
2014-580,Australian Open,Hard,128,G,20140113,111,104926,15,,Fabio Fognini,R,178,ITA,26.6,105023,,,Sam Querrey,R,198,USA,26.2,7-5 6-4 6-4,5,R32,115,9,3,91,54,40,27,16,3,4,10,1,103,65,43,19,16,6,10,16,1930,51,915
2014-580,Australian Open,Hard,128,G,20140113,112,104925,2,,Novak Djokovic,R,188,SRB,26.6,104797,,,Denis Istomin,R,185,UZB,27.3,6-3 6-3 7-5,5,R32,119,6,1,78,48,37,21,15,0,1,5,1,86,57,41,10,15,3,8,2,12260,49,945
2014-580,Australian Open,Hard,128,G,20140113,113,104745,1,,Rafael Nadal,L,185,ESP,27.6,105453,16,,Kei Nishikori,R,178,JPN,24.0,7-6(3) 7-5 7-6(3),5,R16,197,12,1,124,88,67,14,18,6,10,3,1,115,76,51,16,18,3,8,1,13130,17,1915
2014-580,Australian Open,Hard,128,G,20140113,114,105777,22,,Grigor Dimitrov,R,191,BUL,22.6,105138,,,Roberto Bautista Agut,R,183,ESP,25.7,6-3 3-6 6-2 6-4,5,R16,144,11,3,112,67,57,21,18,4,5,5,1,102,65,44,22,18,1,5,22,1460,62,750
2014-580,Australian Open,Hard,128,G,20140113,115,104918,4,,Andy Murray,R,191,GBR,26.6,103565,,LL,Stephane Robert,R,185,FRA,33.6,6-1 6-2 6-7(6) 6-2,5,R16,162,7,3,126,77,58,26,18,5,6,3,8,114,59,40,21,17,7,14,4,5560,119,479
2014-580,Australian Open,Hard,128,G,20140113,116,103819,6,,Roger Federer,R,185,SUI,32.4,104542,10,,Jo-Wilfried Tsonga,R,188,FRA,28.7,6-3 7-5 6-4,5,R16,112,7,1,84,48,42,25,16,1,1,8,1,88,46,32,23,15,4,7,6,4355,10,3065
2014-580,Australian Open,Hard,128,G,20140113,117,104607,7,,Tomas Berdych,R,196,CZE,28.3,104731,19,,Kevin Anderson,R,203,RSA,27.6,6-2 6-2 6-3,5,R16,118,7,3,71,37,33,21,13,0,0,17,1,87,62,39,10,12,12,17,7,4180,21,1580
2014-580,Australian Open,Hard,128,G,20140113,118,103970,3,,David Ferrer,R,175,ESP,31.7,104252,,,Florian Mayer,R,190,GER,30.2,6-7(5) 7-5 6-2 6-1,5,R16,175,3,1,118,76,56,23,19,8,11,4,3,153,94,52,27,20,10,19,3,5640,37,1110
2014-580,Australian Open,Hard,128,G,20140113,119,104527,8,,Stan Wawrinka,R,183,SUI,28.7,103990,17,,Tommy Robredo,R,180,ESP,31.7,6-3 7-6(3) 7-6(5),5,R16,143,14,3,107,62,54,24,17,3,4,1,0,107,76,53,14,16,3,5,8,3890,18,1810
2014-580,Australian Open,Hard,128,G,20140113,120,104925,2,,Novak Djokovic,R,188,SRB,26.6,104926,15,,Fabio Fognini,R,178,ITA,26.6,6-3 6-0 6-2,5,R16,93,8,2,60,43,38,12,12,0,0,3,7,91,54,32,13,11,16,22,2,12260,16,1930
2014-580,Australian Open,Hard,128,G,20140113,121,104745,1,,Rafael Nadal,L,185,ESP,27.6,105777,22,,Grigor Dimitrov,R,191,BUL,22.6,3-6 7-6(3) 7-6(7) 6-2,5,QF,217,3,7,124,91,66,22,20,3,6,18,5,155,90,64,32,21,7,11,1,13130,22,1460
2014-580,Australian Open,Hard,128,G,20140113,122,103819,6,,Roger Federer,R,185,SUI,32.4,104918,4,,Andy Murray,R,191,GBR,26.6,6-3 6-4 6-7(6) 6-3,5,QF,200,10,0,122,78,60,29,21,1,2,9,1,146,89,60,28,19,13,17,6,4355,4,5560
2014-580,Australian Open,Hard,128,G,20140113,123,104607,7,,Tomas Berdych,R,196,CZE,28.3,103970,3,,David Ferrer,R,175,ESP,31.7,6-1 6-4 2-6 6-4,5,QF,184,10,4,129,67,52,27,18,9,12,2,1,118,72,46,23,17,8,13,7,4180,3,5640
2014-580,Australian Open,Hard,128,G,20140113,124,104527,8,,Stan Wawrinka,R,183,SUI,28.7,104925,2,,Novak Djokovic,R,188,SRB,26.6,2-6 6-4 6-2 3-6 9-7,5,QF,240,17,5,170,98,71,36,25,3,7,7,1,144,105,75,23,26,5,10,8,3890,2,12260
2014-580,Australian Open,Hard,128,G,20140113,125,104745,1,,Rafael Nadal,L,185,ESP,27.6,103819,6,,Roger Federer,R,185,SUI,32.4,7-6(4) 6-3 6-3,5,SF,144,3,1,86,56,41,22,15,1,2,8,1,105,69,45,18,15,10,14,1,13130,6,4355
2014-580,Australian Open,Hard,128,G,20140113,126,104527,8,,Stan Wawrinka,R,183,SUI,28.7,104607,7,,Tomas Berdych,R,196,CZE,28.3,6-3 6-7(1) 7-6(3) 7-6(4),5,SF,211,18,4,145,88,72,32,23,1,1,21,7,140,87,71,30,22,3,4,8,3890,7,4180
2014-580,Australian Open,Hard,128,G,20140113,127,104527,8,,Stan Wawrinka,R,183,SUI,28.7,104745,1,,Rafael Nadal,L,185,ESP,27.6,6-3 6-2 3-6 6-3,5,F,141,19,2,96,53,46,22,18,4,6,1,3,108,84,50,10,17,10,15,8,3890,1,13130
2015-580,Australian Open,Hard,128,G,20150119,1,104925,1,,Novak Djokovic,R,188,SRB,27.6,105379,,Q,Aljaz Bedene,R,181,SLO,25.5,6-3 6-2 6-4,5,R128,109,8,3,79,52,44,17,14,3,3,12,3,89,53,35,17,13,4,8,1,11405,116,487
2015-580,Australian Open,Hard,128,G,20150119,2,105723,,,Andrey Kuznetsov,R,183,RUS,23.9,105077,,,Albert Ramos,L,188,ESP,27.0,6-1 3-6 6-3 7-6(3),5,R128,152,8,3,128,80,59,28,19,6,8,1,2,107,78,55,13,18,3,7,88,595,61,780
2015-580,Australian Open,Hard,128,G,20150119,3,104424,,,Go Soeda,R,178,JPN,30.3,111200,,Q,Elias Ymer,R,185,SWE,18.7,1-6 6-4 4-6 6-3 6-3,5,R128,207,5,4,142,79,53,33,22,9,14,5,6,155,87,61,30,23,6,12,92,571,212,230
2015-580,Australian Open,Hard,128,G,20150119,4,104269,31,,Fernando Verdasco,L,188,ESP,31.1,104868,,,James Ward,R,190,GBR,27.9,2-6 6-0 7-6(6) 6-3,5,R128,162,13,6,123,82,63,15,17,6,9,6,4,121,75,49,18,18,8,14,33,1135,103,539
2015-580,Australian Open,Hard,128,G,20150119,5,104545,19,,John Isner,R,208,USA,29.7,104499,,Q,Jimmy Wang,R,178,TPE,29.9,7-6(5) 6-4 6-4,5,R128,127,30,3,87,59,53,18,16,1,1,5,2,110,67,46,28,16,5,7,21,1685,118,485
2015-580,Australian Open,Hard,128,G,20150119,6,104890,,,Andreas Haider Maurer,R,190,AUT,27.8,106362,,Q,Laurent Lokoli,R,188,FRA,20.2,6-4 7-5 4-6 6-3,5,R128,161,7,7,120,61,48,33,20,5,8,7,4,137,95,63,18,21,6,12,79,651,259,191
2015-580,Australian Open,Hard,128,G,20150119,7,104180,,,Gilles Muller,L,193,LUX,31.6,105807,,,Pablo Carreno Busta,R,188,ESP,23.5,6-4 7-6(5) 7-6(3),5,R128,143,29,3,113,70,62,21,17,9,9,7,1,121,85,63,18,17,7,8,42,964,52,841
2015-580,Australian Open,Hard,128,G,20150119,8,105138,13,,Roberto Bautista Agut,R,183,ESP,26.7,106233,,,Dominic Thiem,R,185,AUT,21.3,4-6 6-2 6-3 7-6(5),5,R128,179,9,6,164,121,80,23,20,20,22,13,6,135,66,50,30,19,5,9,16,2110,40,977
2015-580,Australian Open,Hard,128,G,20150119,9,103852,12,,Feliciano Lopez,L,188,ESP,33.3,106045,,WC,Denis Kudla,R,180,USA,22.4,3-6 6-2 4-6 6-2 10-8,5,R128,194,26,6,150,86,69,33,26,4,8,12,8,180,110,71,38,27,15,22,14,2130,123,452
2015-580,Australian Open,Hard,128,G,20150119,10,105173,,,Adrian Mannarino,L,180,FRA,26.5,105641,,,Blaz Rola,L,193,SLO,24.2,7-6(7) 6-3 6-2,5,R128,138,6,5,103,58,49,21,15,8,9,6,5,109,79,49,13,14,8,12,36,1043,80,632
2015-580,Australian Open,Hard,128,G,20150119,11,105668,,,Jerzy Janowicz,R,203,POL,24.1,105655,,LL,Hiroki Moriya,R,168,JPN,24.2,7-6(5) 2-6 6-3 7-5,5,R128,176,25,13,134,84,59,22,21,5,11,3,6,142,82,51,28,20,9,15,44,925,146,366
2015-580,Australian Open,Hard,128,G,20150119,12,104792,17,,Gael Monfils,R,193,FRA,28.3,106298,,WC,Lucas Pouille,R,185,FRA,20.9,6-7(3) 3-6 6-4 6-1 6-4,5,R128,168,22,7,149,100,80,24,24,9,11,6,6,144,82,58,35,24,7,12,19,1770,117,486
2015-580,Australian Open,Hard,128,G,20150119,13,103794,,,Benjamin Becker,R,178,GER,33.5,103898,25,,Julien Benneteau,R,185,FRA,33.0,7-5 5-7 6-2 6-4,5,R128,164,17,2,119,70,53,33,21,3,5,14,1,117,74,54,24,21,3,8,41,973,25,1390
2015-580,Australian Open,Hard,128,G,20150119,14,103720,,,Lleyton Hewitt,R,180,AUS,33.9,105585,,WC,Ze Zhang,R,188,CHN,24.5,6-3 1-6 6-0 6-4,5,R128,140,8,4,90,57,40,19,16,4,8,8,5,119,76,48,14,16,12,19,87,595,187,271
2015-580,Australian Open,Hard,128,G,20150119,15,105385,,,Donald Young,L,183,USA,25.4,105047,,Q,Tim Puetz,R,185,GER,27.1,6-4 4-6 6-3 6-2,5,R128,133,7,5,101,60,48,25,19,4,6,12,8,121,71,54,19,18,9,14,56,809,183,275
2015-580,Australian Open,Hard,128,G,20150119,16,105683,8,,Milos Raonic,R,196,CAN,24.0,105011,,Q,Illya Marchenko,R,185,UKR,27.3,7-6(3) 7-6(3) 6-3,5,R128,126,28,3,92,69,63,14,17,1,1,5,7,96,51,42,25,16,1,2,8,4575,144,375
2015-580,Australian Open,Hard,128,G,20150119,17,104527,4,,Stan Wawrinka,R,183,SUI,29.8,104947,,,Marsel Ilhan,R,191,TUR,27.6,6-1 6-4 6-2,5,R128,89,9,3,78,44,36,20,13,2,2,3,6,87,52,31,15,12,5,10,4,5370,100,553
2015-580,Australian Open,Hard,128,G,20150119,18,105657,,Q,Marius Copil,R,191,ROU,24.2,104665,,,Pablo Andujar,R,180,ESP,28.9,6-2 6-2 7-5,5,R128,124,18,4,112,57,40,28,14,7,9,2,3,86,55,33,11,14,5,12,194,254,43,950
2015-580,Australian Open,Hard,128,G,20150119,19,103813,,,Jarkko Nieminen,L,185,FIN,33.4,104979,,,Andrey Golubev,R,180,KAZ,27.4,6-1 6-2 7-6(6),5,R128,113,4,2,97,63,45,20,14,3,5,5,5,93,61,38,11,13,5,11,72,693,73,691
2015-580,Australian Open,Hard,128,G,20150119,20,104897,,Q,Matthias Bachinger,R,188,GER,27.8,104655,27,,Pablo Cuevas,R,180,URU,29.0,7-6(1) 6-3 6-1,5,R128,100,8,3,91,58,44,19,14,2,3,8,5,100,63,41,13,14,5,10,142,378,29,1227
2015-580,Australian Open,Hard,128,G,20150119,21,103893,,,Paolo Lorenzi,R,183,ITA,33.0,105238,21,,Alexandr Dolgopolov,R,180,UKR,26.1,6-4 6-3 6-2,5,R128,87,5,0,74,50,37,19,14,0,0,13,3,73,36,27,17,13,5,9,64,759,23,1455
2015-580,Australian Open,Hard,128,G,20150119,22,105577,,,Vasek Pospisil,R,193,CAN,24.5,105023,,,Sam Querrey,R,198,USA,27.2,6-3 6-7(5) 2-6 6-4 6-4,5,R128,183,20,5,157,91,64,43,25,11,14,25,7,136,82,64,27,24,4,8,60,785,35,1090
2015-580,Australian Open,Hard,128,G,20150119,23,104198,,,Guillermo Garcia Lopez,R,188,ESP,31.6,105376,,,Peter Gojowczyk,R,188,GER,25.5,6-7(1) 7-5 6-4 1-0 RET,5,R128,143,6,5,108,63,49,21,17,4,6,11,5,109,56,41,26,18,6,11,37,1020,96,559
2015-580,Australian Open,Hard,128,G,20150119,24,105292,,,Alejandro Gonzalez,R,190,COL,25.9,104926,16,,Fabio Fognini,R,178,ITA,27.6,4-6 6-2 6-3 6-4,5,R128,145,2,3,116,60,46,33,19,7,9,3,10,112,67,49,19,18,6,11,107,519,18,1790
2015-580,Australian Open,Hard,128,G,20150119,25,103970,9,,David Ferrer,R,175,ESP,32.7,105064,,,Thomaz Bellucci,L,188,BRA,27.0,6-7(2) 6-2 6-0 6-3,5,R128,145,5,5,97,61,49,22,17,3,4,4,4,117,62,34,29,18,2,10,10,4145,65,753
2015-580,Australian Open,Hard,128,G,20150119,26,104660,,,Sergiy Stakhovsky,R,193,UKR,29.0,105583,,,Dusan Lajovic,R,183,SRB,24.5,6-3 4-6 6-4 6-7(3) 6-4,5,R128,211,14,6,178,103,79,36,25,13,16,4,0,171,107,72,34,26,9,15,71,699,68,711
2015-580,Australian Open,Hard,128,G,20150119,27,104719,,,Marcel Granollers,R,191,ESP,28.7,103565,,,Stephane Robert,R,185,FRA,34.6,6-3 6-4 6-4,5,R128,124,10,3,92,55,41,18,15,9,11,7,6,92,47,30,23,14,8,13,58,790,132,421
2015-580,Australian Open,Hard,128,G,20150119,28,104468,18,,Gilles Simon,R,183,FRA,30.0,104898,,,Robin Haase,R,191,NED,27.7,6-1 6-3 6-4,5,R128,83,5,2,64,35,30,20,13,2,3,10,3,76,45,31,8,13,2,8,20,1730,83,620
2015-580,Australian Open,Hard,128,G,20150119,29,105053,30,,Santiago Giraldo,R,188,COL,27.1,103401,,Q,Jan Hernych,R,190,CZE,35.5,6-3 6-2 6-2,5,R128,87,5,2,72,53,43,11,13,2,3,4,1,69,44,23,10,12,6,12,32,1175,201,244
2015-580,Australian Open,Hard,128,G,20150119,30,105449,,,Steve Johnson,R,188,USA,25.0,106378,,Q,Kyle Edmund,R,188,GBR,20.0,6-4 6-4 6-3,5,R128,110,17,4,92,58,45,20,14,1,1,5,4,105,58,35,27,15,6,10,38,993,192,260
2015-580,Australian Open,Hard,128,G,20150119,31,104471,,,Ivan Dodig,R,183,CRO,30.0,105154,,,Joao Souza,R,193,BRA,26.6,6-4 7-5 6-4,5,R128,172,10,7,111,73,52,17,16,9,12,7,5,123,72,46,22,16,5,11,86,610,115,488
2015-580,Australian Open,Hard,128,G,20150119,32,105453,5,,Kei Nishikori,R,178,JPN,25.0,104597,,,Nicolas Almagro,R,183,ESP,29.4,6-4 7-6(1) 6-2,5,R128,127,11,1,94,58,43,19,15,7,10,15,6,118,72,46,18,15,11,17,5,5025,69,700
2015-580,Australian Open,Hard,128,G,20150119,33,104607,7,,Tomas Berdych,R,196,CZE,29.3,104268,,,Alejandro Falla,L,185,COL,31.1,6-3 7-6(1) 6-3,5,R128,114,8,4,102,63,50,18,16,6,9,7,3,80,45,27,19,14,3,8,7,4660,101,547
2015-580,Australian Open,Hard,128,G,20150119,34,103781,,Q,Jurgen Melzer,L,183,AUT,33.6,103607,,,Victor Estrella,R,173,DOM,34.4,6-1 6-4 6-2,5,R128,87,10,9,80,47,38,17,13,4,5,1,1,73,44,24,12,12,3,9,108,514,77,659
2015-580,Australian Open,Hard,128,G,20150119,35,104678,,,Viktor Troicki,R,193,SRB,28.9,106210,,,Jiri Vesely,L,198,CZE,21.5,6-3 3-6 6-2 6-3,5,R128,126,14,2,105,58,41,34,18,3,4,6,5,108,67,47,19,17,2,6,54,826,39,985
2015-580,Australian Open,Hard,128,G,20150119,36,104919,26,,Leonardo Mayer,R,188,ARG,27.6,105357,,WC,John Millman,R,183,AUS,25.5,6-3 6-3 6-2,5,R128,101,10,4,73,49,43,10,13,0,1,0,6,74,43,25,12,13,3,9,26,1389,151,348
2015-580,Australian Open,Hard,128,G,20150119,37,104259,22,,Philipp Kohlschreiber,R,178,GER,31.2,103908,,,Paul Henri Mathieu,R,185,FRA,33.0,6-2 6-2 6-1,5,R128,85,18,2,56,36,31,13,11,0,0,8,6,80,49,26,13,12,5,12,24,1415,93,570
2015-580,Australian Open,Hard,128,G,20150119,38,106071,,,Bernard Tomic,R,196,AUS,22.2,104735,,,Tobias Kamke,R,180,GER,28.6,7-5 6-7(1) 6-3 6-2,5,R128,169,24,1,137,94,70,21,21,7,9,3,2,119,67,47,25,20,4,10,66,737,95,560
2015-580,Australian Open,Hard,128,G,20150119,39,105032,,,Sam Groth,R,193,AUS,27.2,105936,,,Filip Krajinovic,R,185,SRB,22.8,6-3 7-6(4) 6-4,5,R128,111,24,4,96,68,57,15,16,1,1,5,0,94,60,39,22,15,7,9,82,625,97,558
2015-580,Australian Open,Hard,128,G,20150119,40,106423,,WC,Thanasi Kokkinakis,R,193,AUS,18.7,105208,11,,Ernests Gulbis,R,190,LAT,26.3,5-7 6-0 1-6 7-6(2) 8-6,5,R128,247,16,11,177,100,70,32,26,14,21,29,18,159,82,66,31,25,6,13,147,361,13,2455
2015-580,Australian Open,Hard,128,G,20150119,41,104731,14,,Kevin Anderson,R,203,RSA,28.6,106043,,,Diego Schwartzman,R,170,ARG,22.4,7-6(5) 7-5 5-7 6-4,5,R128,215,32,9,165,112,86,21,23,10,14,8,2,170,89,61,45,23,13,18,15,2125,59,789
2015-580,Australian Open,Hard,128,G,20150119,42,105575,,,Ricardas Berankis,R,175,LTU,24.5,104997,,,Igor Sijsling,R,191,NED,27.4,2-6 6-4 7-6(2) 6-7(6) 6-4,5,R128,198,7,4,173,108,81,33,26,9,14,14,6,176,106,76,39,26,9,14,85,615,84,619
2015-580,Australian Open,Hard,128,G,20150119,43,105902,,WC,James Duckworth,R,183,AUS,22.9,104882,,,Blaz Kavcic,R,188,SLO,27.8,6-2 5-7 7-6(7) 3-6 6-2,5,R128,225,13,8,171,98,74,33,24,11,15,7,8,154,113,70,24,25,1,7,120,468,102,545
2015-580,Australian Open,Hard,128,G,20150119,44,104755,24,,Richard Gasquet,R,183,FRA,28.5,104122,,,Carlos Berlocq,R,183,ARG,31.9,6-1 6-3 6-1,5,R128,113,5,2,71,46,37,15,12,1,1,3,3,86,47,26,15,11,5,11,28,1350,70,700
2015-580,Australian Open,Hard,128,G,20150119,45,104586,28,,Lukas Rosol,R,193,CZE,29.4,104932,,,Kenny De Schepper,L,203,FRA,27.6,4-6 6-2 6-7(4) 6-3 6-4,5,R128,197,14,6,171,100,75,38,25,11,13,11,6,161,111,79,22,24,17,22,30,1210,94,565
2015-580,Australian Open,Hard,128,G,20150119,46,104534,,,Dudi Sela,R,175,ISR,29.7,105526,,,Jan Lennard Struff,R,193,GER,24.7,6-4 4-6 3-6 6-3 7-5,5,R128,208,3,6,172,102,64,34,25,11,18,11,6,161,83,60,32,25,9,17,106,520,57,801
2015-580,Australian Open,Hard,128,G,20150119,47,105065,,Q,Tim Smyczek,R,175,USA,27.0,106291,,WC,Luke Saville,R,188,AUS,21.0,7-6(2) 7-5 6-4,5,R128,139,6,3,97,61,44,23,17,4,7,5,4,119,74,46,23,17,8,13,112,502,164,313
2015-580,Australian Open,Hard,128,G,20150119,48,104745,3,,Rafael Nadal,L,185,ESP,28.6,104022,,,Mikhail Youzhny,R,183,RUS,32.5,6-3 6-2 6-2,5,R128,110,4,3,57,35,31,18,12,1,1,5,5,85,47,28,15,13,5,11,3,6585,49,850
2015-580,Australian Open,Hard,128,G,20150119,49,104918,6,,Andy Murray,R,191,GBR,27.6,106026,,Q,Yuki Bhambri,R,185,IND,22.5,6-3 6-4 7-6(3),5,R128,133,13,0,92,59,42,26,16,3,5,5,3,114,76,46,18,15,2,6,6,4675,317,151
2015-580,Australian Open,Hard,128,G,20150119,50,104594,,,Marinko Matosevic,R,194,AUS,29.4,104628,,Q,Alexander Kudryavtsev,R,183,RUS,29.2,6-4 6-7(5) 4-6 7-5 6-3,5,R128,208,10,7,167,106,72,37,27,4,8,11,7,178,88,60,49,26,16,22,81,628,127,439
2015-580,Australian Open,Hard,128,G,20150119,51,105311,,,Joao Sousa,R,185,POR,25.8,111442,,WC,Jordan Thompson,R,183,AUS,20.7,6-4 7-6(5) 6-4,5,R128,148,4,1,111,76,54,18,16,6,8,4,10,130,72,46,29,16,13,17,55,822,274,182
2015-580,Australian Open,Hard,128,G,20150119,52,105373,32,,Martin Klizan,L,191,SVK,25.5,105147,,,Tatsuma Ito,R,180,JPN,26.6,7-6(6) 6-2 6-4,5,R128,129,5,1,93,60,45,19,15,5,7,3,6,108,58,40,21,15,5,10,34,1133,89,588
2015-580,Australian Open,Hard,128,G,20150119,53,105676,20,,David Goffin,R,180,BEL,24.1,103188,,Q,Michael Russell,R,173,USA,36.7,6-3 6-3 5-7 6-0,5,R128,172,11,9,122,59,40,33,18,13,17,4,7,153,96,52,24,18,14,23,22,1669,156,325
2015-580,Australian Open,Hard,128,G,20150119,54,104571,,,Marcos Baghdatis,R,183,CYP,29.5,104559,,,Teymuraz Gabashvili,R,185,RUS,29.6,6-2 6-7(5) 3-6 6-4 6-4,5,R128,217,29,5,156,95,73,29,25,4,9,7,4,181,105,64,41,24,16,23,78,658,67,730
2015-580,Australian Open,Hard,128,G,20150119,55,105041,,,Lukas Lacko,R,185,SVK,27.2,104216,,,Maximo Gonzalez,R,173,ARG,31.5,4-6 6-2 7-5 6-7(4) 6-1,5,R128,206,18,0,132,85,70,22,24,1,5,8,4,183,114,71,35,25,11,20,99,553,98,554
2015-580,Australian Open,Hard,128,G,20150119,56,105777,10,,Grigor Dimitrov,R,191,BUL,23.6,104460,,,Dustin Brown,R,196,JAM,30.1,6-2 6-3 6-2,5,R128,69,11,1,61,41,36,16,13,0,0,2,7,70,47,30,7,12,6,11,11,3645,90,584
2015-580,Australian Open,Hard,128,G,20150119,57,104273,,,Edouard Roger-Vasselin,R,185,FRA,31.1,103990,15,,Tommy Robredo,R,180,ESP,32.7,2-3 RET,5,R128,20,0,0,15,10,8,2,3,0,1,1,0,17,11,8,3,2,1,1,119,470,17,2015
2015-580,Australian Open,Hard,128,G,20150119,58,104291,,,Malek Jaziri,R,185,TUN,30.9,105062,,,Mikhail Kukushkin,R,183,KAZ,27.0,6-2 6-3 2-6 7-6(3),5,R128,184,3,7,135,74,52,33,19,14,17,5,3,127,79,50,26,18,9,13,75,676,51,847
2015-580,Australian Open,Hard,128,G,20150119,59,106401,,,Nick Kyrgios,R,193,AUS,19.7,105643,,,Federico Delbonis,L,193,ARG,24.2,7-6(2) 3-6 6-3 6-7(5) 6-3,5,R128,188,21,5,160,104,82,33,26,7,9,14,5,165,110,82,28,25,11,14,53,830,62,775
2015-580,Australian Open,Hard,128,G,20150119,60,103333,23,,Ivo Karlovic,R,208,CRO,35.8,105074,,Q,Ruben Bemelmans,L,183,BEL,27.0,6-4 6-2 6-4,5,R128,93,19,3,69,50,46,11,14,2,2,7,6,85,51,34,18,14,7,11,27,1365,173,293
2015-580,Australian Open,Hard,128,G,20150119,61,104871,29,,Jeremy Chardy,R,188,FRA,27.9,106432,,,Borna Coric,R,188,CRO,18.1,3-6 6-4 7-5 6-4,5,R128,164,15,2,125,82,64,22,21,4,6,9,1,111,70,49,25,20,3,6,31,1195,91,577
2015-580,Australian Open,Hard,128,G,20150119,62,104312,,,Andreas Seppi,R,190,ITA,30.9,104797,,,Denis Istomin,R,185,UZB,28.3,5-7 6-3 2-6 6-1 6-4,5,R128,171,12,3,148,91,71,25,23,8,11,17,1,144,86,65,25,23,13,18,46,915,50,850
2015-580,Australian Open,Hard,128,G,20150119,63,104620,,,Simone Bolelli,R,183,ITA,29.2,104338,,,Juan Monaco,R,185,ARG,30.8,6-3 3-6 6-3 6-1,5,R128,144,4,2,90,54,41,21,17,4,8,7,2,125,80,45,21,17,12,20,48,864,63,770
2015-580,Australian Open,Hard,128,G,20150119,64,103819,2,,Roger Federer,R,185,SUI,33.4,104229,,,Yen Hsun Lu,R,180,TPE,31.4,6-4 6-2 7-5,5,R128,113,9,3,83,56,48,17,15,4,4,1,2,97,57,35,22,15,10,14,2,9875,47,888
2015-580,Australian Open,Hard,128,G,20150119,65,104925,1,,Novak Djokovic,R,188,SRB,27.6,105723,,,Andrey Kuznetsov,R,183,RUS,23.9,6-0 6-1 6-4,5,R64,84,7,2,57,35,30,15,12,0,1,2,3,80,39,24,12,11,6,13,1,11405,88,595
2015-580,Australian Open,Hard,128,G,20150119,66,104269,31,,Fernando Verdasco,L,188,ESP,31.1,104424,,,Go Soeda,R,178,JPN,30.3,6-3 6-2 7-6(3),5,R64,116,15,4,95,62,49,19,15,5,6,3,0,92,56,39,16,14,5,9,33,1135,92,571
2015-580,Australian Open,Hard,128,G,20150119,67,104545,19,,John Isner,R,208,USA,29.7,104890,,,Andreas Haider Maurer,R,190,AUT,27.8,6-4 7-6(4) 4-6 6-4,5,R64,142,27,3,100,69,63,23,21,1,2,21,8,128,83,62,27,21,3,5,21,1685,79,651
2015-580,Australian Open,Hard,128,G,20150119,68,104180,,,Gilles Muller,L,193,LUX,31.6,105138,13,,Roberto Bautista Agut,R,183,ESP,26.7,7-6(5) 1-6 7-5 6-1,5,R64,153,27,6,121,77,63,21,19,6,8,15,3,107,69,56,23,19,3,6,42,964,16,2110
2015-580,Australian Open,Hard,128,G,20150119,69,103852,12,,Feliciano Lopez,L,188,ESP,33.3,105173,,,Adrian Mannarino,L,180,FRA,26.5,4-6 4-6 7-6(3) 4-0 RET,5,R64,158,21,5,107,56,32,25,18,10,19,5,10,107,68,45,11,18,10,19,14,2130,36,1043
2015-580,Australian Open,Hard,128,G,20150119,70,105668,,,Jerzy Janowicz,R,203,POL,24.1,104792,17,,Gael Monfils,R,193,FRA,28.3,6-4 1-6 6-7(3) 6-3 6-3,5,R64,187,14,9,143,99,72,18,23,7,11,20,4,154,103,79,19,24,11,17,44,925,19,1770
2015-580,Australian Open,Hard,128,G,20150119,71,103794,,,Benjamin Becker,R,178,GER,33.5,103720,,,Lleyton Hewitt,R,180,AUS,33.9,2-6 1-6 6-3 6-4 6-2,5,R64,182,16,2,122,77,55,21,21,5,10,14,4,125,66,44,34,21,6,11,41,973,87,595
2015-580,Australian Open,Hard,128,G,20150119,72,105683,8,,Milos Raonic,R,196,CAN,24.0,105385,,,Donald Young,L,183,USA,25.4,6-4 7-6(3) 6-3,5,R64,102,17,2,82,56,50,20,16,0,0,4,4,91,64,51,12,15,2,4,8,4575,56,809
2015-580,Australian Open,Hard,128,G,20150119,73,104527,4,,Stan Wawrinka,R,183,SUI,29.8,105657,,Q,Marius Copil,R,191,ROU,24.2,7-6(4) 7-6(4) 6-3,5,R64,136,3,3,112,83,61,17,17,5,6,16,3,100,56,41,29,16,5,7,4,5370,194,254
2015-580,Australian Open,Hard,128,G,20150119,74,103813,,,Jarkko Nieminen,L,185,FIN,33.4,104897,,Q,Matthias Bachinger,R,188,GER,27.8,7-6(4) 7-5 7-5,5,R64,140,5,1,120,89,63,16,18,10,13,12,7,120,75,54,18,18,11,16,72,693,142,378
2015-580,Australian Open,Hard,128,G,20150119,75,105577,,,Vasek Pospisil,R,193,CAN,24.5,103893,,,Paolo Lorenzi,R,183,ITA,33.0,6-7(3) 7-6(4) 6-3 6-4,5,R64,215,22,7,160,84,65,41,22,4,6,11,4,135,73,57,32,21,6,10,60,785,64,759
2015-580,Australian Open,Hard,128,G,20150119,76,104198,,,Guillermo Garcia Lopez,R,188,ESP,31.6,105292,,,Alejandro Gonzalez,R,190,COL,25.9,6-1 6-3 6-3,5,R64,113,7,5,83,44,33,23,13,3,4,5,4,76,43,26,9,12,4,10,37,1020,107,519
2015-580,Australian Open,Hard,128,G,20150119,77,103970,9,,David Ferrer,R,175,ESP,32.7,104660,,,Sergiy Stakhovsky,R,193,UKR,29.0,5-7 6-3 6-4 6-2,5,R64,135,2,4,104,74,56,20,20,3,5,13,5,117,77,50,21,19,8,13,10,4145,71,699
2015-580,Australian Open,Hard,128,G,20150119,78,104468,18,,Gilles Simon,R,183,FRA,30.0,104719,,,Marcel Granollers,R,191,ESP,28.7,7-6(5) 6-2 6-4,5,R64,136,5,2,87,59,49,13,15,0,2,6,2,95,54,36,22,15,5,10,20,1730,58,790
2015-580,Australian Open,Hard,128,G,20150119,79,105449,,,Steve Johnson,R,188,USA,25.0,105053,30,,Santiago Giraldo,R,188,COL,27.1,6-3 6-4 6-2,5,R64,118,17,2,109,54,45,24,14,8,9,3,3,90,59,37,12,13,6,11,38,993,32,1175
2015-580,Australian Open,Hard,128,G,20150119,80,105453,5,,Kei Nishikori,R,178,JPN,25.0,104471,,,Ivan Dodig,R,183,CRO,30.0,4-6 7-5 6-2 7-6(0),5,R64,167,7,3,122,79,60,24,21,2,5,15,2,116,73,57,14,21,2,7,5,5025,86,610
2015-580,Australian Open,Hard,128,G,20150119,81,104607,7,,Tomas Berdych,R,196,CZE,29.3,103781,,Q,Jurgen Melzer,L,183,AUT,33.6,7-6(0) 6-2 6-2,5,R64,123,9,2,84,46,38,18,14,3,5,5,4,96,59,34,16,14,4,10,7,4660,108,514
2015-580,Australian Open,Hard,128,G,20150119,82,104678,,,Viktor Troicki,R,193,SRB,28.9,104919,26,,Leonardo Mayer,R,188,ARG,27.6,6-4 4-6 6-4 6-0,5,R64,148,11,1,112,77,63,12,18,6,8,6,3,111,68,40,26,18,8,14,54,826,26,1389
2015-580,Australian Open,Hard,128,G,20150119,83,106071,,,Bernard Tomic,R,196,AUS,22.2,104259,22,,Philipp Kohlschreiber,R,178,GER,31.2,6-7(5) 6-4 7-6(6) 7-6(5),5,R64,185,24,2,165,127,99,18,23,5,6,19,3,150,104,79,30,23,6,8,66,737,24,1415
2015-580,Australian Open,Hard,128,G,20150119,84,105032,,,Sam Groth,R,193,AUS,27.2,106423,,WC,Thanasi Kokkinakis,R,193,AUS,18.7,3-6 6-3 7-5 3-6 6-1,5,R64,173,26,3,127,85,66,26,23,2,4,14,4,124,78,63,20,23,4,8,82,625,147,361
2015-580,Australian Open,Hard,128,G,20150119,85,104731,14,,Kevin Anderson,R,203,RSA,28.6,105575,,,Ricardas Berankis,R,175,LTU,24.5,6-2 6-2 7-6(3),5,R64,107,14,1,75,51,42,19,14,0,0,4,6,95,47,31,22,14,3,7,15,2125,85,615
2015-580,Australian Open,Hard,128,G,20150119,86,104755,24,,Richard Gasquet,R,183,FRA,28.5,105902,,WC,James Duckworth,R,183,AUS,22.9,6-2 6-3 7-5,5,R64,116,23,1,87,58,47,18,15,3,3,14,5,106,70,47,16,14,12,16,28,1350,120,468
2015-580,Australian Open,Hard,128,G,20150119,87,104534,,,Dudi Sela,R,175,ISR,29.7,104586,28,,Lukas Rosol,R,193,CZE,29.4,7-6(2) 5-7 7-5 6-3,5,R64,178,12,4,143,87,61,33,22,9,12,17,5,137,74,57,29,23,10,15,106,520,30,1210
2015-580,Australian Open,Hard,128,G,20150119,88,104745,3,,Rafael Nadal,L,185,ESP,28.6,105065,,Q,Tim Smyczek,R,175,USA,27.0,6-2 3-6 6-7(2) 6-3 7-5,5,R64,252,3,7,154,98,68,29,26,2,7,15,1,156,102,66,29,24,9,16,3,6585,112,502
2015-580,Australian Open,Hard,128,G,20150119,89,104918,6,,Andy Murray,R,191,GBR,27.6,104594,,,Marinko Matosevic,R,194,AUS,29.4,6-1 6-3 6-2,5,R64,102,5,2,63,39,33,14,12,1,2,3,6,83,43,26,14,12,7,14,6,4675,81,628
2015-580,Australian Open,Hard,128,G,20150119,90,105311,,,Joao Sousa,R,185,POR,25.8,105373,32,,Martin Klizan,L,191,SVK,25.5,4-6 7-6(4) 6-4 1-0 RET,5,R64,151,8,1,98,68,49,16,16,7,10,11,9,128,71,49,28,17,13,17,55,822,34,1133
2015-580,Australian Open,Hard,128,G,20150119,91,104571,,,Marcos Baghdatis,R,183,CYP,29.5,105676,20,,David Goffin,R,180,BEL,24.1,6-1 6-4 4-6 6-0,5,R64,152,16,4,130,75,54,24,17,5,9,5,10,99,47,27,16,16,7,16,78,658,22,1669
2015-580,Australian Open,Hard,128,G,20150119,92,105777,10,,Grigor Dimitrov,R,191,BUL,23.6,105041,,,Lukas Lacko,R,185,SVK,27.2,6-3 6-7(10) 6-3 6-3,5,R64,169,14,4,118,66,57,28,20,4,7,8,2,148,92,55,28,19,13,20,11,3645,99,553
2015-580,Australian Open,Hard,128,G,20150119,93,104291,,,Malek Jaziri,R,185,TUN,30.9,104273,,,Edouard Roger-Vasselin,R,185,FRA,31.1,1-6 6-3 6-4 1-6 6-3,5,R64,176,10,3,141,71,51,35,21,12,17,17,5,119,85,65,16,21,6,10,75,676,119,470
2015-580,Australian Open,Hard,128,G,20150119,94,106401,,,Nick Kyrgios,R,193,AUS,19.7,103333,23,,Ivo Karlovic,R,208,CRO,35.8,7-6(4) 6-4 5-7 6-4,5,R64,140,24,4,119,77,60,31,22,1,2,39,6,110,74,65,23,22,4,6,53,830,27,1365
2015-580,Australian Open,Hard,128,G,20150119,95,104312,,,Andreas Seppi,R,190,ITA,30.9,104871,29,,Jeremy Chardy,R,188,FRA,27.9,7-5 3-6 6-2 6-1,5,R64,152,8,1,116,75,57,22,18,4,6,17,10,129,76,56,16,18,9,15,46,915,31,1195
2015-580,Australian Open,Hard,128,G,20150119,96,103819,2,,Roger Federer,R,185,SUI,33.4,104620,,,Simone Bolelli,R,183,ITA,29.2,3-6 6-3 6-2 6-2,5,R64,129,16,0,92,64,50,20,17,0,1,8,3,109,57,36,28,17,6,11,2,9875,48,864
2015-580,Australian Open,Hard,128,G,20150119,97,104925,1,,Novak Djokovic,R,188,SRB,27.6,104269,31,,Fernando Verdasco,L,188,ESP,31.1,7-6(8) 6-3 6-4,5,R32,141,11,0,91,66,54,17,16,3,3,16,5,123,76,58,17,15,12,14,1,11405,33,1135
2015-580,Australian Open,Hard,128,G,20150119,98,104180,,,Gilles Muller,L,193,LUX,31.6,104545,19,,John Isner,R,208,USA,29.7,7-6(4) 7-6(6) 6-4,5,R32,133,23,3,97,59,53,28,17,1,1,30,2,113,87,69,13,17,5,6,42,964,21,1685
2015-580,Australian Open,Hard,128,G,20150119,99,103852,12,,Feliciano Lopez,L,188,ESP,33.3,105668,,,Jerzy Janowicz,R,203,POL,24.1,7-6(6) 6-4 7-6(3),5,R32,153,19,4,123,64,51,35,17,10,11,11,5,115,73,54,20,17,6,8,14,2130,44,925
2015-580,Australian Open,Hard,128,G,20150119,100,105683,8,,Milos Raonic,R,196,CAN,24.0,103794,,,Benjamin Becker,R,178,GER,33.5,6-4 6-3 6-3,5,R32,101,22,5,73,52,43,11,14,2,3,7,2,92,65,40,13,14,9,14,8,4575,41,973
2015-580,Australian Open,Hard,128,G,20150119,101,104527,4,,Stan Wawrinka,R,183,SUI,29.8,103813,,,Jarkko Nieminen,L,185,FIN,33.4,6-4 6-2 6-4,5,R32,109,9,2,78,42,38,17,14,1,3,4,5,103,69,38,16,14,10,16,4,5370,72,693
2015-580,Australian Open,Hard,128,G,20150119,102,104198,,,Guillermo Garcia Lopez,R,188,ESP,31.6,105577,,,Vasek Pospisil,R,193,CAN,24.5,6-2 6-4 6-4,5,R32,120,3,4,92,38,27,35,14,5,6,7,3,75,47,32,11,14,3,8,37,1020,60,785
2015-580,Australian Open,Hard,128,G,20150119,103,103970,9,,David Ferrer,R,175,ESP,32.7,104468,18,,Gilles Simon,R,183,FRA,30.0,6-2 7-5 5-7 7-6(4),5,R32,217,4,5,138,88,55,24,22,5,12,3,4,147,86,50,28,22,7,16,10,4145,20,1730
2015-580,Australian Open,Hard,128,G,20150119,104,105453,5,,Kei Nishikori,R,178,JPN,25.0,105449,,,Steve Johnson,R,188,USA,25.0,6-7(7) 6-1 6-2 6-3,5,R32,149,15,5,120,78,58,25,18,6,7,8,8,122,73,51,17,18,3,10,5,5025,38,993
2015-580,Australian Open,Hard,128,G,20150119,105,104607,7,,Tomas Berdych,R,196,CZE,29.3,104678,,,Viktor Troicki,R,193,SRB,28.9,6-4 6-3 6-4,5,R32,111,20,0,77,44,39,22,15,0,0,11,5,100,72,50,8,14,9,12,7,4660,54,826
2015-580,Australian Open,Hard,128,G,20150119,106,106071,,,Bernard Tomic,R,196,AUS,22.2,105032,,,Sam Groth,R,193,AUS,27.2,6-4 7-6(8) 6-3,5,R32,103,9,2,91,68,56,14,16,0,0,16,6,92,60,49,13,15,2,4,66,737,82,625
2015-580,Australian Open,Hard,128,G,20150119,107,104731,14,,Kevin Anderson,R,203,RSA,28.6,104755,24,,Richard Gasquet,R,183,FRA,28.5,6-4 7-6(3) 7-6(6),5,R32,144,18,3,106,73,61,18,17,5,6,5,4,104,59,47,24,17,0,2,15,2125,28,1350
2015-580,Australian Open,Hard,128,G,20150119,108,104745,3,,Rafael Nadal,L,185,ESP,28.6,104534,,,Dudi Sela,R,175,ISR,29.7,6-1 6-0 7-5,5,R32,124,4,0,75,51,39,15,12,7,7,2,1,86,51,30,13,13,11,18,3,6585,106,520
2015-580,Australian Open,Hard,128,G,20150119,109,104918,6,,Andy Murray,R,191,GBR,27.6,105311,,,Joao Sousa,R,185,POR,25.8,6-1 6-1 7-5,5,R32,126,9,3,74,42,34,20,13,1,2,0,3,96,55,30,19,13,7,14,6,4675,55,822
2015-580,Australian Open,Hard,128,G,20150119,110,105777,10,,Grigor Dimitrov,R,191,BUL,23.6,104571,,,Marcos Baghdatis,R,183,CYP,29.5,4-6 6-3 3-6 6-3 6-3,5,R32,208,6,9,155,98,73,29,23,8,10,16,10,154,92,60,36,23,14,18,11,3645,78,658
2015-580,Australian Open,Hard,128,G,20150119,111,106401,,,Nick Kyrgios,R,193,AUS,19.7,104291,,,Malek Jaziri,R,185,TUN,30.9,6-3 7-6(6) 6-1,5,R32,118,27,2,101,72,58,14,15,3,3,6,2,90,47,34,21,13,5,8,53,830,75,676
2015-580,Australian Open,Hard,128,G,20150119,112,104312,,,Andreas Seppi,R,190,ITA,30.9,103819,2,,Roger Federer,R,185,SUI,33.4,6-4 7-6(5) 4-6 7-6(5),5,R32,177,4,4,151,86,67,32,22,7,10,15,9,138,82,66,27,22,2,5,46,915,2,9875
2015-580,Australian Open,Hard,128,G,20150119,113,104925,1,,Novak Djokovic,R,188,SRB,27.6,104180,,,Gilles Muller,L,193,LUX,31.6,6-4 7-5 7-5,5,R16,128,13,4,92,65,53,18,17,4,4,8,0,105,65,47,21,17,8,11,1,11405,42,964
2015-580,Australian Open,Hard,128,G,20150119,114,105683,8,,Milos Raonic,R,196,CAN,24.0,103852,12,,Feliciano Lopez,L,188,ESP,33.3,6-4 4-6 6-3 6-7(7) 6-3,5,R16,185,30,3,144,107,85,22,26,2,3,21,5,169,107,78,32,24,10,13,8,4575,14,2130
2015-580,Australian Open,Hard,128,G,20150119,115,104527,4,,Stan Wawrinka,R,183,SUI,29.8,104198,,,Guillermo Garcia Lopez,R,188,ESP,31.6,7-6(2) 6-4 4-6 7-6(8),5,R16,182,16,3,134,86,66,24,22,5,9,5,4,142,86,60,29,22,9,13,4,5370,37,1020
2015-580,Australian Open,Hard,128,G,20150119,116,105453,5,,Kei Nishikori,R,178,JPN,25.0,103970,9,,David Ferrer,R,175,ESP,32.7,6-3 6-3 6-3,5,R16,127,7,3,96,54,38,25,13,5,6,2,5,108,70,39,16,14,11,17,5,5025,10,4145
2015-580,Australian Open,Hard,128,G,20150119,117,104607,7,,Tomas Berdych,R,196,CZE,29.3,106071,,,Bernard Tomic,R,196,AUS,22.2,6-2 7-6(3) 6-2,5,R16,121,17,4,88,46,39,25,14,1,1,6,2,105,69,50,12,14,9,13,7,4660,66,737
2015-580,Australian Open,Hard,128,G,20150119,118,104745,3,,Rafael Nadal,L,185,ESP,28.6,104731,14,,Kevin Anderson,R,203,RSA,28.6,7-5 6-1 6-4,5,R16,126,3,3,88,59,46,19,15,6,6,8,3,73,53,36,13,14,2,6,3,6585,15,2125
2015-580,Australian Open,Hard,128,G,20150119,119,104918,6,,Andy Murray,R,191,GBR,27.6,105777,10,,Grigor Dimitrov,R,191,BUL,23.6,6-4 6-7(5) 6-3 7-5,5,R16,212,12,4,136,91,70,18,22,4,8,4,3,153,108,73,14,21,12,19,6,4675,11,3645
2015-580,Australian Open,Hard,128,G,20150119,120,106401,,,Nick Kyrgios,R,193,AUS,19.7,104312,,,Andreas Seppi,R,190,ITA,30.9,5-7 4-6 6-3 7-6(5) 8-6,5,R16,214,25,7,187,116,87,37,29,9,12,23,4,178,115,85,33,28,6,9,53,830,46,915
2015-580,Australian Open,Hard,128,G,20150119,121,104925,1,,Novak Djokovic,R,188,SRB,27.6,105683,8,,Milos Raonic,R,196,CAN,24.0,7-6(5) 6-4 6-2,5,QF,120,8,2,78,54,48,18,15,0,0,17,2,99,67,48,17,15,8,11,1,11405,8,4575
2015-580,Australian Open,Hard,128,G,20150119,122,104527,4,,Stan Wawrinka,R,183,SUI,29.8,105453,5,,Kei Nishikori,R,178,JPN,25.0,6-3 6-4 7-6(6),5,QF,124,21,4,91,56,48,19,16,3,4,6,2,94,58,43,18,15,8,11,4,5370,5,5025
2015-580,Australian Open,Hard,128,G,20150119,123,104607,7,,Tomas Berdych,R,196,CZE,29.3,104745,3,,Rafael Nadal,L,185,ESP,28.6,6-2 6-0 7-6(5),5,QF,133,11,0,87,58,48,13,13,4,4,3,6,82,61,39,6,13,5,10,7,4660,3,6585
2015-580,Australian Open,Hard,128,G,20150119,124,104918,6,,Andy Murray,R,191,GBR,27.6,106401,,,Nick Kyrgios,R,193,AUS,19.7,6-3 7-6(5) 6-3,5,QF,125,12,1,87,60,48,18,16,1,2,9,3,110,69,45,21,14,6,9,6,4675,53,830
2015-580,Australian Open,Hard,128,G,20150119,125,104925,1,,Novak Djokovic,R,188,SRB,27.6,104527,4,,Stan Wawrinka,R,183,SUI,29.8,7-6(1) 3-6 6-4 4-6 6-0,5,SF,210,5,3,135,88,61,28,23,3,8,10,4,158,94,60,33,24,10,17,1,11405,4,5370
2015-580,Australian Open,Hard,128,G,20150119,126,104918,6,,Andy Murray,R,191,GBR,27.6,104607,7,,Tomas Berdych,R,196,CZE,29.3,6-7(6) 6-0 6-3 7-5,5,SF,206,16,2,130,85,64,24,20,2,3,6,6,127,75,50,26,19,4,10,6,4675,7,4660
2015-580,Australian Open,Hard,128,G,20150119,127,104925,1,,Novak Djokovic,R,188,SRB,27.6,104918,6,,Andy Murray,R,191,GBR,27.6,7-6(5) 6-7(4) 6-3 6-0,5,F,219,9,1,136,81,48,34,20,7,12,10,3,118,77,50,14,19,7,16,1,11405,6,4675
2016-580,Australian Open,Hard,128,G,20160118,100,104925,1,,Novak Djokovic,R,188,SRB,28.6,111202,,,Hyeon Chung,R,188,KOR,19.6,6-3 6-2 6-4,5,R128,115,10,3,68,45,40,13,14,0,1,5,2,90,56,33,16,13,2,7,1,16790,52,821
2016-580,Australian Open,Hard,128,G,20160118,101,111460,,,Quentin Halys,R,191,FRA,19.2,104471,,,Ivan Dodig,R,183,CRO,31.0,6-4 6-7(4) 6-4 7-5,5,R128,201,13,10,150,89,63,30,23,8,12,10,9,152,91,67,23,22,10,17,187,274,78,678
2016-580,Australian Open,Hard,128,G,20160118,102,106045,,,Denis Kudla,R,180,USA,23.4,105936,,,Filip Krajinovic,R,185,SRB,23.8,6-2 6-1 RET,5,R128,54,10,1,45,29,23,11,8,1,1,6,9,50,31,16,7,7,7,11,69,727,102,574
2016-580,Australian Open,Hard,128,G,20160118,103,104312,28,,Andreas Seppi,R,190,ITA,31.9,104559,,,Teymuraz Gabashvili,R,185,RUS,30.6,3-6 7-6(4) 6-4 7-6(10),5,R128,220,12,5,152,76,57,42,23,3,6,17,8,148,83,69,30,22,8,10,29,1290,44,933
2016-580,Australian Open,Hard,128,G,20160118,104,105643,,,Federico Delbonis,L,193,ARG,25.2,103333,22,,Ivo Karlovic,R,208,CRO,36.8,7-6(4) 6-4 2-1 RET,5,R128,103,10,5,76,43,40,20,13,3,3,21,6,77,48,38,15,13,4,5,53,815,24,1485
2016-580,Australian Open,Hard,128,G,20160118,105,105952,,Q,Renzo Olivo,R,178,ARG,23.8,106210,,,Jiri Vesely,L,198,CZE,22.5,7-6(8) 2-6 1-6 6-4 6-4,5,R128,207,13,8,160,110,75,21,24,8,14,11,6,137,92,70,24,24,3,6,174,296,50,840
2016-580,Australian Open,Hard,128,G,20160118,106,105539,,,Evgeny Donskoy,R,185,RUS,25.6,105438,,,Inigo Cervantes Huegun,R,180,ESP,26.1,6-4 3-6 6-1 6-4,5,R128,144,13,4,116,72,56,25,18,11,12,19,8,129,61,48,29,18,9,13,91,620,72,703
2016-580,Australian Open,Hard,128,G,20160118,107,104468,14,,Gilles Simon,R,183,FRA,31.0,105577,,,Vasek Pospisil,R,193,CAN,25.5,6-7(4) 6-3 6-2 6-4,5,R128,167,2,4,116,79,65,22,20,1,1,19,6,130,81,58,21,20,8,12,15,2145,39,1075
2016-580,Australian Open,Hard,128,G,20160118,108,104542,9,,Jo-Wilfried Tsonga,R,188,FRA,30.7,104571,,,Marcos Baghdatis,R,183,CYP,30.5,6-4 4-6 6-4 6-2,5,R128,146,13,3,110,72,55,22,19,1,2,5,3,104,55,42,29,19,5,9,10,2725,46,894
2016-580,Australian Open,Hard,128,G,20160118,109,117357,,,Omar Jasika,L,183,AUS,18.6,105011,,,Illya Marchenko,R,185,UKR,28.3,6-4 3-6 6-0 6-4,5,R128,154,5,3,115,78,53,19,18,5,8,13,7,106,64,40,20,17,5,11,310,159,76,688
2016-580,Australian Open,Hard,128,G,20160118,110,105732,,Q,Pierre Hugues Herbert,R,188,FRA,24.8,104665,,,Pablo Andujar,R,180,ESP,29.9,5-7 6-4 7-6(5) 6-2,5,R128,189,17,10,153,81,62,34,22,6,9,4,5,151,98,74,23,21,9,14,167,313,62,770
2016-580,Australian Open,Hard,128,G,20160118,111,111511,,,Noah Rubin,R,175,USA,19.9,105332,17,,Benoit Paire,R,196,FRA,26.6,7-6(4) 7-6(6) 7-6(5),5,R128,151,5,3,131,82,56,32,20,10,13,18,7,129,71,57,28,19,8,11,328,146,18,1703
2016-580,Australian Open,Hard,128,G,20160118,112,104198,26,,Guillermo Garcia Lopez,R,188,ESP,32.6,103908,,,Paul Henri Mathieu,R,185,FRA,34.0,6-4 6-4 6-4,5,R128,129,10,5,94,49,40,25,15,3,4,11,8,102,48,35,25,15,7,11,27,1430,97,609
2016-580,Australian Open,Hard,128,G,20160118,113,104978,,Q,Daniel Brands,R,196,GER,28.5,103607,,,Victor Estrella,R,173,DOM,35.4,6-4 7-6(1) 4-6 6-1,5,R128,144,17,3,107,72,57,23,20,1,4,6,2,126,79,56,18,20,10,15,151,393,55,797
2016-580,Australian Open,Hard,128,G,20160118,114,105572,,,Austin Krajicek,L,188,USA,25.5,105842,,Q,Di Wu,R,175,CHN,24.3,6-4 6-1 6-3,5,R128,91,13,4,70,43,36,15,13,2,3,1,1,84,61,35,11,13,4,10,103,571,243,218
2016-580,Australian Open,Hard,128,G,20160118,115,105453,7,,Kei Nishikori,R,178,JPN,26.0,104259,,,Philipp Kohlschreiber,R,178,GER,32.2,6-4 6-3 6-3,5,R128,115,5,3,77,46,38,20,14,0,0,8,4,96,65,44,11,14,4,8,7,4235,34,1185
2016-580,Australian Open,Hard,128,G,20160118,116,103819,3,,Roger Federer,R,185,SUI,34.4,105932,,,Nikoloz Basilashvili,R,185,GEO,23.9,6-2 6-1 6-2,5,R128,72,6,3,56,36,33,9,12,0,1,2,5,68,44,23,7,11,6,14,3,8165,118,493
2016-580,Australian Open,Hard,128,G,20160118,117,105238,,,Alexandr Dolgopolov,R,180,UKR,27.1,105575,,,Ricardas Berankis,R,175,LTU,25.5,6-1 3-6 6-4 6-2,5,R128,128,10,8,110,60,49,22,17,6,9,5,2,118,69,37,26,17,10,17,35,1160,85,641
2016-580,Australian Open,Hard,128,G,20160118,118,105477,,Q,Marco Trungelliti,R,178,ARG,25.9,106075,,Q,Jozef Kovalik,R,183,SVK,23.2,6-4 7-6(1) 7-5,5,R128,139,4,1,100,65,50,19,18,2,4,4,5,112,67,42,22,17,4,8,210,244,251,215
2016-580,Australian Open,Hard,128,G,20160118,119,105777,27,,Grigor Dimitrov,R,191,BUL,24.6,103893,,,Paolo Lorenzi,R,183,ITA,34.0,6-3 7-6(8) 6-3,5,R128,145,12,1,109,73,56,17,16,3,5,7,2,95,56,45,14,15,5,9,28,1420,57,795
2016-580,Australian Open,Hard,128,G,20160118,120,106233,19,,Dominic Thiem,R,185,AUT,22.3,104919,,,Leonardo Mayer,R,188,ARG,28.6,6-2 7-6(6) 4-6 7-6(0),5,R128,186,7,4,119,88,69,18,22,3,6,8,5,139,91,61,24,22,5,9,20,1645,36,1105
2016-580,Australian Open,Hard,128,G,20160118,121,104597,,,Nicolas Almagro,R,183,ESP,30.4,103898,,,Julien Benneteau,R,185,FRA,34.0,6-3 6-7(5) 6-3 7-6(1),5,R128,173,38,5,134,73,64,37,22,4,4,15,5,152,97,66,30,22,9,11,73,694,696,38
2016-580,Australian Open,Hard,128,G,20160118,122,106000,,,Damir Dzumhur,R,175,BIH,23.6,106378,,,Kyle Edmund,R,188,GBR,21.0,1-6 7-6(4) 4-6 6-3 6-1,5,R128,192,13,10,170,124,81,24,23,8,14,14,4,146,68,51,36,23,13,19,81,661,88,625
2016-580,Australian Open,Hard,128,G,20160118,123,105676,15,,David Goffin,R,180,BEL,25.1,104660,,,Sergiy Stakhovsky,R,193,UKR,30.0,3-6 6-3 6-4 6-4,5,R128,156,3,5,115,74,54,18,19,5,10,10,6,123,69,46,24,19,8,15,16,1835,60,780
2016-580,Australian Open,Hard,128,G,20160118,124,105227,12,,Marin Cilic,R,198,CRO,27.3,105217,,,Thiemo De Bakker,R,193,NED,27.3,6-7(4) 7-5 6-2 6-4,5,R128,173,19,1,117,58,49,39,22,4,5,12,4,136,79,58,27,21,6,11,13,2405,98,607
2016-580,Australian Open,Hard,128,G,20160118,125,105077,,,Albert Ramos,L,188,ESP,28.0,106432,,,Borna Coric,R,188,CRO,19.1,6-2 6-2 6-3,5,R128,104,4,1,76,50,38,16,13,7,7,5,3,77,47,29,13,12,2,8,61,773,40,1066
2016-580,Australian Open,Hard,128,G,20160118,126,105583,,,Dusan Lajovic,R,183,SRB,25.5,105023,,,Sam Querrey,R,198,USA,28.2,6-7(5) 4-6 6-4 6-2 RET,5,R128,136,17,6,118,73,58,26,21,3,5,17,6,127,72,53,32,20,7,11,77,678,58,785
2016-580,Australian Open,Hard,128,G,20160118,127,105138,24,,Roberto Bautista Agut,R,183,ESP,27.7,105373,,,Martin Klizan,L,191,SVK,26.5,6-2 6-3 4-6 2-6 6-2,5,R128,196,4,2,137,99,66,18,22,9,14,8,13,160,84,52,38,21,21,28,21,1640,43,955
2016-580,Australian Open,Hard,128,G,20160118,128,106401,29,,Nick Kyrgios,R,193,AUS,20.7,105807,,,Pablo Carreno Busta,R,188,ESP,24.5,6-2 7-5 6-2,5,R128,91,16,0,70,50,37,17,14,0,1,3,2,94,60,28,20,14,6,12,30,1260,68,734
2016-580,Australian Open,Hard,128,G,20160118,129,104655,,,Pablo Cuevas,R,180,URU,30.0,106415,,,Yoshihito Nishioka,L,170,JPN,20.3,7-6(5) 6-1 6-4,5,R128,121,13,5,96,56,45,20,15,7,9,3,1,91,55,31,22,15,4,10,41,1065,117,501
2016-580,Australian Open,Hard,128,G,20160118,130,105806,,Q,Mirza Basic,R,188,BIH,24.5,104898,,,Robin Haase,R,191,NED,28.7,7-6(4) 6-4 6-4,5,R128,131,8,2,124,76,48,33,17,11,12,17,4,96,55,40,23,16,3,6,138,432,65,762
2016-580,Australian Open,Hard,128,G,20160118,131,104607,6,,Tomas Berdych,R,196,CZE,30.3,106026,,,Yuki Bhambri,R,185,IND,23.5,7-5 6-1 6-2,5,R128,105,13,1,77,39,35,21,14,2,3,2,4,78,44,25,16,13,2,8,6,4560,96,610
2016-580,Australian Open,Hard,128,G,20160118,132,104269,,,Fernando Verdasco,L,188,ESP,32.1,104745,5,,Rafael Nadal,L,185,ESP,29.6,7-6(6) 4-6 3-6 7-6(4) 6-2,5,R128,281,20,10,192,118,85,33,27,10,16,7,6,170,108,75,31,26,10,15,45,900,5,5230
2016-580,Australian Open,Hard,128,G,20160118,133,104534,,,Dudi Sela,R,175,ISR,30.7,103794,,,Benjamin Becker,R,178,GER,34.5,6-1 6-3 2-6 6-2,5,R128,121,6,1,95,60,43,18,16,4,8,8,6,104,62,37,15,16,4,12,87,633,101,597
2016-580,Australian Open,Hard,128,G,20160118,134,105723,,,Andrey Kuznetsov,R,183,RUS,24.9,105992,,Q,Ryan Harrison,R,185,USA,23.6,7-5 6-4 6-4,5,R128,117,4,3,88,48,38,24,16,5,7,10,5,106,47,34,29,16,12,17,74,693,134,448
2016-580,Australian Open,Hard,128,G,20160118,135,104871,30,,Jeremy Chardy,R,188,FRA,28.9,105208,,,Ernests Gulbis,R,190,LAT,27.3,7-5 2-6 6-7(5) 6-3 13-11,5,R128,283,24,21,195,115,96,31,33,12,17,25,18,234,128,98,46,33,21,28,31,1255,79,661
2016-580,Australian Open,Hard,128,G,20160118,136,104792,23,,Gael Monfils,R,193,FRA,29.3,105216,,Q,Yuichi Sugita,R,173,JPN,27.3,6-1 6-3 6-2,5,R128,83,12,3,60,42,35,13,12,0,0,4,3,85,53,27,16,12,10,16,25,1485,124,481
2016-580,Australian Open,Hard,128,G,20160118,137,103917,,,Nicolas Mahut,R,191,FRA,33.9,106065,,,Marco Cecchinato,R,185,ITA,23.2,4-6 6-2 6-2 6-2,5,R128,133,9,4,90,54,46,22,17,2,3,7,4,121,72,52,15,17,4,10,63,767,92,618
2016-580,Australian Open,Hard,128,G,20160118,138,103565,,Q,Stephane Robert,R,185,FRA,35.6,106216,,LL,Bjorn Fratangelo,R,183,USA,22.4,6-2 6-2 6-2,5,R128,100,8,3,79,41,36,20,12,5,5,5,3,105,63,32,20,12,8,14,225,233,132,458
2016-580,Australian Open,Hard,128,G,20160118,139,104330,,,Rajeev Ram,R,193,USA,31.8,104731,11,,Kevin Anderson,R,203,RSA,29.6,7-6(4) 6-7(4) 6-3 3-0 RET,5,R128,168,12,2,109,76,64,19,19,1,1,14,11,135,82,64,21,19,6,9,93,617,12,2475
2016-580,Australian Open,Hard,128,G,20160118,140,105683,13,,Milos Raonic,R,196,CAN,25.0,106298,,,Lucas Pouille,R,185,FRA,21.9,6-1 6-4 6-4,5,R128,86,12,2,69,44,39,17,14,0,0,8,4,70,34,24,18,13,2,6,14,2270,90,621
2016-580,Australian Open,Hard,128,G,20160118,141,103990,,,Tommy Robredo,R,180,ESP,33.7,104291,,,Malek Jaziri,R,185,TUN,31.9,7-5 3-6 4-6 7-6(7) 8-6,5,R128,287,20,8,190,112,81,42,29,9,14,9,10,246,134,96,51,29,25,30,42,1000,104,566
2016-580,Australian Open,Hard,128,G,20160118,142,105065,,Q,Tim Smyczek,R,175,USA,28.0,104593,,,Daniel Gimeno Traver,R,185,ESP,30.4,6-1 3-6 6-3 6-2,5,R128,114,8,2,92,57,45,25,17,4,5,4,3,89,60,41,14,16,3,8,108,543,100,598
2016-580,Australian Open,Hard,128,G,20160118,143,104678,21,,Viktor Troicki,R,193,SRB,29.9,103926,,,Daniel Munoz de la Nava,L,178,ESP,33.9,4-6 4-6 6-1 7-6(4) 6-3,5,R128,209,22,5,153,98,75,29,25,10,14,12,10,159,84,62,35,24,17,22,26,1475,71,718
2016-580,Australian Open,Hard,128,G,20160118,144,106058,25,,Jack Sock,R,191,USA,23.3,126203,,Q,Taylor Fritz,R,196,USA,18.2,6-4 3-6 0-6 6-3 6-4,5,R128,147,16,9,122,66,49,29,22,5,9,19,3,119,72,55,29,22,6,9,22,1525,155,372
2016-580,Australian Open,Hard,128,G,20160118,145,104586,,,Lukas Rosol,R,193,CZE,30.4,106121,,,Taro Daniel,R,191,JPN,22.9,7-6(2) 7-5 5-7 6-7(5) 6-1,5,R128,216,28,4,184,109,91,41,29,10,11,12,1,175,118,85,32,28,5,8,51,827,99,603
2016-580,Australian Open,Hard,128,G,20160118,146,103285,,Q,Radek Stepanek,R,185,CZE,37.1,105147,,Q,Tatsuma Ito,R,180,JPN,27.6,6-4 6-3 6-7(5) 6-2,5,R128,196,14,7,149,88,68,28,20,12,15,10,3,121,80,52,17,20,3,10,188,272,125,477
2016-580,Australian Open,Hard,128,G,20160118,147,104527,4,,Stan Wawrinka,R,183,SUI,30.8,104098,,,Dmitry Tursunov,R,185,RUS,33.1,7-6(2) 6-3 RET,5,R128,94,14,0,60,37,33,15,11,1,1,2,2,88,55,34,20,11,8,9,4,6865,,
2016-580,Australian Open,Hard,128,G,20160118,148,103970,8,,David Ferrer,R,175,ESP,33.7,105376,,Q,Peter Gojowczyk,R,188,GER,26.5,6-4 6-4 6-2,5,R128,96,7,3,75,49,40,16,14,3,4,5,2,80,43,30,15,14,3,8,8,4145,223,234
2016-580,Australian Open,Hard,128,G,20160118,149,103720,,,Lleyton Hewitt,R,180,AUS,34.8,105902,,,James Duckworth,R,183,AUS,23.9,7-6(5) 6-2 6-4,5,R128,143,10,3,98,58,44,22,16,6,8,15,6,101,53,38,21,15,9,14,308,160,129,460
2016-580,Australian Open,Hard,128,G,20160118,150,105064,,,Thomaz Bellucci,L,188,BRA,28.0,111442,,,Jordan Thompson,R,183,AUS,21.7,6-2 6-3 6-2,5,R128,90,3,2,65,38,33,20,13,0,0,2,6,73,39,27,13,12,4,9,37,1105,143,414
2016-580,Australian Open,Hard,128,G,20160118,151,105449,31,,Steve Johnson,R,188,USA,26.0,105379,,,Aljaz Bedene,R,181,SLO,26.5,6-3 6-4 7-6(3),5,R128,125,17,5,104,55,46,28,16,3,3,14,4,91,49,37,23,16,6,8,32,1240,49,867
2016-580,Australian Open,Hard,128,G,20160118,152,103852,18,,Feliciano Lopez,L,188,ESP,34.3,105554,,Q,Daniel Evans,R,175,GBR,25.6,6-1 6-0 6-4,5,R128,88,13,1,69,38,35,14,12,0,0,5,6,73,43,24,13,11,7,13,19,1690,185,274
2016-580,Australian Open,Hard,128,G,20160118,153,105550,,,Guido Pella,L,183,ARG,25.6,104327,,,Steve Darcis,R,178,BEL,31.8,2-6 3-6 6-3 7-5 6-1,5,R128,186,8,9,161,108,72,21,23,13,20,7,7,121,64,47,26,22,2,10,75,693,110,538
2016-580,Australian Open,Hard,128,G,20160118,154,104719,,,Marcel Granollers,R,191,ESP,29.7,105051,,,Matthew Ebden,R,188,AUS,28.1,6-2 4-6 6-1 6-4,5,R128,143,5,1,89,54,39,23,18,7,11,7,5,115,64,34,24,17,10,19,80,661,106,557
2016-580,Australian Open,Hard,128,G,20160118,155,104545,10,,John Isner,R,208,USA,30.7,105668,,,Jerzy Janowicz,R,203,POL,25.1,6-3 7-6(7) 6-3,5,R128,105,37,0,82,64,58,13,16,0,0,10,4,95,61,45,18,15,2,4,11,2495,56,795
2016-580,Australian Open,Hard,128,G,20160118,156,106071,16,,Bernard Tomic,R,196,AUS,23.2,104797,,,Denis Istomin,R,185,UZB,29.3,6-7(4) 6-4 6-4 6-4,5,R128,179,16,0,138,95,75,20,22,13,14,23,1,122,80,59,21,21,6,10,17,1720,59,781
2016-580,Australian Open,Hard,128,G,20160118,157,104620,,,Simone Bolelli,R,183,ITA,30.2,104548,,,Brian Baker,R,190,USA,30.7,7-6(6) 7-6(3) 6-7(2) 7-6(5),5,R128,219,26,0,157,104,83,30,26,4,6,15,7,160,107,88,24,26,4,6,64,765,,
2016-580,Australian Open,Hard,128,G,20160118,158,105357,,,John Millman,R,183,AUS,26.5,106043,,,Diego Schwartzman,R,170,ARG,23.4,3-6 5-7 7-6(2) 5-0 RET,5,R128,165,7,1,119,79,48,20,20,6,11,10,3,118,60,41,31,19,5,9,95,611,89,621
2016-580,Australian Open,Hard,128,G,20160118,159,104180,,,Gilles Muller,L,193,LUX,32.6,104926,20,,Fabio Fognini,R,178,ITA,28.6,7-6(6) 7-6(7) 6-7(5) 7-6(1),5,R128,239,34,8,165,100,89,33,26,4,5,20,11,193,111,79,49,26,10,11,38,1105,23,1515
2016-580,Australian Open,Hard,128,G,20160118,160,105311,32,,Joao Sousa,R,185,POR,26.8,105062,,,Mikhail Kukushkin,R,183,KAZ,28.0,6-3 6-4 6-3,5,R128,127,13,1,87,57,42,16,14,2,4,5,3,120,64,41,23,14,16,22,33,1191,94,612
2016-580,Australian Open,Hard,128,G,20160118,161,105053,,,Santiago Giraldo,R,188,COL,28.1,105385,,,Donald Young,L,183,USA,26.4,6-4 1-6 6-3 6-2,5,R128,136,7,1,97,49,35,28,17,2,6,6,4,108,61,40,22,17,9,15,70,723,47,882
2016-580,Australian Open,Hard,128,G,20160118,162,105032,,,Sam Groth,R,193,AUS,28.2,105173,,,Adrian Mannarino,L,180,FRA,27.5,7-6(6) 6-4 3-6 6-3,5,R128,158,27,5,121,80,60,18,21,2,6,8,4,116,67,45,25,20,2,7,67,747,48,880
2016-580,Australian Open,Hard,128,G,20160118,163,104918,2,,Andy Murray,R,191,GBR,28.6,100644,,,Alexander Zverev,R,198,GER,18.7,6-1 6-2 6-3,5,R128,127,3,2,76,44,36,19,12,6,6,5,7,91,57,36,11,12,7,13,2,8945,83,647
2016-580,Australian Open,Hard,128,G,20160118,164,104925,1,,Novak Djokovic,R,188,SRB,28.6,111460,,,Quentin Halys,R,191,FRA,19.2,6-1 6-2 7-6(3),5,R64,100,9,0,72,44,38,20,14,0,1,9,6,92,60,42,8,14,6,11,1,16790,187,274
2016-580,Australian Open,Hard,128,G,20160118,165,104312,28,,Andreas Seppi,R,190,ITA,31.9,106045,,,Denis Kudla,R,180,USA,23.4,7-5 6-4 6-4,5,R64,126,13,1,114,63,51,27,16,8,8,6,3,87,40,32,24,16,1,4,29,1290,69,727
2016-580,Australian Open,Hard,128,G,20160118,166,105643,,,Federico Delbonis,L,193,ARG,25.2,105952,,Q,Renzo Olivo,R,178,ARG,23.8,7-6(5) 3-6 6-7(3) 7-5 6-2,5,R64,253,13,13,162,76,57,44,28,9,15,8,13,195,121,84,31,27,16,24,53,815,174,296
2016-580,Australian Open,Hard,128,G,20160118,167,104468,14,,Gilles Simon,R,183,FRA,31.0,105539,,,Evgeny Donskoy,R,185,RUS,25.6,6-3 5-7 7-6(1) 4-6 7-5,5,R64,238,8,6,195,122,86,43,28,12,16,7,3,177,103,72,36,28,7,11,15,2145,91,620
2016-580,Australian Open,Hard,128,G,20160118,168,104542,9,,Jo-Wilfried Tsonga,R,188,FRA,30.7,117357,,,Omar Jasika,L,183,AUS,18.6,7-5 6-1 6-4,5,R64,103,14,6,84,56,46,14,15,4,5,1,1,83,61,38,10,14,7,12,10,2725,310,159
2016-580,Australian Open,Hard,128,G,20160118,169,105732,,Q,Pierre Hugues Herbert,R,188,FRA,24.8,111511,,,Noah Rubin,R,175,USA,19.9,6-3 6-4 6-0,5,R64,82,14,2,64,34,32,20,13,0,0,1,3,82,60,32,11,12,2,7,167,313,328,146
2016-580,Australian Open,Hard,128,G,20160118,170,104198,26,,Guillermo Garcia Lopez,R,188,ESP,32.6,104978,,Q,Daniel Brands,R,196,GER,28.5,4-6 6-1 7-6(0) 6-3,5,R64,149,5,4,121,75,57,28,20,1,2,17,4,111,78,57,14,19,3,6,27,1430,151,393
2016-580,Australian Open,Hard,128,G,20160118,171,105453,7,,Kei Nishikori,R,178,JPN,26.0,105572,,,Austin Krajicek,L,188,USA,25.5,6-3 7-6(5) 6-3,5,R64,113,13,1,93,63,52,18,16,3,4,7,4,78,48,36,14,15,2,5,7,4235,103,571
2016-580,Australian Open,Hard,128,G,20160118,172,103819,3,,Roger Federer,R,185,SUI,34.4,105238,,,Alexandr Dolgopolov,R,180,UKR,27.1,6-3 7-5 6-1,5,R64,93,25,2,72,49,43,13,14,0,0,3,7,97,55,35,18,14,8,13,3,8165,35,1160
2016-580,Australian Open,Hard,128,G,20160118,173,105777,27,,Grigor Dimitrov,R,191,BUL,24.6,105477,,Q,Marco Trungelliti,R,178,ARG,25.9,6-3 4-6 6-2 7-5,5,R64,159,11,4,119,84,63,21,20,6,8,4,7,108,66,44,24,19,4,9,28,1420,210,244
2016-580,Australian Open,Hard,128,G,20160118,174,106233,19,,Dominic Thiem,R,185,AUT,22.3,104597,,,Nicolas Almagro,R,183,ESP,30.4,6-3 6-1 6-3,5,R64,101,5,1,68,41,33,16,13,0,0,13,4,100,56,33,19,12,11,17,20,1645,73,694
2016-580,Australian Open,Hard,128,G,20160118,175,105676,15,,David Goffin,R,180,BEL,25.1,106000,,,Damir Dzumhur,R,175,BIH,23.6,6-4 0-6 6-4 6-2,5,R64,157,7,3,110,63,38,20,17,7,15,3,2,116,71,38,19,17,7,16,16,1835,81,661
2016-580,Australian Open,Hard,128,G,20160118,176,105227,12,,Marin Cilic,R,198,CRO,27.3,105077,,,Albert Ramos,L,188,ESP,28.0,6-4 6-3 7-6(4),5,R64,139,17,0,89,55,46,21,16,0,1,7,5,100,54,39,25,16,3,6,13,2405,61,773
2016-580,Australian Open,Hard,128,G,20160118,177,105138,24,,Roberto Bautista Agut,R,183,ESP,27.7,105583,,,Dusan Lajovic,R,183,SRB,25.5,4-6 6-2 4-6 6-2 6-1,5,R64,170,7,5,126,78,60,28,22,3,6,8,4,124,73,46,25,21,0,7,21,1640,77,678
2016-580,Australian Open,Hard,128,G,20160118,178,106401,29,,Nick Kyrgios,R,193,AUS,20.7,104655,,,Pablo Cuevas,R,180,URU,30.0,6-4 7-5 7-6(2),5,R64,118,19,1,96,62,49,22,18,5,7,15,2,93,61,49,13,17,2,6,30,1260,41,1065
2016-580,Australian Open,Hard,128,G,20160118,179,104607,6,,Tomas Berdych,R,196,CZE,30.3,105806,,Q,Mirza Basic,R,188,BIH,24.5,6-4 6-0 6-3,5,R64,98,15,2,64,39,37,15,13,0,0,7,2,93,47,29,19,12,9,14,6,4560,138,432
2016-580,Australian Open,Hard,128,G,20160118,180,104534,,,Dudi Sela,R,175,ISR,30.7,104269,,,Fernando Verdasco,L,188,ESP,32.1,4-6 6-3 6-3 7-6(4),5,R64,169,5,2,129,70,41,37,21,6,12,9,7,118,83,48,18,20,7,15,87,633,45,900
2016-580,Australian Open,Hard,128,G,20160118,181,105723,,,Andrey Kuznetsov,R,183,RUS,24.9,104871,30,,Jeremy Chardy,R,188,FRA,28.9,6-4 7-6(5) 7-6(5),5,R64,128,9,3,109,68,55,21,18,3,5,11,8,105,65,51,19,18,5,8,74,693,31,1255
2016-580,Australian Open,Hard,128,G,20160118,182,104792,23,,Gael Monfils,R,193,FRA,29.3,103917,,,Nicolas Mahut,R,191,FRA,33.9,7-5 6-4 6-1,5,R64,100,18,3,81,57,51,12,15,1,1,2,3,76,55,38,8,14,1,5,25,1485,63,767
2016-580,Australian Open,Hard,128,G,20160118,183,103565,,Q,Stephane Robert,R,185,FRA,35.6,104330,,,Rajeev Ram,R,193,USA,31.8,6-1 6-7(6) 4-6 7-5 7-5,5,R64,216,23,6,177,96,66,44,27,14,20,11,7,200,120,74,37,27,14,23,225,233,93,617
2016-580,Australian Open,Hard,128,G,20160118,184,105683,13,,Milos Raonic,R,196,CAN,25.0,103990,,,Tommy Robredo,R,180,ESP,33.7,7-6(6) 7-6(5) 7-5,5,R64,175,24,6,121,70,58,32,19,4,4,0,3,146,101,68,27,19,11,12,14,2270,42,1000
2016-580,Australian Open,Hard,128,G,20160118,185,104678,21,,Viktor Troicki,R,193,SRB,29.9,105065,,Q,Tim Smyczek,R,175,USA,28.0,6-4 7-6(5) 7-6(4),5,R64,150,10,3,111,65,50,26,18,2,5,16,1,126,81,57,21,18,12,16,26,1475,108,543
2016-580,Australian Open,Hard,128,G,20160118,186,104586,,,Lukas Rosol,R,193,CZE,30.4,106058,25,,Jack Sock,R,191,USA,23.3,7-6(6) 7-6(5) 6-3,5,R64,136,20,5,130,76,61,30,18,10,10,21,6,101,61,51,22,17,1,2,51,827,22,1525
2016-580,Australian Open,Hard,128,G,20160118,187,104527,4,,Stan Wawrinka,R,183,SUI,30.8,103285,,Q,Radek Stepanek,R,185,CZE,37.1,6-2 6-3 6-4,5,R64,121,15,4,107,60,44,25,14,10,11,4,4,86,60,40,8,13,7,12,4,6865,188,272
2016-580,Australian Open,Hard,128,G,20160118,188,103970,8,,David Ferrer,R,175,ESP,33.7,103720,,,Lleyton Hewitt,R,180,AUS,34.8,6-2 6-4 6-4,5,R64,152,4,1,102,71,48,18,14,9,10,2,5,103,52,35,20,14,10,15,8,4145,308,160
2016-580,Australian Open,Hard,128,G,20160118,189,105449,31,,Steve Johnson,R,188,USA,26.0,105064,,,Thomaz Bellucci,L,188,BRA,28.0,6-3 6-2 6-2,5,R64,88,10,2,72,37,33,22,13,2,2,3,4,68,33,23,13,12,5,10,32,1240,37,1105
2016-580,Australian Open,Hard,128,G,20160118,190,103852,18,,Feliciano Lopez,L,188,ESP,34.3,105550,,,Guido Pella,L,183,ARG,25.6,7-6(2) 6-7(4) 7-6(3) 6-7(8) 6-4,5,R64,271,42,14,216,117,89,50,31,7,11,13,4,191,137,94,33,31,6,11,19,1690,75,693
2016-580,Australian Open,Hard,128,G,20160118,191,104545,10,,John Isner,R,208,USA,30.7,104719,,,Marcel Granollers,R,191,ESP,29.7,6-3 7-6(6) 7-6(2),5,R64,140,20,4,101,72,59,21,18,0,0,4,3,99,65,51,20,17,5,6,11,2495,80,661
2016-580,Australian Open,Hard,128,G,20160118,192,106071,16,,Bernard Tomic,R,196,AUS,23.2,104620,,,Simone Bolelli,R,183,ITA,30.2,6-4 6-2 6-7(5) 7-5,5,R64,181,24,4,123,82,68,21,22,0,1,8,4,147,108,70,20,21,4,9,17,1720,64,765
2016-580,Australian Open,Hard,128,G,20160118,193,105357,,,John Millman,R,183,AUS,26.5,104180,,,Gilles Muller,L,193,LUX,32.6,4-6 6-4 6-2 4-6 7-5,5,R64,218,13,5,167,110,74,31,25,5,9,22,5,155,86,65,31,25,5,11,95,611,38,1105
2016-580,Australian Open,Hard,128,G,20160118,194,105311,32,,Joao Sousa,R,185,POR,26.8,105053,,,Santiago Giraldo,R,188,COL,28.1,6-3 7-5 3-6 6-1,5,R64,156,8,1,100,64,52,19,19,0,2,11,0,129,68,45,30,18,13,18,33,1191,70,723
2016-580,Australian Open,Hard,128,G,20160118,195,104918,2,,Andy Murray,R,191,GBR,28.6,105032,,,Sam Groth,R,193,AUS,28.2,6-0 6-4 6-1,5,R64,91,10,2,60,34,28,18,12,0,1,6,4,76,46,27,10,11,7,14,2,8945,67,747
2016-580,Australian Open,Hard,128,G,20160118,196,104925,1,,Novak Djokovic,R,188,SRB,28.6,104312,28,,Andreas Seppi,R,190,ITA,31.9,6-1 7-5 7-6(6),5,R32,141,9,2,103,74,56,18,16,3,3,5,0,96,55,44,16,16,3,6,1,16790,29,1290
2016-580,Australian Open,Hard,128,G,20160118,197,104468,14,,Gilles Simon,R,183,FRA,31.0,105643,,,Federico Delbonis,L,193,ARG,25.2,6-3 6-2 6-1,5,R32,102,5,1,66,46,33,16,12,1,1,6,1,79,45,29,12,12,7,13,15,2145,53,815
2016-580,Australian Open,Hard,128,G,20160118,198,104542,9,,Jo-Wilfried Tsonga,R,188,FRA,30.7,105732,,Q,Pierre Hugues Herbert,R,188,FRA,24.8,6-4 7-6(7) 7-6(4),5,R32,132,23,3,106,62,55,24,18,4,6,11,5,104,64,50,20,18,1,4,10,2725,167,313
2016-580,Australian Open,Hard,128,G,20160118,199,105453,7,,Kei Nishikori,R,178,JPN,26.0,104198,26,,Guillermo Garcia Lopez,R,188,ESP,32.6,7-5 2-6 6-3 6-4,5,R32,168,5,1,123,73,54,30,20,8,11,11,4,120,69,55,21,19,5,9,7,4235,27,1430
2016-580,Australian Open,Hard,128,G,20160118,200,103819,3,,Roger Federer,R,185,SUI,34.4,105777,27,,Grigor Dimitrov,R,191,BUL,24.6,6-4 3-6 6-1 6-4,5,R32,160,13,5,112,69,52,24,18,5,6,8,3,126,76,48,27,18,11,15,3,8165,28,1420
2016-580,Australian Open,Hard,128,G,20160118,201,105676,15,,David Goffin,R,180,BEL,25.1,106233,19,,Dominic Thiem,R,185,AUT,22.3,6-1 3-6 7-6(2) 7-5,5,R32,178,6,8,141,81,62,28,21,9,13,17,6,129,75,50,27,20,6,12,16,1835,20,1645
2016-580,Australian Open,Hard,128,G,20160118,202,105138,24,,Roberto Bautista Agut,R,183,ESP,27.7,105227,12,,Marin Cilic,R,198,CRO,27.3,6-4 7-6(5) 7-5,5,R32,155,9,3,114,72,56,23,18,3,4,15,5,115,67,52,21,17,8,11,21,1640,13,2405
2016-580,Australian Open,Hard,128,G,20160118,203,104607,6,,Tomas Berdych,R,196,CZE,30.3,106401,29,,Nick Kyrgios,R,193,AUS,20.7,6-3 6-4 1-6 6-4,5,R32,147,8,6,112,64,50,26,18,4,6,18,2,108,65,53,16,18,5,8,6,4560,30,1260
2016-580,Australian Open,Hard,128,G,20160118,204,105723,,,Andrey Kuznetsov,R,183,RUS,24.9,104534,,,Dudi Sela,R,175,ISR,30.7,7-5 3-6 6-1 7-6(4),5,R32,155,10,6,129,78,61,24,21,4,7,7,5,131,81,56,22,20,9,14,74,693,87,633
2016-580,Australian Open,Hard,128,G,20160118,205,104792,23,,Gael Monfils,R,193,FRA,29.3,103565,,Q,Stephane Robert,R,185,FRA,35.6,7-5 6-3 6-2,5,R32,104,10,1,96,62,40,15,15,0,5,3,5,84,40,24,15,14,7,16,25,1485,225,233
2016-580,Australian Open,Hard,128,G,20160118,206,105683,13,,Milos Raonic,R,196,CAN,25.0,104678,21,,Viktor Troicki,R,193,SRB,29.9,6-2 6-3 6-4,5,R32,106,14,2,71,49,41,13,14,1,2,5,5,81,54,34,9,13,7,12,14,2270,26,1475
2016-580,Australian Open,Hard,128,G,20160118,207,104527,4,,Stan Wawrinka,R,183,SUI,30.8,104586,,,Lukas Rosol,R,193,CZE,30.4,6-2 6-3 7-6(3),5,R32,115,18,3,93,54,43,23,15,2,3,2,6,96,52,36,20,15,6,10,4,6865,51,827
2016-580,Australian Open,Hard,128,G,20160118,208,103970,8,,David Ferrer,R,175,ESP,33.7,105449,31,,Steve Johnson,R,188,USA,26.0,6-1 6-4 6-4,5,R32,105,3,2,72,49,38,19,14,0,0,5,4,85,53,27,21,13,5,9,8,4145,32,1240
2016-580,Australian Open,Hard,128,G,20160118,209,104545,10,,John Isner,R,208,USA,30.7,103852,18,,Feliciano Lopez,L,188,ESP,34.3,6-7(8) 7-6(5) 6-2 6-4,5,R32,173,44,1,124,96,76,21,22,0,0,18,8,143,89,63,31,22,4,7,11,2495,19,1690
2016-580,Australian Open,Hard,128,G,20160118,210,106071,16,,Bernard Tomic,R,196,AUS,23.2,105357,,,John Millman,R,183,AUS,26.5,6-4 7-6(4) 6-2,5,R32,128,20,3,94,61,48,16,16,3,5,8,1,101,67,46,12,15,7,12,17,1720,95,611
2016-580,Australian Open,Hard,128,G,20160118,211,104918,2,,Andy Murray,R,191,GBR,28.6,105311,32,,Joao Sousa,R,185,POR,26.8,6-2 3-6 6-2 6-2,5,R32,158,13,6,107,63,53,20,17,5,7,4,2,109,73,48,12,16,3,9,2,8945,33,1191
2016-580,Australian Open,Hard,128,G,20160118,212,104925,1,,Novak Djokovic,R,188,SRB,28.6,104468,14,,Gilles Simon,R,183,FRA,31.0,6-3 6-7(1) 6-4 4-6 6-3,5,R16,272,9,1,177,110,77,37,26,14,18,2,4,192,126,87,24,25,19,25,1,16790,15,2145
2016-580,Australian Open,Hard,128,G,20160118,213,105453,7,,Kei Nishikori,R,178,JPN,26.0,104542,9,,Jo-Wilfried Tsonga,R,188,FRA,30.7,6-4 6-2 6-4,5,R16,122,3,3,83,50,37,21,14,1,2,13,8,90,54,34,17,14,7,12,7,4235,10,2725
2016-580,Australian Open,Hard,128,G,20160118,214,103819,3,,Roger Federer,R,185,SUI,34.4,105676,15,,David Goffin,R,180,BEL,25.1,6-2 6-1 6-4,5,R16,88,7,1,67,42,36,16,13,0,1,5,2,83,55,36,8,12,7,13,3,8165,16,1835
2016-580,Australian Open,Hard,128,G,20160118,215,104607,6,,Tomas Berdych,R,196,CZE,30.3,105138,24,,Roberto Bautista Agut,R,183,ESP,27.7,4-6 6-4 6-3 1-6 6-3,5,R16,198,18,2,133,83,61,25,23,5,9,6,0,151,101,66,31,22,18,22,6,4560,21,1640
2016-580,Australian Open,Hard,128,G,20160118,216,104792,23,,Gael Monfils,R,193,FRA,29.3,105723,,,Andrey Kuznetsov,R,183,RUS,24.9,7-5 3-6 6-3 7-6(4),5,R16,157,14,4,112,69,56,27,22,0,2,0,6,133,78,58,26,21,4,7,25,1485,74,693
2016-580,Australian Open,Hard,128,G,20160118,217,105683,13,,Milos Raonic,R,196,CAN,25.0,104527,4,,Stan Wawrinka,R,183,SUI,30.8,6-4 6-3 5-7 4-6 6-3,5,R16,224,24,6,149,101,80,23,25,5,8,9,9,171,99,70,37,25,10,15,14,2270,4,6865
2016-580,Australian Open,Hard,128,G,20160118,218,103970,8,,David Ferrer,R,175,ESP,33.7,104545,10,,John Isner,R,208,USA,30.7,6-4 6-4 7-5,5,R16,124,1,2,87,45,37,31,16,3,3,18,4,95,71,51,9,16,3,6,8,4145,11,2495
2016-580,Australian Open,Hard,128,G,20160118,219,104918,2,,Andy Murray,R,191,GBR,28.6,106071,16,,Bernard Tomic,R,196,AUS,23.2,6-4 6-4 7-6(4),5,R16,150,18,1,98,56,41,24,17,5,9,10,2,119,77,48,14,16,7,13,2,8945,17,1720
2016-580,Australian Open,Hard,128,G,20160118,220,104925,1,,Novak Djokovic,R,188,SRB,28.6,105453,7,,Kei Nishikori,R,178,JPN,26.0,6-3 6-2 6-4,5,QF,127,6,2,89,51,33,25,14,6,8,9,4,84,49,29,14,13,5,11,1,16790,7,4235
2016-580,Australian Open,Hard,128,G,20160118,221,103819,3,,Roger Federer,R,185,SUI,34.4,104607,6,,Tomas Berdych,R,196,CZE,30.3,7-6(4) 6-2 6-4,5,QF,136,9,3,87,60,50,13,16,4,6,9,5,111,60,41,24,15,5,10,3,8165,6,4560
2016-580,Australian Open,Hard,128,G,20160118,222,105683,13,,Milos Raonic,R,196,CAN,25.0,104792,23,,Gael Monfils,R,193,FRA,29.3,6-3 3-6 6-3 6-4,5,QF,137,10,4,101,62,52,24,19,1,2,14,6,107,65,51,21,18,5,8,14,2270,25,1485
2016-580,Australian Open,Hard,128,G,20160118,223,104918,2,,Andy Murray,R,191,GBR,28.6,103970,8,,David Ferrer,R,175,ESP,33.7,6-3 6-7(5) 6-2 6-3,5,QF,200,11,8,135,83,63,25,20,7,9,0,2,119,77,48,21,19,7,13,2,8945,8,4145
2016-580,Australian Open,Hard,128,G,20160118,224,104925,1,,Novak Djokovic,R,188,SRB,28.6,103819,3,,Roger Federer,R,185,SUI,34.4,6-1 6-2 3-6 6-3,5,SF,139,10,1,97,65,50,21,17,3,4,5,1,100,57,35,21,16,4,9,1,16790,3,8165
2016-580,Australian Open,Hard,128,G,20160118,225,104918,2,,Andy Murray,R,191,GBR,28.6,105683,13,,Milos Raonic,R,196,CAN,25.0,4-6 7-5 6-7(4) 6-4 6-2,5,SF,243,9,2,146,99,78,32,27,5,6,23,8,172,115,88,25,26,12,16,2,8945,14,2270
2016-580,Australian Open,Hard,128,G,20160118,226,104925,1,,Novak Djokovic,R,188,SRB,28.6,104918,2,,Andy Murray,R,191,GBR,28.6,6-1 7-5 7-6(3),5,F,173,7,3,111,73,54,20,16,4,6,12,5,111,71,48,14,16,7,12,1,16790,2,8945
2017-580,Australian Open,Hard,128,G,20170116,100,104918,1,,Andy Murray,R,191,GBR,29.6,105011,,,Illya Marchenko,R,185,UKR,29.3,7-5 7-6(5) 6-2,5,R128,167,10,4,112,54,45,25,16,2,5,6,6,99,53,35,19,16,2,8,1,12560,95,624
2017-580,Australian Open,Hard,128,G,20170116,101,126094,,Q,Andrey Rublev,R,188,RUS,19.2,104229,,,Yen Hsun Lu,R,180,TPE,33.4,4-6 6-3 7-6(0) 6-3,5,R128,170,19,6,142,76,59,33,20,19,22,16,7,117,65,47,25,20,3,7,152,383,60,786
2017-580,Australian Open,Hard,128,G,20170116,102,200282,,,Alex De Minaur,R,183,AUS,17.9,105589,,,Gerald Melzer,L,188,AUT,26.5,5-7 6-3 2-6 7-6(2) 6-1,5,R128,222,12,7,167,96,65,34,24,12,19,4,6,157,105,65,25,24,13,20,301,164,87,648
2017-580,Australian Open,Hard,128,G,20170116,103,105023,31,,Sam Querrey,R,198,USA,29.2,111460,,,Quentin Halys,R,191,FRA,20.2,6-7(10) 7-6(4) 6-3 6-4,5,R128,165,31,10,133,81,72,23,22,3,6,24,9,151,89,66,33,21,11,16,32,1355,155,379
2017-580,Australian Open,Hard,128,G,20170116,104,104545,19,,John Isner,R,208,USA,31.7,104505,,,Konstantin Kravchuk,R,190,RUS,31.8,6-3 6-4 6-7(5) 6-1,5,R128,143,33,6,111,79,67,20,19,2,2,19,4,112,74,59,17,19,6,10,19,1850,88,642
2017-580,Australian Open,Hard,128,G,20170116,105,104999,,,Mischa Zverev,L,190,GER,29.4,104198,,,Guillermo Garcia Lopez,R,188,ESP,33.6,6-3 7-6(5) 6-4,5,R128,132,8,2,100,69,50,14,16,5,8,3,4,99,53,35,21,15,5,11,50,894,74,700
2017-580,Australian Open,Hard,128,G,20170116,106,104291,,,Malek Jaziri,R,185,TUN,32.9,104424,,Q,Go Soeda,R,178,JPN,32.3,6-3 6-4 6-3,5,R128,120,7,4,77,35,30,23,14,2,4,5,2,99,53,36,16,14,8,14,56,824,139,431
2017-580,Australian Open,Hard,128,G,20170116,107,122330,,Q,Alexander Bublik,R,196,KAZ,19.5,106298,16,,Lucas Pouille,R,185,FRA,22.8,6-0 3-6 6-3 6-4,5,R128,103,16,9,95,50,43,19,17,3,6,6,7,95,55,40,14,17,4,11,207,268,16,2131
2017-580,Australian Open,Hard,128,G,20170116,108,104607,10,,Tomas Berdych,R,196,CZE,31.3,104563,,Q,Luca Vanni,R,198,ITA,31.6,6-1 RET,5,R128,32,2,2,22,10,8,9,4,1,1,1,2,26,16,8,4,3,1,3,10,3060,157,373
2017-580,Australian Open,Hard,128,G,20170116,109,105992,,,Ryan Harrison,R,185,USA,24.6,103917,,,Nicolas Mahut,R,191,FRA,34.9,6-3 6-4 6-2,5,R128,122,8,3,77,49,38,14,14,4,6,1,5,95,56,33,16,13,8,14,82,664,41,1085
2017-580,Australian Open,Hard,128,G,20170116,110,111511,,Q,Noah Rubin,R,175,USA,20.9,106216,,Q,Bjorn Fratangelo,R,183,USA,23.4,6-7(4) 7-5 3-6 6-2 6-2,5,R128,188,15,6,160,94,70,31,25,5,10,9,8,174,112,78,21,24,6,14,200,274,113,519
2017-580,Australian Open,Hard,128,G,20170116,111,103819,17,,Roger Federer,R,185,SUI,35.4,103781,,Q,Jurgen Melzer,L,183,AUT,35.6,7-5 3-6 6-2 6-2,5,R128,125,19,1,103,66,51,20,19,1,4,4,1,111,83,47,15,18,2,9,17,1980,300,164
2017-580,Australian Open,Hard,128,G,20170116,112,105041,,Q,Lukas Lacko,R,185,SVK,29.2,105077,26,,Albert Ramos,L,188,ESP,28.9,4-6 7-5 1-6 6-4 6-3,5,R128,200,17,4,140,86,64,30,24,8,12,21,11,151,86,63,32,24,7,11,121,486,26,1435
2017-580,Australian Open,Hard,128,G,20170116,113,104534,,,Dudi Sela,R,175,ISR,31.7,104719,,,Marcel Granollers,R,191,ESP,30.7,5-7 6-3 6-2 6-0,5,R128,154,1,3,113,84,54,13,18,4,8,4,2,112,69,38,16,17,8,18,67,731,38,1123
2017-580,Australian Open,Hard,128,G,20170116,114,104871,,,Jeremy Chardy,R,188,FRA,29.9,104597,,,Nicolas Almagro,R,183,ESP,31.4,4-0 RET,5,R128,23,3,3,20,13,10,3,2,2,2,1,1,15,6,3,2,2,0,2,72,705,42,1040
2017-580,Australian Open,Hard,128,G,20170116,115,105453,5,,Kei Nishikori,R,178,JPN,27.0,105723,,,Andrey Kuznetsov,R,183,RUS,25.9,5-7 6-1 6-4 6-7(6) 6-2,5,R128,214,11,0,158,98,67,34,25,7,12,5,4,142,78,52,27,24,3,12,5,5010,45,1015
2017-580,Australian Open,Hard,128,G,20170116,116,104527,4,,Stan Wawrinka,R,183,SUI,31.8,105373,,,Martin Klizan,L,191,SVK,27.5,4-6 6-4 7-5 4-6 6-4,5,R128,204,21,6,160,102,78,27,26,11,16,7,2,157,120,77,24,26,10,16,4,5155,34,1230
2017-580,Australian Open,Hard,128,G,20170116,117,105449,,,Steve Johnson,R,188,USA,27.0,105643,,,Federico Delbonis,L,193,ARG,26.2,6-3 6-4 6-4,5,R128,120,17,1,79,43,40,23,15,2,2,2,5,85,49,37,15,14,3,6,30,1390,44,1030
2017-580,Australian Open,Hard,128,G,20170116,118,103893,,,Paolo Lorenzi,R,183,ITA,35.0,105902,,,James Duckworth,R,183,AUS,24.9,6-4 7-6(4) 6-7(4) 6-4,5,R128,195,10,5,141,81,64,30,22,7,9,8,7,142,71,56,35,22,3,7,43,1033,107,557
2017-580,Australian Open,Hard,128,G,20170116,119,104678,29,,Viktor Troicki,R,193,SRB,30.9,106000,,,Damir Dzumhur,R,175,BIH,24.6,6-4 6-4 2-6 2-6 6-3,5,R128,166,14,2,123,79,57,25,23,5,11,1,8,143,80,57,31,22,10,15,35,1225,78,694
2017-580,Australian Open,Hard,128,G,20170116,120,106043,,,Diego Schwartzman,R,170,ARG,24.4,104655,22,,Pablo Cuevas,R,180,URU,31.0,6-3 6-3 6-0,5,R128,82,6,4,72,42,30,22,12,3,4,7,6,80,44,25,13,12,2,9,54,867,22,1780
2017-580,Australian Open,Hard,128,G,20170116,121,104327,,,Steve Darcis,R,178,BEL,32.8,105032,,,Sam Groth,R,193,AUS,29.2,3-6 6-3 6-2 6-2,5,R128,130,3,0,91,58,48,18,17,1,2,19,8,115,63,44,24,17,5,10,71,707,162,355
2017-580,Australian Open,Hard,128,G,20170116,122,104312,,,Andreas Seppi,R,190,ITA,32.9,103908,,,Paul Henri Mathieu,R,185,FRA,35.0,6-4 7-6(4) 6-7(3) 7-5,5,R128,185,34,7,159,94,75,38,23,13,14,16,8,148,85,63,38,23,7,10,89,635,75,700
2017-580,Australian Open,Hard,128,G,20170116,123,106401,14,,Nick Kyrgios,R,193,AUS,21.7,105671,,,Gastao Elias,R,180,POR,26.1,6-1 6-2 6-2,5,R128,84,8,3,64,37,30,21,12,0,0,4,3,67,34,20,13,11,5,11,13,2460,77,698
2017-580,Australian Open,Hard,128,G,20170116,124,104542,12,,Jo-Wilfried Tsonga,R,188,FRA,31.7,106329,,,Thiago Monteiro,L,183,BRA,22.6,6-1 6-3 6-7(5) 6-2,5,R128,143,20,5,103,49,43,34,18,3,4,4,8,111,60,39,24,18,7,14,12,2505,83,664
2017-580,Australian Open,Hard,128,G,20170116,125,105583,,,Dusan Lajovic,R,183,SRB,26.5,103565,,,Stephane Robert,R,185,FRA,36.6,6-3 6-3 6-3,5,R128,119,4,4,96,57,42,17,14,7,9,3,5,100,54,29,23,13,7,13,94,627,55,854
2017-580,Australian Open,Hard,128,G,20170116,126,111575,,,Karen Khachanov,R,198,RUS,20.6,105173,,,Adrian Mannarino,L,180,FRA,28.5,6-4 3-6 7-6(9) 6-3,5,R128,166,32,4,126,76,66,25,20,5,6,8,1,142,91,65,29,20,7,10,52,875,61,781
2017-580,Australian Open,Hard,128,G,20170116,127,106058,23,,Jack Sock,R,191,USA,24.3,105732,,,Pierre Hugues Herbert,R,188,FRA,25.8,6-4 7-6(4) 6-3,5,R128,132,10,6,105,69,56,15,16,5,6,14,4,104,68,49,16,15,9,12,20,1810,73,705
2017-580,Australian Open,Hard,128,G,20170116,128,106071,27,,Bernard Tomic,R,196,AUS,24.2,105064,,,Thomaz Bellucci,L,188,BRA,29.0,6-2 6-1 6-4,5,R128,97,12,2,70,44,39,17,13,3,3,10,3,83,53,33,12,12,7,12,27,1420,62,771
2017-580,Australian Open,Hard,128,G,20170116,129,103607,,,Victor Estrella,R,173,DOM,36.4,105379,,,Aljaz Bedene,R,181,SLO,27.4,7-6(7) 7-5 0-6 6-3,5,R128,189,4,6,143,99,63,20,20,9,15,10,8,135,73,51,31,19,5,10,103,586,109,547
2017-580,Australian Open,Hard,128,G,20170116,130,105554,,,Daniel Evans,R,175,GBR,26.6,105487,,,Facundo Bagnis,L,183,ARG,26.8,7-6(8) 6-3 6-1,5,R128,115,14,3,88,53,44,21,14,2,2,11,4,94,50,34,18,14,6,10,51,886,65,739
2017-580,Australian Open,Hard,128,G,20170116,131,105227,7,,Marin Cilic,R,198,CRO,28.3,105668,,,Jerzy Janowicz,R,203,POL,26.1,4-6 4-6 6-2 6-2 6-3,5,R128,184,26,8,123,71,60,30,23,2,4,18,7,145,99,63,26,22,6,12,7,3605,273,186
2017-580,Australian Open,Hard,128,G,20170116,132,104792,6,,Gael Monfils,R,193,FRA,30.3,106210,,,Jiri Vesely,L,198,CZE,23.5,6-2 6-3 6-2,5,R128,92,4,3,71,34,27,26,13,2,3,2,8,75,47,28,11,12,6,12,6,3625,53,873
2017-580,Australian Open,Hard,128,G,20170116,133,105238,,,Alexandr Dolgopolov,R,180,UKR,28.1,106432,,,Borna Coric,R,188,CRO,20.1,6-3 6-4 3-6 7-6(7),5,R128,177,14,9,132,75,58,29,20,6,9,13,7,134,80,56,26,20,7,11,69,715,59,795
2017-580,Australian Open,Hard,128,G,20170116,134,105385,,,Donald Young,L,183,USA,27.4,105341,,Q,Thomas Fabbiano,R,173,ITA,27.6,6-4 7-6(1) 6-4,5,R128,150,8,6,118,67,48,23,16,10,14,1,5,114,65,35,27,16,7,13,85,651,141,427
2017-580,Australian Open,Hard,128,G,20170116,135,104259,32,,Philipp Kohlschreiber,R,178,GER,33.2,105932,,,Nikoloz Basilashvili,R,185,GEO,24.8,6-4 3-6 7-6(2) 6-4,5,R128,151,12,4,114,66,51,28,21,4,7,3,2,137,95,64,21,20,3,7,33,1325,92,630
2017-580,Australian Open,Hard,128,G,20170116,136,100644,24,,Alexander Zverev,R,198,GER,19.7,104898,,,Robin Haase,R,191,NED,29.7,6-2 3-6 5-7 6-3 6-2,5,R128,174,17,10,144,92,69,24,23,12,16,13,11,140,81,60,24,23,7,14,24,1655,57,808
2017-580,Australian Open,Hard,128,G,20170116,137,126207,,Q,Frances Tiafoe,R,188,USA,18.9,105062,,,Mikhail Kukushkin,R,183,KAZ,29.0,6-1 6-7(3) 6-3 6-2,5,R128,157,13,4,114,63,51,28,18,4,5,9,3,111,65,44,22,18,8,14,108,550,98,602
2017-580,Australian Open,Hard,128,G,20170116,138,104571,,,Marcos Baghdatis,R,183,CYP,31.5,104022,,,Mikhail Youzhny,R,183,RUS,34.5,6-3 3-0 RET,5,R128,65,4,1,36,17,15,11,6,2,2,1,2,49,31,18,7,6,7,10,36,1210,70,707
2017-580,Australian Open,Hard,128,G,20170116,139,104745,9,,Rafael Nadal,L,185,ESP,30.6,104252,,,Florian Mayer,R,190,GER,33.2,6-3 6-4 6-4,5,R128,124,6,0,76,53,41,19,15,0,0,7,1,102,66,41,22,14,9,12,9,3195,49,903
2017-580,Australian Open,Hard,128,G,20170116,140,105138,13,,Roberto Bautista Agut,R,183,ESP,28.7,105550,,,Guido Pella,L,183,ARG,26.6,6-3 6-1 6-1,5,R128,83,7,1,60,38,37,12,12,1,1,5,5,67,40,23,8,11,6,12,14,2350,81,685
2017-580,Australian Open,Hard,128,G,20170116,141,106415,,,Yoshihito Nishioka,L,170,JPN,21.3,106109,,Q,Alex Bolt,L,183,AUS,24.0,6-4 1-6 6-2 6-4,5,R128,150,1,4,115,67,46,26,18,4,7,19,5,118,72,50,20,17,5,10,99,602,632,46
2017-580,Australian Open,Hard,128,G,20170116,142,124014,,Q,Ernesto Escobedo,R,185,MEX,20.5,106421,,,Daniil Medvedev,R,198,RUS,20.9,7-5 4-6 7-6(5) 6-1,5,R128,156,9,3,122,68,52,35,21,4,5,12,9,135,79,61,29,20,7,11,131,455,63,751
2017-580,Australian Open,Hard,128,G,20170116,143,103970,21,,David Ferrer,R,175,ESP,34.7,117357,,,Omar Jasika,L,183,AUS,19.6,6-3 6-0 6-2,5,R128,85,4,2,67,44,38,11,12,1,1,1,5,68,41,25,9,11,6,12,23,1740,290,172
2017-580,Australian Open,Hard,128,G,20170116,144,104468,25,,Gilles Simon,R,183,FRA,32.0,111581,,,Michael Mmoh,R,188,USA,19.0,6-1 6-3 6-3,5,R128,110,2,3,83,39,25,31,13,4,5,4,4,77,51,28,10,12,2,8,25,1585,190,297
2017-580,Australian Open,Hard,128,G,20170116,145,104297,,,Rogerio Dutra Silva,R,178,BRA,32.9,111577,,,Jared Donaldson,R,188,USA,20.2,3-6 0-6 6-1 6-4 6-4,5,R128,185,13,3,130,77,54,26,21,7,12,9,5,132,78,52,29,21,8,13,100,600,101,596
2017-580,Australian Open,Hard,128,G,20170116,146,104180,,,Gilles Muller,L,193,LUX,33.6,126203,,,Taylor Fritz,R,196,USA,19.2,7-6(6) 7-6(5) 6-3,5,R128,134,30,4,108,70,58,22,17,6,6,12,4,103,70,53,18,16,0,1,28,1415,93,628
2017-580,Australian Open,Hard,128,G,20170116,147,105683,3,,Milos Raonic,R,196,CAN,26.0,104460,,,Dustin Brown,R,196,JAM,32.1,6-3 6-4 6-2,5,R128,92,18,5,79,50,41,18,14,3,3,3,7,93,55,34,20,13,6,10,3,5290,66,738
2017-580,Australian Open,Hard,128,G,20170116,148,106233,8,,Dominic Thiem,R,185,AUT,23.3,105526,,,Jan Lennard Struff,R,193,GER,26.7,4-6 6-4 6-4 6-3,5,R128,174,12,9,132,62,52,30,20,8,10,13,10,140,74,59,26,19,14,19,8,3415,58,796
2017-580,Australian Open,Hard,128,G,20170116,149,111442,,,Jordan Thompson,R,183,AUS,22.7,105311,,,Joao Sousa,R,185,POR,27.8,6-7(2) 4-6 6-3 6-2 6-1,5,R128,201,23,1,146,97,71,26,23,8,11,4,5,132,73,49,31,23,5,13,76,699,37,1135
2017-580,Australian Open,Hard,128,G,20170116,150,105332,,,Benoit Paire,R,196,FRA,27.6,103163,,,Tommy Haas,R,188,GER,38.7,7-6(2) 6-4 RET,5,R128,97,22,4,74,43,35,16,11,1,2,4,5,84,45,25,24,11,3,5,47,960,,
2017-580,Australian Open,Hard,128,G,20170116,151,104926,,,Fabio Fognini,R,178,ITA,29.6,103852,28,,Feliciano Lopez,L,188,ESP,35.3,7-5 6-3 7-5,5,R128,123,5,3,81,43,38,23,17,0,2,13,8,133,71,48,24,16,22,28,48,945,29,1410
2017-580,Australian Open,Hard,128,G,20170116,152,103333,20,,Ivo Karlovic,R,208,CRO,37.8,104547,,,Horacio Zeballos,L,188,ARG,31.7,6-7(6) 3-6 7-5 6-2 22-20,5,R128,314,75,12,213,140,127,44,42,3,4,33,9,237,152,125,49,41,5,9,21,1795,68,725
2017-580,Australian Open,Hard,128,G,20170116,153,106225,,,Andrew Whittington,R,188,AUS,23.4,106361,,,Adam Pavlasek,R,185,CZE,22.2,6-4 4-6 6-2 6-3,5,R128,145,12,10,112,65,49,26,19,5,7,13,3,107,66,47,16,18,3,9,194,289,86,649
2017-580,Australian Open,Hard,128,G,20170116,154,103285,,Q,Radek Stepanek,R,185,CZE,38.1,104098,,,Dmitry Tursunov,R,185,RUS,34.0,6-2 7-6(1) 6-3,5,R128,119,15,4,99,64,51,21,15,4,4,5,5,87,58,39,13,14,5,8,102,595,405,105
2017-580,Australian Open,Hard,128,G,20170116,155,105676,11,,David Goffin,R,180,BEL,26.1,124187,,Q,Reilly Opelka,R,211,USA,19.3,6-4 4-6 6-2 4-6 6-4,5,R128,176,13,7,148,79,61,42,24,6,8,21,7,144,85,64,28,24,2,6,11,2750,208,267
2017-580,Australian Open,Hard,128,G,20170116,156,105777,15,,Grigor Dimitrov,R,191,BUL,25.6,106331,,,Christopher Oconnell,R,183,AUS,22.6,7-6(2) 6-3 6-3,5,R128,121,15,0,81,47,46,21,15,0,0,6,1,110,64,44,23,15,10,13,15,2135,231,228
2017-580,Australian Open,Hard,128,G,20170116,157,111202,,,Hyeon Chung,R,188,KOR,20.6,105952,,,Renzo Olivo,R,178,ARG,24.8,6-2 6-3 6-2,5,R128,105,4,1,69,39,27,21,13,1,2,6,7,80,38,24,16,12,9,16,105,583,79,693
2017-580,Australian Open,Hard,128,G,20170116,158,104122,,,Carlos Berlocq,R,183,ARG,33.9,105430,,,Radu Albot,R,175,MDA,27.1,6-4 7-6(4) 5-7 7-6(8),5,R128,236,18,5,157,92,70,34,23,8,12,7,2,154,110,74,25,23,5,9,90,632,96,614
2017-580,Australian Open,Hard,128,G,20170116,159,104755,18,,Richard Gasquet,R,183,FRA,30.5,106425,,Q,Blake Mott,R,180,AUS,20.7,6-4 6-4 6-2,5,R128,113,2,1,82,53,38,20,14,0,1,7,3,78,49,31,15,14,3,8,18,1885,287,173
2017-580,Australian Open,Hard,128,G,20170116,160,105807,30,,Pablo Carreno Busta,R,188,ESP,25.5,105166,,LL,Peter Polansky,R,180,CAN,28.5,6-0 3-6 3-6 6-2 3-0 RET,5,R128,143,20,8,101,59,49,19,18,3,7,10,5,123,73,41,22,17,13,20,31,1370,132,454
2017-580,Australian Open,Hard,128,G,20170116,161,106378,,,Kyle Edmund,R,188,GBR,22.0,105053,,,Santiago Giraldo,R,188,COL,29.1,6-2 7-5 6-3,5,R128,110,12,2,78,43,39,20,15,0,1,6,4,85,48,32,17,14,5,10,46,989,91,631
2017-580,Australian Open,Hard,128,G,20170116,162,104797,,,Denis Istomin,R,185,UZB,30.3,104471,,Q,Ivan Dodig,R,183,CRO,32.0,6-1 6-4 3-6 7-5,5,R128,154,14,2,119,78,61,19,19,8,11,7,11,113,65,47,20,19,3,9,117,498,170,336
2017-580,Australian Open,Hard,128,G,20170116,163,104925,2,,Novak Djokovic,R,188,SRB,29.6,104269,,,Fernando Verdasco,L,188,ESP,33.1,6-1 7-6(4) 6-2,5,R128,140,2,2,94,58,44,18,14,3,5,5,5,106,55,33,20,13,10,16,2,11780,40,1105
2017-580,Australian Open,Hard,128,G,20170116,164,104918,1,,Andy Murray,R,191,GBR,29.6,126094,,Q,Andrey Rublev,R,188,RUS,19.2,6-3 6-0 6-2,5,R64,96,9,2,69,44,34,17,12,0,0,2,3,65,27,19,14,11,1,7,1,12560,152,383
2017-580,Australian Open,Hard,128,G,20170116,165,105023,31,,Sam Querrey,R,198,USA,29.2,200282,,,Alex De Minaur,R,183,AUS,17.9,7-6(5) 6-0 6-1,5,R64,108,9,9,89,46,43,21,13,3,3,1,4,100,68,44,8,12,8,13,32,1355,301,164
2017-580,Australian Open,Hard,128,G,20170116,166,104999,,,Mischa Zverev,L,190,GER,29.4,104545,19,,John Isner,R,208,USA,31.7,6-7(4) 6-7(4) 6-4 7-6(7) 9-7,5,R64,250,22,13,212,128,107,43,31,16,17,33,4,203,143,106,36,31,13,16,50,894,19,1850
2017-580,Australian Open,Hard,128,G,20170116,167,104291,,,Malek Jaziri,R,185,TUN,32.9,122330,,Q,Alexander Bublik,R,196,KAZ,19.5,6-2 6-3 7-5,5,R64,97,8,4,82,48,34,20,15,7,10,15,4,92,50,30,14,14,4,12,56,824,207,268
2017-580,Australian Open,Hard,128,G,20170116,168,104607,10,,Tomas Berdych,R,196,CZE,31.3,105992,,,Ryan Harrison,R,185,USA,24.6,6-3 7-6(6) 6-2,5,R64,125,15,2,75,48,43,16,15,2,3,6,11,129,68,46,22,14,10,15,10,3060,82,664
2017-580,Australian Open,Hard,128,G,20170116,169,103819,17,,Roger Federer,R,185,SUI,35.4,111511,,Q,Noah Rubin,R,175,USA,20.9,7-5 6-3 7-6(3),5,R64,123,17,2,112,67,55,25,17,5,6,2,3,102,57,36,28,16,5,8,17,1980,200,274
2017-580,Australian Open,Hard,128,G,20170116,170,105041,,Q,Lukas Lacko,R,185,SVK,29.2,104534,,,Dudi Sela,R,175,ISR,31.7,2-6 6-3 6-2 6-4,5,R64,135,8,1,118,66,45,28,18,8,12,5,5,98,68,42,16,17,5,11,121,486,67,731
2017-580,Australian Open,Hard,128,G,20170116,171,105453,5,,Kei Nishikori,R,178,JPN,27.0,104871,,,Jeremy Chardy,R,188,FRA,29.9,6-3 6-4 6-3,5,R64,126,2,0,88,61,41,15,14,6,9,5,5,94,54,32,16,14,11,18,5,5010,72,705
2017-580,Australian Open,Hard,128,G,20170116,172,104527,4,,Stan Wawrinka,R,183,SUI,31.8,105449,,,Steve Johnson,R,188,USA,27.0,6-3 6-4 6-4,5,R64,111,11,4,88,54,47,19,15,5,5,6,0,93,66,44,14,14,8,11,4,5155,30,1390
2017-580,Australian Open,Hard,128,G,20170116,173,104678,29,,Viktor Troicki,R,193,SRB,30.9,103893,,,Paolo Lorenzi,R,183,ITA,35.0,6-3 1-6 7-6(3) 3-6 6-3,5,R64,227,21,6,154,84,65,34,23,12,16,8,8,160,98,68,32,23,8,11,35,1225,43,1033
2017-580,Australian Open,Hard,128,G,20170116,174,104327,,,Steve Darcis,R,178,BEL,32.8,106043,,,Diego Schwartzman,R,170,ARG,24.4,6-3 6-3 2-6 6-4,5,R64,152,5,0,114,80,57,16,18,5,8,5,5,118,67,46,24,18,5,10,71,707,54,867
2017-580,Australian Open,Hard,128,G,20170116,175,104312,,,Andreas Seppi,R,190,ITA,32.9,106401,14,,Nick Kyrgios,R,193,AUS,21.7,1-6 6-7(1) 6-4 6-2 10-8,5,R64,188,16,4,149,85,65,41,28,7,10,28,8,171,118,88,27,27,7,12,89,635,13,2460
2017-580,Australian Open,Hard,128,G,20170116,176,104542,12,,Jo-Wilfried Tsonga,R,188,FRA,31.7,105583,,,Dusan Lajovic,R,183,SRB,26.5,6-2 6-2 6-3,5,R64,105,15,2,79,45,38,17,13,3,4,1,0,85,57,30,13,12,9,15,12,2505,94,627
2017-580,Australian Open,Hard,128,G,20170116,177,106058,23,,Jack Sock,R,191,USA,24.3,111575,,,Karen Khachanov,R,198,RUS,20.6,6-3 6-4 6-4,5,R64,134,7,5,107,63,51,20,15,8,9,10,6,111,58,41,22,14,11,15,20,1810,52,875
2017-580,Australian Open,Hard,128,G,20170116,178,106071,27,,Bernard Tomic,R,196,AUS,24.2,103607,,,Victor Estrella,R,173,DOM,36.4,7-5 7-6(4) 4-6 7-6(5),5,R64,200,19,2,134,96,77,21,23,3,5,13,7,164,104,77,31,23,6,8,27,1420,103,586
2017-580,Australian Open,Hard,128,G,20170116,179,105554,,,Daniel Evans,R,175,GBR,26.6,105227,7,,Marin Cilic,R,198,CRO,28.3,3-6 7-5 6-3 6-3,5,R64,177,5,7,143,84,58,30,20,16,19,14,4,110,63,44,24,19,8,14,51,886,7,3605
2017-580,Australian Open,Hard,128,G,20170116,180,104792,6,,Gael Monfils,R,193,FRA,30.3,105238,,,Alexandr Dolgopolov,R,180,UKR,28.1,6-3 6-4 1-6 6-0,5,R64,116,17,5,92,62,49,11,16,3,6,6,5,123,72,48,19,16,13,19,6,3625,69,715
2017-580,Australian Open,Hard,128,G,20170116,181,104259,32,,Philipp Kohlschreiber,R,178,GER,33.2,105385,,,Donald Young,L,183,USA,27.4,7-5 6-3 6-0,5,R64,111,3,3,77,43,33,23,14,4,5,5,2,93,62,30,15,13,5,12,33,1325,85,651
2017-580,Australian Open,Hard,128,G,20170116,182,100644,24,,Alexander Zverev,R,198,GER,19.7,126207,,Q,Frances Tiafoe,R,188,USA,18.9,6-2 6-3 6-4,5,R64,116,9,6,99,55,41,26,14,5,5,4,2,83,55,34,16,13,4,8,24,1655,108,550
2017-580,Australian Open,Hard,128,G,20170116,183,104745,9,,Rafael Nadal,L,185,ESP,30.6,104571,,,Marcos Baghdatis,R,183,CYP,31.5,6-3 6-1 6-3,5,R64,132,5,0,80,64,46,10,13,4,5,7,4,98,53,33,16,12,10,16,9,3195,36,1210
2017-580,Australian Open,Hard,128,G,20170116,184,105138,13,,Roberto Bautista Agut,R,183,ESP,28.7,106415,,,Yoshihito Nishioka,L,170,JPN,21.3,6-2 6-3 6-3,5,R64,129,9,1,77,63,41,6,13,6,10,2,3,118,71,35,19,13,12,21,14,2350,99,602
2017-580,Australian Open,Hard,128,G,20170116,185,103970,21,,David Ferrer,R,175,ESP,34.7,124014,,Q,Ernesto Escobedo,R,185,MEX,20.5,2-6 6-4 6-4 6-2,5,R64,166,6,7,141,84,58,30,18,11,13,7,3,121,68,48,27,18,10,14,23,1740,131,455
2017-580,Australian Open,Hard,128,G,20170116,186,104468,25,,Gilles Simon,R,183,FRA,32.0,104297,,,Rogerio Dutra Silva,R,178,BRA,32.9,6-4 6-1 6-1,5,R64,96,3,5,67,47,41,10,12,2,2,1,3,81,50,29,13,12,5,11,25,1585,100,600
2017-580,Australian Open,Hard,128,G,20170116,187,105683,3,,Milos Raonic,R,196,CAN,26.0,104180,,,Gilles Muller,L,193,LUX,33.6,6-3 6-4 7-6(4),5,R64,119,21,3,95,61,51,20,16,4,4,7,1,93,65,44,18,15,5,7,3,5290,28,1415
2017-580,Australian Open,Hard,128,G,20170116,188,106233,8,,Dominic Thiem,R,185,AUT,23.3,111442,,,Jordan Thompson,R,183,AUS,22.7,6-2 6-1 6-7(6) 6-4,5,R64,163,12,4,113,66,54,27,19,4,5,5,1,123,67,40,30,18,10,17,8,3415,76,699
2017-580,Australian Open,Hard,128,G,20170116,189,105332,,,Benoit Paire,R,196,FRA,27.6,104926,,,Fabio Fognini,R,178,ITA,29.6,7-6(3) 4-6 6-3 3-6 6-3,5,R64,208,21,10,176,96,70,36,25,10,16,2,6,160,92,56,41,24,8,14,47,960,48,945
2017-580,Australian Open,Hard,128,G,20170116,190,103333,20,,Ivo Karlovic,R,208,CRO,37.8,106225,,,Andrew Whittington,R,188,AUS,23.4,6-4 6-4 6-4,5,R64,120,19,7,92,52,44,23,15,5,5,5,6,92,46,35,23,15,7,10,21,1795,194,289
2017-580,Australian Open,Hard,128,G,20170116,191,105676,11,,David Goffin,R,180,BEL,26.1,103285,,Q,Radek Stepanek,R,185,CZE,38.1,6-4 6-0 6-3,5,R64,104,7,4,80,44,32,23,13,4,5,3,9,79,46,27,12,12,6,13,11,2750,102,595
2017-580,Australian Open,Hard,128,G,20170116,192,105777,15,,Grigor Dimitrov,R,191,BUL,25.6,111202,,,Hyeon Chung,R,188,KOR,20.6,1-6 6-4 6-4 6-4,5,R64,156,12,4,117,76,52,22,19,10,15,7,4,104,71,53,11,18,5,10,15,2135,105,583
2017-580,Australian Open,Hard,128,G,20170116,193,104755,18,,Richard Gasquet,R,183,FRA,30.5,104122,,,Carlos Berlocq,R,183,ARG,33.9,6-1 6-1 6-1,5,R64,105,2,5,71,39,29,21,11,2,2,2,1,72,38,20,11,10,6,13,18,1885,90,632
2017-580,Australian Open,Hard,128,G,20170116,194,105807,30,,Pablo Carreno Busta,R,188,ESP,25.5,106378,,,Kyle Edmund,R,188,GBR,22.0,6-2 6-4 6-2,5,R64,106,7,0,89,58,46,16,13,6,6,6,6,79,42,31,14,13,3,8,31,1370,46,989
2017-580,Australian Open,Hard,128,G,20170116,195,104797,,,Denis Istomin,R,185,UZB,30.3,104925,2,,Novak Djokovic,R,188,SRB,29.6,7-6(8) 5-7 2-6 7-6(5) 6-4,5,R64,288,17,3,194,134,94,27,27,9,15,14,9,185,107,77,43,27,10,14,117,498,2,11780
2017-580,Australian Open,Hard,128,G,20170116,196,104918,1,,Andy Murray,R,191,GBR,29.6,105023,31,,Sam Querrey,R,198,USA,29.2,6-4 6-2 6-4,5,R32,119,8,2,86,56,43,15,14,2,3,5,2,87,53,30,18,14,3,8,1,12560,32,1355
2017-580,Australian Open,Hard,128,G,20170116,197,104999,,,Mischa Zverev,L,190,GER,29.4,104291,,,Malek Jaziri,R,185,TUN,32.9,6-1 4-6 6-3 6-0,5,R32,141,7,3,88,52,37,20,16,1,4,4,6,123,69,42,19,16,12,21,50,894,56,824
2017-580,Australian Open,Hard,128,G,20170116,198,103819,17,,Roger Federer,R,185,SUI,35.4,104607,10,,Tomas Berdych,R,196,CZE,31.3,6-2 6-4 6-4,5,R32,90,8,2,70,41,39,17,14,0,0,13,3,81,51,43,9,14,1,5,17,1980,10,3060
2017-580,Australian Open,Hard,128,G,20170116,199,105453,5,,Kei Nishikori,R,178,JPN,27.0,105041,,Q,Lukas Lacko,R,185,SVK,29.2,6-4 6-4 6-4,5,R32,131,5,3,76,46,38,20,15,1,2,12,1,106,60,46,15,15,5,9,5,5010,121,486
2017-580,Australian Open,Hard,128,G,20170116,200,104527,4,,Stan Wawrinka,R,183,SUI,31.8,104678,29,,Viktor Troicki,R,193,SRB,30.9,3-6 6-2 6-2 7-6(7),5,R32,152,16,4,117,71,52,24,19,4,9,7,8,122,70,48,20,18,6,13,4,5155,35,1225
2017-580,Australian Open,Hard,128,G,20170116,201,104312,,,Andreas Seppi,R,190,ITA,32.9,104327,,,Steve Darcis,R,178,BEL,32.8,4-6 6-4 7-6(1) 7-6(2),5,R32,187,11,5,131,72,60,31,22,3,7,8,4,131,74,55,28,22,2,6,89,635,71,707
2017-580,Australian Open,Hard,128,G,20170116,202,104542,12,,Jo-Wilfried Tsonga,R,188,FRA,31.7,106058,23,,Jack Sock,R,191,USA,24.3,7-6(4) 7-5 6-7(8) 6-3,5,R32,213,23,5,155,101,81,29,23,5,6,7,5,166,94,71,35,22,8,11,12,2505,20,1810
2017-580,Australian Open,Hard,128,G,20170116,203,105554,,,Daniel Evans,R,175,GBR,26.6,106071,27,,Bernard Tomic,R,196,AUS,24.2,7-5 7-6(2) 7-6(3),5,R32,168,9,2,134,75,55,33,18,7,10,20,1,114,82,60,13,18,2,6,51,886,27,1420
2017-580,Australian Open,Hard,128,G,20170116,204,104792,6,,Gael Monfils,R,193,FRA,30.3,104259,32,,Philipp Kohlschreiber,R,178,GER,33.2,6-3 7-6(1) 6-4,5,R32,115,8,4,97,68,52,11,16,3,6,3,2,80,52,36,14,15,1,6,6,3625,33,1325
2017-580,Australian Open,Hard,128,G,20170116,205,104745,9,,Rafael Nadal,L,185,ESP,30.6,100644,24,,Alexander Zverev,R,198,GER,19.7,4-6 6-3 6-7(5) 6-3 6-2,5,R32,245,11,4,150,113,82,23,24,5,7,19,11,172,108,77,27,24,11,16,9,3195,24,1655
2017-580,Australian Open,Hard,128,G,20170116,206,105138,13,,Roberto Bautista Agut,R,183,ESP,28.7,103970,21,,David Ferrer,R,175,ESP,34.7,7-5 6-7(6) 7-6(3) 6-4,5,R32,242,5,5,182,106,70,40,23,15,20,1,6,151,81,51,38,23,7,14,14,2350,23,1740
2017-580,Australian Open,Hard,128,G,20170116,207,105683,3,,Milos Raonic,R,196,CAN,26.0,104468,25,,Gilles Simon,R,183,FRA,32.0,6-2 7-6(5) 3-6 6-3,5,R32,154,21,3,112,74,53,23,19,3,6,0,3,109,83,58,10,19,2,7,3,5290,25,1585
2017-580,Australian Open,Hard,128,G,20170116,208,106233,8,,Dominic Thiem,R,185,AUT,23.3,105332,,,Benoit Paire,R,196,FRA,27.6,6-1 4-6 6-4 6-4,5,R32,143,10,3,128,85,53,25,19,12,17,10,9,110,52,41,19,18,3,11,8,3415,47,960
2017-580,Australian Open,Hard,128,G,20170116,209,105676,11,,David Goffin,R,180,BEL,26.1,103333,20,,Ivo Karlovic,R,208,CRO,37.8,6-3 6-2 6-4,5,R32,87,3,3,66,39,37,19,14,0,0,25,3,78,58,42,7,13,3,7,11,2750,21,1795
2017-580,Australian Open,Hard,128,G,20170116,210,105777,15,,Grigor Dimitrov,R,191,BUL,25.6,104755,18,,Richard Gasquet,R,183,FRA,30.5,6-3 6-2 6-4,5,R32,122,11,4,95,69,57,9,14,6,7,3,4,82,49,28,16,13,4,9,15,2135,18,1885
2017-580,Australian Open,Hard,128,G,20170116,211,104797,,,Denis Istomin,R,185,UZB,30.3,105807,30,,Pablo Carreno Busta,R,188,ESP,25.5,6-4 4-6 6-4 4-6 6-2,5,R32,207,16,2,141,93,70,27,24,9,12,5,5,151,86,59,34,24,2,7,117,498,31,1370
2017-580,Australian Open,Hard,128,G,20170116,212,104999,,,Mischa Zverev,L,190,GER,29.4,104918,1,,Andy Murray,R,191,GBR,29.6,7-5 5-7 6-2 6-4,5,R16,213,7,2,137,91,60,21,21,8,13,10,6,145,95,62,18,21,9,17,50,894,1,12560
2017-580,Australian Open,Hard,128,G,20170116,213,103819,17,,Roger Federer,R,185,SUI,35.4,105453,5,,Kei Nishikori,R,178,JPN,27.0,6-7(4) 6-4 6-1 4-6 6-3,5,R16,203,24,6,148,100,80,23,24,7,10,5,5,164,107,73,24,24,11,18,17,1980,5,5010
2017-580,Australian Open,Hard,128,G,20170116,214,104527,4,,Stan Wawrinka,R,183,SUI,31.8,104312,,,Andreas Seppi,R,190,ITA,32.9,7-6(2) 7-6(4) 7-6(4),5,R16,163,17,2,117,66,53,34,18,2,4,12,3,136,84,62,26,18,7,9,4,5155,89,635
2017-580,Australian Open,Hard,128,G,20170116,215,104542,12,,Jo-Wilfried Tsonga,R,188,FRA,31.7,105554,,,Daniel Evans,R,175,GBR,26.6,6-7(4) 6-2 6-4 6-4,5,R16,173,17,2,122,81,66,25,20,4,4,8,11,143,100,73,16,20,10,14,12,2505,51,886
2017-580,Australian Open,Hard,128,G,20170116,216,104745,9,,Rafael Nadal,L,185,ESP,30.6,104792,6,,Gael Monfils,R,193,FRA,30.3,6-3 6-3 4-6 6-4,5,R16,175,2,1,101,74,53,17,19,3,6,15,10,130,76,50,24,19,11,17,9,3195,6,3625
2017-580,Australian Open,Hard,128,G,20170116,217,105683,3,,Milos Raonic,R,196,CAN,26.0,105138,13,,Roberto Bautista Agut,R,183,ESP,28.7,7-6(6) 3-6 6-4 6-1,5,R16,171,33,9,113,73,59,19,19,7,10,9,4,127,88,56,21,19,11,16,3,5290,14,2350
2017-580,Australian Open,Hard,128,G,20170116,218,105676,11,,David Goffin,R,180,BEL,26.1,106233,8,,Dominic Thiem,R,185,AUT,23.3,5-7 7-6(4) 6-2 6-2,5,R16,163,15,2,125,70,51,33,20,3,6,13,5,128,77,53,23,20,9,15,11,2750,8,3415
2017-580,Australian Open,Hard,128,G,20170116,219,105777,15,,Grigor Dimitrov,R,191,BUL,25.6,104797,,,Denis Istomin,R,185,UZB,30.3,2-6 7-6(2) 6-2 6-1,5,R16,144,7,1,98,72,58,16,18,5,7,14,1,104,73,48,14,17,3,7,15,2135,117,498
2017-580,Australian Open,Hard,128,G,20170116,220,103819,17,,Roger Federer,R,185,SUI,35.4,104999,,,Mischa Zverev,L,190,GER,29.4,6-1 7-5 6-2,5,QF,92,9,1,79,54,37,17,14,1,2,5,0,97,72,38,13,13,9,15,17,1980,50,894
2017-580,Australian Open,Hard,128,G,20170116,221,104527,4,,Stan Wawrinka,R,183,SUI,31.8,104542,12,,Jo-Wilfried Tsonga,R,188,FRA,31.7,7-6(2) 6-4 6-3,5,QF,134,4,2,107,58,41,32,16,5,6,7,3,86,46,34,17,15,0,3,4,5155,12,2505
2017-580,Australian Open,Hard,128,G,20170116,222,104745,9,,Rafael Nadal,L,185,ESP,30.6,105683,3,,Milos Raonic,R,196,CAN,26.0,6-4 7-6(7) 6-4,5,QF,164,4,4,105,76,63,15,16,4,4,14,2,107,71,48,20,16,1,3,9,3195,3,5290
2017-580,Australian Open,Hard,128,G,20170116,223,105777,15,,Grigor Dimitrov,R,191,BUL,25.6,105676,11,,David Goffin,R,180,BEL,26.1,6-3 6-2 6-4,5,QF,132,8,4,96,61,46,15,14,8,10,6,3,94,44,30,19,13,9,15,15,2135,11,2750
2017-580,Australian Open,Hard,128,G,20170116,224,103819,17,,Roger Federer,R,185,SUI,35.4,104527,4,,Stan Wawrinka,R,183,SUI,31.8,7-5 6-3 1-6 4-6 6-3,5,SF,184,11,3,143,86,62,33,24,8,12,10,2,135,89,56,32,23,5,9,17,1980,4,5155
2017-580,Australian Open,Hard,128,G,20170116,225,104745,9,,Rafael Nadal,L,185,ESP,30.6,105777,15,,Grigor Dimitrov,R,191,BUL,25.6,6-3 5-7 7-6(5) 6-7(4) 6-4,5,SF,296,8,3,184,135,93,27,28,12,16,20,5,181,124,87,28,27,8,13,9,3195,15,2135
2017-580,Australian Open,Hard,128,G,20170116,226,103819,17,,Roger Federer,R,185,SUI,35.4,104745,9,,Rafael Nadal,L,185,ESP,30.6,6-4 3-6 6-1 3-6 6-3,5,F,217,20,3,138,85,65,26,22,13,17,4,3,151,110,69,23,22,14,20,17,1980,9,3195
2018-580,Australian Open,Hard,128,G,20180115,101,104745,1,,Rafael Nadal,L,185,ESP,31.6,103607,,,Victor Estrella,R,173,DOM,37.4,6-1 6-1 6-1,5,R128,94,2,1,66,48,37,12,11,5,6,1,1,61,40,19,5,10,4,12,1,10600,79,677
2018-580,Australian Open,Hard,128,G,20180115,102,104919,,,Leonardo Mayer,R,188,ARG,30.6,111797,,,Nicolas Jarry,R,201,CHI,22.2,6-2 7-6(1) 6-3,5,R128,115,12,1,66,46,46,14,14,0,0,10,1,123,74,50,20,15,12,16,52,929,101,550
2018-580,Australian Open,Hard,128,G,20180115,103,105357,,,John Millman,R,183,AUS,28.5,106432,,,Borna Coric,R,188,CRO,21.1,7-5 6-4 6-1,5,R128,139,10,2,108,69,51,17,15,5,7,2,4,79,48,27,14,14,2,8,122,476,46,1036
2018-580,Australian Open,Hard,128,G,20180115,104,106000,28,,Damir Dzumhur,R,175,BIH,25.6,103893,,,Paolo Lorenzi,R,183,ITA,36.0,3-6 2-6 7-6(5) 6-2 6-4,5,R128,225,3,5,127,74,58,27,23,4,9,18,5,179,92,68,41,24,8,13,30,1391,44,1120
2018-580,Australian Open,Hard,128,G,20180115,105,106043,24,,Diego Schwartzman,R,170,ARG,25.4,105583,,,Dusan Lajovic,R,183,SRB,27.5,2-6 6-3 5-7 6-4 11-9,5,R128,239,14,7,189,109,68,40,30,14,25,6,8,183,126,78,24,29,13,24,26,1675,75,687
2018-580,Australian Open,Hard,128,G,20180115,106,134770,,Q,Casper Ruud,R,183,NOR,19.0,111460,,Q,Quentin Halys,R,191,FRA,21.2,6-3 3-6 6-7(5) 7-5 11-9,5,R128,256,9,4,225,153,102,43,31,14,16,27,16,195,120,99,31,31,8,12,138,422,134,436
2018-580,Australian Open,Hard,128,G,20180115,107,105238,,,Alexandr Dolgopolov,R,180,UKR,29.1,104890,,,Andreas Haider Maurer,R,190,AUT,30.8,7-6(3) 6-3 6-4,5,R128,124,11,4,88,46,36,19,15,4,8,11,7,112,63,40,17,16,9,16,37,1296,448,81
2018-580,Australian Open,Hard,128,G,20180115,108,105051,,,Matthew Ebden,R,188,AUS,30.1,104545,16,,John Isner,R,208,USA,32.7,6-4 3-6 6-3 6-3,5,R128,124,13,4,97,68,57,18,18,2,3,24,2,105,68,48,20,19,0,4,78,684,16,2265
2018-580,Australian Open,Hard,128,G,20180115,109,105807,10,,Pablo Carreno Busta,R,188,ESP,26.5,106186,,WC,Jason Kubler,R,178,AUS,24.6,7-5 4-6 7-5 6-1,5,R128,211,10,4,122,81,58,17,20,4,9,6,11,153,91,59,22,21,11,20,11,2615,243,217
2018-580,Australian Open,Hard,128,G,20180115,110,104468,,,Gilles Simon,R,183,FRA,33.0,105657,,,Marius Copil,R,191,ROU,27.2,7-5 6-4 6-3,5,R128,121,2,6,106,72,51,17,16,3,5,12,2,84,49,33,18,15,5,10,57,860,92,592
2018-580,Australian Open,Hard,128,G,20180115,111,104291,,,Malek Jaziri,R,185,TUN,33.9,106099,,Q,Salvatore Caruso,R,185,ITA,25.0,6-7(2) 3-6 6-3 7-5 6-3,5,R128,242,9,6,162,85,61,37,26,9,17,9,6,176,96,63,33,25,14,24,100,560,210,254
2018-580,Australian Open,Hard,128,G,20180115,112,104180,23,,Gilles Muller,L,193,LUX,34.6,105643,,,Federico Delbonis,L,193,ARG,27.2,7-5 6-4 6-3,5,R128,149,15,2,88,59,46,20,16,3,3,4,3,111,74,49,17,15,8,11,28,1490,67,755
2018-580,Australian Open,Hard,128,G,20180115,113,104655,31,,Pablo Cuevas,R,180,URU,32.0,104022,,,Mikhail Youzhny,R,183,RUS,35.5,7-6(7) 6-3 7-5,5,R128,143,12,2,108,68,47,27,17,1,4,9,1,103,63,39,21,16,3,8,34,1345,90,604
2018-580,Australian Open,Hard,128,G,20180115,114,105992,,,Ryan Harrison,R,185,USA,25.6,104534,,,Dudi Sela,R,175,ISR,32.7,6-3 5-7 3-6 7-5 6-2,5,R128,219,15,6,160,99,68,27,25,6,13,5,4,150,95,57,26,25,10,19,45,1115,95,585
2018-580,Australian Open,Hard,128,G,20180115,115,105311,,,Joao Sousa,R,185,POR,28.7,104460,,Q,Dustin Brown,R,196,JAM,33.1,6-4 6-3 4-6 6-7(4) 6-1,5,R128,171,7,2,117,79,66,27,23,4,6,10,11,183,123,79,25,25,9,16,70,720,129,442
2018-580,Australian Open,Hard,128,G,20180115,116,105227,6,,Marin Cilic,R,198,CRO,29.2,105577,,Q,Vasek Pospisil,R,193,CAN,27.5,6-2 6-2 4-6 7-6(5),5,R128,197,20,3,118,71,55,26,19,3,5,12,6,153,80,59,30,19,13,18,6,3805,105,541
2018-580,Australian Open,Hard,128,G,20180115,117,105777,3,,Grigor Dimitrov,R,191,BUL,26.6,110602,,Q,Dennis Novak,R,183,AUT,24.3,6-3 6-2 6-1,5,R128,98,7,5,69,38,33,18,12,2,2,3,2,83,49,26,13,12,8,14,3,4990,226,232
2018-580,Australian Open,Hard,128,G,20180115,118,111456,,Q,Mackenzie Mcdonald,R,178,USA,22.7,111200,,Q,Elias Ymer,R,185,SWE,21.7,6-4 6-3 4-6 6-1,5,R128,155,3,7,115,73,56,20,18,5,7,2,4,124,64,42,26,18,7,13,186,277,140,398
2018-580,Australian Open,Hard,128,G,20180115,119,104571,,,Marcos Baghdatis,R,183,CYP,32.5,106026,,Q,Yuki Bhambri,R,185,IND,25.5,7-6(4) 6-4 6-3,5,R128,129,12,1,86,51,36,20,15,3,6,0,1,104,75,41,16,16,3,9,123,474,119,487
2018-580,Australian Open,Hard,128,G,20180115,120,126094,30,,Andrey Rublev,R,188,RUS,20.2,103970,,,David Ferrer,R,175,ESP,35.7,7-5 6-7(6) 6-2 6-7(6) 6-2,5,R128,230,13,15,179,96,68,34,26,9,17,3,10,165,102,56,28,26,8,21,32,1373,33,1360
2018-580,Australian Open,Hard,128,G,20180115,121,106401,17,,Nick Kyrgios,R,193,AUS,22.7,104297,,,Rogerio Dutra Silva,R,178,BRA,33.9,6-1 6-2 6-4,5,R128,87,16,1,79,58,44,13,13,2,2,3,3,70,49,30,8,12,2,7,17,2260,98,566
2018-580,Australian Open,Hard,128,G,20180115,122,104678,,,Viktor Troicki,R,193,SRB,31.9,106109,,WC,Alex Bolt,L,183,AUS,25.0,6-7(2) 4-6 6-2 6-3 6-4,5,R128,169,22,5,151,107,81,20,25,7,10,12,5,141,83,61,28,24,6,12,65,800,188,274
2018-580,Australian Open,Hard,128,G,20180115,123,133430,,,Denis Shapovalov,L,185,CAN,18.7,126774,,,Stefanos Tsitsipas,R,193,GRE,19.4,6-1 6-3 7-6(5),5,R128,116,9,6,81,46,38,24,14,1,2,6,6,91,46,30,23,14,3,8,50,986,82,655
2018-580,Australian Open,Hard,128,G,20180115,124,104542,15,,Jo-Wilfried Tsonga,R,188,FRA,32.7,110536,,Q,Kevin King,L,191,USA,26.8,6-4 6-4 6-1,5,R128,121,5,4,86,51,41,18,13,5,5,6,6,107,71,45,13,14,10,15,15,2320,214,248
2018-580,Australian Open,Hard,128,G,20180115,125,106378,,,Kyle Edmund,R,188,GBR,23.0,104731,11,,Kevin Anderson,R,203,RSA,31.6,6-7(4) 6-3 3-6 6-3 6-4,5,R128,239,11,5,170,108,84,31,25,9,11,35,2,139,93,77,22,24,7,11,49,992,12,2610
2018-580,Australian Open,Hard,128,G,20180115,126,104797,,,Denis Istomin,R,185,UZB,31.3,105732,,,Pierre Hugues Herbert,R,188,FRA,26.8,6-2 6-1 5-7 7-6(3),5,R128,178,7,2,127,86,60,26,20,2,4,10,7,130,78,54,23,19,7,12,60,848,74,690
2018-580,Australian Open,Hard,128,G,20180115,127,105932,,,Nikoloz Basilashvili,R,185,GEO,25.8,105589,,,Gerald Melzer,L,188,AUT,27.5,6-3 6-4 2-6 6-3,5,R128,139,4,2,102,61,46,21,18,5,9,11,3,119,67,42,24,18,10,16,61,836,102,545
2018-580,Australian Open,Hard,128,G,20180115,128,105074,,Q,Ruben Bemelmans,L,183,BEL,30.0,106298,18,,Lucas Pouille,R,185,FRA,23.8,6-4 6-4 6-7(4) 7-6(6),5,R128,191,11,2,166,108,73,38,22,12,14,14,6,137,85,61,29,22,4,8,117,488,18,2235
2018-580,Australian Open,Hard,128,G,20180115,129,106415,,,Yoshihito Nishioka,L,170,JPN,22.3,104259,27,,Philipp Kohlschreiber,R,178,GER,34.2,6-3 2-6 6-0 1-6 6-2,5,R128,159,3,2,116,79,50,17,19,11,17,8,4,122,68,42,22,19,11,19,168,318,29,1415
2018-580,Australian Open,Hard,128,G,20180115,130,104312,,,Andreas Seppi,R,190,ITA,33.9,144895,,WC,Corentin Moutet,L,180,FRA,18.7,3-6 6-4 6-2 6-2,5,R128,153,2,2,121,68,48,24,18,6,11,5,5,101,62,35,17,17,7,15,76,686,155,361
2018-580,Australian Open,Hard,128,G,20180115,131,103333,,,Ivo Karlovic,R,208,CRO,38.8,111513,,,Laslo Djere,R,188,SRB,22.6,7-6(3) 6-3 7-6(2),5,R128,141,21,9,118,74,64,21,17,7,8,9,1,107,73,54,19,16,7,9,89,615,85,624
2018-580,Australian Open,Hard,128,G,20180115,132,105216,,,Yuichi Sugita,R,173,JPN,29.3,106058,8,,Jack Sock,R,191,USA,25.3,6-1 7-6(4) 5-7 6-3,5,R128,153,14,4,121,71,53,30,21,7,12,6,7,112,69,47,17,19,2,9,41,1200,9,2960
2018-580,Australian Open,Hard,128,G,20180115,133,106233,5,,Dominic Thiem,R,185,AUT,24.3,105550,,,Guido Pella,L,183,ARG,27.6,6-4 6-4 6-4,5,R128,136,15,5,111,69,54,21,15,6,6,3,1,90,55,39,20,15,5,8,5,4060,56,864
2018-580,Australian Open,Hard,128,G,20180115,134,106045,,Q,Denis Kudla,R,180,USA,25.4,105449,,,Steve Johnson,R,188,USA,28.0,6-7(5) 6-3 7-6(3) 6-2,5,R128,169,9,5,130,74,55,36,21,2,4,13,9,137,65,46,37,20,6,11,190,272,48,1010
2018-580,Australian Open,Hard,128,G,20180115,135,106210,,,Jiri Vesely,L,198,CZE,24.5,106324,,Q,Vaclav Safranek,R,183,CZE,23.6,6-4 6-3 6-3,5,R128,108,15,2,86,62,46,17,14,5,5,1,0,85,59,37,16,14,2,6,64,815,225,236
2018-580,Australian Open,Hard,128,G,20180115,136,105173,26,,Adrian Mannarino,L,180,FRA,29.5,126610,,LL,Matteo Berrettini,R,196,ITA,21.7,6-4 6-4 6-4,5,R128,107,1,2,78,47,40,21,15,1,1,12,2,79,48,37,17,15,1,4,27,1625,130,442
2018-580,Australian Open,Hard,128,G,20180115,137,104269,,,Fernando Verdasco,L,188,ESP,34.1,105138,20,,Roberto Bautista Agut,R,183,ESP,29.7,6-1 7-5 7-5,5,R128,127,10,5,77,54,45,11,15,2,4,1,1,107,80,46,11,16,4,11,40,1225,21,2015
2018-580,Australian Open,Hard,128,G,20180115,138,109739,,,Maximilian Marterer,L,188,GER,22.5,105649,,,Cedrik Marcel Stebe,L,183,GER,27.2,6-0 6-3 6-4,5,R128,97,8,0,66,36,28,20,12,1,2,1,7,89,61,34,9,13,11,18,94,587,83,645
2018-580,Australian Open,Hard,128,G,20180115,139,105815,,,Tennys Sandgren,R,188,USA,26.4,104871,,,Jeremy Chardy,R,188,FRA,30.9,6-4 7-6(2) 6-2,5,R128,105,12,1,89,69,56,11,15,2,2,6,4,86,54,42,13,15,2,5,97,583,84,640
2018-580,Australian Open,Hard,128,G,20180115,140,104527,9,,Stan Wawrinka,R,183,SUI,32.8,105575,,,Ricardas Berankis,R,175,LTU,27.5,6-3 6-4 2-6 7-6(2),5,R128,167,15,5,134,67,48,36,20,5,9,11,1,116,72,50,27,19,8,12,8,3060,136,433
2018-580,Australian Open,Hard,128,G,20180115,141,104925,14,,Novak Djokovic,R,188,SRB,30.6,105385,,,Donald Young,L,183,USA,28.4,6-1 6-2 6-4,5,R128,111,4,1,66,38,30,20,13,1,2,2,2,103,59,28,24,12,19,25,14,2335,63,816
2018-580,Australian Open,Hard,128,G,20180115,142,104792,,,Gael Monfils,R,193,FRA,31.3,144719,,Q,Jaume Munar,R,183,ESP,20.6,6-3 7-6(5) 6-4,5,R128,121,13,13,94,50,38,21,16,2,6,6,5,88,54,33,14,15,3,9,39,1265,187,275
2018-580,Australian Open,Hard,128,G,20180115,143,105065,,WC,Tim Smyczek,R,175,USA,30.0,200615,,WC,Alexei Popyrin,R,196,AUS,18.4,6-3 6-7(14) 6-3 6-3,5,R128,177,16,5,143,85,62,34,20,10,12,17,11,151,79,57,31,19,8,14,131,441,550,55
2018-580,Australian Open,Hard,128,G,20180115,144,105077,21,,Albert Ramos,L,188,ESP,29.9,111577,,,Jared Donaldson,R,188,USA,21.2,6-2 6-3 6-4,5,R128,111,3,2,84,46,36,22,14,5,6,9,3,67,31,25,15,13,2,7,22,1845,54,878
2018-580,Australian Open,Hard,128,G,20180115,145,111202,,,Hyeon Chung,R,188,KOR,21.6,104999,32,,Mischa Zverev,L,190,GER,30.4,6-2 4-1 RET,5,R128,48,3,2,35,21,17,9,6,3,3,1,3,45,33,15,6,7,2,6,58,857,35,1302
2018-580,Australian Open,Hard,128,G,20180115,146,106421,,,Daniil Medvedev,R,198,RUS,21.9,106423,,WC,Thanasi Kokkinakis,R,193,AUS,21.7,6-2 6-7(6) 7-6(8) 6-4,5,R128,209,11,7,142,98,78,22,21,8,9,6,9,142,85,59,31,21,3,7,53,884,216,245
2018-580,Australian Open,Hard,128,G,20180115,147,105376,,,Peter Gojowczyk,R,188,GER,28.5,105062,,,Mikhail Kukushkin,R,183,KAZ,30.0,6-3 6-3 6-1,5,R128,104,6,2,91,61,44,15,13,7,8,1,2,86,55,31,10,12,6,12,62,827,69,730
2018-580,Australian Open,Hard,128,G,20180115,148,100644,4,,Alexander Zverev,R,198,GER,20.7,105341,,,Thomas Fabbiano,R,173,ITA,28.6,6-1 7-6(5) 7-5,5,R128,142,17,5,115,76,54,20,16,12,14,5,6,103,51,35,21,15,5,10,4,4610,73,701
2018-580,Australian Open,Hard,128,G,20180115,149,105676,7,,David Goffin,R,180,BEL,27.1,104897,,Q,Matthias Bachinger,R,188,GER,30.7,6-7(3) 6-3 6-2 6-4,5,R128,153,13,7,121,75,55,26,20,4,7,6,4,111,66,47,19,19,5,12,7,3775,182,280
2018-580,Australian Open,Hard,128,G,20180115,150,103898,,,Julien Benneteau,R,185,FRA,36.0,106121,,,Taro Daniel,R,191,JPN,24.9,6-7(6) 7-6(0) 6-4 6-1,5,R128,207,8,5,132,90,68,17,20,5,9,14,2,160,104,59,29,21,10,18,59,855,96,585
2018-580,Australian Open,Hard,128,G,20180115,151,105539,,,Evgeny Donskoy,R,185,RUS,27.6,104252,,,Florian Mayer,R,190,GER,34.2,6-4 6-4 6-4,5,R128,116,10,2,87,63,45,13,15,4,6,7,4,116,63,42,24,15,14,19,72,710,68,733
2018-580,Australian Open,Hard,128,G,20180115,152,104926,25,,Fabio Fognini,R,178,ITA,30.6,104547,,,Horacio Zeballos,L,188,ARG,32.7,6-4 6-4 7-5,5,R128,122,16,3,90,60,42,19,16,4,7,4,3,108,74,41,18,16,8,14,25,1715,66,768
2018-580,Australian Open,Hard,128,G,20180115,153,104607,19,,Tomas Berdych,R,196,CZE,32.3,200282,,WC,Alex De Minaur,R,183,AUS,18.9,6-3 3-6 6-0 6-1,5,R128,125,5,4,87,56,47,14,16,1,3,4,4,102,75,43,9,15,8,15,20,2050,127,453
2018-580,Australian Open,Hard,128,G,20180115,154,104198,,,Guillermo Garcia Lopez,R,188,ESP,34.6,105332,,,Benoit Paire,R,196,FRA,28.6,6-0 6-7(4) 6-1 6-4,5,R128,148,4,2,110,69,50,27,17,2,2,12,10,140,75,48,26,18,10,17,71,720,42,1190
2018-580,Australian Open,Hard,128,G,20180115,155,111575,,,Karen Khachanov,R,198,RUS,21.6,105166,,LL,Peter Polansky,R,180,CAN,29.5,7-6(3) 7-6(2) 6-4,5,R128,147,21,2,112,75,58,21,17,9,11,8,3,116,68,47,23,17,4,7,47,1030,139,401
2018-580,Australian Open,Hard,128,G,20180115,156,105223,12,,Juan Martin del Potro,R,198,ARG,29.3,126207,,,Frances Tiafoe,R,188,USA,19.9,6-3 6-4 6-3,5,R128,134,14,1,86,61,51,10,14,4,4,9,2,91,46,32,21,14,3,7,10,2725,81,656
2018-580,Australian Open,Hard,128,G,20180115,157,105023,13,,Sam Querrey,R,198,USA,30.2,103852,,,Feliciano Lopez,L,188,ESP,36.3,6-3 6-4 6-2,5,R128,91,28,4,78,46,39,21,14,0,0,13,2,89,65,40,12,13,9,13,13,2535,38,1295
2018-580,Australian Open,Hard,128,G,20180115,158,105916,,,Marton Fucsovics,R,188,HUN,25.9,105430,,,Radu Albot,R,175,MDA,28.1,6-2 6-3 4-6 7-5,5,R128,196,6,6,122,63,48,26,19,11,16,0,5,145,102,56,17,20,12,21,80,674,87,618
2018-580,Australian Open,Hard,128,G,20180115,159,106044,,,Nicolas Kicker,R,178,ARG,25.4,111442,,,Jordan Thompson,R,183,AUS,23.7,6-3 6-1 4-6 3-6 6-3,5,R128,222,6,4,158,104,65,31,22,14,19,12,5,147,91,57,25,22,11,19,93,590,99,564
2018-580,Australian Open,Hard,128,G,20180115,160,105041,,,Lukas Lacko,R,185,SVK,30.2,105683,22,,Milos Raonic,R,196,CAN,27.0,6-7(5) 7-5 6-4 7-6(4),5,R128,202,19,7,151,91,73,32,23,4,5,36,6,156,91,77,29,23,6,9,86,621,23,1750
2018-580,Australian Open,Hard,128,G,20180115,161,104755,29,,Richard Gasquet,R,183,FRA,31.5,104882,,,Blaz Kavcic,R,188,SLO,30.8,6-1 6-4 7-5,5,R128,125,10,1,85,55,40,17,15,2,5,0,4,90,41,25,22,14,5,12,31,1375,106,540
2018-580,Australian Open,Hard,128,G,20180115,162,132283,,Q,Lorenzo Sonego,R,191,ITA,22.6,104898,,,Robin Haase,R,191,NED,30.7,6-3 7-5 6-7(6) 7-5,5,R128,183,13,4,147,89,68,33,23,3,5,8,3,136,88,63,25,22,7,12,219,243,43,1175
2018-580,Australian Open,Hard,128,G,20180115,163,105526,,,Jan Lennard Struff,R,193,GER,27.7,126952,,WC,Soon Woo Kwon,R,180,KOR,20.1,6-1 6-2 6-4,5,R128,77,19,3,70,39,34,18,13,2,3,9,8,71,29,17,20,12,2,8,55,870,174,301
2018-580,Australian Open,Hard,128,G,20180115,164,103819,2,,Roger Federer,R,185,SUI,36.4,105379,,,Aljaz Bedene,R,181,SLO,28.4,6-3 6-4 6-3,5,R128,99,12,3,81,58,45,14,14,2,2,2,5,90,50,35,18,14,9,13,2,9605,51,968
2018-580,Australian Open,Hard,128,G,20180115,201,104745,1,,Rafael Nadal,L,185,ESP,31.6,104919,,,Leonardo Mayer,R,188,ARG,30.6,6-3 6-4 7-6(4),5,R64,158,4,1,94,69,55,15,16,4,5,15,6,109,71,49,17,15,9,12,1,10600,52,929
2018-580,Australian Open,Hard,128,G,20180115,202,106000,28,,Damir Dzumhur,R,175,BIH,25.6,105357,,,John Millman,R,183,AUS,28.5,7-5 3-6 6-4 6-1,5,R64,159,7,5,117,65,45,28,19,4,8,13,3,121,81,51,19,19,8,15,30,1391,122,476
2018-580,Australian Open,Hard,128,G,20180115,203,106043,24,,Diego Schwartzman,R,170,ARG,25.4,134770,,Q,Casper Ruud,R,183,NOR,19.0,6-4 6-2 6-3,5,R64,118,6,4,80,38,34,20,13,1,2,9,2,96,60,36,15,14,5,11,26,1675,138,422
2018-580,Australian Open,Hard,128,G,20180115,204,105238,,,Alexandr Dolgopolov,R,180,UKR,29.1,105051,,,Matthew Ebden,R,188,AUS,30.1,7-6(0) 6-3 6-4,5,R64,128,19,8,107,61,48,23,15,6,8,5,2,100,72,44,12,16,7,12,37,1296,78,684
2018-580,Australian Open,Hard,128,G,20180115,205,105807,10,,Pablo Carreno Busta,R,188,ESP,26.5,104468,,,Gilles Simon,R,183,FRA,33.0,6-2 3-0 RET,5,R64,44,5,0,33,20,15,9,5,4,4,2,2,35,20,12,2,6,2,6,11,2615,57,860
2018-580,Australian Open,Hard,128,G,20180115,206,104180,23,,Gilles Muller,L,193,LUX,34.6,104291,,,Malek Jaziri,R,185,TUN,33.9,7-5 6-4 6-7(5) 3-6 6-2,5,R64,242,32,8,175,109,91,26,25,12,14,11,9,171,92,69,45,26,13,18,28,1490,100,560
2018-580,Australian Open,Hard,128,G,20180115,207,105992,,,Ryan Harrison,R,185,USA,25.6,104655,31,,Pablo Cuevas,R,180,URU,32.0,6-4 7-6(5) 6-4,5,R64,116,14,3,93,58,51,18,16,0,0,7,7,102,56,43,22,16,3,5,45,1115,34,1345
2018-580,Australian Open,Hard,128,G,20180115,208,105227,6,,Marin Cilic,R,198,CRO,29.2,105311,,,Joao Sousa,R,185,POR,28.7,6-1 7-5 6-2,5,R64,105,20,0,61,41,38,18,14,0,0,6,2,87,52,36,12,13,5,10,6,3805,70,720
2018-580,Australian Open,Hard,128,G,20180115,209,105777,3,,Grigor Dimitrov,R,191,BUL,26.6,111456,,Q,Mackenzie Mcdonald,R,178,USA,22.7,4-6 6-2 6-4 0-6 8-6,5,R64,205,8,9,147,101,78,13,24,6,11,4,6,151,85,63,31,24,7,12,3,4990,186,277
2018-580,Australian Open,Hard,128,G,20180115,210,126094,30,,Andrey Rublev,R,188,RUS,20.2,104571,,,Marcos Baghdatis,R,183,CYP,32.5,6-4 6-7(5) 6-4 6-2,5,R64,182,5,14,122,60,50,25,20,3,8,23,6,150,81,57,25,20,15,24,32,1373,123,474
2018-580,Australian Open,Hard,128,G,20180115,211,106401,17,,Nick Kyrgios,R,193,AUS,22.7,104678,,,Viktor Troicki,R,193,SRB,31.9,7-5 6-4 7-6(2),5,R64,132,17,3,97,69,58,14,17,1,2,16,6,115,75,55,16,17,8,11,17,2260,65,800
2018-580,Australian Open,Hard,128,G,20180115,212,104542,15,,Jo-Wilfried Tsonga,R,188,FRA,32.7,133430,,,Denis Shapovalov,L,185,CAN,18.7,3-6 6-3 1-6 7-6(4) 7-5,5,R64,217,9,8,158,78,66,36,24,7,11,11,8,155,88,65,39,25,5,8,15,2320,50,986
2018-580,Australian Open,Hard,128,G,20180115,213,106378,,,Kyle Edmund,R,188,GBR,23.0,104797,,,Denis Istomin,R,185,UZB,31.3,6-2 6-2 6-4,5,R64,89,9,1,64,43,40,13,13,0,0,4,0,79,45,30,15,13,4,9,49,992,60,848
2018-580,Australian Open,Hard,128,G,20180115,214,105932,,,Nikoloz Basilashvili,R,185,GEO,25.8,105074,,Q,Ruben Bemelmans,L,183,BEL,30.0,7-5 6-1 6-3,5,R64,101,6,7,89,46,37,27,14,1,1,6,3,82,52,37,9,14,2,7,61,836,117,488
2018-580,Australian Open,Hard,128,G,20180115,215,104312,,,Andreas Seppi,R,190,ITA,33.9,106415,,,Yoshihito Nishioka,L,170,JPN,22.3,6-1 6-3 6-4,5,R64,111,9,3,91,48,40,22,13,5,5,1,3,80,51,30,14,13,3,8,76,686,168,318
2018-580,Australian Open,Hard,128,G,20180115,216,103333,,,Ivo Karlovic,R,208,CRO,38.8,105216,,,Yuichi Sugita,R,173,JPN,29.3,7-6(3) 6-7(3) 7-5 4-6 12-10,5,R64,273,53,10,207,137,117,37,34,11,12,16,14,213,133,110,42,34,8,10,89,615,41,1200
2018-580,Australian Open,Hard,128,G,20180115,217,106233,5,,Dominic Thiem,R,185,AUT,24.3,106045,,Q,Denis Kudla,R,180,USA,25.4,6-7(6) 3-6 6-3 6-2 6-3,5,R64,228,21,8,149,86,72,24,23,4,8,12,9,181,102,64,36,24,10,18,5,4060,190,272
2018-580,Australian Open,Hard,128,G,20180115,218,105173,26,,Adrian Mannarino,L,180,FRA,29.5,106210,,,Jiri Vesely,L,198,CZE,24.5,6-3 7-6(4) 5-7 6-3,5,R64,188,19,8,132,80,62,26,22,7,12,13,11,135,86,59,19,20,5,11,27,1625,64,815
2018-580,Australian Open,Hard,128,G,20180115,219,109739,,,Maximilian Marterer,L,188,GER,22.5,104269,,,Fernando Verdasco,L,188,ESP,34.1,6-4 4-6 7-6(5) 3-6 6-3,5,R64,207,16,2,160,108,79,27,25,6,8,15,8,149,105,82,22,25,4,6,94,587,40,1225
2018-580,Australian Open,Hard,128,G,20180115,220,105815,,,Tennys Sandgren,R,188,USA,26.4,104527,9,,Stan Wawrinka,R,183,SUI,32.8,6-2 6-1 6-4,5,R64,88,11,1,66,47,38,15,13,2,2,4,2,83,55,32,14,12,8,13,97,583,8,3060
2018-580,Australian Open,Hard,128,G,20180115,221,104925,14,,Novak Djokovic,R,188,SRB,30.6,104792,,,Gael Monfils,R,193,FRA,31.3,4-6 6-3 6-1 6-3,5,R64,165,5,11,117,77,56,18,18,5,8,5,15,114,60,38,22,17,8,15,14,2335,39,1265
2018-580,Australian Open,Hard,128,G,20180115,222,105077,21,,Albert Ramos,L,188,ESP,29.9,105065,,WC,Tim Smyczek,R,175,USA,30.0,6-4 6-2 7-6(2),5,R64,128,6,4,83,49,45,21,15,3,3,8,0,99,64,44,17,15,8,11,22,1845,131,441
2018-580,Australian Open,Hard,128,G,20180115,223,111202,,,Hyeon Chung,R,188,KOR,21.6,106421,,,Daniil Medvedev,R,198,RUS,21.9,7-6(4) 6-1 6-1,5,R64,116,3,4,77,46,39,20,13,2,3,12,2,97,63,38,13,13,6,12,58,857,53,884
2018-580,Australian Open,Hard,128,G,20180115,224,100644,4,,Alexander Zverev,R,198,GER,20.7,105376,,,Peter Gojowczyk,R,188,GER,28.5,6-1 6-3 4-6 6-3,5,R64,119,25,1,103,70,55,19,18,1,2,9,5,111,68,47,17,17,12,17,4,4610,62,827
2018-580,Australian Open,Hard,128,G,20180115,225,103898,,,Julien Benneteau,R,185,FRA,36.0,105676,7,,David Goffin,R,180,BEL,27.1,1-6 7-6(5) 6-1 7-6(4),5,R64,174,13,14,143,86,60,18,20,9,16,20,4,131,72,47,28,18,10,16,59,855,7,3775
2018-580,Australian Open,Hard,128,G,20180115,226,104926,25,,Fabio Fognini,R,178,ITA,30.6,105539,,,Evgeny Donskoy,R,185,RUS,27.6,2-6 6-3 6-4 6-1,5,R64,140,6,5,117,61,42,35,17,2,4,3,4,106,63,46,17,17,9,14,25,1715,72,710
2018-580,Australian Open,Hard,128,G,20180115,227,104607,19,,Tomas Berdych,R,196,CZE,32.3,104198,,,Guillermo Garcia Lopez,R,188,ESP,34.6,6-3 2-6 6-2 6-3,5,R64,151,12,2,109,64,51,20,17,6,9,8,5,109,58,39,25,17,7,13,20,2050,71,720
2018-580,Australian Open,Hard,128,G,20180115,228,105223,12,,Juan Martin del Potro,R,198,ARG,29.3,111575,,,Karen Khachanov,R,198,RUS,21.6,6-4 7-6(4) 6-7(0) 6-4,5,R64,225,13,3,142,90,73,25,22,2,3,28,3,152,102,78,25,22,12,15,10,2725,47,1030
2018-580,Australian Open,Hard,128,G,20180115,229,105916,,,Marton Fucsovics,R,188,HUN,25.9,105023,13,,Sam Querrey,R,198,USA,30.2,6-4 7-6(6) 4-6 6-2,5,R64,163,14,7,130,73,60,30,20,10,12,19,5,144,84,63,29,20,12,16,80,674,13,2535
2018-580,Australian Open,Hard,128,G,20180115,230,106044,,,Nicolas Kicker,R,178,ARG,25.4,105041,,,Lukas Lacko,R,185,SVK,30.2,6-2 7-5 1-6 7-5,5,R64,152,2,2,110,77,50,12,19,3,9,14,2,126,76,52,18,20,9,17,93,590,86,621
2018-580,Australian Open,Hard,128,G,20180115,231,104755,29,,Richard Gasquet,R,183,FRA,31.5,132283,,Q,Lorenzo Sonego,R,191,ITA,22.6,6-2 6-2 6-3,5,R64,113,7,4,69,48,42,10,12,1,1,9,3,109,65,39,18,13,10,16,31,1375,219,243
2018-580,Australian Open,Hard,128,G,20180115,232,103819,2,,Roger Federer,R,185,SUI,36.4,105526,,,Jan Lennard Struff,R,193,GER,27.7,6-4 6-4 7-6(4),5,R64,115,17,1,92,53,44,26,16,2,3,7,5,107,54,41,27,16,8,11,2,9605,55,870
2018-580,Australian Open,Hard,128,G,20180115,301,104745,1,,Rafael Nadal,L,185,ESP,31.6,106000,28,,Damir Dzumhur,R,175,BIH,25.6,6-1 6-3 6-1,5,R32,110,4,0,79,51,34,19,12,1,2,5,6,75,40,22,11,11,9,16,1,10600,30,1391
2018-580,Australian Open,Hard,128,G,20180115,302,106043,24,,Diego Schwartzman,R,170,ARG,25.4,105238,,,Alexandr Dolgopolov,R,180,UKR,29.1,6-7(1) 6-2 6-3 6-3,5,R32,158,13,4,118,69,49,28,19,7,10,5,6,123,67,42,25,19,4,12,26,1675,37,1296
2018-580,Australian Open,Hard,128,G,20180115,303,105807,10,,Pablo Carreno Busta,R,188,ESP,26.5,104180,23,,Gilles Muller,L,193,LUX,34.6,7-6(4) 4-6 7-5 7-5,5,R32,198,14,4,142,105,81,21,23,3,4,40,5,138,88,74,22,23,2,4,11,2615,28,1490
2018-580,Australian Open,Hard,128,G,20180115,304,105227,6,,Marin Cilic,R,198,CRO,29.2,105992,,,Ryan Harrison,R,185,USA,25.6,7-6(4) 6-3 7-6(4),5,R32,149,16,2,103,70,58,20,17,5,6,10,1,111,72,49,23,16,2,4,6,3805,45,1115
2018-580,Australian Open,Hard,128,G,20180115,305,105777,3,,Grigor Dimitrov,R,191,BUL,26.6,126094,30,,Andrey Rublev,R,188,RUS,20.2,6-3 4-6 6-4 6-4,5,R32,184,13,15,142,89,68,20,20,11,15,4,13,136,84,56,23,19,13,19,3,4990,32,1373
2018-580,Australian Open,Hard,128,G,20180115,306,106401,17,,Nick Kyrgios,R,193,AUS,22.7,104542,15,,Jo-Wilfried Tsonga,R,188,FRA,32.7,7-6(5) 4-6 7-6(6) 7-6(5),5,R32,197,28,3,146,96,76,32,23,3,5,28,4,140,97,84,22,23,3,4,17,2260,15,2320
2018-580,Australian Open,Hard,128,G,20180115,307,106378,,,Kyle Edmund,R,188,GBR,23.0,105932,,,Nikoloz Basilashvili,R,185,GEO,25.8,7-6(0) 3-6 4-6 6-0 7-5,5,R32,214,20,2,133,82,58,32,24,2,7,12,17,203,122,79,33,25,20,27,49,992,61,836
2018-580,Australian Open,Hard,128,G,20180115,308,104312,,,Andreas Seppi,R,190,ITA,33.9,103333,,,Ivo Karlovic,R,208,CRO,38.8,6-3 7-6(4) 6-7(3) 6-7(5) 9-7,5,R32,231,23,7,175,101,86,52,31,2,2,52,6,182,129,104,31,30,7,9,76,686,89,615
2018-580,Australian Open,Hard,128,G,20180115,309,106233,5,,Dominic Thiem,R,185,AUT,24.3,105173,26,,Adrian Mannarino,L,180,FRA,29.5,6-4 6-2 7-5,5,R32,128,9,2,87,52,37,21,15,1,3,3,3,92,56,30,17,15,6,12,5,4060,27,1625
2018-580,Australian Open,Hard,128,G,20180115,310,105815,,,Tennys Sandgren,R,188,USA,26.4,109739,,,Maximilian Marterer,L,188,GER,22.5,5-7 6-3 7-5 7-6(5),5,R32,176,13,0,131,100,80,18,23,6,8,8,2,136,96,68,24,22,3,6,97,583,94,587
2018-580,Australian Open,Hard,128,G,20180115,311,104925,14,,Novak Djokovic,R,188,SRB,30.6,105077,21,,Albert Ramos,L,188,ESP,29.9,6-2 6-3 6-3,5,R32,141,2,3,87,55,44,16,13,6,6,3,3,96,57,34,20,13,7,12,14,2335,22,1845
2018-580,Australian Open,Hard,128,G,20180115,312,111202,,,Hyeon Chung,R,188,KOR,21.6,100644,4,,Alexander Zverev,R,198,GER,20.7,5-7 7-6(3) 2-6 6-3 6-0,5,R32,202,5,3,142,107,83,17,24,3,6,21,5,136,84,60,28,23,6,10,58,857,4,4610
2018-580,Australian Open,Hard,128,G,20180115,313,104926,25,,Fabio Fognini,R,178,ITA,30.6,103898,,,Julien Benneteau,R,185,FRA,36.0,3-6 6-2 6-1 4-6 6-3,5,R32,180,3,6,142,92,65,24,21,11,14,10,6,126,83,53,20,22,5,12,25,1715,59,855
2018-580,Australian Open,Hard,128,G,20180115,314,104607,19,,Tomas Berdych,R,196,CZE,32.3,105223,12,,Juan Martin del Potro,R,198,ARG,29.3,6-3 6-3 6-2,5,R32,136,20,5,94,56,43,16,13,7,9,7,3,86,52,32,8,13,11,18,20,2050,10,2725
2018-580,Australian Open,Hard,128,G,20180115,315,105916,,,Marton Fucsovics,R,188,HUN,25.9,106044,,,Nicolas Kicker,R,178,ARG,25.4,6-3 6-3 6-2,5,R32,116,12,0,73,50,39,13,13,0,1,4,3,87,52,31,13,13,3,9,80,674,93,590
2018-580,Australian Open,Hard,128,G,20180115,316,103819,2,,Roger Federer,R,185,SUI,36.4,104755,29,,Richard Gasquet,R,183,FRA,31.5,6-2 7-5 6-4,5,R32,119,12,1,94,61,49,14,15,1,2,3,3,90,61,41,12,15,3,8,2,9605,31,1375
2018-580,Australian Open,Hard,128,G,20180115,401,104745,1,,Rafael Nadal,L,185,ESP,31.6,106043,24,,Diego Schwartzman,R,170,ARG,25.4,6-3 6-7(4) 6-3 6-3,5,R16,231,7,4,146,100,63,28,20,15,18,12,3,147,79,53,30,19,11,18,1,10600,26,1675
2018-580,Australian Open,Hard,128,G,20180115,402,105227,6,,Marin Cilic,R,198,CRO,29.2,105807,10,,Pablo Carreno Busta,R,188,ESP,26.5,6-7(2) 6-3 7-6(0) 7-6(3),5,R16,207,20,4,133,83,67,25,22,2,6,9,3,152,107,67,25,23,8,14,6,3805,11,2615
2018-580,Australian Open,Hard,128,G,20180115,403,105777,3,,Grigor Dimitrov,R,191,BUL,26.6,106401,17,,Nick Kyrgios,R,193,AUS,22.7,7-6(3) 7-6(4) 4-6 7-6(4),5,R16,206,16,7,158,111,90,19,23,2,5,36,7,155,101,80,27,23,7,9,3,4990,17,2260
2018-580,Australian Open,Hard,128,G,20180115,404,106378,,,Kyle Edmund,R,188,GBR,23.0,104312,,,Andreas Seppi,R,190,ITA,33.9,6-7(4) 7-5 6-2 6-3,5,R16,177,25,3,128,80,64,28,21,5,6,12,2,126,80,56,24,20,10,15,49,992,76,686
2018-580,Australian Open,Hard,128,G,20180115,405,105815,,,Tennys Sandgren,R,188,USA,26.4,106233,5,,Dominic Thiem,R,185,AUT,24.3,6-2 4-6 7-6(4) 6-7(7) 6-3,5,R16,234,20,4,186,138,101,26,26,10,12,20,4,161,104,79,30,25,4,8,97,583,5,4060
2018-580,Australian Open,Hard,128,G,20180115,406,111202,,,Hyeon Chung,R,188,KOR,21.6,104925,14,,Novak Djokovic,R,188,SRB,30.6,7-6(4) 7-5 7-6(3),5,R16,201,1,2,136,91,59,21,18,14,19,2,9,130,81,53,19,18,4,10,58,857,14,2335
2018-580,Australian Open,Hard,128,G,20180115,407,104607,19,,Tomas Berdych,R,196,CZE,32.3,104926,25,,Fabio Fognini,R,178,ITA,30.6,6-1 6-4 6-4,5,R16,128,10,1,89,42,32,27,14,7,9,3,4,83,47,23,20,13,5,11,20,2050,25,1715
2018-580,Australian Open,Hard,128,G,20180115,408,103819,2,,Roger Federer,R,185,SUI,36.4,105916,,,Marton Fucsovics,R,188,HUN,25.9,6-4 7-6(3) 6-2,5,R16,121,6,2,81,48,40,25,15,0,0,5,6,108,57,38,27,15,7,10,2,9605,80,674
2018-580,Australian Open,Hard,128,G,20180115,501,105227,6,,Marin Cilic,R,198,CRO,29.2,104745,1,,Rafael Nadal,L,185,ESP,31.6,3-6 6-3 6-7(5) 6-2 2-0 RET,5,QF,227,20,8,138,93,72,17,20,8,10,3,2,164,123,83,13,20,14,19,6,3805,1,10600
2018-580,Australian Open,Hard,128,G,20180115,502,106378,,,Kyle Edmund,R,188,GBR,23.0,105777,3,,Grigor Dimitrov,R,191,BUL,26.6,6-4 3-6 6-3 6-4,5,QF,169,13,4,124,80,60,19,19,6,9,7,7,116,73,50,23,19,10,15,49,992,3,4990
2018-580,Australian Open,Hard,128,G,20180115,503,111202,,,Hyeon Chung,R,188,KOR,21.6,105815,,,Tennys Sandgren,R,188,USA,26.4,6-4 7-6(5) 6-3,5,QF,148,7,3,107,81,57,16,16,6,8,12,5,104,57,41,21,15,9,13,58,857,97,583
2018-580,Australian Open,Hard,128,G,20180115,504,103819,2,,Roger Federer,R,185,SUI,36.4,104607,19,,Tomas Berdych,R,196,CZE,32.3,7-6(1) 6-3 6-4,5,QF,134,15,5,96,60,50,19,16,3,5,4,1,94,53,37,21,15,4,8,2,9605,20,2050
2018-580,Australian Open,Hard,128,G,20180115,601,105227,6,,Marin Cilic,R,198,CRO,29.2,106378,,,Kyle Edmund,R,188,GBR,23.0,6-2 7-6(4) 6-2,5,SF,138,11,1,89,50,45,22,14,2,2,7,3,101,68,44,16,14,4,8,6,3805,49,992
2018-580,Australian Open,Hard,128,G,20180115,602,103819,2,,Roger Federer,R,185,SUI,36.4,111202,,,Hyeon Chung,R,188,KOR,21.6,6-1 5-2 RET,5,SF,62,9,1,37,16,15,15,7,1,1,1,3,53,30,17,9,7,7,11,2,9605,58,857
2018-580,Australian Open,Hard,128,G,20180115,701,103819,2,,Roger Federer,R,185,SUI,36.4,105227,6,,Marin Cilic,R,198,CRO,29.2,6-2 6-7(5) 6-3 3-6 6-1,5,F,183,24,4,139,84,67,32,23,7,9,16,5,141,88,61,27,22,7,13,2,9605,6,3805
2019-580,Australian Open,Hard,128,G,20190114,226,104925,1,,Novak Djokovic,R,188,SRB,31.6,104745,2,,Rafael Nadal,L,185,ESP,32.6,6-3 6-2 6-3,5,F,124,8,0,69,50,40,16,13,1,1,3,2,73,47,24,16,13,3,8,1,9135,2,7480
2019-580,Australian Open,Hard,128,G,20190114,217,126774,14,,Stefanos Tsitsipas,R,193,GRE,20.4,103819,3,,Roger Federer,R,185,SUI,37.4,6-7(11) 7-6(3) 7-5 7-6(5),5,R16,225,20,1,188,112,87,49,24,12,12,12,0,156,105,83,31,24,2,3,15,2095,3,6420
2019-580,Australian Open,Hard,128,G,20190114,214,105683,16,,Milos Raonic,R,196,CAN,28.0,100644,4,,Alexander Zverev,R,198,GER,21.7,6-1 6-1 7-6(5),5,R16,119,15,1,78,54,43,13,13,0,1,6,10,90,56,38,12,13,14,20,17,1900,4,6385
2019-580,Australian Open,Hard,128,G,20190114,188,126207,,,Frances Tiafoe,R,188,USA,20.9,104731,5,,Kevin Anderson,R,203,RSA,32.6,4-6 6-4 6-4 7-5,5,R64,179,10,2,114,80,64,19,21,4,6,13,4,134,87,64,23,21,10,14,39,1080,6,4810
2019-580,Australian Open,Hard,128,G,20190114,216,105138,22,,Roberto Bautista Agut,R,183,ESP,30.7,105227,6,,Marin Cilic,R,198,CRO,30.2,6-7(6) 6-3 6-2 4-6 6-4,5,R16,238,10,3,154,106,74,33,25,3,5,17,6,167,102,77,28,24,8,13,24,1605,7,4160
2019-580,Australian Open,Hard,128,G,20190114,179,200615,,WC,Alexei Popyrin,R,196,AUS,19.4,106233,7,,Dominic Thiem,R,185,AUT,25.3,7-5 6-4 2-0 RET,5,R64,104,13,3,87,53,40,22,12,5,5,1,2,82,63,41,8,12,7,10,149,360,8,4095
2019-580,Australian Open,Hard,128,G,20190114,220,104925,1,,Novak Djokovic,R,188,SRB,31.6,105453,8,,Kei Nishikori,R,178,JPN,29.0,6-1 4-1 RET,5,QF,52,2,1,29,20,17,8,6,0,0,0,3,47,33,16,5,6,0,4,1,9135,9,3750
2019-580,Australian Open,Hard,128,G,20190114,155,124187,,,Reilly Opelka,R,211,USA,21.3,104545,9,,John Isner,R,208,USA,33.7,7-6(4) 7-6(6) 6-7(4) 7-6(5),5,R128,178,40,6,151,87,74,42,24,1,2,47,2,138,107,93,19,24,2,3,97,593,10,3155
2019-580,Australian Open,Hard,128,G,20190114,205,105138,22,,Roberto Bautista Agut,R,183,ESP,30.7,111575,10,,Karen Khachanov,R,198,RUS,22.6,6-4 7-5 6-4,5,R32,128,5,2,86,56,46,15,16,0,2,8,5,100,52,34,22,16,9,14,24,1605,11,2835
2019-580,Australian Open,Hard,128,G,20190114,215,106298,28,,Lucas Pouille,R,185,FRA,24.8,106432,11,,Borna Coric,R,188,CRO,22.1,6-7(4) 6-4 7-5 7-6(2),5,R16,195,19,2,135,88,73,26,23,4,6,24,5,155,120,90,12,23,8,12,31,1245,12,2435
2019-580,Australian Open,Hard,128,G,20190114,198,105807,23,,Pablo Carreno Busta,R,188,ESP,27.5,104926,12,,Fabio Fognini,R,178,ITA,31.6,6-2 6-4 2-6 6-4,5,R32,150,10,3,107,75,48,16,18,8,14,8,7,116,74,52,9,18,9,17,23,1705,13,2315
2019-580,Australian Open,Hard,128,G,20190114,156,104607,,,Tomas Berdych,R,196,CZE,33.3,106378,13,,Kyle Edmund,R,188,GBR,24.0,6-3 6-0 7-5,5,R128,102,12,1,75,49,43,15,14,1,1,4,3,79,47,29,14,13,2,7,57,865,14,2150
2019-580,Australian Open,Hard,128,G,20190114,225,104745,2,,Rafael Nadal,L,185,ESP,32.6,126774,14,,Stefanos Tsitsipas,R,193,GRE,20.4,6-2 6-4 6-0,5,SF,106,5,0,61,40,34,15,12,1,1,5,2,65,45,29,6,12,5,11,2,7480,15,2095
2019-580,Australian Open,Hard,128,G,20190114,212,104925,1,,Novak Djokovic,R,188,SRB,31.6,106421,15,,Daniil Medvedev,R,198,RUS,22.9,6-4 6-7(5) 6-2 6-3,5,R16,195,6,5,126,84,61,21,20,7,9,18,6,142,93,65,17,19,11,18,1,9135,19,1865
2019-580,Australian Open,Hard,128,G,20190114,221,106298,28,,Lucas Pouille,R,185,FRA,24.8,105683,16,,Milos Raonic,R,196,CAN,28.0,7-6(4) 6-3 6-7(2) 6-4,5,QF,182,14,4,122,80,67,24,22,0,1,25,6,149,87,62,35,21,11,14,31,1245,17,1900
2019-580,Australian Open,Hard,128,G,20190114,127,105936,,,Filip Krajinovic,R,185,SRB,26.8,106065,17,,Marco Cecchinato,R,185,ITA,26.2,4-6 0-6 6-1 7-6(8) 6-4,5,R128,164,20,3,130,77,63,21,23,1,7,10,3,136,90,60,28,22,7,13,93,620,18,1889
2019-580,Australian Open,Hard,128,G,20190114,210,104607,,,Tomas Berdych,R,196,CZE,33.3,106043,18,,Diego Schwartzman,R,170,ARG,26.4,5-7 6-3 7-5 6-4,5,R32,180,19,1,143,83,69,29,22,7,8,8,2,126,76,59,26,21,4,7,57,865,16,1925
2019-580,Australian Open,Hard,128,G,20190114,206,126774,14,,Stefanos Tsitsipas,R,193,GRE,20.4,105932,19,,Nikoloz Basilashvili,R,185,GEO,26.8,6-3 3-6 7-6(7) 6-4,5,R32,174,18,1,131,83,65,26,20,2,4,14,6,130,78,55,30,20,3,6,15,2095,20,1820
2019-580,Australian Open,Hard,128,G,20190114,218,126207,,,Frances Tiafoe,R,188,USA,20.9,105777,20,,Grigor Dimitrov,R,191,BUL,27.6,7-5 7-6(6) 6-7(1) 7-5,5,R16,219,10,4,190,123,82,33,24,15,18,21,6,147,95,70,26,24,8,13,39,1080,21,1790
2019-580,Australian Open,Hard,128,G,20190114,197,106421,15,,Daniil Medvedev,R,198,RUS,22.9,105676,21,,David Goffin,R,180,BEL,28.1,6-2 7-6(3) 6-3,5,R32,121,7,2,85,56,48,10,15,1,4,4,2,92,56,32,15,14,5,11,19,1865,22,1785
2019-580,Australian Open,Hard,128,G,20190114,222,126774,14,,Stefanos Tsitsipas,R,193,GRE,20.4,105138,22,,Roberto Bautista Agut,R,183,ESP,30.7,7-5 4-6 6-4 7-6(2),5,QF,195,22,3,129,74,62,27,22,1,4,6,2,128,88,64,22,22,7,11,15,2095,24,1605
2019-580,Australian Open,Hard,128,G,20190114,213,105453,8,,Kei Nishikori,R,178,JPN,29.0,105807,23,,Pablo Carreno Busta,R,188,ESP,27.5,6-7(8) 4-6 7-6(4) 6-4 7-6(8),5,R16,305,15,2,207,127,93,34,28,8,14,5,2,219,153,95,34,28,15,21,9,3750,23,1705
2019-580,Australian Open,Hard,128,G,20190114,174,105732,,,Pierre Hugues Herbert,R,188,FRA,27.8,111202,24,,Hyeon Chung,R,188,KOR,22.6,6-2 1-6 6-2 6-4,5,R64,133,13,3,96,62,49,16,17,0,3,2,1,94,60,37,20,16,6,11,55,903,25,1585
2019-580,Australian Open,Hard,128,G,20190114,196,104925,1,,Novak Djokovic,R,188,SRB,31.6,133430,25,,Denis Shapovalov,L,185,CAN,19.7,6-3 6-4 4-6 6-0,5,R32,142,5,4,90,55,41,22,18,2,5,6,5,108,61,43,15,17,5,13,1,9135,27,1440
2019-580,Australian Open,Hard,128,G,20190114,204,105227,6,,Marin Cilic,R,198,CRO,30.2,104269,26,,Fernando Verdasco,L,188,ESP,35.1,4-6 3-6 6-1 7-6(8) 6-3,5,R32,258,8,5,153,89,73,33,24,6,9,27,5,165,113,77,28,23,15,19,7,4160,28,1410
2019-580,Australian Open,Hard,128,G,20190114,211,104745,2,,Rafael Nadal,L,185,ESP,32.6,200282,27,,Alex De Minaur,R,183,AUS,19.9,6-1 6-2 6-4,5,R32,142,6,6,87,65,53,8,13,4,4,3,2,94,54,34,16,12,8,13,2,7480,29,1353
2019-580,Australian Open,Hard,128,G,20190114,224,104925,1,,Novak Djokovic,R,188,SRB,31.6,106298,28,,Lucas Pouille,R,185,FRA,24.8,6-0 6-2 6-2,5,SF,83,6,0,53,38,32,13,11,0,0,4,3,74,40,27,9,11,5,12,1,9135,31,1245
2019-580,Australian Open,Hard,128,G,20190114,173,106109,,WC,Alex Bolt,L,183,AUS,26.0,104468,29,,Gilles Simon,R,183,FRA,34.0,2-6 6-4 4-6 7-6(8) 6-4,5,R64,244,11,3,152,85,58,38,25,6,12,14,9,195,124,86,31,25,13,18,155,343,30,1280
2019-580,Australian Open,Hard,128,G,20190114,186,126203,,,Taylor Fritz,R,196,USA,21.2,104792,30,,Gael Monfils,R,193,FRA,32.3,6-3 6-7(8) 7-6(6) 7-6(5),5,R64,204,15,2,177,121,88,31,23,12,13,22,6,168,114,82,30,22,12,15,50,964,33,1195
2019-580,Australian Open,Hard,128,G,20190114,151,104312,,,Andreas Seppi,R,190,ITA,34.8,105449,31,,Steve Johnson,R,188,USA,29.0,6-4 4-6 6-4 6-3,5,R128,141,12,5,108,62,50,28,20,5,6,11,3,105,52,42,30,19,1,5,35,1170,34,1190
2019-580,Australian Open,Hard,128,G,20190114,170,105311,,,Joao Sousa,R,185,POR,29.7,104259,32,,Philipp Kohlschreiber,R,178,GER,35.2,7-5 4-6 7-6(4) 5-7 6-4,5,R64,258,28,1,181,130,99,26,28,14,16,20,6,189,113,83,42,28,12,14,44,1017,32,1215
2019-580,Australian Open,Hard,128,G,20190114,100,104925,1,,Novak Djokovic,R,188,SRB,31.6,106283,,Q,Mitchell Krueger,R,188,USA,25.0,6-3 6-2 6-2,5,R128,123,6,2,65,48,41,10,13,1,2,2,2,117,81,46,13,12,14,20,1,9135,230,216
2019-580,Australian Open,Hard,128,G,20190114,187,103819,3,,Roger Federer,R,185,SUI,37.4,105554,,Q,Daniel Evans,R,175,GBR,28.6,7-6(5) 7-6(3) 6-3,5,R64,155,11,1,99,62,52,24,17,2,3,4,0,115,70,51,21,16,3,5,3,6420,189,266
2019-580,Australian Open,Hard,128,G,20190114,115,105453,8,,Kei Nishikori,R,178,JPN,29.0,111794,,Q,Kamil Majchrzak,R,180,POL,23.0,3-6 6-7(6) 6-0 6-2 3-0 RET,5,R128,168,6,3,109,73,53,20,19,6,8,11,9,123,65,42,22,19,6,14,9,3750,176,291
2019-580,Australian Open,Hard,128,G,20190114,184,126774,14,,Stefanos Tsitsipas,R,193,GRE,20.4,104678,,Q,Viktor Troicki,R,193,SRB,32.9,6-3 2-6 6-2 7-5,5,R64,160,14,2,99,64,50,24,19,2,4,8,3,131,89,57,19,18,15,19,15,2095,200,252
2019-580,Australian Open,Hard,128,G,20190114,107,106421,15,,Daniil Medvedev,R,198,RUS,22.9,144750,,Q,Lloyd Harris,R,193,RSA,21.8,6-1 6-2 6-1,5,R128,107,7,4,72,43,34,18,11,4,4,6,4,74,46,27,7,11,10,17,19,1865,119,472
2019-580,Australian Open,Hard,128,G,20190114,159,106043,18,,Diego Schwartzman,R,170,ARG,26.4,200484,,Q,Rudolf Molleker,R,188,GER,18.2,6-1 6-3 4-6 6-0,5,R128,107,9,2,85,55,45,19,16,2,3,9,5,92,59,33,14,16,2,9,16,1925,206,246
2019-580,Australian Open,Hard,128,G,20190114,143,105932,19,,Nikoloz Basilashvili,R,185,GEO,26.8,111153,,Q,Christopher Eubanks,R,201,USA,22.6,6-4 4-6 7-6(6) 6-3,5,R128,162,11,9,145,90,65,27,21,10,15,21,9,127,74,57,20,20,5,11,20,1820,170,312
2019-580,Australian Open,Hard,128,G,20190114,185,105932,19,,Nikoloz Basilashvili,R,185,GEO,26.8,105882,,Q,Stefano Travaglia,R,185,ITA,27.0,3-6 6-3 3-6 6-4 6-3,5,R64,174,9,12,137,85,61,22,23,4,10,13,7,131,75,49,28,23,6,13,20,1820,137,401
2019-580,Australian Open,Hard,128,G,20190114,111,105807,23,,Pablo Carreno Busta,R,188,ESP,27.5,104563,,Q,Luca Vanni,R,198,ITA,33.6,6-7(5) 2-6 6-3 7-5 6-4,5,R128,227,20,3,156,108,83,25,26,2,4,25,7,175,102,79,34,25,10,13,23,1705,163,325
2019-580,Australian Open,Hard,128,G,20190114,135,104269,26,,Fernando Verdasco,L,188,ESP,35.1,200175,,Q,Miomir Kecmanovic,R,183,SRB,19.3,7-6(5) 6-3 6-3,5,R128,131,21,6,87,58,46,17,15,1,2,2,2,111,69,40,24,15,12,16,28,1410,125,458
2019-580,Australian Open,Hard,128,G,20190114,194,200282,27,,Alex De Minaur,R,183,AUS,19.9,105967,,Q,Henri Laaksonen,R,185,SUI,26.7,6-4 6-2 6-7(7) 4-6 6-3,5,R64,232,5,7,172,107,72,35,25,9,13,6,1,157,95,62,32,24,3,10,29,1353,166,319
2019-580,Australian Open,Hard,128,G,20190114,119,104468,29,,Gilles Simon,R,183,FRA,34.0,106216,,Q,Bjorn Fratangelo,R,183,USA,25.4,7-6(2) 6-4 6-2,5,R128,127,10,3,93,54,46,21,15,3,4,4,5,93,50,34,22,15,8,12,30,1280,133,421
2019-580,Australian Open,Hard,128,G,20190114,146,105554,,Q,Daniel Evans,R,175,GBR,28.6,105147,,Q,Tatsuma Ito,R,180,JPN,30.6,7-5 6-1 7-6(8),5,R128,155,9,2,99,62,49,22,16,2,2,5,8,100,48,38,25,15,4,8,189,266,150,360
2019-580,Australian Open,Hard,128,G,20190114,102,106121,,,Taro Daniel,R,191,JPN,25.9,106423,,Q,Thanasi Kokkinakis,R,193,AUS,22.7,5-7 4-2 RET,5,R128,92,3,2,61,38,28,10,9,5,7,0,1,67,53,34,7,9,8,10,82,691,144,379
2019-580,Australian Open,Hard,128,G,20190114,129,109739,,,Maximilian Marterer,L,188,GER,23.5,105163,,Q,Gleb Sakharov,R,185,FRA,30.5,6-3 6-1 6-3,5,R128,99,13,1,77,58,40,13,13,1,2,3,1,69,41,25,11,12,2,8,71,744,252,186
2019-580,Australian Open,Hard,128,G,20190114,149,126207,,,Frances Tiafoe,R,188,USA,20.9,105432,,Q,Prajnesh Gunneswaran,L,188,IND,29.1,7-6(7) 6-3 6-3,5,R128,112,7,3,90,59,45,19,15,4,6,7,4,90,59,38,17,15,3,8,39,1080,109,515
2019-580,Australian Open,Hard,128,G,20190114,164,104925,1,,Novak Djokovic,R,188,SRB,31.6,104542,,WC,Jo-Wilfried Tsonga,R,188,FRA,33.7,6-3 7-5 6-4,5,R64,124,12,1,87,61,45,18,16,3,5,10,1,92,50,36,19,15,4,9,1,9135,177,290
2019-580,Australian Open,Hard,128,G,20190114,163,104745,2,,Rafael Nadal,L,185,ESP,32.6,105902,,WC,James Duckworth,R,183,AUS,26.9,6-4 6-3 7-5,5,R128,135,6,2,81,54,40,16,16,1,3,12,11,111,62,40,20,15,6,12,2,7480,237,206
2019-580,Australian Open,Hard,128,G,20190114,200,100644,4,,Alexander Zverev,R,198,GER,21.7,106109,,WC,Alex Bolt,L,183,AUS,26.0,6-3 6-3 6-2,5,R32,112,14,4,85,55,39,19,13,5,6,5,1,90,58,37,12,13,6,12,4,6385,155,343
2019-580,Australian Open,Hard,128,G,20190114,203,106298,28,,Lucas Pouille,R,185,FRA,24.8,200615,,WC,Alexei Popyrin,R,196,AUS,19.4,7-6(3) 6-3 6-7(10) 4-6 6-3,5,R32,223,16,8,171,103,77,45,26,5,7,16,9,179,111,84,35,26,10,13,31,1245,149,360
2019-580,Australian Open,Hard,128,G,20190114,112,104259,32,,Philipp Kohlschreiber,R,178,GER,35.2,104810,,WC,Zhe Li,R,183,CHN,32.3,6-2 6-2 6-4,5,R128,120,10,1,90,45,36,28,13,10,10,2,1,73,54,33,9,13,1,6,32,1215,261,173
2019-580,Australian Open,Hard,128,G,20190114,118,106109,,WC,Alex Bolt,L,183,AUS,26.0,106058,,WC,Jack Sock,R,191,USA,26.3,4-6 6-3 6-2 6-2,5,R128,133,22,3,102,63,52,23,18,2,4,13,5,111,75,46,17,17,7,13,155,343,105,540
2019-580,Australian Open,Hard,128,G,20190114,154,105341,,,Thomas Fabbiano,R,173,ITA,29.6,106186,,WC,Jason Kubler,R,178,AUS,25.6,6-4 7-6(1) 2-6 6-3,5,R128,184,3,3,135,99,59,25,20,6,10,14,10,126,79,54,23,19,8,12,102,573,130,433
2019-580,Australian Open,Hard,128,G,20190114,158,106045,,,Denis Kudla,R,180,USA,26.4,117360,,WC,Marc Polmans,R,188,AUS,21.7,5-7 1-6 6-2 6-3 6-2,5,R128,183,19,11,142,87,69,24,22,14,17,8,6,129,86,62,19,22,6,11,62,818,169,317
2019-580,Australian Open,Hard,128,G,20190114,195,104745,2,,Rafael Nadal,L,185,ESP,32.6,105051,,,Matthew Ebden,R,188,AUS,31.1,6-3 6-2 6-2,5,R64,116,6,4,81,53,43,16,13,4,4,7,3,75,50,33,8,12,4,9,2,7480,48,981
2019-580,Australian Open,Hard,128,G,20190114,219,104745,2,,Rafael Nadal,L,185,ESP,32.6,104607,,,Tomas Berdych,R,196,CZE,33.3,6-0 6-1 7-6(4),5,R16,125,5,1,81,56,45,16,13,2,2,5,3,78,37,26,18,12,8,13,2,7480,57,865
2019-580,Australian Open,Hard,128,G,20190114,223,104745,2,,Rafael Nadal,L,185,ESP,32.6,126207,,,Frances Tiafoe,R,188,USA,20.9,6-3 6-4 6-2,5,QF,107,11,0,77,57,48,12,14,2,2,13,0,72,54,38,6,13,4,8,2,7480,39,1080
2019-580,Australian Open,Hard,128,G,20190114,147,103819,3,,Roger Federer,R,185,SUI,37.4,104797,,,Denis Istomin,R,185,UZB,32.3,6-3 6-4 6-4,5,R128,117,14,2,82,46,38,24,15,0,0,4,1,99,69,45,16,14,6,9,3,6420,101,577
2019-580,Australian Open,Hard,128,G,20190114,207,103819,3,,Roger Federer,R,185,SUI,37.4,126203,,,Taylor Fritz,R,196,USA,21.2,6-2 7-5 6-2,5,R32,88,10,3,70,43,40,17,14,0,0,8,0,78,45,28,20,14,4,9,3,6420,50,964
2019-580,Australian Open,Hard,128,G,20190114,116,100644,4,,Alexander Zverev,R,198,GER,21.7,105379,,,Aljaz Bedene,R,181,SLO,29.4,6-4 6-1 6-4,5,R128,115,11,6,77,46,38,14,14,1,3,7,2,84,51,34,8,13,2,8,4,6385,67,760
2019-580,Australian Open,Hard,128,G,20190114,172,100644,4,,Alexander Zverev,R,198,GER,21.7,104871,,,Jeremy Chardy,R,188,FRA,31.9,7-6(5) 6-4 5-7 6-7(6) 6-1,5,R64,226,29,13,167,116,94,25,27,10,13,14,3,173,118,86,29,26,12,17,4,6385,36,1120
2019-580,Australian Open,Hard,128,G,20190114,148,104731,5,,Kevin Anderson,R,203,RSA,32.6,105173,,,Adrian Mannarino,L,180,FRA,30.5,6-3 5-7 6-2 6-1,5,R128,173,14,5,110,71,53,20,18,5,7,5,1,112,78,49,12,18,8,15,6,4810,42,1045
2019-580,Australian Open,Hard,128,G,20190114,132,105227,6,,Marin Cilic,R,198,CRO,30.2,106071,,,Bernard Tomic,R,196,AUS,26.2,6-2 6-4 7-6(3),5,R128,123,24,2,93,63,49,19,15,5,6,12,1,104,73,47,15,15,11,15,7,4160,88,655
2019-580,Australian Open,Hard,128,G,20190114,180,105227,6,,Marin Cilic,R,198,CRO,30.2,111456,,,Mackenzie Mcdonald,R,178,USA,23.7,7-5 6-7(9) 6-4 6-4,5,R64,217,25,6,135,82,63,26,22,4,7,9,2,151,110,70,18,22,9,15,7,4160,81,692
2019-580,Australian Open,Hard,128,G,20190114,131,106233,7,,Dominic Thiem,R,185,AUT,25.3,105332,,,Benoit Paire,R,196,FRA,29.6,6-4 6-3 5-7 1-6 6-3,5,R128,222,9,13,179,104,69,37,24,9,14,21,5,153,78,59,34,23,11,16,8,4095,61,820
2019-580,Australian Open,Hard,128,G,20190114,171,105453,8,,Kei Nishikori,R,178,JPN,29.0,103333,,,Ivo Karlovic,R,208,CRO,39.8,6-3 7-6(6) 5-7 5-7 7-6(7),5,R64,228,9,2,158,121,96,26,29,3,5,59,3,170,128,100,26,28,5,6,9,3750,73,739
2019-580,Australian Open,Hard,128,G,20190114,199,105453,8,,Kei Nishikori,R,178,JPN,29.0,105311,,,Joao Sousa,R,185,POR,29.7,7-6(6) 6-1 6-2,5,R32,126,3,3,80,52,40,20,14,1,2,9,1,88,49,36,15,13,2,7,9,3750,44,1017
2019-580,Australian Open,Hard,128,G,20190114,139,111575,10,,Karen Khachanov,R,198,RUS,22.6,105376,,,Peter Gojowczyk,R,188,GER,29.5,3-6 6-3 6-4 6-3,5,R128,151,15,4,99,59,50,17,19,1,3,6,5,129,63,43,33,18,10,15,11,2835,63,805
2019-580,Australian Open,Hard,128,G,20190114,183,111575,10,,Karen Khachanov,R,198,RUS,22.6,106415,,,Yoshihito Nishioka,L,170,JPN,23.2,6-3 6-3 6-3,5,R64,122,16,4,100,64,41,18,14,5,7,4,2,93,66,33,12,13,8,15,11,2835,69,758
2019-580,Australian Open,Hard,128,G,20190114,124,106432,11,,Borna Coric,R,188,CRO,22.1,104327,,,Steve Darcis,R,178,BEL,34.8,6-1 6-4 6-4,5,R128,121,16,3,79,50,42,16,14,3,3,11,1,84,59,37,10,13,5,9,12,2435,321,90
2019-580,Australian Open,Hard,128,G,20190114,176,106432,11,,Borna Coric,R,188,CRO,22.1,105916,,,Marton Fucsovics,R,188,HUN,26.9,6-4 6-3 6-4,5,R64,136,13,5,94,52,41,25,15,4,5,11,4,83,55,38,13,14,0,4,12,2435,38,1094
2019-580,Australian Open,Hard,128,G,20190114,202,106432,11,,Borna Coric,R,188,CRO,22.1,105936,,,Filip Krajinovic,R,185,SRB,26.8,2-6 6-3 6-4 6-3,5,R32,163,14,7,117,75,55,18,18,6,9,12,2,112,77,56,13,18,9,14,12,2435,93,620
2019-580,Australian Open,Hard,128,G,20190114,108,104926,12,,Fabio Fognini,R,178,ITA,31.6,144719,,,Jaume Munar,R,183,ESP,21.6,7-6(3) 7-6(7) 3-1 RET,5,R128,144,12,3,102,68,51,18,14,8,10,7,0,97,65,43,16,14,2,5,13,2315,79,702
2019-580,Australian Open,Hard,128,G,20190114,168,104926,12,,Fabio Fognini,R,178,ITA,31.6,104919,,,Leonardo Mayer,R,188,ARG,31.6,7-6(3) 6-3 7-6(5),5,R64,143,5,3,102,71,59,18,17,1,2,13,2,104,60,46,22,16,3,5,13,2315,53,920
2019-580,Australian Open,Hard,128,G,20190114,140,126774,14,,Stefanos Tsitsipas,R,193,GRE,20.4,126610,,,Matteo Berrettini,R,196,ITA,22.7,6-7(3) 6-4 6-3 7-6(4),5,R128,177,15,4,128,88,71,25,22,2,2,9,8,133,82,66,28,21,4,7,15,2095,54,920
2019-580,Australian Open,Hard,128,G,20190114,167,106421,15,,Daniil Medvedev,R,198,RUS,22.9,105992,,,Ryan Harrison,R,185,USA,26.6,6-3 6-3 6-3,5,R64,91,10,1,65,40,35,18,14,0,0,4,4,77,41,28,14,13,2,7,19,1865,83,660
2019-580,Australian Open,Hard,128,G,20190114,123,105683,16,,Milos Raonic,R,196,CAN,28.0,106401,,,Nick Kyrgios,R,193,AUS,23.7,6-4 7-6(5) 6-4,5,R128,116,30,1,80,58,52,17,16,0,0,15,2,91,68,51,16,16,5,7,17,1900,52,920
2019-580,Australian Open,Hard,128,G,20190114,175,105683,16,,Milos Raonic,R,196,CAN,28.0,104527,,,Stan Wawrinka,R,183,SUI,33.7,6-7(4) 7-6(6) 7-6(11) 7-6(5),5,R64,241,39,6,154,104,87,28,24,1,3,28,2,170,102,84,38,24,5,7,17,1900,59,830
2019-580,Australian Open,Hard,128,G,20190114,201,105683,16,,Milos Raonic,R,196,CAN,28.0,105732,,,Pierre Hugues Herbert,R,188,FRA,27.8,6-4 6-4 7-6(6),5,R32,121,23,2,86,60,51,16,16,0,1,8,2,93,73,51,11,16,1,4,17,1900,55,903
2019-580,Australian Open,Hard,128,G,20190114,193,106043,18,,Diego Schwartzman,R,170,ARG,26.4,106045,,,Denis Kudla,R,180,USA,26.4,6-4 7-5 3-6 6-7(6) 6-4,5,R64,230,11,5,176,119,82,24,27,7,14,17,6,177,108,73,29,26,10,19,16,1925,62,818
2019-580,Australian Open,Hard,128,G,20190114,152,105777,20,,Grigor Dimitrov,R,191,BUL,27.6,104386,,,Janko Tipsarevic,R,180,SRB,34.5,4-6 6-3 6-1 6-4,5,R128,153,18,8,112,69,59,18,18,3,4,6,4,121,70,48,22,18,10,15,21,1790,,
2019-580,Australian Open,Hard,128,G,20190114,190,105777,20,,Grigor Dimitrov,R,191,BUL,27.6,104655,,,Pablo Cuevas,R,180,URU,33.0,6-3 6-7(5) 6-3 7-5,5,R64,169,8,2,133,97,80,21,21,3,3,15,8,152,101,74,22,21,8,11,21,1790,94,616
2019-580,Australian Open,Hard,128,G,20190114,209,105777,20,,Grigor Dimitrov,R,191,BUL,27.6,105341,,,Thomas Fabbiano,R,173,ITA,29.6,7-6(5) 6-4 6-4,5,R32,127,13,3,84,53,45,19,16,2,4,4,2,98,58,38,23,16,1,5,21,1790,102,573
2019-580,Australian Open,Hard,128,G,20190114,104,105676,21,,David Goffin,R,180,BEL,28.1,106426,,,Cristian Garin,R,185,CHI,22.6,6-0 6-2 6-2,5,R128,88,9,3,62,39,30,13,11,1,2,3,3,83,51,26,12,11,10,18,22,1785,89,650
2019-580,Australian Open,Hard,128,G,20190114,166,105676,21,,David Goffin,R,180,BEL,28.1,105657,,,Marius Copil,R,191,ROU,28.2,5-7 7-5 6-2 6-4,5,R64,162,12,2,112,82,66,15,21,1,3,20,3,123,74,53,25,21,3,8,22,1785,60,823
2019-580,Australian Open,Hard,128,G,20190114,136,105138,22,,Roberto Bautista Agut,R,183,ESP,30.7,104918,,,Andy Murray,R,191,GBR,31.6,6-4 6-4 6-7(5) 6-7(4) 6-2,5,R128,249,7,0,147,107,89,24,26,4,5,19,2,156,93,74,31,26,5,10,24,1605,229,220
2019-580,Australian Open,Hard,128,G,20190114,182,105138,22,,Roberto Bautista Agut,R,183,ESP,30.7,105357,,,John Millman,R,183,AUS,29.5,6-3 6-1 3-6 6-7(6) 6-4,5,R64,228,10,2,148,105,74,24,24,6,9,12,4,169,110,71,29,23,10,17,24,1605,37,1108
2019-580,Australian Open,Hard,128,G,20190114,169,105807,23,,Pablo Carreno Busta,R,188,ESP,27.5,125802,,,Ilya Ivashka,R,193,BLR,24.8,6-2 6-3 7-6(7),5,R64,136,5,3,82,47,39,18,15,3,5,11,10,106,56,41,20,14,9,15,23,1705,84,658
2019-580,Australian Open,Hard,128,G,20190114,120,111202,24,,Hyeon Chung,R,188,KOR,22.6,105614,,,Bradley Klahn,L,183,USA,28.4,6-7(5) 6-7(5) 6-3 6-2 6-4,5,R128,217,10,2,145,101,81,29,26,1,2,22,4,164,105,75,35,25,8,14,25,1585,78,704
2019-580,Australian Open,Hard,128,G,20190114,103,133430,25,,Denis Shapovalov,L,185,CAN,19.7,104665,,,Pablo Andujar,R,180,ESP,32.9,6-2 6-3 7-6(3),5,R128,115,15,3,89,58,49,17,15,2,3,1,7,88,55,40,12,14,4,8,27,1440,85,658
2019-580,Australian Open,Hard,128,G,20190114,165,133430,25,,Denis Shapovalov,L,185,CAN,19.7,106121,,,Taro Daniel,R,191,JPN,25.9,6-3 7-6(2) 6-3,5,R64,128,16,4,99,67,56,17,15,7,7,6,5,78,49,41,11,15,0,2,27,1440,82,691
2019-580,Australian Open,Hard,128,G,20190114,181,104269,26,,Fernando Verdasco,L,188,ESP,35.1,105430,,,Radu Albot,R,175,MDA,29.1,6-1 7-6(2) 6-3,5,R64,148,4,3,101,62,47,21,14,7,9,2,1,83,51,29,17,14,5,10,28,1410,98,585
2019-580,Australian Open,Hard,128,G,20190114,160,200282,27,,Alex De Minaur,R,183,AUS,19.9,105155,,,Pedro Sousa,R,180,POR,30.6,6-4 7-5 6-4,5,R128,118,5,2,89,60,46,16,16,1,2,1,2,95,54,36,24,16,4,8,29,1353,103,550
2019-580,Australian Open,Hard,128,G,20190114,128,106298,28,,Lucas Pouille,R,185,FRA,24.8,105062,,,Mikhail Kukushkin,R,183,KAZ,31.0,6-1 7-5 6-4,5,R128,105,20,1,89,58,46,15,15,3,5,4,2,86,50,30,15,14,5,11,31,1245,56,890
2019-580,Australian Open,Hard,128,G,20190114,178,106298,28,,Lucas Pouille,R,185,FRA,24.8,109739,,,Maximilian Marterer,L,188,GER,23.5,7-6(8) 7-6(8) 5-7 6-4,5,R64,202,15,5,141,93,81,25,23,5,6,21,4,154,95,73,39,23,4,5,31,1245,71,744
2019-580,Australian Open,Hard,128,G,20190114,144,104792,30,,Gael Monfils,R,193,FRA,32.3,106000,,,Damir Dzumhur,R,175,BIH,26.6,6-0 6-4 6-0,5,R128,85,10,3,75,45,34,17,11,4,5,2,4,70,43,18,10,11,10,18,33,1195,47,985
2019-580,Australian Open,Hard,128,G,20190114,141,104678,,Q,Viktor Troicki,R,193,SRB,32.9,106148,,,Roberto Carballes Baena,R,183,ESP,25.8,6-1 1-6 2-6 6-1 6-4,5,R128,154,12,0,127,78,55,24,20,2,6,7,3,103,74,53,13,19,1,6,200,252,75,714
2019-580,Australian Open,Hard,128,G,20190114,142,105882,,Q,Stefano Travaglia,R,185,ITA,27.0,105819,,,Guido Andreozzi,R,183,ARG,27.4,6-7(3) 6-2 6-3 6-2,5,R128,164,23,3,116,63,52,30,19,5,6,8,5,111,65,49,17,18,5,11,137,401,77,708
2019-580,Australian Open,Hard,128,G,20190114,161,105967,,Q,Henri Laaksonen,R,185,SUI,26.7,105806,,,Mirza Basic,R,188,BIH,27.5,6-4 7-6(4) 4-6 6-3,5,R128,163,20,2,136,95,68,22,21,5,9,9,6,134,80,54,30,20,8,13,166,319,99,585
2019-580,Australian Open,Hard,128,G,20190114,101,104542,,WC,Jo-Wilfried Tsonga,R,188,FRA,33.7,105373,,,Martin Klizan,L,191,SVK,29.5,6-4 6-4 7-6(5),5,R128,146,23,4,89,53,50,20,16,0,0,8,5,113,75,56,18,16,11,13,177,290,40,1063
2019-580,Australian Open,Hard,128,G,20190114,130,200615,,WC,Alexei Popyrin,R,196,AUS,19.4,104999,,,Mischa Zverev,L,190,GER,31.3,7-5 7-6(7) 6-4,5,R128,119,16,4,97,66,57,23,17,1,1,10,1,121,79,55,25,17,10,12,149,360,70,746
2019-580,Australian Open,Hard,128,G,20190114,105,105657,,,Marius Copil,R,191,ROU,28.2,104719,,,Marcel Granollers,R,191,ESP,32.7,6-3 6-4 6-4,5,R128,105,11,3,88,53,47,15,15,4,5,10,3,76,45,34,13,14,0,4,60,823,108,525
2019-580,Australian Open,Hard,128,G,20190114,106,105992,,,Ryan Harrison,R,185,USA,26.6,106210,,,Jiri Vesely,L,198,CZE,25.5,6-0 7-5 6-3,5,R128,99,20,0,66,42,40,16,14,0,0,10,6,86,51,33,16,13,6,11,83,660,90,633
2019-580,Australian Open,Hard,128,G,20190114,109,104919,,,Leonardo Mayer,R,188,ARG,31.6,111797,,,Nicolas Jarry,R,201,CHI,23.2,7-6(4) 7-6(3) 4-6 6-3,5,R128,192,19,5,127,80,68,31,22,1,2,21,6,139,83,65,32,21,5,6,53,920,45,1015
2019-580,Australian Open,Hard,128,G,20190114,110,125802,,,Ilya Ivashka,R,193,BLR,24.8,104291,,,Malek Jaziri,R,185,TUN,34.9,4-6 7-6(6) 6-1 4-0 RET,5,R128,195,8,12,119,70,51,23,17,10,13,2,5,133,67,42,27,16,15,22,84,658,43,1042
2019-580,Australian Open,Hard,128,G,20190114,113,105311,,,Joao Sousa,R,185,POR,29.7,105550,,,Guido Pella,L,183,ARG,28.6,7-6(2) 4-6 7-6(5) 4-6 6-2,5,R128,241,19,1,177,119,84,33,26,9,13,18,5,170,113,78,33,26,10,14,44,1017,65,790
2019-580,Australian Open,Hard,128,G,20190114,114,103333,,,Ivo Karlovic,R,208,CRO,39.8,128034,,,Hubert Hurkacz,R,196,POL,21.9,6-7(5) 7-6(5) 7-6(3) 7-6(5),5,R128,186,39,5,158,111,95,26,24,3,4,14,4,145,110,90,24,24,2,3,73,739,76,708
2019-580,Australian Open,Hard,128,G,20190114,117,104871,,,Jeremy Chardy,R,188,FRA,31.9,200005,,,Ugo Humbert,L,188,FRA,20.5,3-6 7-6(6) 6-4 6-7(4) 7-6(6),5,R128,244,29,8,187,126,98,30,28,3,6,20,7,187,117,94,36,27,9,12,36,1120,95,613
2019-580,Australian Open,Hard,128,G,20190114,121,105732,,,Pierre Hugues Herbert,R,188,FRA,27.8,105023,,,Sam Querrey,R,198,USA,31.2,5-7 7-6(6) 6-3 6-1,5,R128,158,21,3,116,73,56,28,20,5,7,23,8,138,84,64,20,20,10,15,55,903,49,975
2019-580,Australian Open,Hard,128,G,20190114,122,104527,,,Stan Wawrinka,R,183,SUI,33.7,105208,,,Ernests Gulbis,R,190,LAT,30.3,3-6 3-1 RET,5,R128,60,3,1,43,21,15,11,7,2,4,4,4,42,26,21,5,6,0,1,59,830,86,657
2019-580,Australian Open,Hard,128,G,20190114,125,105916,,,Marton Fucsovics,R,188,HUN,26.9,105077,,,Albert Ramos,L,188,ESP,30.9,6-3 6-4 6-7(5) 6-3,5,R128,193,14,4,139,85,66,27,20,5,7,4,2,125,81,53,26,20,11,16,38,1094,64,790
2019-580,Australian Open,Hard,128,G,20190114,126,105539,,,Evgeny Donskoy,R,185,RUS,28.6,111513,,,Laslo Djere,R,188,SRB,23.6,6-7(5) 6-4 6-1 7-6(5),5,R128,177,13,3,141,81,63,34,21,8,10,15,2,130,79,56,26,20,0,5,96,599,92,627
2019-580,Australian Open,Hard,128,G,20190114,133,111456,,,Mackenzie Mcdonald,R,178,USA,23.7,126094,,,Andrey Rublev,R,188,RUS,21.2,6-4 6-4 2-6 6-4,5,R128,150,8,4,114,63,45,29,19,7,11,6,9,128,66,46,32,19,8,13,81,692,87,655
2019-580,Australian Open,Hard,128,G,20190114,134,105430,,,Radu Albot,R,175,MDA,29.1,111581,,,Michael Mmoh,R,188,USA,21.0,3-6 6-3 6-4 6-2,5,R128,175,10,1,125,90,54,19,18,8,13,4,12,123,70,43,21,18,9,17,98,585,107,526
2019-580,Australian Open,Hard,128,G,20190114,137,105357,,,John Millman,R,183,AUS,29.5,105643,,,Federico Delbonis,L,193,ARG,28.2,6-3 3-6 7-6(3) 6-2,5,R128,157,11,3,115,80,65,15,19,8,11,6,2,119,72,46,26,19,4,9,37,1108,80,696
2019-580,Australian Open,Hard,128,G,20190114,138,106415,,,Yoshihito Nishioka,L,170,JPN,23.2,105815,,,Tennys Sandgren,R,188,USA,27.4,6-4 7-6(5) 4-6 6-4,5,R128,192,10,2,156,109,75,26,21,19,22,18,5,145,73,54,35,21,4,8,69,758,41,1058
2019-580,Australian Open,Hard,128,G,20190114,145,126203,,,Taylor Fritz,R,196,USA,21.2,111815,,,Cameron Norrie,L,188,GBR,23.3,6-3 7-6(6) 6-2,5,R128,124,15,1,102,66,50,23,15,5,6,8,1,109,70,49,16,14,8,12,50,964,68,760
2019-580,Australian Open,Hard,128,G,20190114,150,111442,,,Jordan Thompson,R,183,AUS,24.7,103852,,,Feliciano Lopez,L,188,ESP,37.3,6-1 7-6(0) 6-3,5,R128,112,9,1,81,60,49,15,14,0,0,9,3,80,51,35,11,14,5,8,72,740,66,770
2019-580,Australian Open,Hard,128,G,20190114,153,104655,,,Pablo Cuevas,R,180,URU,33.0,105583,,,Dusan Lajovic,R,183,SRB,28.5,6-4 7-5 6-1,5,R128,121,5,0,80,46,32,22,15,3,5,5,4,103,69,46,8,14,8,15,94,616,46,1010
2019-580,Australian Open,Hard,128,G,20190114,157,104898,,,Robin Haase,R,191,NED,31.7,104198,,,Guillermo Garcia Lopez,R,188,ESP,35.6,7-5 6-4 7-5,5,R128,135,9,3,109,59,47,26,17,4,5,5,5,101,64,46,19,17,6,10,58,860,100,582
2019-580,Australian Open,Hard,128,G,20190114,162,105051,,,Matthew Ebden,R,188,AUS,31.1,105526,,,Jan Lennard Struff,R,193,GER,28.7,1-6 6-4 6-3 6-4,5,R128,142,12,11,101,61,44,20,18,6,11,12,9,118,56,40,25,18,5,11,48,981,51,945
2019-580,Australian Open,Hard,128,G,20190114,177,105936,,,Filip Krajinovic,R,185,SRB,26.8,105539,,,Evgeny Donskoy,R,185,RUS,28.6,6-4 7-6(8) 7-6(2),5,R64,172,15,2,122,78,54,26,17,7,10,11,3,146,93,61,23,17,7,11,93,620,96,599
2019-580,Australian Open,Hard,128,G,20190114,189,104312,,,Andreas Seppi,R,190,ITA,34.8,111442,,,Jordan Thompson,R,183,AUS,24.7,6-3 6-4 6-4,5,R64,114,14,3,77,53,40,13,15,1,3,11,3,100,67,44,10,14,7,13,35,1170,72,740
2019-580,Australian Open,Hard,128,G,20190114,191,105341,,,Thomas Fabbiano,R,173,ITA,29.6,124187,,,Reilly Opelka,R,211,USA,21.3,6-7(15) 6-2 6-4 3-6 7-6(5),5,R64,212,2,4,166,133,106,16,26,4,5,67,8,168,108,92,26,25,2,5,102,573,97,593
2019-580,Australian Open,Hard,128,G,20190114,192,104607,,,Tomas Berdych,R,196,CZE,33.3,104898,,,Robin Haase,R,191,NED,31.7,6-1 6-3 6-3,5,R64,79,7,1,62,43,38,14,13,0,0,4,2,71,38,25,15,12,2,7,57,865,58,860
2019-580,Australian Open,Hard,128,G,20190114,208,126207,,,Frances Tiafoe,R,188,USA,20.9,104312,,,Andreas Seppi,R,190,ITA,34.8,6-7(3) 6-3 4-6 6-4 6-3,5,R32,197,16,5,138,85,68,31,25,4,6,19,4,149,97,72,28,25,5,10,39,1080,35,1170
2020-580,Australian Open,Hard,128,G,20200120,100,104745,1,,Rafael Nadal,L,185,ESP,33.6,106198,,,Hugo Dellien,R,180,BOL,26.5,6-2 6-3 6-0,5,R128,122,5,5,71,44,31,16,12,3,5,0,2,89,64,32,8,11,10,18,1,10235,73,743
2020-580,Australian Open,Hard,128,G,20200120,101,105643,,,Federico Delbonis,L,193,ARG,29.2,105311,,,Joao Sousa,R,185,POR,30.8,6-3 6-4 7-6(3),5,R128,139,11,4,103,68,52,21,16,3,3,4,5,108,60,43,24,15,8,10,76,711,59,891
2020-580,Australian Open,Hard,128,G,20200120,102,105376,,Q,Peter Gojowczyk,R,188,GER,30.5,111153,,Q,Christopher Eubanks,R,201,USA,23.7,7-6(1) 6-3 4-6 6-0,5,R128,125,12,1,118,74,55,28,19,3,4,22,4,116,80,54,15,18,8,12,120,463,221,215
2020-580,Australian Open,Hard,128,G,20200120,103,105807,27,,Pablo Carreno Busta,R,188,ESP,28.5,106075,,LL,Jozef Kovalik,R,183,SVK,27.2,6-4 3-6 6-1 7-6(2),5,R128,157,12,3,104,67,58,20,19,1,3,8,2,110,66,43,26,19,4,8,30,1422,139,379
2020-580,Australian Open,Hard,128,G,20200120,104,106401,23,,Nick Kyrgios,R,193,AUS,24.7,132283,,,Lorenzo Sonego,R,191,ITA,24.6,6-2 7-6(3) 7-6(1),5,R128,133,14,1,87,65,59,12,16,0,0,12,3,99,66,50,17,16,4,6,26,1520,53,990
2020-580,Australian Open,Hard,128,G,20200120,105,104468,,,Gilles Simon,R,183,FRA,35.0,104655,,,Pablo Cuevas,R,180,URU,34.0,6-1 6-3 6-3,5,R128,109,9,2,86,47,38,19,13,7,8,1,0,73,49,27,10,12,3,9,61,890,46,1097
2020-580,Australian Open,Hard,128,G,20200120,106,144707,,,Mikael Ymer,R,183,SWE,21.3,106034,,,Yasutaka Uchiyama,R,183,JPN,27.4,6-4 6-1 6-2,5,R128,119,4,4,93,70,54,10,13,6,6,6,2,76,51,30,9,12,4,9,78,709,93,594
2020-580,Australian Open,Hard,128,G,20200120,107,111575,16,,Karen Khachanov,R,198,RUS,23.6,106408,,Q,Mario Vilella Martinez,R,178,ESP,24.5,4-6 6-4 7-6(4) 6-3,5,R128,170,10,1,115,73,59,30,21,1,2,6,2,127,74,55,31,20,5,7,17,1995,196,254
2020-580,Australian Open,Hard,128,G,20200120,108,104792,10,,Gael Monfils,R,193,FRA,33.3,104229,,,Yen Hsun Lu,R,180,TPE,36.4,6-1 6-4 6-2,5,R128,104,6,4,84,56,44,15,13,7,7,3,3,72,41,26,12,12,3,8,10,2565,,
2020-580,Australian Open,Hard,128,G,20200120,109,103333,,,Ivo Karlovic,R,208,CRO,40.8,105577,,,Vasek Pospisil,R,193,CAN,29.5,7-6(4) 6-4 7-5,5,R128,121,13,3,94,65,58,18,17,1,1,14,7,99,58,48,23,17,3,5,124,436,138,392
2020-580,Australian Open,Hard,128,G,20200120,110,105379,,,Aljaz Bedene,R,181,SLO,30.5,105902,,,James Duckworth,R,183,AUS,27.9,6-4 6-7(5) 6-7(5) 6-2 6-4,5,R128,236,28,4,157,92,80,40,26,6,6,21,15,191,101,80,41,26,5,9,55,950,94,588
2020-580,Australian Open,Hard,128,G,20200120,111,105208,,Q,Ernests Gulbis,R,190,LAT,31.3,200000,20,,Felix Auger Aliassime,R,193,CAN,19.4,7-5 4-6 7-6(4) 6-4,5,R128,215,14,3,133,75,59,35,22,4,6,8,7,140,86,67,25,22,12,15,256,179,22,1701
2020-580,Australian Open,Hard,128,G,20200120,112,126203,29,,Taylor Fritz,R,196,USA,22.2,134868,,Q,Tallon Griekspoor,R,188,NED,23.5,6-3 6-3 6-3,5,R128,86,17,0,69,45,44,13,14,2,2,4,3,89,58,40,12,13,4,8,34,1335,175,288
2020-580,Australian Open,Hard,128,G,20200120,113,104731,,,Kevin Anderson,R,203,RSA,33.6,125802,,Q,Ilya Ivashka,R,193,BLR,25.9,6-4 2-6 4-6 6-4 7-6(8),5,R128,234,16,3,161,105,78,25,25,8,13,11,6,155,103,76,27,25,4,8,122,445,149,354
2020-580,Australian Open,Hard,128,G,20200120,114,106109,,WC,Alex Bolt,L,183,AUS,27.0,105077,,,Albert Ramos,L,188,ESP,32.0,7-6(1) 1-6 6-7(5) 6-1 6-4,5,R128,204,11,3,133,80,57,30,24,4,9,9,4,165,111,76,25,24,6,13,140,377,42,1130
2020-580,Australian Open,Hard,128,G,20200120,115,106233,5,,Dominic Thiem,R,185,AUT,26.3,105173,,,Adrian Mannarino,L,180,FRA,31.5,6-3 7-5 6-2,5,R128,141,7,4,96,57,44,21,15,6,7,5,3,86,49,28,19,14,5,10,5,5890,44,1111
2020-580,Australian Open,Hard,128,G,20200120,116,106421,4,,Daniil Medvedev,R,198,RUS,23.9,126207,,,Frances Tiafoe,R,188,USA,21.9,6-3 4-6 6-4 6-2,5,R128,156,13,12,120,63,45,26,19,6,11,3,2,115,75,45,17,18,5,14,4,5960,50,1050
2020-580,Australian Open,Hard,128,G,20200120,117,124079,,Q,Pedro Martinez,R,185,ESP,22.7,136440,,,Dominik Koepfer,L,180,GER,25.7,6-3 6-4 7-5,5,R128,129,1,3,93,60,44,20,16,6,7,10,1,99,72,50,11,15,6,10,168,300,89,609
2020-580,Australian Open,Hard,128,G,20200120,118,144719,,,Jaume Munar,R,183,ESP,22.7,200384,,WC,Hugo Gaston,L,173,FRA,19.3,7-5 5-7 6-0 6-3,5,R128,209,2,2,148,95,62,25,20,12,17,5,1,149,96,60,16,19,19,28,90,608,247,189
2020-580,Australian Open,Hard,128,G,20200120,119,200615,,,Alexei Popyrin,R,196,AUS,20.4,104542,28,,Jo-Wilfried Tsonga,R,188,FRA,34.7,6-7(5) 6-2 6-1 0-0 RET,5,R128,101,12,2,81,53,40,22,14,4,4,11,3,70,47,36,9,13,2,6,96,585,33,1340
2020-580,Australian Open,Hard,128,G,20200120,120,104545,19,,John Isner,R,208,USA,34.7,106329,,,Thiago Monteiro,L,183,BRA,25.6,6-7(5) 7-6(4) 7-6(7) 7-6(5),5,R128,207,46,4,159,121,99,23,24,3,3,18,4,155,120,102,18,24,2,2,19,1860,86,640
2020-580,Australian Open,Hard,128,G,20200120,121,126214,,Q,Alejandro Tabilo,L,188,CHI,22.6,123755,,Q,Daniel Elahi Galan,R,191,COL,23.5,4-6 6-3 6-4 6-7(6) 6-4,5,R128,203,5,3,156,103,72,33,26,6,9,10,0,168,121,87,21,25,6,11,208,233,186,269
2020-580,Australian Open,Hard,128,G,20200120,122,104312,,,Andreas Seppi,R,190,ITA,35.9,200175,,,Miomir Kecmanovic,R,183,SRB,20.3,6-4 6-4 7-6(3),5,R128,121,10,1,91,55,43,22,16,0,1,7,1,109,65,43,22,16,5,8,85,646,54,959
2020-580,Australian Open,Hard,128,G,20200120,123,104527,15,,Stan Wawrinka,R,183,SUI,34.8,106000,,,Damir Dzumhur,R,175,BIH,27.6,7-5 6-7(4) 6-4 6-4,5,R128,176,21,1,119,70,57,36,22,2,2,1,3,135,94,65,24,22,4,7,15,2045,92,594
2020-580,Australian Open,Hard,128,G,20200120,124,105676,11,,David Goffin,R,180,BEL,29.1,104871,,,Jeremy Chardy,R,188,FRA,32.9,6-4 6-3 6-1,5,R128,108,8,2,78,47,39,15,13,2,3,2,5,79,44,28,13,13,3,9,11,2555,58,920
2020-580,Australian Open,Hard,128,G,20200120,125,105732,,,Pierre Hugues Herbert,R,188,FRA,28.8,111815,,,Cameron Norrie,L,188,GBR,24.4,7-5 3-6 3-6 7-5 6-4,5,R128,222,14,5,171,88,61,44,26,11,16,8,5,152,111,77,23,26,7,12,64,865,62,885
2020-580,Australian Open,Hard,128,G,20200120,126,105216,,,Yuichi Sugita,R,173,JPN,31.3,200611,,Q,Elliot Benchetrit,R,193,MAR,21.3,6-2 6-0 6-3,5,R128,75,7,0,64,40,34,16,12,1,1,6,1,56,33,13,14,11,1,7,91,608,231,205
2020-580,Australian Open,Hard,128,G,20200120,127,126094,17,,Andrey Rublev,R,188,RUS,22.2,106331,,WC,Christopher Oconnell,R,183,AUS,25.6,6-3 0-6 6-4 7-6(5),5,R128,135,8,2,101,61,46,23,19,1,6,15,3,134,85,63,22,18,11,15,16,2004,115,481
2020-580,Australian Open,Hard,128,G,20200120,128,105932,26,,Nikoloz Basilashvili,R,185,GEO,27.9,126952,,,Soon Woo Kwon,R,180,KOR,22.1,6-7(5) 6-4 7-5 3-6 6-3,5,R128,235,22,4,193,109,80,37,26,11,16,14,4,173,116,75,28,26,11,18,29,1485,87,637
2020-580,Australian Open,Hard,128,G,20200120,129,104269,,,Fernando Verdasco,L,188,ESP,36.1,105539,,LL,Evgeny Donskoy,R,185,RUS,29.7,7-5 6-2 6-1,5,R128,97,5,2,71,53,45,12,14,1,1,5,6,86,48,29,17,13,5,10,51,1050,106,522
2020-580,Australian Open,Hard,128,G,20200120,130,106078,,,Egor Gerasimov,R,196,BLR,27.1,134770,,,Casper Ruud,R,183,NOR,21.0,6-3 7-6(6) 1-6 4-6 7-6(6),5,R128,214,21,3,159,112,80,26,25,4,8,13,5,168,121,86,27,25,10,13,98,575,48,1079
2020-580,Australian Open,Hard,128,G,20200120,131,100644,7,,Alexander Zverev,R,198,GER,22.7,106065,,,Marco Cecchinato,R,185,ITA,27.3,6-4 7-6(4) 6-3,5,R128,143,8,4,109,92,66,8,16,8,11,3,1,115,73,44,20,15,7,12,7,3345,77,710
2020-580,Australian Open,Hard,128,G,20200120,132,126610,8,,Matteo Berrettini,R,196,ITA,23.7,106302,,WC,Andrew Harris,R,183,AUS,25.8,6-3 6-1 6-3,5,R128,114,11,5,78,39,33,22,13,2,2,4,4,83,59,39,7,12,4,9,8,2870,162,316
2020-580,Australian Open,Hard,128,G,20200120,133,105815,,,Tennys Sandgren,R,188,USA,28.4,105477,,Q,Marco Trungelliti,R,178,ARG,29.9,6-1 6-4 7-5,5,R128,122,13,2,98,60,49,22,15,4,4,6,3,90,63,41,13,14,5,9,100,573,202,238
2020-580,Australian Open,Hard,128,G,20200120,134,105575,,,Ricardas Berankis,R,175,LTU,29.5,106148,,,Roberto Carballes Baena,R,183,ESP,26.8,6-4 6-2 6-2,5,R128,118,4,2,81,44,33,21,13,3,5,2,2,78,43,27,11,13,4,11,69,804,83,664
2020-580,Australian Open,Hard,128,G,20200120,135,105023,,,Sam Querrey,R,198,USA,32.2,106432,25,,Borna Coric,R,188,CRO,23.1,6-3 6-4 6-4,5,R128,104,18,1,76,50,41,17,15,1,2,7,4,84,47,33,20,14,7,11,45,1100,28,1490
2020-580,Australian Open,Hard,128,G,20200120,136,105550,22,,Guido Pella,L,183,ARG,29.6,105441,,WC,John Patrick Smith,L,188,AUS,30.9,6-3 7-5 6-4,5,R128,126,6,1,84,60,45,18,16,2,3,8,1,99,71,46,13,15,6,10,25,1585,308,130
2020-580,Australian Open,Hard,128,G,20200120,137,106296,,,Gregoire Barrere,R,183,FRA,25.9,105633,,Q,Mohamed Safwat,R,180,EGY,29.3,6-7(8) 7-6(1) 6-4 7-6(5),5,R128,207,17,8,159,92,67,39,23,7,12,10,7,177,115,75,29,23,13,19,84,649,173,291
2020-580,Australian Open,Hard,128,G,20200120,138,111442,,,Jordan Thompson,R,183,AUS,25.7,122330,,,Alexander Bublik,R,196,KAZ,22.5,6-4 6-3 6-2,5,R128,138,5,1,110,69,45,23,14,11,12,7,12,86,46,32,14,13,10,16,66,843,56,948
2020-580,Australian Open,Hard,128,G,20200120,139,104926,12,,Fabio Fognini,R,178,ITA,32.6,124187,,,Reilly Opelka,R,211,USA,22.3,3-6 6-7(3) 6-4 6-3 7-6(5),5,R128,218,11,6,146,87,66,43,26,4,5,35,4,168,118,88,27,26,3,6,12,2310,38,1227
2020-580,Australian Open,Hard,128,G,20200120,140,105916,,,Marton Fucsovics,R,188,HUN,27.9,133430,13,,Denis Shapovalov,L,185,CAN,20.7,6-3 6-7(7) 6-1 7-6(3),5,R128,193,3,5,126,80,65,25,20,6,7,7,8,142,86,65,22,20,5,11,67,827,13,2200
2020-580,Australian Open,Hard,128,G,20200120,141,206173,,,Jannik Sinner,R,191,ITA,18.4,126845,,Q,Max Purcell,R,185,AUS,21.7,7-6(2) 6-2 6-4,5,R128,139,2,1,91,53,42,20,15,4,6,3,3,106,71,42,17,15,4,9,82,671,216,221
2020-580,Australian Open,Hard,128,G,20200120,142,126205,,,Tommy Paul,R,185,USA,22.6,104919,,,Leonardo Mayer,R,188,ARG,32.6,4-6 6-4 6-4 6-4,5,R128,159,5,1,100,67,47,25,20,3,7,6,5,124,75,52,22,20,5,11,80,696,101,564
2020-580,Australian Open,Hard,128,G,20200120,143,105777,18,,Grigor Dimitrov,R,191,BUL,28.6,106228,,,Juan Ignacio Londero,R,180,ARG,26.4,4-6 6-2 6-0 6-4,5,R128,150,17,4,103,70,56,16,17,4,5,4,4,110,75,48,14,17,7,13,20,1772,52,1017
2020-580,Australian Open,Hard,128,G,20200120,144,128034,31,,Hubert Hurkacz,R,196,POL,22.9,110602,,Q,Dennis Novak,R,183,AUT,26.3,6-7(4) 1-6 6-2 6-3 6-4,5,R128,185,16,9,155,101,77,21,23,5,8,13,6,139,94,69,19,23,2,7,31,1398,99,574
2020-580,Australian Open,Hard,128,G,20200120,145,105357,,,John Millman,R,183,AUS,30.6,200005,,,Ugo Humbert,L,188,FRA,21.5,7-6(3) 6-3 1-6 7-5,5,R128,204,5,2,142,94,62,25,20,8,12,6,11,125,74,54,25,20,6,10,47,1096,43,1130
2020-580,Australian Open,Hard,128,G,20200120,146,105936,,,Filip Krajinovic,R,185,SRB,27.8,111460,,Q,Quentin Halys,R,191,FRA,23.2,7-6(7) 7-6(1) 3-6 4-6 7-5,5,R128,234,6,1,186,128,89,30,28,8,14,32,15,183,118,94,24,27,8,13,41,1158,215,222
2020-580,Australian Open,Hard,128,G,20200120,147,103819,3,,Roger Federer,R,185,SUI,38.4,105449,,,Steve Johnson,R,188,USA,30.0,6-3 6-2 6-2,5,R128,81,11,1,66,49,40,13,13,1,1,3,2,73,46,26,13,12,4,9,3,6590,75,720
2020-580,Australian Open,Hard,128,G,20200120,148,126774,6,,Stefanos Tsitsipas,R,193,GRE,21.4,106099,,,Salvatore Caruso,R,185,ITA,27.0,6-0 6-2 6-3,5,R128,103,8,2,61,36,33,15,12,0,0,2,1,76,48,27,9,11,7,13,6,5375,95,586
2020-580,Australian Open,Hard,128,G,20200120,149,104259,,,Philipp Kohlschreiber,R,178,GER,36.2,106218,,,Marcos Giron,R,180,USA,26.4,7-5 6-1 6-2,5,R128,116,6,0,85,53,43,17,14,4,5,5,1,95,65,38,13,13,9,15,79,700,107,521
2020-580,Australian Open,Hard,128,G,20200120,150,106426,,,Cristian Garin,R,185,CHI,23.6,105882,,,Stefano Travaglia,R,185,ITA,28.0,6-4 6-3 6-4,5,R128,131,4,1,93,65,47,19,15,6,7,5,5,86,49,33,17,14,5,9,36,1285,74,730
2020-580,Australian Open,Hard,128,G,20200120,151,105683,32,,Milos Raonic,R,196,CAN,29.0,105841,,LL,Lorenzo Giustino,R,180,ITA,28.3,6-2 6-1 6-3,5,R128,87,9,3,60,37,33,15,12,0,0,1,4,82,37,20,21,12,8,14,35,1305,150,347
2020-580,Australian Open,Hard,128,G,20200120,152,105332,21,,Benoit Paire,R,196,FRA,30.7,105649,,,Cedrik Marcel Stebe,L,183,GER,29.2,6-4 3-6 6-3 6-7(2) 6-0,5,R128,199,13,12,165,85,61,43,23,18,21,7,9,153,93,62,30,23,9,16,21,1703,154,340
2020-580,Australian Open,Hard,128,G,20200120,153,105227,,,Marin Cilic,R,198,CRO,31.3,144895,,,Corentin Moutet,L,180,FRA,20.7,6-3 6-2 6-4,5,R128,106,9,1,68,42,35,20,14,3,4,4,6,74,48,30,12,13,4,9,39,1205,70,800
2020-580,Australian Open,Hard,128,G,20200120,154,111581,,WC,Michael Mmoh,R,188,USA,22.0,104665,,,Pablo Andujar,R,180,ESP,33.9,6-1 6-4 6-4,5,R128,119,8,0,91,72,46,11,14,2,5,2,4,81,46,25,16,13,6,13,217,219,63,867
2020-580,Australian Open,Hard,128,G,20200120,155,105138,9,,Roberto Bautista Agut,R,183,ESP,31.7,103852,,,Feliciano Lopez,L,188,ESP,38.3,6-2 6-2 7-5,5,R128,130,2,1,76,56,42,14,14,4,5,12,3,89,54,37,10,14,4,10,9,2630,57,933
2020-580,Australian Open,Hard,128,G,20200120,156,106043,14,,Diego Schwartzman,R,170,ARG,27.4,144750,,,Lloyd Harris,R,193,RSA,22.9,6-4 6-2 6-2,5,R128,105,4,2,76,46,33,20,13,2,3,8,2,79,49,31,12,13,6,12,14,2130,72,746
2020-580,Australian Open,Hard,128,G,20200120,157,200221,,,Alejandro Davidovich Fokina,R,183,ESP,20.6,105613,,Q,Norbert Gombos,R,193,SVK,29.4,4-6 6-4 2-6 6-3 6-2,5,R128,184,3,2,150,102,63,29,23,11,16,7,5,144,90,63,25,22,12,18,88,627,113,498
2020-580,Australian Open,Hard,128,G,20200120,158,117360,,WC,Marc Polmans,R,188,AUS,22.7,105062,,,Mikhail Kukushkin,R,183,KAZ,32.0,6-4 6-3 4-6 6-7(8) 6-4,5,R128,257,22,2,171,121,83,21,26,5,11,7,4,175,110,67,33,25,7,15,133,411,68,816
2020-580,Australian Open,Hard,128,G,20200120,159,105583,24,,Dusan Lajovic,R,183,SRB,29.5,106378,,,Kyle Edmund,R,188,GBR,25.0,7-6(7) 6-3 7-6(4),5,R128,166,9,1,108,73,59,19,17,1,3,4,0,112,67,46,25,16,8,11,27,1516,65,845
2020-580,Australian Open,Hard,128,G,20200120,160,105554,30,,Daniel Evans,R,175,GBR,29.6,111456,,,Mackenzie Mcdonald,R,178,USA,24.7,3-6 4-6 6-1 6-2 6-3,5,R128,201,2,3,128,68,44,37,22,6,11,6,6,157,109,61,21,21,7,16,32,1349,129,419
2020-580,Australian Open,Hard,128,G,20200120,161,106415,,,Yoshihito Nishioka,L,170,JPN,24.3,111513,,,Laslo Djere,R,188,SRB,24.6,6-4 3-6 6-2 7-6(1),5,R128,174,2,2,124,74,45,28,20,5,11,7,5,128,75,48,22,19,6,14,71,797,40,1185
2020-580,Australian Open,Hard,128,G,20200120,162,105147,,WC,Tatsuma Ito,R,180,JPN,31.6,105432,,LL,Prajnesh Gunneswaran,L,188,IND,30.1,6-4 6-2 7-5,5,R128,121,6,4,98,74,52,13,15,2,3,13,0,97,65,44,12,15,7,11,146,362,123,442
2020-580,Australian Open,Hard,128,G,20200120,163,104925,2,,Novak Djokovic,R,188,SRB,32.6,105526,,,Jan Lennard Struff,R,193,GER,29.7,7-6(5) 6-2 2-6 6-1,5,R128,136,14,3,92,60,46,16,18,1,5,13,7,112,63,41,20,17,4,11,2,9720,37,1270
2020-580,Australian Open,Hard,128,G,20200120,164,104745,1,,Rafael Nadal,L,185,ESP,33.6,105643,,,Federico Delbonis,L,193,ARG,29.2,6-3 7-6(4) 6-1,5,R64,150,8,1,89,61,52,17,14,0,0,2,8,110,69,45,18,14,17,20,1,10235,76,711
2020-580,Australian Open,Hard,128,G,20200120,165,105807,27,,Pablo Carreno Busta,R,188,ESP,28.5,105376,,Q,Peter Gojowczyk,R,188,GER,30.5,6-4 6-1 1-6 6-4,5,R64,128,11,2,94,61,44,21,17,6,9,12,4,121,73,52,19,17,12,17,30,1422,120,463
2020-580,Australian Open,Hard,128,G,20200120,166,106401,23,,Nick Kyrgios,R,193,AUS,24.7,104468,,,Gilles Simon,R,183,FRA,35.0,6-2 6-4 4-6 7-5,5,R64,169,28,4,110,76,59,19,20,1,3,8,3,116,76,55,18,20,6,11,26,1520,61,890
2020-580,Australian Open,Hard,128,G,20200120,167,111575,16,,Karen Khachanov,R,198,RUS,23.6,144707,,,Mikael Ymer,R,183,SWE,21.3,6-2 2-6 6-4 3-6 7-6(8),5,R64,274,7,6,163,104,64,22,24,14,24,4,1,189,123,71,28,23,14,24,17,1995,78,709
2020-580,Australian Open,Hard,128,G,20200120,168,104792,10,,Gael Monfils,R,193,FRA,33.3,103333,,,Ivo Karlovic,R,208,CRO,40.8,4-6 7-6(8) 6-4 7-5,5,R64,152,5,7,127,92,79,15,22,1,2,17,8,138,85,71,25,22,4,6,10,2565,124,436
2020-580,Australian Open,Hard,128,G,20200120,169,105208,,Q,Ernests Gulbis,R,190,LAT,31.3,105379,,,Aljaz Bedene,R,181,SLO,30.5,7-5 6-3 6-2,5,R64,140,13,2,90,58,46,23,15,8,8,4,1,80,43,30,18,14,5,9,256,179,55,950
2020-580,Australian Open,Hard,128,G,20200120,170,126203,29,,Taylor Fritz,R,196,USA,22.2,104731,,,Kevin Anderson,R,203,RSA,33.6,4-6 6-7(5) 7-6(4) 6-2 6-2,5,R64,201,20,5,136,85,68,36,25,1,3,21,6,163,109,83,21,25,9,14,34,1335,122,445
2020-580,Australian Open,Hard,128,G,20200120,171,106233,5,,Dominic Thiem,R,185,AUT,26.3,106109,,WC,Alex Bolt,L,183,AUS,27.0,6-2 5-7 6-7(5) 6-1 6-2,5,R64,202,12,3,137,92,76,24,24,5,7,14,5,166,110,67,30,23,17,24,5,5890,140,377
2020-580,Australian Open,Hard,128,G,20200120,172,106421,4,,Daniil Medvedev,R,198,RUS,23.9,124079,,Q,Pedro Martinez,R,185,ESP,22.7,7-5 6-1 6-3,5,R64,129,19,2,84,48,39,23,14,3,4,4,1,93,63,38,10,14,6,12,4,5960,168,300
2020-580,Australian Open,Hard,128,G,20200120,173,200615,,,Alexei Popyrin,R,196,AUS,20.4,144719,,,Jaume Munar,R,183,ESP,22.7,6-2 7-6(5) 6-2,5,R64,124,8,6,95,64,48,18,14,4,4,1,2,92,55,38,17,14,5,9,96,585,90,608
2020-580,Australian Open,Hard,128,G,20200120,174,104545,19,,John Isner,R,208,USA,34.7,126214,,Q,Alejandro Tabilo,L,188,CHI,22.6,6-4 6-3 6-3,5,R64,84,32,2,73,58,50,8,14,0,0,7,5,83,55,38,14,14,3,7,19,1860,208,233
2020-580,Australian Open,Hard,128,G,20200120,175,104527,15,,Stan Wawrinka,R,183,SUI,34.8,104312,,,Andreas Seppi,R,190,ITA,35.9,4-6 7-5 6-3 3-6 6-4,5,R64,218,19,4,138,83,66,29,25,0,5,5,2,155,94,63,34,25,10,16,15,2045,85,646
2020-580,Australian Open,Hard,128,G,20200120,176,105676,11,,David Goffin,R,180,BEL,29.1,105732,,,Pierre Hugues Herbert,R,188,FRA,28.8,6-1 6-4 4-6 1-6 6-3,5,R64,186,3,12,132,82,52,21,22,8,16,9,6,145,81,44,32,21,9,18,11,2555,64,865
2020-580,Australian Open,Hard,128,G,20200120,177,126094,17,,Andrey Rublev,R,188,RUS,22.2,105216,,,Yuichi Sugita,R,173,JPN,31.3,6-2 6-3 7-6(5),5,R64,113,20,2,77,42,38,24,15,0,0,3,3,120,79,49,21,14,8,12,16,2004,91,608
2020-580,Australian Open,Hard,128,G,20200120,178,104269,,,Fernando Verdasco,L,188,ESP,36.1,105932,26,,Nikoloz Basilashvili,R,185,GEO,27.9,4-6 7-6(5) 6-4 6-4,5,R64,169,13,3,128,88,68,22,21,8,11,4,8,139,86,64,25,21,7,11,51,1050,29,1485
2020-580,Australian Open,Hard,128,G,20200120,179,100644,7,,Alexander Zverev,R,198,GER,22.7,106078,,,Egor Gerasimov,R,196,BLR,27.1,7-6(5) 6-4 7-5,5,R64,139,9,0,85,66,57,13,17,1,2,8,4,128,86,60,21,17,11,14,7,3345,98,575
2020-580,Australian Open,Hard,128,G,20200120,180,105815,,,Tennys Sandgren,R,188,USA,28.4,126610,8,,Matteo Berrettini,R,196,ITA,23.7,7-6(7) 6-4 4-6 2-6 7-5,5,R64,203,22,2,146,105,84,23,26,8,11,16,3,154,100,82,31,26,3,5,100,573,8,2870
2020-580,Australian Open,Hard,128,G,20200120,181,105023,,,Sam Querrey,R,198,USA,32.2,105575,,,Ricardas Berankis,R,175,LTU,29.5,7-6(2) 4-6 6-4 6-4,5,R64,155,26,4,112,68,59,23,21,3,6,7,8,136,74,53,33,21,6,10,45,1100,69,804
2020-580,Australian Open,Hard,128,G,20200120,182,105550,22,,Guido Pella,L,183,ARG,29.6,106296,,,Gregoire Barrere,R,183,FRA,25.9,6-1 6-4 3-6 6-3,5,R64,131,6,5,107,77,54,18,18,7,9,3,3,96,60,40,15,17,6,11,25,1585,84,649
2020-580,Australian Open,Hard,128,G,20200120,183,104926,12,,Fabio Fognini,R,178,ITA,32.6,111442,,,Jordan Thompson,R,183,AUS,25.7,7-6(4) 6-1 3-6 4-6 7-6(4),5,R64,245,10,6,164,93,68,42,25,8,11,12,4,169,101,74,34,25,8,11,12,2310,66,843
2020-580,Australian Open,Hard,128,G,20200120,184,105916,,,Marton Fucsovics,R,188,HUN,27.9,206173,,,Jannik Sinner,R,191,ITA,18.4,6-4 6-4 6-3,5,R64,136,6,3,88,55,38,16,15,1,4,0,4,101,55,36,17,14,5,12,67,827,82,671
2020-580,Australian Open,Hard,128,G,20200120,185,126205,,,Tommy Paul,R,185,USA,22.6,105777,18,,Grigor Dimitrov,R,191,BUL,28.6,6-4 7-6(6) 3-6 6-7(3) 7-6(3),5,R64,259,11,5,214,123,86,44,28,9,15,21,8,189,125,85,34,27,11,16,80,696,20,1772
2020-580,Australian Open,Hard,128,G,20200120,186,105357,,,John Millman,R,183,AUS,30.6,128034,31,,Hubert Hurkacz,R,196,POL,22.9,6-4 7-5 6-3,5,R64,148,5,5,117,65,42,23,16,5,10,9,8,81,45,29,11,15,2,10,47,1096,31,1398
2020-580,Australian Open,Hard,128,G,20200120,187,103819,3,,Roger Federer,R,185,SUI,38.4,105936,,,Filip Krajinovic,R,185,SRB,27.8,6-1 6-4 6-1,5,R64,92,14,0,68,47,36,13,12,2,3,4,2,77,57,33,4,12,7,14,3,6590,41,1158
2020-580,Australian Open,Hard,128,G,20200120,188,126774,6,,Stefanos Tsitsipas,R,193,GRE,21.4,104259,,,Philipp Kohlschreiber,R,178,GER,36.2,W/O,5,R64,0,,,,,,,,,,,,,,,,,,,6,5375,79,700
2020-580,Australian Open,Hard,128,G,20200120,189,105683,32,,Milos Raonic,R,196,CAN,29.0,106426,,,Cristian Garin,R,185,CHI,23.6,6-3 6-4 6-2,5,R64,97,19,6,74,39,36,22,14,3,3,2,3,70,54,35,7,13,0,4,35,1305,36,1285
2020-580,Australian Open,Hard,128,G,20200120,190,105227,,,Marin Cilic,R,198,CRO,31.3,105332,21,,Benoit Paire,R,196,FRA,30.7,6-2 6-7(6) 3-6 6-1 7-6(3),5,R64,213,17,6,160,107,85,26,24,6,9,30,10,153,88,73,24,24,4,10,39,1205,21,1703
2020-580,Australian Open,Hard,128,G,20200120,191,105138,9,,Roberto Bautista Agut,R,183,ESP,31.7,111581,,WC,Michael Mmoh,R,188,USA,22.0,5-7 6-2 6-4 6-1,5,R64,164,3,1,100,72,57,16,19,1,2,14,6,134,100,65,11,18,11,17,9,2630,217,219
2020-580,Australian Open,Hard,128,G,20200120,192,106043,14,,Diego Schwartzman,R,170,ARG,27.4,200221,,,Alejandro Davidovich Fokina,R,183,ESP,20.6,6-1 6-4 6-2,5,R64,116,4,5,87,48,33,22,13,3,5,1,3,84,58,30,9,12,7,14,14,2130,88,627
2020-580,Australian Open,Hard,128,G,20200120,193,105583,24,,Dusan Lajovic,R,183,SRB,29.5,117360,,WC,Marc Polmans,R,188,AUS,22.7,6-2 6-4 6-3,5,R64,112,12,0,88,66,46,14,14,5,5,2,1,86,62,34,14,13,4,9,27,1516,133,411
2020-580,Australian Open,Hard,128,G,20200120,194,106415,,,Yoshihito Nishioka,L,170,JPN,24.3,105554,30,,Daniel Evans,R,175,GBR,29.6,6-4 6-3 6-4,5,R64,119,2,1,87,65,49,12,15,2,2,7,1,87,52,37,19,14,3,7,71,797,32,1349
2020-580,Australian Open,Hard,128,G,20200120,195,104925,2,,Novak Djokovic,R,188,SRB,32.6,105147,,WC,Tatsuma Ito,R,180,JPN,31.6,6-1 6-4 6-2,5,R64,95,16,5,64,46,43,10,13,0,0,9,1,77,50,33,9,12,4,9,2,9720,146,362
2020-580,Australian Open,Hard,128,G,20200120,196,104745,1,,Rafael Nadal,L,185,ESP,33.6,105807,27,,Pablo Carreno Busta,R,188,ESP,28.5,6-1 6-2 6-4,5,R32,98,9,0,62,39,34,18,13,0,0,6,1,63,41,29,7,12,5,10,1,10235,30,1422
2020-580,Australian Open,Hard,128,G,20200120,197,106401,23,,Nick Kyrgios,R,193,AUS,24.7,111575,16,,Karen Khachanov,R,198,RUS,23.6,6-2 7-6(5) 6-7(6) 6-7(7) 7-6(8),5,R32,266,33,4,186,125,102,32,28,3,4,21,5,190,129,104,29,28,3,6,26,1520,17,1995
2020-580,Australian Open,Hard,128,G,20200120,198,104792,10,,Gael Monfils,R,193,FRA,33.3,105208,,Q,Ernests Gulbis,R,190,LAT,31.3,7-6(2) 6-4 6-3,5,R32,147,9,6,97,67,52,18,16,4,6,9,6,99,57,37,21,15,4,9,10,2565,256,179
2020-580,Australian Open,Hard,128,G,20200120,199,106233,5,,Dominic Thiem,R,185,AUT,26.3,126203,29,,Taylor Fritz,R,196,USA,22.2,6-2 6-4 6-7(5) 6-4,5,R32,170,12,5,134,90,69,24,20,6,7,20,4,122,85,60,17,20,4,9,5,5890,34,1335
2020-580,Australian Open,Hard,128,G,20200120,200,106421,4,,Daniil Medvedev,R,198,RUS,23.9,200615,,,Alexei Popyrin,R,196,AUS,20.4,6-4 6-3 6-2,5,R32,107,6,3,76,43,33,22,14,1,1,8,7,86,55,37,10,13,3,8,4,5960,96,585
2020-580,Australian Open,Hard,128,G,20200120,201,104527,15,,Stan Wawrinka,R,183,SUI,34.8,104545,19,,John Isner,R,208,USA,34.7,6-4 4-1 RET,5,R32,65,8,0,46,21,18,16,8,3,3,7,1,49,36,23,5,7,5,8,15,2045,19,1860
2020-580,Australian Open,Hard,128,G,20200120,202,126094,17,,Andrey Rublev,R,188,RUS,22.2,105676,11,,David Goffin,R,180,BEL,29.1,2-6 7-6(3) 6-4 7-6(4),5,R32,180,14,3,132,82,64,22,21,1,6,11,1,134,80,56,25,21,2,6,16,2004,11,2555
2020-580,Australian Open,Hard,128,G,20200120,203,100644,7,,Alexander Zverev,R,198,GER,22.7,104269,,,Fernando Verdasco,L,188,ESP,36.1,6-2 6-2 6-4,5,R32,116,15,3,82,61,47,8,13,4,5,3,2,84,49,27,16,13,4,10,7,3345,51,1050
2020-580,Australian Open,Hard,128,G,20200120,204,105815,,,Tennys Sandgren,R,188,USA,28.4,105023,,,Sam Querrey,R,198,USA,32.2,6-4 6-4 6-4,5,R32,112,12,4,102,65,50,17,15,12,14,15,5,90,59,42,9,15,3,8,100,573,45,1100
2020-580,Australian Open,Hard,128,G,20200120,205,104926,12,,Fabio Fognini,R,178,ITA,32.6,105550,22,,Guido Pella,L,183,ARG,29.6,7-6(0) 6-2 6-3,5,R32,129,11,5,95,61,47,19,15,6,8,7,1,87,60,37,13,14,1,6,12,2310,25,1585
2020-580,Australian Open,Hard,128,G,20200120,206,105916,,,Marton Fucsovics,R,188,HUN,27.9,126205,,,Tommy Paul,R,185,USA,22.6,6-1 6-1 6-4,5,R32,106,6,1,72,47,36,17,12,4,4,3,3,71,40,25,12,12,8,14,67,827,80,696
2020-580,Australian Open,Hard,128,G,20200120,207,103819,3,,Roger Federer,R,185,SUI,38.4,105357,,,John Millman,R,183,AUS,30.6,4-6 7-6(2) 6-4 4-6 7-6(8),5,R32,243,16,6,170,111,85,30,27,4,8,11,4,189,118,80,43,27,7,10,3,6590,47,1096
2020-580,Australian Open,Hard,128,G,20200120,208,105683,32,,Milos Raonic,R,196,CAN,29.0,126774,6,,Stefanos Tsitsipas,R,193,GRE,21.4,7-5 6-4 7-6(2),5,R32,150,19,1,97,63,56,20,17,0,0,9,3,106,70,52,18,17,4,6,35,1305,6,5375
2020-580,Australian Open,Hard,128,G,20200120,209,105227,,,Marin Cilic,R,198,CRO,31.3,105138,9,,Roberto Bautista Agut,R,183,ESP,31.7,6-7(3) 6-4 6-0 5-7 6-3,5,R32,250,24,2,149,97,75,28,25,8,10,9,2,168,116,76,27,24,12,19,39,1205,9,2630
2020-580,Australian Open,Hard,128,G,20200120,210,106043,14,,Diego Schwartzman,R,170,ARG,27.4,105583,24,,Dusan Lajovic,R,183,SRB,29.5,6-2 6-3 7-6(7),5,R32,133,3,2,95,60,43,17,15,2,6,5,2,86,57,32,12,14,4,11,14,2130,27,1516
2020-580,Australian Open,Hard,128,G,20200120,211,104925,2,,Novak Djokovic,R,188,SRB,32.6,106415,,,Yoshihito Nishioka,L,170,JPN,24.3,6-3 6-2 6-2,5,R32,85,17,2,62,46,43,11,13,1,1,1,4,74,43,29,12,12,1,6,2,9720,71,797
2020-580,Australian Open,Hard,128,G,20200120,212,104745,1,,Rafael Nadal,L,185,ESP,33.6,106401,23,,Nick Kyrgios,R,193,AUS,24.7,6-3 3-6 7-6(6) 7-6(4),5,R16,218,12,4,120,78,66,27,21,1,3,25,5,151,113,83,14,21,7,9,1,10235,26,1520
2020-580,Australian Open,Hard,128,G,20200120,213,106233,5,,Dominic Thiem,R,185,AUT,26.3,104792,10,,Gael Monfils,R,193,FRA,33.3,6-2 6-4 6-4,5,R16,110,2,1,70,46,39,18,14,0,0,9,0,104,79,48,12,14,10,14,5,5890,10,2565
2020-580,Australian Open,Hard,128,G,20200120,214,104527,15,,Stan Wawrinka,R,183,SUI,34.8,106421,4,,Daniil Medvedev,R,198,RUS,23.9,6-2 2-6 4-6 7-6(2) 6-2,5,R16,205,18,1,138,95,72,22,23,5,8,19,2,143,98,67,25,23,7,11,15,2045,4,5960
2020-580,Australian Open,Hard,128,G,20200120,215,100644,7,,Alexander Zverev,R,198,GER,22.7,126094,17,,Andrey Rublev,R,188,RUS,22.2,6-4 6-4 6-4,5,R16,97,11,3,72,54,49,11,15,0,0,5,5,81,53,41,14,15,4,7,7,3345,16,2004
2020-580,Australian Open,Hard,128,G,20200120,216,105815,,,Tennys Sandgren,R,188,USA,28.4,104926,12,,Fabio Fognini,R,178,ITA,32.6,7-6(5) 7-5 6-7(2) 6-4,5,R16,207,21,2,141,95,69,24,23,5,8,8,3,132,67,52,33,23,0,5,100,573,12,2310
2020-580,Australian Open,Hard,128,G,20200120,217,103819,3,,Roger Federer,R,185,SUI,38.4,105916,,,Marton Fucsovics,R,188,HUN,27.9,4-6 6-1 6-2 6-2,5,R16,131,5,0,103,63,48,21,17,7,9,1,1,89,42,24,25,16,5,12,3,6590,67,827
2020-580,Australian Open,Hard,128,G,20200120,218,105683,32,,Milos Raonic,R,196,CAN,29.0,105227,,,Marin Cilic,R,198,CRO,31.3,6-4 6-3 7-5,5,R16,139,35,3,94,69,55,14,16,4,4,5,3,84,50,38,18,15,5,8,35,1305,39,1205
2020-580,Australian Open,Hard,128,G,20200120,219,104925,2,,Novak Djokovic,R,188,SRB,32.6,106043,14,,Diego Schwartzman,R,170,ARG,27.4,6-3 6-4 6-4,5,R16,126,8,1,86,55,41,21,15,2,3,1,4,89,50,31,19,14,4,8,2,9720,14,2130
2020-580,Australian Open,Hard,128,G,20200120,220,106233,5,,Dominic Thiem,R,185,AUT,26.3,104745,1,,Rafael Nadal,L,185,ESP,33.6,7-6(3) 7-6(4) 4-6 7-6(6),5,QF,250,14,4,140,83,65,28,23,5,9,11,3,151,105,72,24,23,5,8,5,5890,1,10235
2020-580,Australian Open,Hard,128,G,20200120,221,100644,7,,Alexander Zverev,R,198,GER,22.7,104527,15,,Stan Wawrinka,R,183,SUI,34.8,1-6 6-3 6-4 6-2,5,QF,139,13,1,93,74,56,8,17,3,6,4,5,105,59,41,24,17,8,13,7,3345,15,2045
2020-580,Australian Open,Hard,128,G,20200120,222,103819,3,,Roger Federer,R,185,SUI,38.4,105815,,,Tennys Sandgren,R,188,USA,28.4,6-3 2-6 2-6 7-6(8) 6-3,5,QF,211,5,3,171,112,80,31,23,10,14,27,5,150,97,77,24,23,11,13,3,6590,100,573
2020-580,Australian Open,Hard,128,G,20200120,223,104925,2,,Novak Djokovic,R,188,SRB,32.6,105683,32,,Milos Raonic,R,196,CAN,29.0,6-4 6-3 7-6(1),5,QF,169,4,1,101,70,60,15,16,2,2,18,6,128,81,58,20,15,14,16,2,9720,35,1305
2020-580,Australian Open,Hard,128,G,20200120,224,106233,5,,Dominic Thiem,R,185,AUT,26.3,100644,7,,Alexander Zverev,R,198,GER,22.7,3-6 6-4 7-6(3) 7-6(4),5,SF,222,10,4,144,96,74,19,22,9,14,16,3,127,103,70,12,21,5,9,5,5890,7,3345
2020-580,Australian Open,Hard,128,G,20200120,225,104925,2,,Novak Djokovic,R,188,SRB,32.6,103819,3,,Roger Federer,R,185,SUI,38.4,7-6(1) 6-4 6-3,5,SF,138,11,1,102,74,54,15,16,5,7,15,3,104,68,45,15,15,7,11,2,9720,3,6590
2020-580,Australian Open,Hard,128,G,20200120,226,104925,2,,Novak Djokovic,R,188,SRB,32.6,106233,5,,Dominic Thiem,R,185,AUT,26.3,6-4 4-6 2-6 6-3 6-4,5,F,239,9,5,134,87,66,24,24,7,12,13,5,170,108,75,28,23,7,12,2,9720,5,5890
2021-580,Australian Open,Hard,128,G,20210208,100,104925,1,,Novak Djokovic,R,188,SRB,33.7,104871,,,Jeremy Chardy,R,188,FRA,33.9,6-3 6-1 6-2,5,R128,91,9,1,57,43,37,11,12,0,0,3,3,86,51,30,13,12,7,13,1,12030,61,1020
2021-580,Australian Open,Hard,128,G,20210208,101,126207,,,Frances Tiafoe,R,188,USA,23.0,105882,,,Stefano Travaglia,R,185,ITA,29.1,7-6(5) 6-2 6-2,5,R128,111,6,3,87,47,35,18,14,4,8,8,2,83,56,33,8,14,4,12,64,1005,60,1024
2021-580,Australian Open,Hard,128,G,20210208,102,124187,,,Reilly Opelka,R,211,USA,23.4,104229,,,Yen Hsun Lu,R,180,TPE,37.4,6-3 7-6(2) 6-3,5,R128,115,18,2,84,53,45,21,15,1,2,3,4,92,65,43,14,15,5,8,38,1422,1009,10
2021-580,Australian Open,Hard,128,G,20210208,103,126203,27,,Taylor Fritz,R,196,USA,23.2,105077,,,Albert Ramos,L,188,ESP,33.0,7-6(6) 3-6 6-2 7-6(6),5,R128,203,11,4,143,81,59,32,21,11,14,6,4,142,94,61,26,20,6,10,31,1695,46,1210
2021-580,Australian Open,Hard,128,G,20210208,104,104527,17,,Stan Wawrinka,R,183,SUI,35.8,105155,,,Pedro Sousa,R,180,POR,32.7,6-3 6-2 6-4,5,R128,96,7,2,74,41,36,21,14,0,0,2,5,91,54,35,17,13,9,13,18,2365,107,701
2021-580,Australian Open,Hard,128,G,20210208,105,105916,,,Marton Fucsovics,R,188,HUN,29.0,117360,,WC,Marc Polmans,R,188,AUS,23.7,4-6 6-3 6-1 6-7(3) 6-3,5,R128,252,7,6,151,96,66,31,24,9,14,3,8,160,104,61,25,23,15,24,55,1072,126,546
2021-580,Australian Open,Hard,128,G,20210208,106,144895,,,Corentin Moutet,L,180,FRA,21.8,105357,,,John Millman,R,183,AUS,31.6,6-4 6-7(4) 3-6 6-2 6-3,5,R128,225,1,0,148,117,73,19,24,3,7,3,0,154,98,64,27,24,6,13,71,928,39,1421
2021-580,Australian Open,Hard,128,G,20210208,107,105683,14,,Milos Raonic,R,196,CAN,30.1,105948,,,Federico Coria,R,180,ARG,28.9,6-3 6-3 6-2,5,R128,95,17,2,70,47,40,17,13,2,2,2,3,98,67,40,14,13,11,16,14,2630,92,785
2021-580,Australian Open,Hard,128,G,20210208,108,200325,,,Emil Ruusuvuori,R,188,FIN,21.8,104792,10,,Gael Monfils,R,193,FRA,34.4,3-6 6-4 7-5 3-6 6-3,5,R128,226,4,11,195,136,92,25,25,17,23,13,5,162,102,65,29,24,7,13,86,816,11,2860
2021-580,Australian Open,Hard,128,G,20210208,109,124079,,,Pedro Martinez,R,185,ESP,23.7,106415,,,Yoshihito Nishioka,L,170,JPN,25.3,6-7(3) 6-1 6-1 6-1,5,R128,159,7,1,101,70,49,16,17,8,11,4,1,116,65,32,23,16,10,21,87,810,58,1062
2021-580,Australian Open,Hard,128,G,20210208,110,122330,,,Alexander Bublik,R,196,KAZ,23.6,105379,,,Aljaz Bedene,R,181,SLO,31.5,6-4 7-5 5-7 6-4,5,R128,156,41,10,136,89,66,24,22,6,9,15,3,117,74,55,26,22,4,9,45,1220,57,1065
2021-580,Australian Open,Hard,128,G,20210208,111,105583,23,,Dusan Lajovic,R,183,SRB,30.6,104660,,Q,Sergiy Stakhovsky,R,193,UKR,35.0,5-7 6-4 6-3 5-7 6-4,5,R128,204,6,5,148,106,71,25,27,6,11,11,5,168,97,66,38,26,10,17,27,1785,200,332
2021-580,Australian Open,Hard,128,G,20210208,112,105173,32,,Adrian Mannarino,L,180,FRA,32.6,110602,,,Dennis Novak,R,183,AUT,27.4,6-2 6-4 7-6(2),5,R128,141,4,1,94,46,39,27,15,6,8,4,3,93,64,42,11,15,3,8,36,1561,98,752
2021-580,Australian Open,Hard,128,G,20210208,113,200175,,,Miomir Kecmanovic,R,183,SRB,21.4,111794,,,Kamil Majchrzak,R,180,POL,25.0,6-2 6-4 6-3,5,R128,104,8,2,78,53,42,15,14,3,3,7,6,95,65,41,13,13,4,9,41,1353,109,690
2021-580,Australian Open,Hard,128,G,20210208,114,202195,,Q,Maxime Cressy,R,201,USA,23.7,106121,,LL,Taro Daniel,R,191,JPN,28.0,7-6(1) 7-6(3) 6-4,5,R128,147,26,4,91,59,52,21,17,0,1,4,4,129,83,62,18,17,6,8,172,389,118,591
2021-580,Australian Open,Hard,128,G,20210208,115,100644,6,,Alexander Zverev,R,198,GER,23.8,106218,,,Marcos Giron,R,180,USA,27.5,6-7(8) 7-6(5) 6-3 6-2,5,R128,162,16,4,111,77,67,20,21,2,4,6,8,138,81,63,22,20,9,15,7,5615,75,889
2021-580,Australian Open,Hard,128,G,20210208,116,106233,3,,Dominic Thiem,R,185,AUT,27.4,105062,,,Mikhail Kukushkin,R,183,KAZ,33.1,7-6(2) 6-2 6-3,5,R128,160,1,2,75,47,35,17,15,1,4,4,4,127,75,41,21,14,13,20,3,9125,90,796
2021-580,Australian Open,Hard,128,G,20210208,117,136440,,,Dominik Koepfer,L,180,GER,26.7,106198,,LL,Hugo Dellien,R,180,BOL,27.6,7-5 6-2 6-4,5,R128,104,8,4,79,51,42,17,15,1,2,3,4,100,67,44,14,15,6,11,70,931,112,646
2021-580,Australian Open,Hard,128,G,20210208,118,106401,,,Nick Kyrgios,R,193,AUS,25.7,106393,,Q,Frederico Ferreira Silva,L,178,POR,25.8,6-4 6-4 6-4,5,R128,119,14,1,69,55,46,8,15,0,2,5,3,115,79,48,16,15,12,17,47,1190,185,356
2021-580,Australian Open,Hard,128,G,20210208,119,200005,29,,Ugo Humbert,L,188,FRA,22.6,106034,,,Yasutaka Uchiyama,R,183,JPN,28.5,6-3 6-4 6-7(3) 6-3,5,R128,166,14,0,122,82,66,26,20,6,6,9,2,120,76,53,27,20,8,11,34,1671,106,701
2021-580,Australian Open,Hard,128,G,20210208,120,105777,18,,Grigor Dimitrov,R,191,BUL,29.7,105227,,,Marin Cilic,R,198,CRO,32.3,6-4 6-2 7-6(5),5,R128,128,19,2,91,63,52,15,15,3,4,4,2,93,54,42,18,15,6,10,21,2260,43,1325
2021-580,Australian Open,Hard,128,G,20210208,121,106109,,WC,Alex Bolt,L,183,AUS,28.0,105613,,,Norbert Gombos,R,193,SVK,30.4,6-2 6-2 4-6 6-3,5,R128,134,11,3,106,67,50,22,18,0,2,7,2,117,85,52,16,17,12,18,166,400,89,797
2021-580,Australian Open,Hard,128,G,20210208,122,106210,,,Jiri Vesely,L,198,CZE,27.5,106293,,Q,Kimmer Coppejans,R,178,BEL,27.0,6-4 3-6 6-7(3) 6-3 6-3,5,R128,208,22,4,145,100,72,25,25,6,9,18,3,159,108,74,25,24,7,13,68,958,178,368
2021-580,Australian Open,Hard,128,G,20210208,123,105807,15,,Pablo Carreno Busta,R,188,ESP,29.5,105453,,,Kei Nishikori,R,178,JPN,31.1,7-5 7-6(4) 6-2,5,R128,143,12,2,109,78,57,15,16,8,11,3,1,102,68,43,18,16,5,11,16,2585,42,1345
2021-580,Australian Open,Hard,128,G,20210208,124,133430,11,,Denis Shapovalov,L,185,CAN,21.8,206173,,,Jannik Sinner,R,191,ITA,19.4,3-6 6-3 6-2 4-6 6-4,5,R128,235,12,9,157,99,74,28,23,17,20,4,4,145,102,68,24,23,5,10,12,2830,32,1694
2021-580,Australian Open,Hard,128,G,20210208,125,106071,,Q,Bernard Tomic,R,196,AUS,28.3,105216,,,Yuichi Sugita,R,173,JPN,32.3,3-6 6-1 4-1 RET,5,R128,86,10,3,75,48,38,9,11,6,7,6,2,65,35,25,13,10,3,7,233,253,104,723
2021-580,Australian Open,Hard,128,G,20210208,126,105902,,,James Duckworth,R,183,AUS,29.0,106000,,LL,Damir Dzumhur,R,175,BIH,28.7,6-3 6-2 6-4,5,R128,100,6,1,81,48,34,20,14,1,3,3,6,89,56,38,9,13,9,15,105,721,120,572
2021-580,Australian Open,Hard,128,G,20210208,127,200000,20,,Felix Auger Aliassime,R,193,CAN,20.5,105649,,LL,Cedrik Marcel Stebe,L,183,GER,30.3,6-2 6-4 6-2,5,R128,100,7,2,69,49,37,14,13,0,1,2,1,75,51,32,7,13,3,9,19,2346,129,539
2021-580,Australian Open,Hard,128,G,20210208,128,106078,,,Egor Gerasimov,R,196,BLR,28.2,105332,25,,Benoit Paire,R,196,FRA,31.7,6-2 2-6 7-6(5) 7-5,5,R128,192,5,5,160,96,59,30,20,14,21,21,23,152,82,54,26,20,15,23,79,854,29,1738
2021-580,Australian Open,Hard,128,G,20210208,129,106234,,Q,Aslan Karatsev,R,185,RUS,27.4,126149,,,Gianluca Mager,R,188,ITA,26.1,6-3 6-3 6-4,5,R128,98,11,3,69,42,37,17,14,1,2,6,2,86,55,36,12,14,6,11,114,642,96,770
2021-580,Australian Open,Hard,128,G,20210208,130,124186,,LL,Alexandre Muller,R,183,FRA,24.0,106228,,,Juan Ignacio Londero,R,180,ARG,27.4,4-6 6-3 6-0 6-3,5,R128,150,6,3,91,63,44,13,17,0,4,0,7,123,72,40,21,17,2,11,210,305,83,832
2021-580,Australian Open,Hard,128,G,20210208,131,106043,8,,Diego Schwartzman,R,170,ARG,28.4,111200,,Q,Elias Ymer,R,185,SWE,24.8,7-6(3) 6-4 2-6 6-2,5,R128,187,1,4,129,88,52,22,19,11,18,5,6,115,67,41,21,19,5,13,9,3480,205,314
2021-580,Australian Open,Hard,128,G,20210208,132,126094,7,,Andrey Rublev,R,188,RUS,23.3,105870,,,Yannick Hanfmann,R,193,GER,29.2,6-3 6-3 6-4,5,R128,102,17,3,77,52,41,12,14,3,4,7,5,107,76,44,16,14,8,13,8,4429,102,736
2021-580,Australian Open,Hard,128,G,20210208,133,106329,,,Thiago Monteiro,L,183,BRA,26.6,105413,,,Andrej Martin,R,183,SVK,31.3,7-6(6) 6-1 6-2,5,R128,112,7,0,85,58,40,20,14,2,3,6,4,84,56,31,17,13,3,8,74,894,103,734
2021-580,Australian Open,Hard,128,G,20210208,134,103852,,,Feliciano Lopez,L,188,ESP,39.3,111454,,WC,Li Tu,R,183,AUS,24.7,6-7(1) 6-4 7-6(4) 6-4,5,R128,166,21,11,130,62,54,41,22,2,4,19,4,130,78,56,35,22,2,6,65,998,,
2021-580,Australian Open,Hard,128,G,20210208,135,132283,31,,Lorenzo Sonego,R,191,ITA,25.7,105023,,,Sam Querrey,R,198,USA,33.3,7-5 6-4 6-4,5,R128,131,11,4,101,59,46,26,16,2,2,10,6,97,51,40,22,16,7,10,35,1588,52,1085
2021-580,Australian Open,Hard,128,G,20210208,136,134770,24,,Casper Ruud,R,183,NOR,22.1,111442,,,Jordan Thompson,R,183,AUS,26.8,6-3 6-3 2-1 RET,5,R128,92,4,2,61,42,35,12,11,3,3,5,1,71,45,26,13,10,1,4,28,1739,49,1113
2021-580,Australian Open,Hard,128,G,20210208,137,126205,,,Tommy Paul,R,185,USA,23.7,105932,,,Nikoloz Basilashvili,R,185,GEO,28.9,6-4 7-6(0) 6-4,5,R128,130,11,1,102,73,52,15,16,7,10,3,5,106,61,38,21,16,9,14,53,1080,40,1405
2021-580,Australian Open,Hard,128,G,20210208,138,106331,,WC,Christopher Oconnell,R,183,AUS,26.6,105526,,,Jan Lennard Struff,R,193,GER,30.7,7-6(2) 7-6(5) 6-1,5,R128,122,10,3,108,63,55,23,16,6,6,14,3,100,60,49,17,15,2,4,121,568,37,1495
2021-580,Australian Open,Hard,128,G,20210208,139,105430,,,Radu Albot,R,175,MDA,31.2,105138,12,,Roberto Bautista Agut,R,183,ESP,32.8,6-7(1) 6-0 6-4 7-6(5),5,R128,195,11,4,129,78,59,24,20,4,8,7,7,136,90,53,20,20,6,14,85,817,13,2710
2021-580,Australian Open,Hard,128,G,20210208,140,200615,,WC,Alexei Popyrin,R,196,AUS,21.5,105676,13,,David Goffin,R,180,BEL,30.1,3-6 6-4 6-7(4) 7-6(6) 6-3,5,R128,223,12,7,159,94,67,37,26,4,9,8,11,180,107,76,35,26,7,13,113,643,15,2600
2021-580,Australian Open,Hard,128,G,20210208,141,144750,,,Lloyd Harris,R,193,RSA,23.9,111453,,LL,Mikael Torpegaard,R,193,DEN,26.7,4-6 6-3 6-2 6-2,5,R128,145,21,2,95,65,52,21,18,4,5,6,7,103,55,36,26,17,6,11,91,793,188,350
2021-580,Australian Open,Hard,128,G,20210208,142,111456,,,Mackenzie Mcdonald,R,178,USA,25.8,106065,,,Marco Cecchinato,R,185,ITA,28.3,3-6 6-3 6-2 6-2,5,R128,132,14,3,95,62,49,18,17,5,7,3,8,114,74,51,15,17,5,11,192,345,82,838
2021-580,Australian Open,Hard,128,G,20210208,143,106432,22,,Borna Coric,R,188,CRO,24.2,105550,,,Guido Pella,L,183,ARG,30.7,6-3 7-6(5) 7-5,5,R128,143,23,2,94,66,52,18,17,1,3,4,2,108,67,47,19,16,7,11,25,1855,44,1310
2021-580,Australian Open,Hard,128,G,20210208,144,105936,28,,Filip Krajinovic,R,185,SRB,28.9,104898,,LL,Robin Haase,R,191,NED,33.8,7-6(4) 6-3 4-6 6-2,5,R128,134,14,2,112,74,61,21,20,0,2,15,3,106,64,45,25,19,3,7,33,1673,197,340
2021-580,Australian Open,Hard,128,G,20210208,145,104665,,,Pablo Andujar,R,180,ESP,35.0,111460,,Q,Quentin Halys,R,191,FRA,24.2,6-4 7-5 7-5,5,R128,134,2,4,95,70,54,12,17,2,4,17,14,106,59,42,16,17,7,12,59,1044,207,310
2021-580,Australian Open,Hard,128,G,20210208,146,106148,,,Roberto Carballes Baena,R,183,ESP,27.8,105226,,,Attila Balazs,R,180,HUN,32.3,7-5 3-6 6-2 6-3,5,R128,158,8,3,95,70,57,16,19,2,4,6,8,136,72,50,29,19,14,19,99,751,94,779
2021-580,Australian Open,Hard,128,G,20210208,147,106421,4,,Daniil Medvedev,R,198,RUS,24.9,105577,,,Vasek Pospisil,R,193,CAN,30.6,6-2 6-2 6-4,5,R128,107,8,2,74,50,39,16,13,1,1,6,3,78,45,32,12,13,4,9,4,8715,63,1013
2021-580,Australian Open,Hard,128,G,20210208,148,126774,5,,Stefanos Tsitsipas,R,193,GRE,22.4,104468,,,Gilles Simon,R,183,FRA,36.1,6-1 6-2 6-1,5,R128,92,1,1,56,33,27,17,11,0,0,0,6,68,45,26,4,11,3,10,6,5965,66,990
2021-580,Australian Open,Hard,128,G,20210208,149,106423,,WC,Thanasi Kokkinakis,R,193,AUS,24.8,126952,,,Soon Woo Kwon,R,180,KOR,23.1,6-4 6-1 6-1,5,R128,93,19,2,62,41,34,15,12,1,1,2,3,63,35,21,13,12,1,7,267,209,97,768
2021-580,Australian Open,Hard,128,G,20210208,150,207989,,Q,Carlos Alcaraz,R,183,ESP,17.7,122298,,Q,Botic Van De Zandschulp,R,191,NED,25.3,6-1 6-4 6-4,5,R128,114,2,1,84,48,37,23,14,3,4,4,6,90,49,35,16,13,7,12,141,484,151,461
2021-580,Australian Open,Hard,128,G,20210208,151,144707,,,Mikael Ymer,R,183,SWE,22.4,128034,26,,Hubert Hurkacz,R,196,POL,23.9,3-6 6-3 3-6 7-5 6-3,5,R128,224,7,9,184,139,91,20,24,13,17,19,3,135,95,67,23,24,3,8,95,775,30,1735
2021-580,Australian Open,Hard,128,G,20210208,152,111575,19,,Karen Khachanov,R,198,RUS,24.7,126846,,WC,Aleksandar Vukic,R,188,AUS,24.8,6-3 6-7(4) 7-6(2) 6-4,5,R128,186,10,6,146,84,67,33,22,7,9,15,3,131,74,57,29,21,8,12,20,2290,196,341
2021-580,Australian Open,Hard,128,G,20210208,153,105575,,,Ricardas Berankis,R,175,LTU,30.6,111576,,WC,Sumit Nagal,R,178,IND,23.4,6-2 7-5 6-3,5,R128,130,2,5,106,66,48,19,15,9,11,2,2,98,76,45,8,14,8,14,73,909,144,480
2021-580,Australian Open,Hard,128,G,20210208,154,207830,,Q,Tomas Machac,R,183,CZE,20.3,106408,,Q,Mario Vilella Martinez,R,178,ESP,25.6,6-7(5) 7-5 6-0 3-0 RET,5,R128,152,11,1,98,64,51,19,17,5,6,14,10,120,60,41,25,16,6,12,199,333,181,359
2021-580,Australian Open,Hard,128,G,20210208,155,126610,9,,Matteo Berrettini,R,196,ITA,24.8,104731,,,Kevin Anderson,R,203,RSA,34.7,7-6(9) 7-5 6-3,5,R128,143,14,1,95,72,64,15,17,3,3,18,2,112,85,61,16,16,5,7,10,3345,81,845
2021-580,Australian Open,Hard,128,G,20210208,156,104926,16,,Fabio Fognini,R,178,ITA,33.7,105732,,,Pierre Hugues Herbert,R,188,FRA,29.8,6-4 6-2 6-3,5,R128,114,2,8,78,43,34,21,14,0,0,9,3,84,39,28,22,13,6,11,17,2535,84,822
2021-580,Australian Open,Hard,128,G,20210208,157,106099,,,Salvatore Caruso,R,185,ITA,28.1,105967,,Q,Henri Laaksonen,R,185,SUI,28.8,6-2 6-4 6-3,5,R128,107,5,0,74,46,37,13,14,2,4,8,8,99,57,37,12,13,11,18,78,863,139,492
2021-580,Australian Open,Hard,128,G,20210208,158,104655,,,Pablo Cuevas,R,180,URU,35.1,104312,,,Andreas Seppi,R,190,ITA,36.9,6-4 4-6 6-2 6-2,5,R128,140,10,1,101,62,49,23,18,1,3,7,3,104,53,35,28,18,0,6,72,927,108,699
2021-580,Australian Open,Hard,128,G,20210208,159,200282,21,,Alex De Minaur,R,183,AUS,21.9,105815,,,Tennys Sandgren,R,188,USA,29.5,7-5 6-1 6-1,5,R128,108,4,1,64,43,37,15,13,0,0,12,5,99,53,34,18,13,6,12,23,2065,51,1091
2021-580,Australian Open,Hard,128,G,20210208,160,111815,,,Cameron Norrie,L,188,GBR,25.4,105554,30,,Daniel Evans,R,175,GBR,30.7,6-4 4-6 6-4 7-5,5,R128,207,8,4,117,80,57,22,21,3,6,9,7,151,95,62,26,21,11,16,69,935,26,1794
2021-580,Australian Open,Hard,128,G,20210208,161,126128,,Q,Roman Safiullin,R,185,RUS,23.5,125802,,,Ilya Ivashka,R,193,BLR,26.9,6-4 6-3 6-4,5,R128,126,12,2,92,56,43,15,15,7,10,5,5,89,50,31,16,14,9,15,183,357,110,681
2021-580,Australian Open,Hard,128,G,20210208,162,111581,,Q,Michael Mmoh,R,188,USA,23.0,104678,,Q,Viktor Troicki,R,193,SRB,34.9,7-6(3) 6-7(3) 3-6 7-6(3) 7-5,5,R128,246,9,8,184,122,85,25,29,7,13,16,3,178,122,79,32,28,5,11,177,368,202,326
2021-580,Australian Open,Hard,128,G,20210208,163,104745,2,,Rafael Nadal,L,185,ESP,34.6,111513,,,Laslo Djere,R,188,SRB,25.6,6-3 6-4 6-1,5,R128,112,5,1,72,48,40,11,13,4,5,4,5,75,41,26,13,13,5,11,2,9850,56,1068
2021-580,Australian Open,Hard,128,G,20210208,164,104925,1,,Novak Djokovic,R,188,SRB,33.7,126207,,,Frances Tiafoe,R,188,USA,23.0,6-3 6-7(3) 7-6(2) 6-3,5,R64,210,26,5,120,74,62,27,21,1,3,23,8,148,78,58,34,21,9,14,1,12030,64,1005
2021-580,Australian Open,Hard,128,G,20210208,165,126203,27,,Taylor Fritz,R,196,USA,23.2,124187,,,Reilly Opelka,R,211,USA,23.4,4-6 7-6(6) 6-7(4) 7-6(5) 6-2,5,R64,247,18,7,199,122,92,42,27,14,16,43,7,185,122,92,32,27,10,13,31,1695,38,1422
2021-580,Australian Open,Hard,128,G,20210208,166,105916,,,Marton Fucsovics,R,188,HUN,29.0,104527,17,,Stan Wawrinka,R,183,SUI,35.8,7-5 6-1 4-6 2-6 7-6(9),5,R64,239,2,5,134,76,50,38,25,1,6,9,2,170,99,64,38,24,11,17,55,1072,18,2365
2021-580,Australian Open,Hard,128,G,20210208,167,105683,14,,Milos Raonic,R,196,CAN,30.1,144895,,,Corentin Moutet,L,180,FRA,21.8,6-7(1) 6-1 6-1 6-4,5,R64,145,26,6,87,56,52,20,18,0,0,3,3,113,68,42,24,18,10,16,14,2630,71,928
2021-580,Australian Open,Hard,128,G,20210208,168,124079,,,Pedro Martinez,R,185,ESP,23.7,200325,,,Emil Ruusuvuori,R,188,FIN,21.8,1-6 6-3 6-2 7-6(5),5,R64,189,5,5,120,81,52,21,18,5,10,10,3,119,77,44,21,18,8,14,87,810,86,816
2021-580,Australian Open,Hard,128,G,20210208,169,105583,23,,Dusan Lajovic,R,183,SRB,30.6,122330,,,Alexander Bublik,R,196,KAZ,23.6,6-4 7-6(4) 4-6 6-3,5,R64,185,6,3,147,103,72,22,21,17,20,25,10,129,71,57,24,20,5,9,27,1785,45,1220
2021-580,Australian Open,Hard,128,G,20210208,170,105173,32,,Adrian Mannarino,L,180,FRA,32.6,200175,,,Miomir Kecmanovic,R,183,SRB,21.4,6-1 6-2 6-4,5,R64,110,10,2,75,49,40,13,13,2,3,5,2,84,53,30,12,12,10,16,36,1561,41,1353
2021-580,Australian Open,Hard,128,G,20210208,171,100644,6,,Alexander Zverev,R,198,GER,23.8,202195,,Q,Maxime Cressy,R,201,USA,23.7,7-5 6-4 6-3,5,R64,124,15,3,87,62,51,15,16,4,4,10,9,104,64,41,24,15,6,10,7,5615,172,389
2021-580,Australian Open,Hard,128,G,20210208,172,106233,3,,Dominic Thiem,R,185,AUT,27.4,136440,,,Dominik Koepfer,L,180,GER,26.7,6-4 6-0 6-2,5,R64,99,7,2,67,47,38,13,12,2,2,1,3,74,43,26,11,12,6,12,3,9125,70,931
2021-580,Australian Open,Hard,128,G,20210208,173,106401,,,Nick Kyrgios,R,193,AUS,25.7,200005,29,,Ugo Humbert,L,188,FRA,22.6,5-7 6-4 3-6 7-6(2) 6-4,5,R64,205,30,5,152,104,83,24,27,2,5,27,4,169,117,91,23,26,6,9,47,1190,34,1671
2021-580,Australian Open,Hard,128,G,20210208,174,105777,18,,Grigor Dimitrov,R,191,BUL,29.7,106109,,WC,Alex Bolt,L,183,AUS,28.0,7-6(1) 6-1 6-2,5,R64,110,10,4,85,58,47,17,14,4,4,6,3,87,60,33,14,13,5,9,21,2260,166,400
2021-580,Australian Open,Hard,128,G,20210208,175,105807,15,,Pablo Carreno Busta,R,188,ESP,29.5,106210,,,Jiri Vesely,L,198,CZE,27.5,6-3 7-6(3) 2-6 6-4,5,R64,153,3,4,125,77,62,27,20,6,8,36,4,107,75,60,15,19,1,3,16,2585,68,958
2021-580,Australian Open,Hard,128,G,20210208,176,133430,11,,Denis Shapovalov,L,185,CAN,21.8,106071,,Q,Bernard Tomic,R,196,AUS,28.3,6-1 6-3 6-2,5,R64,107,16,7,83,50,42,18,12,7,7,6,5,95,51,29,18,12,5,11,12,2830,233,253
2021-580,Australian Open,Hard,128,G,20210208,177,200000,20,,Felix Auger Aliassime,R,193,CAN,20.5,105902,,,James Duckworth,R,183,AUS,29.0,6-4 6-1 6-2,5,R64,105,19,3,69,43,35,15,13,0,0,3,1,74,50,28,12,12,4,10,19,2346,105,721
2021-580,Australian Open,Hard,128,G,20210208,178,106234,,Q,Aslan Karatsev,R,185,RUS,27.4,106078,,,Egor Gerasimov,R,196,BLR,28.2,6-0 6-1 6-0,5,R64,93,10,2,68,40,29,16,10,5,5,5,5,74,51,20,7,9,8,17,114,642,79,854
2021-580,Australian Open,Hard,128,G,20210208,179,106043,8,,Diego Schwartzman,R,170,ARG,28.4,124186,,LL,Alexandre Muller,R,183,FRA,24.0,6-2 6-0 6-3,5,R64,92,0,1,60,41,28,11,12,2,4,5,5,73,47,19,9,11,6,15,9,3480,210,305
2021-580,Australian Open,Hard,128,G,20210208,180,126094,7,,Andrey Rublev,R,188,RUS,23.3,106329,,,Thiago Monteiro,L,183,BRA,26.6,6-4 6-4 7-6(8),5,R64,128,16,0,93,59,49,25,16,4,4,10,2,110,74,53,22,16,7,9,8,4429,74,894
2021-580,Australian Open,Hard,128,G,20210208,181,103852,,,Feliciano Lopez,L,188,ESP,39.3,132283,31,,Lorenzo Sonego,R,191,ITA,25.7,5-7 3-6 6-3 7-5 6-4,5,R64,198,16,4,154,94,75,34,26,9,11,15,3,141,106,80,21,26,0,3,65,998,35,1588
2021-580,Australian Open,Hard,128,G,20210208,182,134770,24,,Casper Ruud,R,183,NOR,22.1,126205,,,Tommy Paul,R,185,USA,23.7,3-6 6-2 6-4 7-5,5,R64,163,11,4,132,89,59,26,20,10,13,4,4,116,71,48,22,19,6,11,28,1739,53,1080
2021-580,Australian Open,Hard,128,G,20210208,183,105430,,,Radu Albot,R,175,MDA,31.2,106331,,WC,Christopher Oconnell,R,183,AUS,26.6,6-2 7-5 7-6(8),5,R64,140,5,3,103,76,58,15,16,2,3,12,1,104,66,46,18,16,6,10,85,817,121,568
2021-580,Australian Open,Hard,128,G,20210208,184,144750,,,Lloyd Harris,R,193,RSA,23.9,200615,,WC,Alexei Popyrin,R,196,AUS,21.5,6-2 1-6 6-3 6-7(5) 6-3,5,R64,180,25,5,127,82,71,23,23,2,4,21,7,141,82,64,29,22,4,8,91,793,113,643
2021-580,Australian Open,Hard,128,G,20210208,185,111456,,,Mackenzie Mcdonald,R,178,USA,25.8,106432,22,,Borna Coric,R,188,CRO,24.2,6-4 6-2 4-6 6-4,5,R64,149,13,0,115,82,59,23,19,4,5,18,5,106,70,55,16,19,6,10,192,345,25,1855
2021-580,Australian Open,Hard,128,G,20210208,186,105936,28,,Filip Krajinovic,R,185,SRB,28.9,104665,,,Pablo Andujar,R,180,ESP,35.0,6-2 5-7 6-1 6-4,5,R64,177,10,6,125,66,53,27,19,10,13,7,8,118,81,49,14,18,9,16,33,1673,59,1044
2021-580,Australian Open,Hard,128,G,20210208,187,106421,4,,Daniil Medvedev,R,198,RUS,24.9,106148,,,Roberto Carballes Baena,R,183,ESP,27.8,6-2 7-5 6-1,5,R64,104,13,3,76,49,42,13,14,2,4,0,3,72,40,19,13,13,1,8,4,8715,99,751
2021-580,Australian Open,Hard,128,G,20210208,188,126774,5,,Stefanos Tsitsipas,R,193,GRE,22.4,106423,,WC,Thanasi Kokkinakis,R,193,AUS,24.8,6-7(5) 6-4 6-1 6-7(5) 6-4,5,R64,272,17,10,147,93,80,30,26,3,3,23,8,207,129,93,36,25,17,22,6,5965,267,209
2021-580,Australian Open,Hard,128,G,20210208,189,144707,,,Mikael Ymer,R,183,SWE,22.4,207989,,Q,Carlos Alcaraz,R,183,ESP,17.7,2-6 6-4 6-4 7-6(5),5,R64,188,2,8,132,88,56,19,20,7,15,7,5,133,83,52,22,20,10,18,95,775,141,484
2021-580,Australian Open,Hard,128,G,20210208,190,111575,19,,Karen Khachanov,R,198,RUS,24.7,105575,,,Ricardas Berankis,R,175,LTU,30.6,6-2 6-4 6-4,5,R64,117,12,2,77,51,39,20,14,2,2,4,4,109,68,43,19,14,10,14,20,2290,73,909
2021-580,Australian Open,Hard,128,G,20210208,191,126610,9,,Matteo Berrettini,R,196,ITA,24.8,207830,,Q,Tomas Machac,R,183,CZE,20.3,6-3 6-2 4-6 6-3,5,R64,159,19,2,117,78,61,19,18,12,13,9,2,122,78,45,25,18,4,9,10,3345,199,333
2021-580,Australian Open,Hard,128,G,20210208,192,104926,16,,Fabio Fognini,R,178,ITA,33.7,106099,,,Salvatore Caruso,R,185,ITA,28.1,4-6 6-2 2-6 6-3 7-6(12),5,R64,236,5,6,148,81,63,40,24,4,7,10,5,147,81,59,37,23,10,13,17,2535,78,863
2021-580,Australian Open,Hard,128,G,20210208,193,200282,21,,Alex De Minaur,R,183,AUS,21.9,104655,,,Pablo Cuevas,R,180,URU,35.1,6-3 6-3 7-5,5,R64,119,1,0,86,51,44,18,15,2,3,9,2,101,68,45,12,15,9,14,23,2065,72,927
2021-580,Australian Open,Hard,128,G,20210208,194,111815,,,Cameron Norrie,L,188,GBR,25.4,126128,,Q,Roman Safiullin,R,185,RUS,23.5,3-6 7-5 6-3 7-6(3),5,R64,211,8,5,136,96,69,18,21,6,11,5,3,152,91,61,28,21,14,20,69,935,183,357
2021-580,Australian Open,Hard,128,G,20210208,195,104745,2,,Rafael Nadal,L,185,ESP,34.6,111581,,Q,Michael Mmoh,R,188,USA,23.0,6-1 6-4 6-2,5,R64,107,7,3,67,51,43,9,13,0,0,8,4,73,46,27,12,12,6,11,2,9850,177,368
2021-580,Australian Open,Hard,128,G,20210208,196,104925,1,,Novak Djokovic,R,188,SRB,33.7,126203,27,,Taylor Fritz,R,196,USA,23.2,7-6(1) 6-4 3-6 4-6 6-2,5,R32,205,15,5,159,105,79,27,25,9,12,24,1,153,98,69,33,24,5,9,1,12030,31,1695
2021-580,Australian Open,Hard,128,G,20210208,197,105683,14,,Milos Raonic,R,196,CAN,30.1,105916,,,Marton Fucsovics,R,188,HUN,29.0,7-6(2) 5-7 6-2 6-2,5,R32,193,13,5,109,61,51,30,20,1,3,2,7,146,72,49,36,20,7,12,14,2630,55,1072
2021-580,Australian Open,Hard,128,G,20210208,198,105583,23,,Dusan Lajovic,R,183,SRB,30.6,124079,,,Pedro Martinez,R,185,ESP,23.7,6-7(6) 7-5 6-1 6-4,5,R32,193,10,3,120,87,65,18,21,4,6,2,3,151,109,68,18,20,9,16,27,1785,87,810
2021-580,Australian Open,Hard,128,G,20210208,199,100644,6,,Alexander Zverev,R,198,GER,23.8,105173,32,,Adrian Mannarino,L,180,FRA,32.6,6-3 6-3 6-1,5,R32,103,19,6,75,51,45,12,13,3,3,4,3,80,41,25,19,12,7,12,7,5615,36,1561
2021-580,Australian Open,Hard,128,G,20210208,200,106233,3,,Dominic Thiem,R,185,AUT,27.4,106401,,,Nick Kyrgios,R,193,AUS,25.7,4-6 4-6 6-3 6-4 6-4,5,R32,201,14,1,136,86,67,36,25,6,8,25,2,149,108,88,17,24,7,10,3,9125,47,1190
2021-580,Australian Open,Hard,128,G,20210208,201,105777,18,,Grigor Dimitrov,R,191,BUL,29.7,105807,15,,Pablo Carreno Busta,R,188,ESP,29.5,6-0 1-0 RET,5,R32,38,3,0,18,10,9,4,4,1,1,1,0,30,24,9,2,3,4,8,21,2260,16,2585
2021-580,Australian Open,Hard,128,G,20210208,202,200000,20,,Felix Auger Aliassime,R,193,CAN,20.5,133430,11,,Denis Shapovalov,L,185,CAN,21.8,7-5 7-5 6-3,5,R32,148,8,2,95,61,47,20,17,3,5,4,5,98,56,34,21,16,6,11,19,2346,12,2830
2021-580,Australian Open,Hard,128,G,20210208,203,106234,,Q,Aslan Karatsev,R,185,RUS,27.4,106043,8,,Diego Schwartzman,R,170,ARG,28.4,6-3 6-3 6-3,5,R32,112,9,1,90,64,46,16,14,10,11,0,1,64,48,27,8,13,1,6,114,642,9,3480
2021-580,Australian Open,Hard,128,G,20210208,204,126094,7,,Andrey Rublev,R,188,RUS,23.3,103852,,,Feliciano Lopez,L,188,ESP,39.3,7-5 6-2 6-3,5,R32,92,12,3,81,42,39,24,15,3,3,11,7,78,44,32,17,14,5,9,8,4429,65,998
2021-580,Australian Open,Hard,128,G,20210208,205,134770,24,,Casper Ruud,R,183,NOR,22.1,105430,,,Radu Albot,R,175,MDA,31.2,6-1 5-7 6-4 6-4,5,R32,178,9,4,101,58,50,27,20,3,5,3,6,129,76,48,28,19,7,12,28,1739,85,817
2021-580,Australian Open,Hard,128,G,20210208,206,111456,,,Mackenzie Mcdonald,R,178,USA,25.8,144750,,,Lloyd Harris,R,193,RSA,23.9,7-6(7) 6-1 6-4,5,R32,121,12,3,88,58,47,16,15,2,4,9,4,109,75,51,10,14,4,9,192,345,91,793
2021-580,Australian Open,Hard,128,G,20210208,207,106421,4,,Daniil Medvedev,R,198,RUS,24.9,105936,28,,Filip Krajinovic,R,185,SRB,28.9,6-3 6-3 4-6 3-6 6-0,5,R32,186,15,4,130,70,54,31,22,8,11,2,3,142,92,59,24,21,11,18,4,8715,33,1673
2021-580,Australian Open,Hard,128,G,20210208,208,126774,5,,Stefanos Tsitsipas,R,193,GRE,22.4,144707,,,Mikael Ymer,R,183,SWE,22.4,6-4 6-1 6-1,5,R32,94,8,3,66,40,31,16,12,0,1,0,4,76,58,31,5,12,5,12,6,5965,95,775
2021-580,Australian Open,Hard,128,G,20210208,209,126610,9,,Matteo Berrettini,R,196,ITA,24.8,111575,19,,Karen Khachanov,R,198,RUS,24.7,7-6(1) 7-6(5) 7-6(5),5,R32,179,18,1,122,76,64,23,18,2,4,12,3,122,77,56,24,18,4,6,10,3345,20,2290
2021-580,Australian Open,Hard,128,G,20210208,210,104926,16,,Fabio Fognini,R,178,ITA,33.7,200282,21,,Alex De Minaur,R,183,AUS,21.9,6-4 6-3 6-4,5,R32,128,3,3,89,47,35,23,15,1,3,4,3,84,43,27,22,14,3,8,17,2535,23,2065
2021-580,Australian Open,Hard,128,G,20210208,211,104745,2,,Rafael Nadal,L,185,ESP,34.6,111815,,,Cameron Norrie,L,188,GBR,25.4,7-5 6-2 7-5,5,R32,134,7,1,82,56,43,18,16,0,1,9,4,104,74,51,7,16,7,12,2,9850,69,935
2021-580,Australian Open,Hard,128,G,20210208,212,104925,1,,Novak Djokovic,R,188,SRB,33.7,105683,14,,Milos Raonic,R,196,CAN,30.1,7-6(4) 4-6 6-1 6-4,5,R16,176,10,3,121,82,64,23,20,2,3,26,3,123,75,57,23,19,8,11,1,12030,14,2630
2021-580,Australian Open,Hard,128,G,20210208,213,100644,6,,Alexander Zverev,R,198,GER,23.8,105583,23,,Dusan Lajovic,R,183,SRB,30.6,6-4 7-6(5) 6-3,5,R16,141,15,3,97,70,53,14,16,1,3,1,2,114,80,49,18,15,10,14,7,5615,27,1785
2021-580,Australian Open,Hard,128,G,20210208,214,105777,18,,Grigor Dimitrov,R,191,BUL,29.7,106233,3,,Dominic Thiem,R,185,AUT,27.4,6-4 6-4 6-0,5,R16,121,10,1,76,52,37,14,13,5,7,2,2,103,75,41,9,13,8,15,21,2260,3,9125
2021-580,Australian Open,Hard,128,G,20210208,215,106234,,Q,Aslan Karatsev,R,185,RUS,27.4,200000,20,,Felix Auger Aliassime,R,193,CAN,20.5,3-6 1-6 6-3 6-3 6-4,5,R16,205,9,6,123,77,59,22,22,1,6,11,3,125,72,53,27,22,9,14,114,642,19,2346
2021-580,Australian Open,Hard,128,G,20210208,216,126094,7,,Andrey Rublev,R,188,RUS,23.3,134770,24,,Casper Ruud,R,183,NOR,22.1,6-2 7-6(3) 0-0 RET,5,R16,77,4,0,58,35,27,13,10,1,3,5,2,59,41,25,8,10,6,10,8,4429,28,1739
2021-580,Australian Open,Hard,128,G,20210208,217,106421,4,,Daniil Medvedev,R,198,RUS,24.9,111456,,,Mackenzie Mcdonald,R,178,USA,25.8,6-4 6-2 6-3,5,R16,89,7,2,71,46,36,15,14,0,1,1,2,70,42,28,12,13,1,7,4,8715,192,345
2021-580,Australian Open,Hard,128,G,20210208,218,126774,5,,Stefanos Tsitsipas,R,193,GRE,22.4,126610,9,,Matteo Berrettini,R,196,ITA,24.8,W/O,5,R16,0,,,,,,,,,,,,,,,,,,,6,5965,10,3345
2021-580,Australian Open,Hard,128,G,20210208,219,104745,2,,Rafael Nadal,L,185,ESP,34.6,104926,16,,Fabio Fognini,R,178,ITA,33.7,6-3 6-4 6-2,5,R16,136,6,3,72,43,33,20,14,4,6,7,3,100,56,36,18,13,13,19,2,9850,17,2535
2021-580,Australian Open,Hard,128,G,20210208,220,104925,1,,Novak Djokovic,R,188,SRB,33.7,100644,6,,Alexander Zverev,R,198,GER,23.8,6-7(6) 6-2 6-4 7-6(6),5,QF,210,23,5,162,119,86,19,21,9,12,21,5,126,81,60,22,21,3,9,1,12030,7,5615
2021-580,Australian Open,Hard,128,G,20210208,221,106234,,Q,Aslan Karatsev,R,185,RUS,27.4,105777,18,,Grigor Dimitrov,R,191,BUL,29.7,2-6 6-4 6-1 6-2,5,QF,152,9,6,105,58,39,26,17,10,14,9,7,98,63,38,15,16,3,11,114,642,21,2260
2021-580,Australian Open,Hard,128,G,20210208,222,106421,4,,Daniil Medvedev,R,198,RUS,24.9,126094,7,,Andrey Rublev,R,188,RUS,23.3,7-5 6-3 6-2,5,QF,125,14,4,90,54,43,19,15,4,5,8,3,85,40,25,25,14,6,11,4,8715,8,4429
2021-580,Australian Open,Hard,128,G,20210208,223,126774,5,,Stefanos Tsitsipas,R,193,GRE,22.4,104745,2,,Rafael Nadal,L,185,ESP,34.6,3-6 2-6 7-6(4) 6-4 7-5,5,QF,245,17,0,136,84,66,36,26,1,4,15,2,151,103,80,28,25,3,5,6,5965,2,9850
2021-580,Australian Open,Hard,128,G,20210208,224,104925,1,,Novak Djokovic,R,188,SRB,33.7,106234,,Q,Aslan Karatsev,R,185,RUS,27.4,6-3 6-4 6-2,5,SF,113,17,2,81,55,39,16,14,3,5,6,2,66,34,22,11,13,1,7,1,12030,114,642
2021-580,Australian Open,Hard,128,G,20210208,225,106421,4,,Daniil Medvedev,R,198,RUS,24.9,126774,5,,Stefanos Tsitsipas,R,193,GRE,22.4,6-4 6-2 7-5,5,SF,129,17,2,82,56,49,12,15,2,3,3,3,101,70,43,13,15,4,9,4,8715,6,5965
2021-580,Australian Open,Hard,128,G,20210208,226,104925,1,,Novak Djokovic,R,188,SRB,33.7,106421,4,,Daniil Medvedev,R,198,RUS,24.9,7-5 6-2 6-2,5,F,113,3,2,78,52,38,15,14,2,4,6,4,77,49,34,9,14,4,11,1,12030,4,8715
2022-580,Australian Open,Hard,128,G,20220117,100,200175,,,Miomir Kecmanovic,R,183,SRB,22.3,106099,,LL,Salvatore Caruso,R,185,ITA,29.0,6-4 6-2 6-1,5,R128,116,4,2,72,46,33,15,13,1,3,3,5,83,41,25,12,12,7,15,77,836,146,458
2022-580,Australian Open,Hard,128,G,20220117,101,126205,,,Tommy Paul,R,185,USA,24.6,105062,,Q,Mikhail Kukushkin,R,183,KAZ,34.0,6-3 6-4 6-2,5,R128,99,9,5,84,50,42,17,14,2,3,3,2,79,56,33,12,13,5,10,41,1317,180,362
2022-580,Australian Open,Hard,128,G,20220117,102,106214,,,Oscar Otte,R,193,GER,28.5,202358,,WC,Chun Hsin Tseng,R,175,TPE,20.4,6-4 6-3 6-2,5,R128,110,9,5,84,51,42,12,14,7,10,0,4,88,42,23,21,13,6,13,96,748,190,348
2022-580,Australian Open,Hard,128,G,20220117,103,132283,25,,Lorenzo Sonego,R,191,ITA,26.6,105023,,,Sam Querrey,R,198,USA,34.2,7-5 6-3 6-3,5,R128,134,10,3,107,81,58,16,15,9,9,2,2,108,69,51,13,15,8,12,26,1860,110,685
2022-580,Australian Open,Hard,128,G,20220117,104,104792,17,,Gael Monfils,R,193,FRA,35.3,105948,,,Federico Coria,R,180,ARG,29.8,6-1 6-1 6-3,5,R128,95,11,2,73,42,34,17,12,6,6,2,3,70,43,24,11,11,4,10,20,2373,64,976
2022-580,Australian Open,Hard,128,G,20220117,105,122330,,,Alexander Bublik,R,196,KAZ,24.5,124014,,LL,Ernesto Escobedo,R,185,MEX,25.5,3-6 7-6(5) 6-3 6-3,5,R128,152,30,11,130,80,69,18,20,7,9,3,5,130,85,60,23,19,7,11,37,1411,141,497
2022-580,Australian Open,Hard,128,G,20220117,106,124079,,,Pedro Martinez,R,185,ESP,24.7,105643,,,Federico Delbonis,L,193,ARG,31.2,7-6(15) 3-6 6-4 6-2,5,R128,238,7,5,142,94,57,28,20,6,11,3,4,144,106,70,11,19,7,13,61,1001,38,1347
2022-580,Australian Open,Hard,128,G,20220117,107,106426,16,,Cristian Garin,R,185,CHI,25.6,105487,,,Facundo Bagnis,L,183,ARG,31.8,6-3 6-4 5-7 6-7(4) 6-3,5,R128,279,10,7,172,96,70,49,26,6,9,26,4,190,124,85,32,26,11,16,19,2375,72,868
2022-580,Australian Open,Hard,128,G,20220117,108,200624,,,Sebastian Korda,R,196,USA,21.5,111815,12,,Cameron Norrie,L,188,GBR,26.4,6-3 6-0 6-4,5,R128,102,6,5,81,57,44,13,13,3,3,6,2,67,39,24,14,12,5,10,43,1286,12,2900
2022-580,Australian Open,Hard,128,G,20220117,109,144895,,,Corentin Moutet,L,180,FRA,22.7,106298,,WC,Lucas Pouille,R,185,FRA,27.8,3-6 6-3 6-4 6-3,5,R128,171,5,2,122,71,51,26,19,8,11,4,4,114,64,45,23,18,4,10,100,737,160,440
2022-580,Australian Open,Hard,128,G,20220117,110,134868,,,Tallon Griekspoor,R,188,NED,25.5,104926,,,Fabio Fognini,R,178,ITA,34.6,6-1 6-4 6-4,5,R128,106,11,1,79,50,41,19,14,2,2,3,4,84,39,26,22,13,8,12,62,1001,32,1494
2022-580,Australian Open,Hard,128,G,20220117,111,105807,19,,Pablo Carreno Busta,R,188,ESP,30.5,144869,,Q,Tomas Martin Etcheverry,R,196,ARG,22.5,6-1 6-2 7-6(2),5,R128,127,8,2,89,59,45,18,14,3,4,12,3,84,63,45,2,13,3,8,21,2305,131,556
2022-580,Australian Open,Hard,128,G,20220117,112,207989,31,,Carlos Alcaraz,R,183,ESP,18.7,126214,,Q,Alejandro Tabilo,L,188,CHI,24.6,6-2 6-2 6-3,5,R128,114,12,3,68,42,33,15,13,0,1,2,3,103,66,35,16,12,9,16,31,1609,135,518
2022-580,Australian Open,Hard,128,G,20220117,113,105583,,,Dusan Lajovic,R,183,SRB,31.5,105916,,,Marton Fucsovics,R,188,HUN,29.9,6-3 4-6 6-1 6-7(6) 6-1,5,R128,203,9,2,133,100,78,15,23,2,4,10,8,155,98,62,29,22,7,14,39,1346,35,1457
2022-580,Australian Open,Hard,128,G,20220117,114,111578,,WC,Stefan Kozlov,R,183,USA,23.9,106210,,,Jiri Vesely,L,198,CZE,28.5,7-5 6-3 6-4,5,R128,155,5,7,96,66,52,18,16,4,4,3,4,98,58,45,18,15,5,8,169,401,78,824
2022-580,Australian Open,Hard,128,G,20220117,115,126610,7,,Matteo Berrettini,R,196,ITA,25.7,206909,,,Brandon Nakashima,R,188,USA,20.4,4-6 6-2 7-6(5) 6-3,5,R128,190,21,2,129,78,57,30,20,8,9,12,2,117,77,57,19,19,8,11,7,4568,68,917
2022-580,Australian Open,Hard,128,G,20220117,116,100644,3,,Alexander Zverev,R,198,GER,24.7,127157,,,Daniel Altmaier,R,188,GER,23.3,7-6(3) 6-1 7-6(1),5,R128,158,14,6,91,65,57,10,16,0,1,1,3,127,73,48,22,15,14,18,3,7970,87,792
2022-580,Australian Open,Hard,128,G,20220117,117,105357,,,John Millman,R,183,AUS,32.5,103852,,,Feliciano Lopez,L,188,ESP,40.3,6-1 6-3 4-6 7-5,5,R128,172,6,0,121,77,55,25,19,5,7,26,5,132,78,57,18,19,15,21,89,788,109,696
2022-580,Australian Open,Hard,128,G,20220117,118,105430,,Q,Radu Albot,R,175,MDA,32.1,106415,,,Yoshihito Nishioka,L,170,JPN,26.3,6-3 6-4 4-6 6-2,5,R128,154,7,5,103,66,52,20,19,1,4,3,2,109,66,42,23,18,2,8,124,587,119,610
2022-580,Australian Open,Hard,128,G,20220117,119,126846,,WC,Aleksandar Vukic,R,188,AUS,25.7,144750,30,,Lloyd Harris,R,193,RSA,24.8,4-6 6-3 7-5 7-6(3),5,R128,175,11,1,142,82,68,36,22,4,5,14,2,134,95,70,21,21,7,9,144,477,33,1473
2022-580,Australian Open,Hard,128,G,20220117,120,124187,23,,Reilly Opelka,R,211,USA,24.3,104731,,,Kevin Anderson,R,203,RSA,35.6,6-3 6-4 7-6(3),5,R128,104,23,0,76,56,51,18,16,0,0,11,3,83,53,44,16,15,1,3,29,1776,97,744
2022-580,Australian Open,Hard,128,G,20220117,121,136440,,,Dominik Koepfer,L,180,GER,27.7,126535,,,Carlos Taberner,R,183,ESP,24.4,6-1 3-6 6-4 6-1,5,R128,147,7,5,88,60,47,14,17,2,4,3,6,101,51,35,19,16,3,10,53,1096,108,707
2022-580,Australian Open,Hard,128,G,20220117,122,126952,,,Soon Woo Kwon,R,180,KOR,24.1,208029,,,Holger Rune,R,188,DEN,18.7,3-6 6-4 3-6 6-3 6-2,5,R128,185,15,10,146,89,65,24,23,6,12,12,8,134,86,60,18,22,7,14,54,1085,99,742
2022-580,Australian Open,Hard,128,G,20220117,123,133430,14,,Denis Shapovalov,L,185,CAN,22.7,111513,,,Laslo Djere,R,188,SRB,26.6,7-6(3) 6-4 3-6 7-6(3),5,R128,203,13,5,126,71,58,28,22,2,6,6,4,149,91,65,28,21,6,10,14,2593,51,1156
2022-580,Australian Open,Hard,128,G,20220117,124,128034,10,,Hubert Hurkacz,R,196,POL,24.9,106078,,,Egor Gerasimov,R,196,BLR,29.1,6-2 7-6(3) 6-7(5) 6-3,5,R128,192,16,2,152,101,72,24,21,8,12,5,5,137,83,60,21,20,7,14,11,3336,106,714
2022-580,Australian Open,Hard,128,G,20220117,125,105173,,,Adrian Mannarino,L,180,FRA,33.5,105902,,,James Duckworth,R,183,AUS,29.9,6-4 2-6 3-6 6-2 6-1,5,R128,188,18,3,129,79,55,24,21,11,17,14,6,137,71,45,30,21,7,15,69,879,49,1166
2022-580,Australian Open,Hard,128,G,20220117,126,111456,,,Mackenzie Mcdonald,R,178,USA,26.7,110748,,Q,Nikola Milojevic,R,188,SRB,26.5,5-7 6-4 6-3 6-2,5,R128,155,7,3,109,63,50,25,20,3,7,1,4,122,79,49,21,19,12,19,55,1084,139,506
2022-580,Australian Open,Hard,128,G,20220117,127,106234,18,,Aslan Karatsev,R,185,RUS,28.3,144719,,,Jaume Munar,R,183,ESP,24.7,3-6 7-6(1) 6-7(3) 6-4 6-4,5,R128,292,7,8,192,110,72,38,27,9,17,6,4,180,126,78,28,26,19,27,15,2553,71,875
2022-580,Australian Open,Hard,128,G,20220117,128,111575,28,,Karen Khachanov,R,198,RUS,25.6,106045,,,Denis Kudla,R,180,USA,29.4,3-6 6-3 6-2 7-6(2),5,R128,149,17,2,106,71,62,17,19,4,6,5,2,108,65,44,26,19,7,11,30,1748,105,714
2022-580,Australian Open,Hard,128,G,20220117,129,126127,,,Benjamin Bonzi,R,183,FRA,25.6,105376,,,Peter Gojowczyk,R,188,GER,32.5,6-3 6-3 6-3,5,R128,94,21,0,70,46,41,13,14,0,0,11,4,101,51,35,21,13,9,14,63,979,82,802
2022-580,Australian Open,Hard,128,G,20220117,130,105870,,Q,Yannick Hanfmann,R,193,GER,30.1,106423,,WC,Thanasi Kokkinakis,R,193,AUS,25.7,6-2 6-3 6-2,5,R128,127,4,2,84,50,38,21,13,8,8,6,3,79,44,29,14,12,4,9,126,583,103,726
2022-580,Australian Open,Hard,128,G,20220117,131,104745,6,,Rafael Nadal,L,185,ESP,35.6,106218,,,Marcos Giron,R,180,USA,28.4,6-1 6-4 6-2,5,R128,109,7,2,72,51,43,13,13,2,2,2,2,74,49,26,13,12,4,9,5,4875,66,920
2022-580,Australian Open,Hard,128,G,20220117,132,144684,,,Alex Molcan,L,178,SVK,24.1,126128,,LL,Roman Safiullin,R,185,RUS,24.4,6-3 7-6(9) 5-7 7-6(6),5,R128,206,4,4,149,111,81,22,23,3,6,12,0,155,108,77,25,22,5,8,74,839,149,455
2022-580,Australian Open,Hard,128,G,20220117,133,104665,,,Pablo Andujar,R,180,ESP,35.9,106000,,LL,Damir Dzumhur,R,175,BIH,29.6,6-1 7-5 6-1,5,R128,109,0,0,73,62,48,7,13,3,3,1,2,80,55,29,13,13,1,7,83,800,161,429
2022-580,Australian Open,Hard,128,G,20220117,134,111794,,,Kamil Majchrzak,R,180,POL,26.0,104312,,,Andreas Seppi,R,190,ITA,37.9,6-1 6-1 7-5,5,R128,95,9,4,78,46,40,18,13,3,3,4,4,81,42,30,14,13,5,11,107,708,101,736
2022-580,Australian Open,Hard,128,G,20220117,135,200282,32,,Alex De Minaur,R,183,AUS,22.9,207518,,,Lorenzo Musetti,R,185,ITA,19.8,3-6 6-3 6-0 6-3,5,R128,150,4,0,92,63,42,19,17,3,6,2,2,113,69,38,20,16,13,21,42,1316,60,1004
2022-580,Australian Open,Hard,128,G,20220117,136,104918,,WC,Andy Murray,R,191,GBR,34.6,105932,21,,Nikoloz Basilashvili,R,185,GEO,29.9,6-1 3-6 6-4 6-7(5) 6-4,5,R128,232,13,1,144,89,63,30,24,4,10,13,7,158,94,56,31,24,10,19,113,671,23,2051
2022-580,Australian Open,Hard,128,G,20220117,137,106121,,Q,Taro Daniel,R,191,JPN,28.9,144642,,Q,Tomas Barrios Vera,R,191,CHI,24.1,7-6(5) 6-1 6-1,5,R128,119,8,1,70,47,41,16,13,1,1,5,1,92,68,41,9,13,7,12,120,606,147,458
2022-580,Australian Open,Hard,128,G,20220117,138,105449,,,Steve Johnson,R,188,USA,32.0,111442,,,Jordan Thompson,R,183,AUS,27.7,7-6(5) 6-7(6) 4-6 6-3 6-3,5,R128,222,15,5,158,90,72,39,26,2,5,19,3,159,110,82,23,26,10,15,104,724,73,860
2022-580,Australian Open,Hard,128,G,20220117,139,206173,11,,Jannik Sinner,R,191,ITA,20.4,105311,,LL,Joao Sousa,R,185,POR,32.8,6-4 7-5 6-1,5,R128,127,3,2,88,57,42,18,15,0,2,1,3,92,57,31,16,14,5,11,10,3390,140,500
2022-580,Australian Open,Hard,128,G,20220117,140,105138,15,,Roberto Bautista Agut,R,183,ESP,33.7,105882,,,Stefano Travaglia,R,185,ITA,30.0,7-6(2) 6-4 5-7 6-1,5,R128,175,3,1,119,92,61,19,21,4,8,6,6,132,78,47,27,20,10,17,18,2385,98,744
2022-580,Australian Open,Hard,128,G,20220117,141,104259,,,Philipp Kohlschreiber,R,178,GER,38.2,106065,,,Marco Cecchinato,R,185,ITA,29.2,6-4 7-5 7-6(0),5,R128,128,10,3,93,65,58,16,17,1,1,7,2,106,66,45,23,17,5,7,134,533,95,759
2022-580,Australian Open,Hard,128,G,20220117,142,126207,,,Frances Tiafoe,R,188,USA,23.9,105477,,Q,Marco Trungelliti,R,178,ARG,31.9,3-6 6-4 6-2 3-6 6-3,5,R128,172,7,3,145,88,69,25,23,3,6,14,4,130,84,63,20,22,8,12,34,1467,198,326
2022-580,Australian Open,Hard,128,G,20220117,143,126203,20,,Taylor Fritz,R,196,USA,24.2,109739,,Q,Maximilian Marterer,L,188,GER,26.5,7-6(8) 6-3 6-2,5,R128,113,16,0,75,50,44,17,15,2,3,4,2,100,53,36,22,14,3,8,22,2175,228,279
2022-580,Australian Open,Hard,128,G,20220117,144,105777,26,,Grigor Dimitrov,R,191,BUL,30.6,208103,,Q,Jiri Lehecka,R,185,CZE,20.1,6-4 4-6 6-3 7-5,5,R128,165,8,4,122,77,60,28,21,7,8,10,4,128,79,54,29,20,9,12,28,1821,142,494
2022-580,Australian Open,Hard,128,G,20220117,145,105332,,,Benoit Paire,R,196,FRA,32.6,106329,,,Thiago Monteiro,L,183,BRA,27.6,6-4 3-6 7-5 2-6 7-5,5,R128,218,30,13,156,82,70,35,26,8,12,13,3,158,109,77,26,25,10,14,56,1075,79,824
2022-580,Australian Open,Hard,128,G,20220117,146,202104,,,Sebastian Baez,R,170,ARG,21.0,105077,,,Albert Ramos,L,188,ESP,34.0,6-4 4-6 6-3 1-6 6-2,5,R128,206,3,2,141,112,70,9,22,5,13,1,4,156,107,61,22,22,11,20,88,791,44,1259
2022-580,Australian Open,Hard,128,G,20220117,147,126774,4,,Stefanos Tsitsipas,R,193,GRE,23.4,144707,,,Mikael Ymer,R,183,SWE,23.3,6-2 6-4 6-3,5,R128,130,6,3,87,56,39,18,14,9,11,2,4,91,52,33,16,13,6,13,4,6540,86,793
2022-580,Australian Open,Hard,128,G,20220117,148,126094,5,,Andrey Rublev,R,188,RUS,24.2,126149,,,Gianluca Mager,R,188,ITA,27.1,6-3 6-2 6-2,5,R128,84,13,3,64,37,30,17,13,4,5,10,5,81,41,29,13,12,3,10,6,4785,65,957
2022-580,Australian Open,Hard,128,G,20220117,149,105575,,,Ricardas Berankis,R,175,LTU,31.5,106148,,,Roberto Carballes Baena,R,183,ESP,28.8,6-1 3-6 2-6 6-3 6-4,5,R128,220,3,3,131,77,55,28,22,3,7,10,5,147,80,57,32,21,10,15,93,761,75,837
2022-580,Australian Open,Hard,128,G,20220117,150,105613,,Q,Norbert Gombos,R,193,SVK,31.4,207608,,Q,Timofey Skatov,R,175,KAZ,20.9,6-3 6-2 1-6 6-4,5,R128,173,5,5,99,68,47,18,17,6,9,0,3,124,92,52,18,17,11,16,117,624,253,240
2022-580,Australian Open,Hard,128,G,20220117,151,105227,27,,Marin Cilic,R,198,CRO,33.3,105877,,Q,Emilio Gomez,R,185,ECU,30.1,6-3 6-1 6-2,5,R128,100,17,3,69,41,35,14,12,2,3,2,5,70,44,21,12,12,4,11,27,1840,153,450
2022-580,Australian Open,Hard,128,G,20220117,152,105554,24,,Daniel Evans,R,175,GBR,31.6,105676,,,David Goffin,R,180,BEL,31.1,6-4 6-3 6-0,5,R128,108,10,2,67,42,34,15,13,0,1,1,2,76,43,24,15,12,5,11,24,1957,45,1216
2022-580,Australian Open,Hard,128,G,20220117,153,126239,,,Arthur Rinderknech,R,196,FRA,26.4,200615,,,Alexei Popyrin,R,196,AUS,22.4,7-5 4-6 6-2 3-6 6-3,5,R128,202,16,5,153,101,78,24,24,13,16,12,2,140,98,74,17,24,5,10,48,1178,59,1010
2022-580,Australian Open,Hard,128,G,20220117,154,200221,,,Alejandro Davidovich Fokina,R,183,ESP,22.6,106109,,WC,Alex Bolt,L,183,AUS,29.0,6-3 6-3 6-4,5,R128,118,3,1,95,65,41,22,14,4,5,5,3,86,52,35,14,14,6,11,50,1160,152,451
2022-580,Australian Open,Hard,128,G,20220117,155,200000,9,,Felix Auger Aliassime,R,193,CAN,21.4,200325,,,Emil Ruusuvuori,R,188,FIN,22.7,6-4 0-6 3-6 6-3 6-4,5,R128,220,8,7,132,72,49,32,22,6,11,3,1,133,96,68,19,22,13,17,9,3608,90,783
2022-580,Australian Open,Hard,128,G,20220117,156,106043,13,,Diego Schwartzman,R,170,ARG,29.4,105936,,,Filip Krajinovic,R,185,SRB,29.8,6-3 6-4 7-5,5,R128,148,3,5,90,57,38,17,16,6,10,3,3,95,66,35,13,15,9,17,13,2730,36,1427
2022-580,Australian Open,Hard,128,G,20220117,157,106331,,WC,Christopher Oconnell,R,183,AUS,27.6,200384,,,Hugo Gaston,L,173,FRA,21.3,7-6(4) 6-0 4-6 6-1,5,R128,155,4,4,109,75,53,19,18,4,7,4,6,124,68,45,24,17,15,22,175,383,67,919
2022-580,Australian Open,Hard,128,G,20220117,158,207830,,Q,Tomas Machac,R,183,CZE,21.2,207678,,,Juan Manuel Cerundolo,L,183,ARG,20.1,6-3 2-6 6-4 6-2,5,R128,175,5,2,107,59,41,25,18,6,10,3,4,133,77,47,24,17,12,19,132,555,80,818
2022-580,Australian Open,Hard,128,G,20220117,159,202195,,,Maxime Cressy,R,201,USA,24.6,104545,22,,John Isner,R,208,USA,36.7,7-6(2) 7-5 6-7(4) 6-7(4) 6-4,5,R128,250,31,20,185,110,90,46,29,9,9,39,2,169,114,91,35,29,5,7,70,875,25,1881
2022-580,Australian Open,Hard,128,G,20220117,160,104755,,,Richard Gasquet,R,183,FRA,35.5,200005,29,,Ugo Humbert,L,188,FRA,23.5,3-6 7-6(4) 7-6(3) 6-3,5,R128,198,12,6,129,82,65,27,21,1,4,9,4,159,103,71,31,21,7,10,81,807,40,1318
2022-580,Australian Open,Hard,128,G,20220117,161,122298,,,Botic Van De Zandschulp,R,191,NED,26.2,105526,,,Jan Lennard Struff,R,193,GER,31.7,6-4 6-3 6-2,5,R128,109,8,1,81,57,48,12,14,2,3,5,2,91,59,38,13,13,5,10,57,1069,52,1149
2022-580,Australian Open,Hard,128,G,20220117,162,106401,,,Nick Kyrgios,R,193,AUS,26.7,106281,,Q,Liam Broady,L,183,GBR,28.0,6-4 6-4 6-3,5,R128,114,21,1,72,58,47,11,15,1,1,6,2,88,55,36,20,14,4,8,115,648,128,569
2022-580,Australian Open,Hard,128,G,20220117,163,106421,2,,Daniil Medvedev,R,198,RUS,25.9,105967,,,Henri Laaksonen,R,185,SUI,29.7,6-1 6-4 7-6(3),5,R128,114,10,3,92,61,48,18,15,4,5,1,0,90,57,35,14,14,2,6,2,8935,91,781
2022-580,Australian Open,Hard,128,G,20220117,164,200175,,,Miomir Kecmanovic,R,183,SRB,22.3,126205,,,Tommy Paul,R,185,USA,24.6,7-6(7) 7-5 7-6(8),5,R64,178,7,0,135,84,64,31,18,8,10,9,3,130,84,60,28,18,4,7,77,836,41,1317
2022-580,Australian Open,Hard,128,G,20220117,165,132283,25,,Lorenzo Sonego,R,191,ITA,26.6,106214,,,Oscar Otte,R,193,GER,28.5,2-6 6-2 6-3 6-1,5,R64,151,7,3,107,72,46,21,16,9,12,7,3,93,46,30,22,16,5,12,26,1860,96,748
2022-580,Australian Open,Hard,128,G,20220117,166,104792,17,,Gael Monfils,R,193,FRA,35.3,122330,,,Alexander Bublik,R,196,KAZ,24.5,6-1 6-0 6-4,5,R64,89,11,1,73,47,35,18,12,4,4,4,8,88,54,32,12,11,9,15,20,2373,37,1411
2022-580,Australian Open,Hard,128,G,20220117,167,106426,16,,Cristian Garin,R,185,CHI,25.6,124079,,,Pedro Martinez,R,185,ESP,24.7,6-7(1) 7-6(4) 2-6 6-2 6-2,5,R64,275,11,8,180,111,74,34,24,13,18,7,11,165,99,72,30,24,4,11,19,2375,61,1001
2022-580,Australian Open,Hard,128,G,20220117,168,200624,,,Sebastian Korda,R,196,USA,21.5,144895,,,Corentin Moutet,L,180,FRA,22.7,3-6 6-4 6-7(2) 7-5 7-6(6),5,R64,287,6,3,209,153,99,32,28,18,23,8,4,171,116,87,29,27,9,14,43,1286,100,737
2022-580,Australian Open,Hard,128,G,20220117,169,105807,19,,Pablo Carreno Busta,R,188,ESP,30.5,134868,,,Tallon Griekspoor,R,188,NED,25.5,6-3 6-7(6) 7-6(3) 3-6 6-4,5,R64,250,10,9,162,110,78,24,26,7,13,10,14,187,100,70,41,26,10,17,21,2305,62,1001
2022-580,Australian Open,Hard,128,G,20220117,170,207989,31,,Carlos Alcaraz,R,183,ESP,18.7,105583,,,Dusan Lajovic,R,183,SRB,31.5,6-2 6-1 7-5,5,R64,116,3,3,83,61,45,13,14,0,1,0,2,88,64,36,10,13,5,11,31,1609,39,1346
2022-580,Australian Open,Hard,128,G,20220117,171,126610,7,,Matteo Berrettini,R,196,ITA,25.7,111578,,WC,Stefan Kozlov,R,183,USA,23.9,6-1 4-6 6-4 6-1,5,R64,158,21,1,100,70,55,17,17,4,5,1,5,114,78,50,12,17,10,16,7,4568,169,401
2022-580,Australian Open,Hard,128,G,20220117,172,100644,3,,Alexander Zverev,R,198,GER,24.7,105357,,,John Millman,R,183,AUS,32.5,6-4 6-4 6-0,5,R64,119,14,7,74,55,47,5,13,2,3,0,0,69,39,18,21,13,3,9,3,7970,89,788
2022-580,Australian Open,Hard,128,G,20220117,173,105430,,Q,Radu Albot,R,175,MDA,32.1,126846,,WC,Aleksandar Vukic,R,188,AUS,25.7,6-4 7-6(4) 6-4,5,R64,136,3,1,100,64,48,24,16,5,6,11,2,102,59,44,25,16,8,11,124,587,144,477
2022-580,Australian Open,Hard,128,G,20220117,174,124187,23,,Reilly Opelka,R,211,USA,24.3,136440,,,Dominik Koepfer,L,180,GER,27.7,6-4 6-3 7-6(4),5,R64,133,18,5,106,65,57,20,16,7,8,5,4,94,67,48,16,15,7,10,29,1776,53,1096
2022-580,Australian Open,Hard,128,G,20220117,175,133430,14,,Denis Shapovalov,L,185,CAN,22.7,126952,,,Soon Woo Kwon,R,180,KOR,24.1,7-6(6) 6-7(3) 6-7(6) 7-5 6-2,5,R64,265,29,10,181,120,97,26,28,3,7,3,6,198,122,82,39,28,12,19,14,2593,54,1085
2022-580,Australian Open,Hard,128,G,20220117,176,105173,,,Adrian Mannarino,L,180,FRA,33.5,128034,10,,Hubert Hurkacz,R,196,POL,24.9,6-4 6-2 6-3,5,R64,123,6,0,89,59,42,17,14,9,10,11,2,92,60,34,14,13,8,14,69,879,11,3336
2022-580,Australian Open,Hard,128,G,20220117,177,106234,18,,Aslan Karatsev,R,185,RUS,28.3,111456,,,Mackenzie Mcdonald,R,178,USA,26.7,3-6 6-2 6-2 6-3,5,R64,153,6,3,100,65,47,17,17,2,5,6,3,112,70,48,17,17,10,17,15,2553,55,1084
2022-580,Australian Open,Hard,128,G,20220117,178,111575,28,,Karen Khachanov,R,198,RUS,25.6,126127,,,Benjamin Bonzi,R,183,FRA,25.6,6-4 6-0 7-5,5,R64,124,19,2,93,67,47,14,14,3,4,2,4,102,59,38,17,14,7,13,30,1748,63,979
2022-580,Australian Open,Hard,128,G,20220117,179,104745,6,,Rafael Nadal,L,185,ESP,35.6,105870,,Q,Yannick Hanfmann,R,193,GER,30.1,6-2 6-3 6-4,5,R64,162,1,5,85,46,35,25,14,2,2,5,1,96,56,34,20,13,12,16,5,4875,126,583
2022-580,Australian Open,Hard,128,G,20220117,180,104665,,,Pablo Andujar,R,180,ESP,35.9,144684,,,Alex Molcan,L,178,SVK,24.1,6-4 7-6(6) 0-6 6-1,5,R64,187,2,3,137,92,57,25,18,14,18,7,2,109,80,54,14,17,4,8,83,800,74,839
2022-580,Australian Open,Hard,128,G,20220117,181,200282,32,,Alex De Minaur,R,183,AUS,22.9,111794,,,Kamil Majchrzak,R,180,POL,26.0,6-4 6-4 6-2,5,R64,99,11,3,76,52,44,15,14,3,3,3,0,80,53,35,13,14,2,6,42,1316,107,708
2022-580,Australian Open,Hard,128,G,20220117,182,106121,,Q,Taro Daniel,R,191,JPN,28.9,104918,,WC,Andy Murray,R,191,GBR,34.6,6-4 6-4 6-4,5,R64,168,12,2,98,57,45,21,15,9,11,7,3,108,67,44,16,15,5,10,120,606,113,671
2022-580,Australian Open,Hard,128,G,20220117,183,206173,11,,Jannik Sinner,R,191,ITA,20.4,105449,,,Steve Johnson,R,188,USA,32.0,6-2 6-4 6-3,5,R64,101,11,2,71,45,37,18,14,1,1,5,1,84,47,33,15,13,3,8,10,3390,104,724
2022-580,Australian Open,Hard,128,G,20220117,184,105138,15,,Roberto Bautista Agut,R,183,ESP,33.7,104259,,,Philipp Kohlschreiber,R,178,GER,38.2,6-1 6-0 6-3,5,R64,88,5,1,60,34,28,18,11,1,1,3,5,71,43,22,10,11,9,16,18,2385,134,533
2022-580,Australian Open,Hard,128,G,20220117,185,126203,20,,Taylor Fritz,R,196,USA,24.2,126207,,,Frances Tiafoe,R,188,USA,23.9,6-4 6-3 7-6(5),5,R64,159,21,6,120,76,55,23,16,6,8,6,3,116,63,41,26,15,10,14,22,2175,34,1467
2022-580,Australian Open,Hard,128,G,20220117,186,105332,,,Benoit Paire,R,196,FRA,32.6,105777,26,,Grigor Dimitrov,R,191,BUL,30.6,6-4 6-4 6-7(4) 7-6(2),5,R64,198,14,9,152,77,63,39,22,5,7,7,6,149,97,65,28,22,8,12,56,1075,28,1821
2022-580,Australian Open,Hard,128,G,20220117,187,126774,4,,Stefanos Tsitsipas,R,193,GRE,23.4,202104,,,Sebastian Baez,R,170,ARG,21.0,7-6(1) 6-7(5) 6-3 6-4,5,R64,202,12,3,142,97,76,21,22,4,6,5,4,156,115,73,23,21,14,18,4,6540,88,791
2022-580,Australian Open,Hard,128,G,20220117,188,126094,5,,Andrey Rublev,R,188,RUS,24.2,105575,,,Ricardas Berankis,R,175,LTU,31.5,6-4 6-2 6-0,5,R64,107,13,3,80,40,34,21,12,4,4,2,5,95,50,31,16,12,9,15,6,4785,93,761
2022-580,Australian Open,Hard,128,G,20220117,189,105227,27,,Marin Cilic,R,198,CRO,33.3,105613,,Q,Norbert Gombos,R,193,SVK,31.4,6-2 6-3 3-6 7-6(6),5,R64,160,20,2,106,59,51,29,19,1,3,6,4,124,79,56,21,19,4,8,27,1840,117,624
2022-580,Australian Open,Hard,128,G,20220117,190,105554,24,,Daniel Evans,R,175,GBR,31.6,126239,,,Arthur Rinderknech,R,196,FRA,26.4,W/O,5,R64,0,,,,,,,,,,,,,,,,,,,24,1957,48,1178
2022-580,Australian Open,Hard,128,G,20220117,191,200000,9,,Felix Auger Aliassime,R,193,CAN,21.4,200221,,,Alejandro Davidovich Fokina,R,183,ESP,22.6,7-6(4) 6-7(4) 7-6(5) 7-6(4),5,R64,259,28,6,177,122,89,28,24,7,9,6,2,153,104,77,31,24,3,5,9,3608,50,1160
2022-580,Australian Open,Hard,128,G,20220117,192,106331,,WC,Christopher Oconnell,R,183,AUS,27.6,106043,13,,Diego Schwartzman,R,170,ARG,29.4,7-6(6) 6-4 6-4,5,R64,187,7,3,122,72,54,22,16,6,8,5,7,116,70,48,18,16,7,11,175,383,13,2730
2022-580,Australian Open,Hard,128,G,20220117,193,202195,,,Maxime Cressy,R,201,USA,24.6,207830,,Q,Tomas Machac,R,183,CZE,21.2,6-1 3-6 6-1 7-6(5),5,R64,157,18,12,124,73,61,23,18,5,7,4,3,95,69,43,16,17,1,6,70,875,132,555
2022-580,Australian Open,Hard,128,G,20220117,194,122298,,,Botic Van De Zandschulp,R,191,NED,26.2,104755,,,Richard Gasquet,R,183,FRA,35.5,4-6 6-0 4-0 RET,5,R64,85,16,1,57,40,29,11,10,4,5,3,1,80,51,27,13,10,3,8,57,1069,81,807
2022-580,Australian Open,Hard,128,G,20220117,195,106421,2,,Daniil Medvedev,R,198,RUS,25.9,106401,,,Nick Kyrgios,R,193,AUS,26.7,7-6(1) 6-4 4-6 6-2,5,R64,178,31,5,119,79,67,20,20,7,9,17,2,128,91,67,14,20,7,11,2,8935,115,648
2022-580,Australian Open,Hard,128,G,20220117,196,200175,,,Miomir Kecmanovic,R,183,SRB,22.3,132283,25,,Lorenzo Sonego,R,191,ITA,26.6,6-4 6-7(8) 6-2 7-5,5,R32,202,2,3,142,76,55,40,21,11,13,13,8,121,87,59,17,21,7,13,77,836,26,1860
2022-580,Australian Open,Hard,128,G,20220117,197,104792,17,,Gael Monfils,R,193,FRA,35.3,106426,16,,Cristian Garin,R,185,CHI,25.6,7-6(4) 6-1 6-3,5,R32,121,14,4,90,53,38,20,14,1,4,4,6,93,59,35,13,14,4,11,20,2373,19,2375
2022-580,Australian Open,Hard,128,G,20220117,198,105807,19,,Pablo Carreno Busta,R,188,ESP,30.5,200624,,,Sebastian Korda,R,196,USA,21.5,6-4 7-5 6-7(6) 6-3,5,R32,207,10,6,149,94,68,32,22,11,13,21,8,149,93,66,26,21,9,15,21,2305,43,1286
2022-580,Australian Open,Hard,128,G,20220117,199,126610,7,,Matteo Berrettini,R,196,ITA,25.7,207989,31,,Carlos Alcaraz,R,183,ESP,18.7,6-2 7-6(3) 4-6 2-6 7-6(5),5,R32,250,10,2,163,115,90,21,25,9,13,12,8,155,96,71,36,25,5,8,7,4568,31,1609
2022-580,Australian Open,Hard,128,G,20220117,200,100644,3,,Alexander Zverev,R,198,GER,24.7,105430,,Q,Radu Albot,R,175,MDA,32.1,6-3 6-4 6-4,5,R32,117,16,7,89,69,57,7,15,5,5,5,1,79,49,34,16,14,3,6,3,7970,124,587
2022-580,Australian Open,Hard,128,G,20220117,201,133430,14,,Denis Shapovalov,L,185,CAN,22.7,124187,23,,Reilly Opelka,R,211,USA,24.3,7-6(4) 4-6 6-3 6-4,5,R32,182,10,5,123,71,59,31,21,3,5,17,3,142,87,63,28,20,9,12,14,2593,29,1776
2022-580,Australian Open,Hard,128,G,20220117,202,105173,,,Adrian Mannarino,L,180,FRA,33.5,106234,18,,Aslan Karatsev,R,185,RUS,28.3,7-6(4) 6-7(4) 7-5 6-4,5,R32,278,11,2,155,93,66,38,23,6,9,16,6,187,116,86,31,23,19,24,69,879,15,2553
2022-580,Australian Open,Hard,128,G,20220117,203,104745,6,,Rafael Nadal,L,185,ESP,35.6,111575,28,,Karen Khachanov,R,198,RUS,25.6,6-3 6-2 3-6 6-1,5,R32,170,4,6,98,66,55,18,17,4,5,14,3,109,73,50,14,16,10,15,5,4875,30,1748
2022-580,Australian Open,Hard,128,G,20220117,204,200282,32,,Alex De Minaur,R,183,AUS,22.9,104665,,,Pablo Andujar,R,180,ESP,35.9,6-4 6-4 6-2,5,R32,127,8,2,70,43,36,17,14,0,1,1,3,98,77,46,8,14,8,13,42,1316,83,800
2022-580,Australian Open,Hard,128,G,20220117,205,206173,11,,Jannik Sinner,R,191,ITA,20.4,106121,,Q,Taro Daniel,R,191,JPN,28.9,6-4 1-6 6-3 6-1,5,R32,161,10,2,95,70,52,8,17,2,6,11,8,108,61,41,18,16,10,17,10,3390,120,606
2022-580,Australian Open,Hard,128,G,20220117,206,126203,20,,Taylor Fritz,R,196,USA,24.2,105138,15,,Roberto Bautista Agut,R,183,ESP,33.7,6-0 3-6 3-6 6-4 6-3,5,R32,194,19,6,122,66,49,23,22,6,13,10,6,143,94,53,21,21,9,19,22,2175,18,2385
2022-580,Australian Open,Hard,128,G,20220117,207,126774,4,,Stefanos Tsitsipas,R,193,GRE,23.4,105332,,,Benoit Paire,R,196,FRA,32.6,6-3 7-5 6-7(2) 6-4,5,R32,162,21,2,117,66,59,33,22,2,2,11,9,140,75,58,33,21,8,11,4,6540,56,1075
2022-580,Australian Open,Hard,128,G,20220117,208,105227,27,,Marin Cilic,R,198,CRO,33.3,126094,5,,Andrey Rublev,R,188,RUS,24.2,7-5 7-6(3) 3-6 6-3,5,R32,156,24,3,113,61,52,29,21,0,3,17,2,125,85,63,20,21,4,8,27,1840,6,4785
2022-580,Australian Open,Hard,128,G,20220117,209,200000,9,,Felix Auger Aliassime,R,193,CAN,21.4,105554,24,,Daniel Evans,R,175,GBR,31.6,6-4 6-1 6-1,5,R32,113,16,3,66,43,39,13,12,3,3,1,3,75,43,25,14,12,1,7,9,3608,24,1957
2022-580,Australian Open,Hard,128,G,20220117,210,202195,,,Maxime Cressy,R,201,USA,24.6,106331,,WC,Christopher Oconnell,R,183,AUS,27.6,6-2 6-7(6) 6-3 6-2,5,R32,161,28,4,108,64,54,30,19,3,3,17,2,113,77,52,17,18,5,10,70,875,175,383
2022-580,Australian Open,Hard,128,G,20220117,211,106421,2,,Daniil Medvedev,R,198,RUS,25.9,122298,,,Botic Van De Zandschulp,R,191,NED,26.2,6-4 6-4 6-2,5,R32,115,10,6,86,57,47,15,14,3,3,3,0,86,56,33,19,14,7,11,2,8935,57,1069
2022-580,Australian Open,Hard,128,G,20220117,212,104792,17,,Gael Monfils,R,193,FRA,35.3,200175,,,Miomir Kecmanovic,R,183,SRB,22.3,7-5 7-6(4) 6-3,5,R16,154,17,4,100,59,48,21,17,5,6,4,4,129,73,48,28,16,7,11,20,2373,77,836
2022-580,Australian Open,Hard,128,G,20220117,213,126610,7,,Matteo Berrettini,R,196,ITA,25.7,105807,19,,Pablo Carreno Busta,R,188,ESP,30.5,7-5 7-6(4) 6-4,5,R16,142,28,1,92,71,62,12,17,1,1,2,2,115,81,57,17,17,5,7,7,4568,21,2305
2022-580,Australian Open,Hard,128,G,20220117,214,133430,14,,Denis Shapovalov,L,185,CAN,22.7,100644,3,,Alexander Zverev,R,198,GER,24.7,6-3 7-6(5) 6-3,5,R16,141,3,11,104,65,50,18,15,3,5,3,8,88,67,46,6,15,2,6,14,2593,3,7970
2022-580,Australian Open,Hard,128,G,20220117,215,104745,6,,Rafael Nadal,L,185,ESP,35.6,105173,,,Adrian Mannarino,L,180,FRA,33.5,7-6(14) 6-2 6-2,5,R16,160,16,6,88,48,42,24,14,1,2,7,4,104,55,40,23,14,12,17,5,4875,69,879
2022-580,Australian Open,Hard,128,G,20220117,216,206173,11,,Jannik Sinner,R,191,ITA,20.4,200282,32,,Alex De Minaur,R,183,AUS,22.9,7-6(3) 6-3 6-4,5,R16,155,9,0,111,69,52,26,16,7,8,7,2,91,60,44,14,15,3,6,10,3390,42,1316
2022-580,Australian Open,Hard,128,G,20220117,217,126774,4,,Stefanos Tsitsipas,R,193,GRE,23.4,126203,20,,Taylor Fritz,R,196,USA,24.2,4-6 6-4 4-6 6-3 6-4,5,R16,203,19,1,159,107,85,25,25,13,15,13,4,136,84,66,29,24,2,5,4,6540,22,2175
2022-580,Australian Open,Hard,128,G,20220117,218,200000,9,,Felix Auger Aliassime,R,193,CAN,21.4,105227,27,,Marin Cilic,R,198,CRO,33.3,2-6 7-6(7) 6-2 7-6(4),5,R16,215,22,4,117,72,62,26,20,0,2,24,8,142,77,66,29,20,13,15,9,3608,27,1840
2022-580,Australian Open,Hard,128,G,20220117,219,106421,2,,Daniil Medvedev,R,198,RUS,25.9,202195,,,Maxime Cressy,R,201,USA,24.6,6-2 7-6(4) 6-7(4) 7-5,5,R16,210,15,6,129,84,71,29,22,1,1,18,18,165,104,77,32,22,9,12,2,8935,70,875
2022-580,Australian Open,Hard,128,G,20220117,220,126610,7,,Matteo Berrettini,R,196,ITA,25.7,104792,17,,Gael Monfils,R,193,FRA,35.3,6-4 6-4 3-6 3-6 6-2,5,QF,229,12,2,170,103,76,34,23,11,14,15,7,136,76,58,32,23,7,11,7,4568,20,2373
2022-580,Australian Open,Hard,128,G,20220117,221,104745,6,,Rafael Nadal,L,185,ESP,35.6,133430,14,,Denis Shapovalov,L,185,CAN,22.7,6-3 6-4 4-6 3-6 6-3,5,QF,248,8,11,146,100,79,21,24,6,8,20,5,137,80,58,31,23,4,7,5,4875,14,2593
2022-580,Australian Open,Hard,128,G,20220117,222,126774,4,,Stefanos Tsitsipas,R,193,GRE,23.4,206173,11,,Jannik Sinner,R,191,ITA,20.4,6-3 6-4 6-2,5,QF,126,4,2,78,53,42,15,14,0,0,4,1,66,42,30,13,13,0,4,4,6540,10,3390
2022-580,Australian Open,Hard,128,G,20220117,223,106421,2,,Daniil Medvedev,R,198,RUS,25.9,200000,9,,Felix Auger Aliassime,R,193,CAN,21.4,6-7(4) 3-6 7-6(2) 7-5 6-4,5,QF,282,15,9,196,126,94,36,28,9,11,18,4,168,116,91,25,27,2,5,2,8935,9,3608
2022-580,Australian Open,Hard,128,G,20220117,224,104745,6,,Rafael Nadal,L,185,ESP,35.6,126610,7,,Matteo Berrettini,R,196,ITA,25.7,6-3 6-2 3-6 6-3,5,SF,175,5,2,102,70,51,20,18,1,2,14,2,102,68,50,15,17,4,8,5,4875,7,4568
2022-580,Australian Open,Hard,128,G,20220117,225,106421,2,,Daniil Medvedev,R,198,RUS,25.9,126774,4,,Stefanos Tsitsipas,R,193,GRE,23.4,7-6(5) 4-6 6-4 6-1,5,SF,150,13,4,100,71,61,21,20,2,4,5,1,120,83,56,23,19,8,12,2,8935,4,6540
2022-580,Australian Open,Hard,128,G,20220117,226,104745,6,,Rafael Nadal,L,185,ESP,35.6,106421,2,,Daniil Medvedev,R,198,RUS,25.9,2-6 6-7(5) 6-4 6-4 7-5,5,F,324,3,5,189,117,78,34,26,16,22,23,5,182,126,89,23,26,15,22,5,4875,2,8935
2023-580,Australian Open,Hard,128,G,20230116,100,104745,1,,Rafael Nadal,L,185,ESP,36.6,207733,,,Jack Draper,L,193,GBR,21.0,7-5 2-6 6-4 6-1,5,R128,221,6,3,119,78,57,21,19,7,11,13,3,115,67,42,27,18,6,12,2,5770,38,1020
2023-580,Australian Open,Hard,128,G,20230116,101,111456,,,Mackenzie Mcdonald,R,178,USA,27.7,206909,,,Brandon Nakashima,R,188,USA,21.4,7-6(5) 7-6(1) 1-6 6-7(10) 6-4,5,R128,242,14,4,156,104,81,31,27,1,5,19,9,177,120,98,24,26,4,7,65,775,49,902
2023-580,Australian Open,Hard,128,G,20230116,102,207494,,Q,Dalibor Svrcina,R,178,CZE,20.2,144719,,,Jaume Munar,R,183,ESP,25.7,6-3 6-2 6-2,5,R128,136,0,4,69,48,37,12,13,4,5,7,6,102,65,40,10,12,11,18,216,249,64,777
2023-580,Australian Open,Hard,128,G,20230116,103,106415,31,,Yoshihito Nishioka,L,170,JPN,27.3,144707,,,Mikael Ymer,R,183,SWE,24.3,6-4 6-2 7-5,5,R128,138,1,1,86,55,40,19,15,3,5,6,3,90,66,41,12,15,6,12,33,1212,69,751
2023-580,Australian Open,Hard,128,G,20230116,104,111575,18,,Karen Khachanov,R,198,RUS,26.6,126523,,,Bernabe Zapata Miralles,R,183,ESP,26.0,7-6(3) 6-2 6-0,5,R128,122,11,1,90,68,50,14,13,6,7,1,1,91,56,33,12,13,6,12,20,1885,72,712
2023-580,Australian Open,Hard,128,G,20230116,105,106186,,WC,Jason Kubler,R,178,AUS,29.6,202104,,,Sebastian Baez,R,170,ARG,22.0,6-4 6-4 6-4,5,R128,136,6,2,86,53,45,19,15,3,3,0,3,80,61,40,11,15,0,3,84,633,44,975
2023-580,Australian Open,Hard,128,G,20230116,106,209992,,Q,Juncheng Shang,L,180,CHN,17.9,106214,,,Oscar Otte,R,193,GER,29.5,6-2 6-4 6-7(2) 7-5,5,R128,176,3,0,128,92,72,21,21,2,2,19,7,129,84,67,19,21,9,13,194,289,74,701
2023-580,Australian Open,Hard,128,G,20230116,107,126207,16,,Frances Tiafoe,R,188,USA,24.9,127157,,,Daniel Altmaier,R,188,GER,24.3,6-3 6-3 6-7(5) 7-6(6),5,R128,199,24,3,129,81,68,31,21,7,8,17,2,154,93,65,33,21,12,16,17,2260,92,584
2023-580,Australian Open,Hard,128,G,20230116,108,128034,10,,Hubert Hurkacz,R,196,POL,25.9,124079,,,Pedro Martinez,R,185,ESP,25.7,7-6(1) 6-2 6-2,5,R128,109,24,1,70,51,46,14,14,0,0,0,4,84,61,38,10,14,0,4,11,2860,60,801
2023-580,Australian Open,Hard,128,G,20230116,109,132283,,,Lorenzo Sonego,R,191,ITA,27.6,132686,,,Nuno Borges,R,185,POR,25.9,7-6(4) 6-3 6-7(6) 6-1,5,R128,197,16,4,129,94,79,19,20,4,4,0,2,128,89,56,30,20,4,7,47,925,111,512
2023-580,Australian Open,Hard,128,G,20230116,110,106121,,,Taro Daniel,R,191,JPN,29.9,124014,,Q,Ernesto Escobedo,R,185,MEX,26.5,7-5 6-2 3-6 6-3,5,R128,194,15,3,122,77,56,26,19,5,7,11,3,124,78,54,23,19,6,11,94,572,313,163
2023-580,Australian Open,Hard,128,G,20230116,111,133430,20,,Denis Shapovalov,L,185,CAN,23.7,105583,,,Dusan Lajovic,R,183,SRB,32.5,6-4 4-6 6-4 6-1,5,R128,143,16,7,111,62,51,25,19,3,5,5,2,102,76,52,13,18,7,12,22,1830,86,626
2023-580,Australian Open,Hard,128,G,20230116,112,200624,29,,Sebastian Korda,R,196,USA,22.5,106426,,,Cristian Garin,R,185,CHI,26.6,6-4 1-6 6-3 6-2,5,R128,154,16,5,105,61,46,25,17,10,13,5,2,103,53,35,27,17,4,9,31,1325,87,606
2023-580,Australian Open,Hard,128,G,20230116,113,133297,,Q,Yosuke Watanuki,R,180,JPN,24.7,126239,,,Arthur Rinderknech,R,196,FRA,27.4,6-3 6-3 6-2,5,R128,103,10,4,72,47,40,13,13,0,0,8,4,76,47,31,13,13,8,13,138,413,59,807
2023-580,Australian Open,Hard,128,G,20230116,114,105357,,WC,John Millman,R,183,AUS,33.5,144817,,,Marc Andrea Huesler,L,196,SUI,26.5,6-7(8) 7-5 6-7(2) 6-2 6-3,5,R128,245,9,3,171,116,90,30,27,4,5,20,1,170,105,75,38,26,6,11,140,410,51,866
2023-580,Australian Open,Hard,128,G,20230116,115,106421,7,,Daniil Medvedev,R,198,RUS,26.9,106218,,,Marcos Giron,R,180,USA,29.4,6-0 6-1 6-2,5,R128,96,9,4,73,51,40,13,11,6,6,1,0,69,46,21,10,10,6,13,8,3860,56,841
2023-580,Australian Open,Hard,128,G,20230116,116,126774,3,,Stefanos Tsitsipas,R,193,GRE,24.4,111460,,,Quentin Halys,R,191,FRA,26.2,6-3 6-4 7-6(6),5,R128,120,17,6,95,61,51,17,16,7,9,9,6,90,57,46,10,15,3,7,4,5715,61,800
2023-580,Australian Open,Hard,128,G,20230116,117,208014,,WC,Rinky Hijikata,R,178,AUS,21.8,105870,,Q,Yannick Hanfmann,R,193,GER,31.1,4-6 4-6 6-3 7-6(5) 6-3,5,R128,265,15,6,191,121,90,33,25,12,15,21,2,152,98,73,27,25,8,11,169,344,128,435
2023-580,Australian Open,Hard,128,G,20230116,118,134868,,,Tallon Griekspoor,R,188,NED,26.5,200303,,LL,Pavel Kotov,R,191,RUS,24.1,6-3 7-6(3) 6-3,5,R128,129,13,3,97,61,52,21,15,1,1,6,3,90,62,44,16,15,6,8,63,789,117,483
2023-580,Australian Open,Hard,128,G,20230116,119,122298,32,,Botic Van De Zandschulp,R,191,NED,27.2,125802,,,Ilya Ivashka,R,193,BLR,28.8,6-3 3-6 7-5 6-3,5,R128,212,11,6,168,111,71,28,20,17,21,6,3,125,78,53,22,19,8,14,34,1205,73,705
2023-580,Australian Open,Hard,128,G,20230116,120,144750,,,Lloyd Harris,R,193,RSA,25.8,207518,17,,Lorenzo Musetti,R,185,ITA,20.8,6-4 6-1 6-7(0) 2-6 7-6(4),5,R128,228,17,5,173,106,80,30,25,7,11,7,2,144,92,62,31,24,3,9,186,310,19,1925
2023-580,Australian Open,Hard,128,G,20230116,121,105916,,,Marton Fucsovics,R,188,HUN,30.9,105948,,,Federico Coria,R,180,ARG,30.8,4-6 7-5 2-6 7-6(6) 6-2,5,R128,257,9,4,162,95,66,32,25,13,20,1,4,168,121,77,21,25,11,18,78,687,76,695
2023-580,Australian Open,Hard,128,G,20230116,122,144869,,,Tomas Martin Etcheverry,R,196,ARG,23.4,106296,,,Gregoire Barrere,R,183,FRA,28.9,3-6 6-3 6-4 6-4,5,R128,176,10,1,104,71,56,19,19,2,4,7,3,126,70,49,31,19,12,16,79,649,83,635
2023-580,Australian Open,Hard,128,G,20230116,123,206173,15,,Jannik Sinner,R,191,ITA,21.4,106378,,,Kyle Edmund,R,188,GBR,28.0,6-4 6-0 6-2,5,R128,116,6,2,82,54,44,12,12,5,6,2,2,81,45,24,13,12,3,10,16,2375,581,52
2023-580,Australian Open,Hard,128,G,20230116,124,111815,11,,Cameron Norrie,L,188,GBR,27.4,209414,,WC,Luca Van Assche,R,178,FRA,18.6,7-6(3) 6-0 6-3,5,R128,142,6,2,96,67,47,13,14,5,8,1,4,80,41,25,15,13,8,15,12,2680,143,403
2023-580,Australian Open,Hard,128,G,20230116,125,106005,,,Constant Lestienne,R,180,FRA,30.6,106329,,,Thiago Monteiro,L,183,BRA,28.6,6-3 7-6(2) 6-3,5,R128,148,5,3,113,85,68,10,15,6,6,10,4,95,58,43,15,15,6,8,55,842,77,690
2023-580,Australian Open,Hard,128,G,20230116,126,111153,,WC,Christopher Eubanks,R,201,USA,26.6,126952,,,Soon Woo Kwon,R,180,KOR,25.1,6-3 6-7(1) 6-3 4-6 6-4,5,R128,188,42,5,155,109,83,25,25,3,4,10,6,138,84,66,31,25,3,6,116,487,52,862
2023-580,Australian Open,Hard,128,G,20230116,127,208103,,,Jiri Lehecka,R,185,CZE,21.1,106432,21,,Borna Coric,R,188,CRO,26.1,6-3 6-3 6-3,5,R128,133,7,3,83,54,43,17,14,6,7,3,0,84,58,36,10,13,4,9,71,717,23,1760
2023-580,Australian Open,Hard,128,G,20230116,128,202103,28,,Francisco Cerundolo,R,185,ARG,24.4,105550,,,Guido Pella,L,183,ARG,32.6,6-4 6-4 6-3,5,R128,126,6,3,95,64,48,16,15,4,5,0,0,85,58,36,14,14,2,7,29,1383,,
2023-580,Australian Open,Hard,128,G,20230116,129,144895,,,Corentin Moutet,L,180,FRA,23.7,200059,,WC,Yibing Wu,R,183,CHN,23.2,6-4 5-7 6-2 4-6 7-5,5,R128,254,2,3,168,128,82,22,26,5,10,3,2,164,107,69,27,26,12,19,62,790,114,494
2023-580,Australian Open,Hard,128,G,20230116,130,144684,,,Alex Molcan,L,178,SVK,25.1,104527,,,Stan Wawrinka,R,183,SUI,37.8,6-7(3) 6-3 1-6 7-6(2) 6-4,5,R128,262,7,4,154,90,52,37,25,7,16,16,4,172,99,72,23,25,14,23,53,850,139,412
2023-580,Australian Open,Hard,128,G,20230116,131,200000,6,,Felix Auger Aliassime,R,193,CAN,22.4,105577,,,Vasek Pospisil,R,193,CAN,32.5,1-6 7-6(4) 7-6(3) 6-3,5,R128,238,13,7,130,78,59,26,20,1,5,14,7,147,95,66,26,20,9,12,7,3895,99,560
2023-580,Australian Open,Hard,128,G,20230116,132,126094,5,,Andrey Rublev,R,188,RUS,25.2,106233,,WC,Dominic Thiem,R,185,AUT,29.3,6-3 6-4 6-2,5,R128,130,7,3,88,59,48,13,14,2,2,4,0,88,52,30,21,13,12,16,6,3930,98,561
2023-580,Australian Open,Hard,128,G,20230116,133,200325,,,Emil Ruusuvuori,R,188,FIN,23.7,126845,,Q,Max Purcell,R,185,AUS,24.7,4-6 6-3 6-4 7-6(11),5,R128,221,10,4,140,95,70,26,21,6,8,21,5,141,89,71,16,20,8,11,46,941,205,268
2023-580,Australian Open,Hard,128,G,20230116,134,104871,,,Jeremy Chardy,R,188,FRA,35.9,123755,,,Daniel Elahi Galan,R,191,COL,26.5,1-6 7-5 6-1 6-4,5,R128,199,7,14,157,96,65,26,18,21,26,2,4,122,73,45,22,18,10,17,,,70,735
2023-580,Australian Open,Hard,128,G,20230116,135,105554,25,,Daniel Evans,R,175,GBR,32.6,105487,,,Facundo Bagnis,L,183,ARG,32.8,6-4 4-6 6-4 6-4,5,R128,209,5,6,109,70,52,24,20,3,6,11,3,137,93,58,22,20,5,10,30,1380,91,595
2023-580,Australian Open,Hard,128,G,20230116,136,106045,,LL,Denis Kudla,R,180,USA,30.4,126128,,,Roman Safiullin,R,185,RUS,25.4,3-6 7-5 7-6(6) 6-3,5,R128,182,12,2,116,72,58,22,21,4,7,16,5,128,76,56,26,21,2,7,108,522,97,563
2023-580,Australian Open,Hard,128,G,20230116,137,200005,,,Ugo Humbert,L,188,FRA,24.5,104755,,,Richard Gasquet,R,183,FRA,36.5,6-3 6-4 6-3,5,R128,118,12,3,84,53,42,17,14,3,4,2,1,80,48,29,15,14,8,13,106,523,42,990
2023-580,Australian Open,Hard,128,G,20230116,138,202195,,,Maxime Cressy,R,201,USA,25.6,105077,,,Albert Ramos,L,188,ESP,34.9,7-6(2) 7-5 3-6 6-3,5,R128,203,34,11,120,77,65,27,21,3,4,5,3,124,77,58,29,21,5,7,41,992,37,1075
2023-580,Australian Open,Hard,128,G,20230116,139,208029,9,,Holger Rune,R,188,DEN,19.7,105936,,,Filip Krajinovic,R,185,SRB,30.8,6-2 6-3 6-4,5,R128,123,11,4,83,56,40,14,14,6,8,4,3,94,62,40,10,13,6,13,10,2876,54,845
2023-580,Australian Open,Hard,128,G,20230116,140,105807,14,,Pablo Carreno Busta,R,188,ESP,31.5,106398,,,Pedro Cachin,R,185,ARG,27.7,7-6(4) 6-1 7-6(3),5,R128,128,15,3,93,59,53,22,16,2,2,12,1,97,59,48,18,15,4,6,15,2420,58,809
2023-580,Australian Open,Hard,128,G,20230116,141,126127,,,Benjamin Bonzi,R,183,FRA,26.6,208233,,Q,Mattia Bellucci,L,175,ITA,21.6,4-6 6-3 7-6(5) 6-4,5,R128,196,15,3,149,88,65,34,21,12,15,9,7,122,72,58,24,20,3,7,48,911,152,374
2023-580,Australian Open,Hard,128,G,20230116,142,105173,,,Adrian Mannarino,L,180,FRA,34.5,104545,,,John Isner,R,208,USA,37.7,6-7(5) 7-6(8) 6-2 6-2,5,R128,183,14,4,119,76,70,24,20,3,3,21,2,128,90,67,19,20,5,9,45,971,43,980
2023-580,Australian Open,Hard,128,G,20230116,143,200282,22,,Alex De Minaur,R,183,AUS,23.9,200318,,Q,Yu Hsiou Hsu,R,178,TPE,23.7,6-2 6-2 6-3,5,R128,121,8,1,63,35,30,20,13,1,1,3,2,102,74,43,10,12,8,14,24,1710,209,265
2023-580,Australian Open,Hard,128,G,20230116,144,105777,27,,Grigor Dimitrov,R,191,BUL,31.6,106234,,,Aslan Karatsev,R,185,RUS,29.3,7-6(3) 7-5 6-2,5,R128,139,15,4,86,57,49,20,16,1,1,9,11,114,66,50,18,16,8,11,28,1395,82,635
2023-580,Australian Open,Hard,128,G,20230116,145,111513,,,Laslo Djere,R,188,SRB,27.6,200267,,Q,Zizou Bergs,R,185,BEL,23.6,6-4 1-6 6-4 6-1,5,R128,158,7,1,102,58,39,24,17,5,9,7,5,107,65,47,14,17,7,13,68,758,130,428
2023-580,Australian Open,Hard,128,G,20230116,146,111505,,Q,Enzo Couacaud,R,183,FRA,27.8,106198,,,Hugo Dellien,R,180,BOL,29.5,6-4 7-5 6-0,5,R128,111,4,1,80,47,37,18,14,2,4,1,4,88,62,34,11,14,6,13,191,302,131,425
2023-580,Australian Open,Hard,128,G,20230116,147,104925,4,,Novak Djokovic,R,188,SRB,35.6,106148,,,Roberto Carballes Baena,R,183,ESP,29.8,6-3 6-4 6-0,5,R128,122,9,1,70,45,39,16,13,3,3,4,1,78,39,26,14,12,4,9,5,5070,75,695
2023-580,Australian Open,Hard,128,G,20230116,148,126203,8,,Taylor Fritz,R,196,USA,25.2,105932,,,Nikoloz Basilashvili,R,185,GEO,30.8,6-4 6-2 4-6 7-5,5,R128,144,32,2,101,67,56,20,20,2,4,9,11,125,68,50,26,20,3,8,9,3545,90,595
2023-580,Australian Open,Hard,128,G,20230116,149,200615,,WC,Alexei Popyrin,R,196,AUS,23.4,202358,,,Chun Hsin Tseng,R,175,TPE,21.4,4-6 7-6(5) 6-7(5) 7-6(4) 6-1,5,R128,266,31,4,174,114,95,31,27,9,10,2,7,197,121,91,37,26,12,14,113,506,115,490
2023-580,Australian Open,Hard,128,G,20230116,150,210097,,,Ben Shelton,L,193,USA,20.2,111190,,,Zhizhen Zhang,R,193,CHN,26.2,4-6 6-3 6-2 2-6 7-6(4),5,R128,211,18,8,143,81,66,36,24,5,8,12,2,149,94,72,26,23,3,6,89,604,96,567
2023-580,Australian Open,Hard,128,G,20230116,151,111797,,Q,Nicolas Jarry,R,201,CHI,27.2,200175,26,,Miomir Kecmanovic,R,183,SRB,23.3,6-3 6-4 7-6(3),5,R128,121,21,0,81,58,49,19,16,0,0,5,2,94,52,38,23,15,1,3,154,370,27,1445
2023-580,Australian Open,Hard,128,G,20230116,152,106043,23,,Diego Schwartzman,R,170,ARG,30.4,208071,,Q,Oleksii Krutykh,R,185,UKR,22.8,6-4 6-7(6) 6-3 7-6(5),5,R128,235,8,4,152,103,70,29,22,14,16,9,3,139,69,51,36,21,8,12,26,1550,188,308
2023-580,Australian Open,Hard,128,G,20230116,153,200670,,,J J Wolf,R,183,USA,24.0,111442,,,Jordan Thompson,R,183,AUS,28.7,6-3 3-6 6-4 7-5,5,R128,204,17,5,130,89,65,22,20,9,11,19,3,137,84,61,21,20,8,12,67,758,88,604
2023-580,Australian Open,Hard,128,G,20230116,154,111581,,LL,Michael Mmoh,R,188,USA,25.0,106362,,Q,Laurent Lokoli,R,188,FRA,28.2,4-6 2-6 7-6(7) 6-4 6-2,5,R128,263,9,6,142,82,57,31,24,3,9,11,8,145,91,64,25,24,5,11,107,523,175,326
2023-580,Australian Open,Hard,128,G,20230116,155,100644,12,,Alexander Zverev,R,198,GER,25.7,122669,,LL,Juan Pablo Varillas,R,185,PER,27.2,4-6 6-1 5-7 7-6(3) 6-4,5,R128,246,21,5,145,107,89,16,26,3,7,15,0,178,109,76,34,25,13,18,13,2560,103,546
2023-580,Australian Open,Hard,128,G,20230116,156,104918,,,Andy Murray,R,191,GBR,35.6,126610,13,,Matteo Berrettini,R,196,ITA,26.7,6-3 6-3 4-6 6-7(7) 7-6(6),5,R128,289,10,2,172,120,86,35,26,4,5,31,1,155,108,90,20,26,2,5,66,770,14,2490
2023-580,Australian Open,Hard,128,G,20230116,157,106423,,,Thanasi Kokkinakis,R,193,AUS,26.7,104926,,,Fabio Fognini,R,178,ITA,35.6,6-1 6-2 6-2,5,R128,105,14,1,64,49,42,7,12,2,2,4,2,66,46,26,7,11,5,11,159,362,57,823
2023-580,Australian Open,Hard,128,G,20230116,158,200587,,Q,Brandon Holt,R,185,USA,24.7,126846,,Q,Aleksandar Vukic,R,188,AUS,26.7,6-4 1-6 6-3 3-6 6-3,5,R128,196,4,2,143,96,65,25,22,4,8,19,3,141,90,63,28,22,8,12,215,255,146,384
2023-580,Australian Open,Hard,128,G,20230116,159,105138,24,,Roberto Bautista Agut,R,183,ESP,34.7,105311,,,Joao Sousa,R,185,POR,33.7,6-3 6-2 6-2,5,R128,111,6,4,77,50,39,17,13,4,4,4,0,66,48,29,6,12,1,6,25,1675,81,644
2023-580,Australian Open,Hard,128,G,20230116,160,200221,30,,Alejandro Davidovich Fokina,R,183,ESP,23.6,122330,,,Alexander Bublik,R,196,KAZ,25.5,6-0 6-7(3) 3-6 6-4 6-3,5,R128,192,7,3,138,96,69,26,23,4,6,20,16,136,74,58,27,23,7,13,32,1325,36,1130
2023-580,Australian Open,Hard,128,G,20230116,161,126205,,,Tommy Paul,R,185,USA,25.6,105526,,Q,Jan Lennard Struff,R,193,GER,32.7,6-1 7-6(6) 6-2,5,R128,103,20,1,79,54,45,15,14,2,3,8,6,79,43,30,13,13,5,10,35,1160,167,351
2023-580,Australian Open,Hard,128,G,20230116,162,202385,,,Jenson Brooksby,R,188,USA,22.2,106331,,,Christopher Oconnell,R,183,AUS,28.6,3-6 6-2 6-3 6-2,5,R128,143,9,2,103,68,52,20,17,4,5,8,4,104,57,36,25,17,6,11,39,1010,80,648
2023-580,Australian Open,Hard,128,G,20230116,163,134770,2,,Casper Ruud,R,183,NOR,24.0,207830,,,Tomas Machac,R,183,CZE,22.2,6-3 7-6(6) 6-7(5) 6-3,5,R128,195,11,3,133,87,60,33,21,3,4,10,1,152,97,72,21,21,9,13,3,5720,110,512
2023-580,Australian Open,Hard,128,G,20230116,164,111456,,,Mackenzie Mcdonald,R,178,USA,27.7,104745,1,,Rafael Nadal,L,185,ESP,36.6,6-4 6-4 7-5,5,R64,152,14,2,95,63,43,20,16,2,4,6,2,102,65,40,18,16,3,8,65,775,2,5770
2023-580,Australian Open,Hard,128,G,20230116,165,106415,31,,Yoshihito Nishioka,L,170,JPN,27.3,207494,,Q,Dalibor Svrcina,R,178,CZE,20.2,6-3 6-4 6-2,5,R64,107,2,1,77,51,33,20,14,1,3,1,6,91,73,40,6,13,7,13,33,1212,216,249
2023-580,Australian Open,Hard,128,G,20230116,166,111575,18,,Karen Khachanov,R,198,RUS,26.6,106186,,WC,Jason Kubler,R,178,AUS,29.6,6-4 5-7 6-4 6-2,5,R64,173,15,2,117,81,64,18,20,3,5,14,2,123,86,57,20,20,4,9,20,1885,84,633
2023-580,Australian Open,Hard,128,G,20230116,167,126207,16,,Frances Tiafoe,R,188,USA,24.9,209992,,Q,Juncheng Shang,L,180,CHN,17.9,6-4 6-4 6-1,5,R64,118,20,1,78,50,39,18,14,4,4,1,3,97,62,35,18,13,11,16,17,2260,194,289
2023-580,Australian Open,Hard,128,G,20230116,168,128034,10,,Hubert Hurkacz,R,196,POL,25.9,132283,,,Lorenzo Sonego,R,191,ITA,27.6,3-6 7-6(3) 2-6 6-3 6-3,5,R64,233,9,6,151,99,78,16,24,5,10,5,7,156,98,67,29,23,12,17,11,2860,47,925
2023-580,Australian Open,Hard,128,G,20230116,169,133430,20,,Denis Shapovalov,L,185,CAN,23.7,106121,,,Taro Daniel,R,191,JPN,29.9,6-3 7-6(3) 7-5,5,R64,165,9,9,99,55,43,23,17,5,8,2,5,116,71,41,23,16,3,9,22,1830,94,572
2023-580,Australian Open,Hard,128,G,20230116,170,200624,29,,Sebastian Korda,R,196,USA,22.5,133297,,Q,Yosuke Watanuki,R,180,JPN,24.7,6-2 7-5 6-4,5,R64,147,10,2,119,71,49,27,15,15,17,6,5,95,46,32,20,15,2,8,31,1325,138,413
2023-580,Australian Open,Hard,128,G,20230116,171,106421,7,,Daniil Medvedev,R,198,RUS,26.9,105357,,WC,John Millman,R,183,AUS,33.5,7-5 6-2 6-2,5,R64,139,10,3,98,67,50,10,14,4,7,0,1,81,53,28,10,14,5,13,8,3860,140,410
2023-580,Australian Open,Hard,128,G,20230116,172,126774,3,,Stefanos Tsitsipas,R,193,GRE,24.4,208014,,WC,Rinky Hijikata,R,178,AUS,21.8,6-3 6-0 6-2,5,R64,92,6,1,71,47,37,16,12,5,5,3,0,56,34,17,10,11,3,9,4,5715,169,344
2023-580,Australian Open,Hard,128,G,20230116,173,134868,,,Tallon Griekspoor,R,188,NED,26.5,122298,32,,Botic Van De Zandschulp,R,191,NED,27.2,6-4 6-4 6-4,5,R64,124,9,2,96,69,51,15,15,3,4,8,2,86,55,35,17,15,1,5,63,789,34,1205
2023-580,Australian Open,Hard,128,G,20230116,174,105916,,,Marton Fucsovics,R,188,HUN,30.9,144750,,,Lloyd Harris,R,193,RSA,25.8,6-2 6-3 5-7 6-4,5,R64,185,3,2,122,79,62,24,20,8,9,5,2,122,71,44,28,19,7,11,78,687,186,310
2023-580,Australian Open,Hard,128,G,20230116,175,206173,15,,Jannik Sinner,R,191,ITA,21.4,144869,,,Tomas Martin Etcheverry,R,196,ARG,23.4,6-3 6-2 6-2,5,R64,104,6,3,68,42,37,16,13,0,0,6,1,65,40,24,11,12,0,5,16,2375,79,649
2023-580,Australian Open,Hard,128,G,20230116,176,111815,11,,Cameron Norrie,L,188,GBR,27.4,106005,,,Constant Lestienne,R,180,FRA,30.6,6-3 3-6 7-6(2) 6-3,5,R64,193,17,3,136,89,59,27,20,9,14,0,2,139,106,67,12,19,7,13,12,2680,55,842
2023-580,Australian Open,Hard,128,G,20230116,177,208103,,,Jiri Lehecka,R,185,CZE,21.1,111153,,WC,Christopher Eubanks,R,201,USA,26.6,6-4 6-4 3-6 6-3,5,R64,139,4,2,111,77,55,16,19,3,6,8,0,99,72,51,16,19,5,10,71,717,116,487
2023-580,Australian Open,Hard,128,G,20230116,178,202103,28,,Francisco Cerundolo,R,185,ARG,24.4,144895,,,Corentin Moutet,L,180,FRA,23.7,3-6 6-4 6-2 7-5,5,R64,191,2,5,111,71,53,17,20,3,7,1,3,147,100,56,23,19,8,15,29,1383,62,790
2023-580,Australian Open,Hard,128,G,20230116,179,200000,6,,Felix Auger Aliassime,R,193,CAN,22.4,144684,,,Alex Molcan,L,178,SVK,25.1,3-6 3-6 6-3 6-2 6-2,5,R64,182,23,5,110,70,61,21,22,2,5,4,5,121,74,56,21,21,6,11,7,3895,53,850
2023-580,Australian Open,Hard,128,G,20230116,180,126094,5,,Andrey Rublev,R,188,RUS,25.2,200325,,,Emil Ruusuvuori,R,188,FIN,23.7,6-2 6-4 6-7(2) 6-3,5,R64,162,16,3,138,94,72,21,20,8,9,9,2,122,79,55,21,19,9,14,6,3930,46,941
2023-580,Australian Open,Hard,128,G,20230116,181,105554,25,,Daniel Evans,R,175,GBR,32.6,104871,,,Jeremy Chardy,R,188,FRA,35.9,6-4 6-4 6-1,5,R64,118,8,0,71,44,36,17,14,1,2,6,5,82,62,36,10,13,5,11,30,1380,,
2023-580,Australian Open,Hard,128,G,20230116,182,200005,,,Ugo Humbert,L,188,FRA,24.5,106045,,LL,Denis Kudla,R,180,USA,30.4,6-2 6-7(5) 6-2 6-4,5,R64,174,18,2,123,82,62,21,19,6,7,5,5,121,73,47,22,19,7,13,106,523,108,522
2023-580,Australian Open,Hard,128,G,20230116,183,208029,9,,Holger Rune,R,188,DEN,19.7,202195,,,Maxime Cressy,R,201,USA,25.6,7-5 6-4 6-4,5,R64,127,10,5,92,61,52,15,16,1,2,10,14,84,47,37,17,16,3,7,10,2876,41,992
2023-580,Australian Open,Hard,128,G,20230116,184,126127,,,Benjamin Bonzi,R,183,FRA,26.6,105807,14,,Pablo Carreno Busta,R,188,ESP,31.5,4-6 4-6 7-6(5) 6-1 7-6(4),5,R64,251,15,2,176,117,89,33,26,15,18,12,2,187,122,87,34,25,17,21,48,911,15,2420
2023-580,Australian Open,Hard,128,G,20230116,185,200282,22,,Alex De Minaur,R,183,AUS,23.9,105173,,,Adrian Mannarino,L,180,FRA,34.5,7-6(3) 4-6 6-4 6-1,5,R64,208,3,5,122,68,49,30,20,2,6,2,3,123,83,51,19,19,3,9,24,1710,45,971
2023-580,Australian Open,Hard,128,G,20230116,186,105777,27,,Grigor Dimitrov,R,191,BUL,31.6,111513,,,Laslo Djere,R,188,SRB,27.6,6-3 6-2 6-0,5,R64,94,9,2,62,37,32,16,12,0,0,4,7,73,35,22,13,11,6,12,28,1395,68,758
2023-580,Australian Open,Hard,128,G,20230116,187,104925,4,,Novak Djokovic,R,188,SRB,35.6,111505,,Q,Enzo Couacaud,R,183,FRA,27.8,6-1 6-7(5) 6-2 6-0,5,R64,184,9,6,106,64,54,24,17,1,1,7,2,140,92,53,20,16,14,21,5,5070,191,302
2023-580,Australian Open,Hard,128,G,20230116,188,200615,,WC,Alexei Popyrin,R,196,AUS,23.4,126203,8,,Taylor Fritz,R,196,USA,25.2,6-7(4) 7-6(2) 6-4 6-7(6) 6-2,5,R64,242,19,8,163,106,92,31,27,1,2,21,3,176,117,88,31,27,7,11,113,506,9,3545
2023-580,Australian Open,Hard,128,G,20230116,189,210097,,,Ben Shelton,L,193,USA,20.2,111797,,Q,Nicolas Jarry,R,201,CHI,27.2,7-6(3) 7-6(3) 7-5,5,R64,158,8,6,104,60,49,31,18,0,1,10,3,107,72,57,20,18,5,7,89,604,154,370
2023-580,Australian Open,Hard,128,G,20230116,190,200670,,,J J Wolf,R,183,USA,24.0,106043,23,,Diego Schwartzman,R,170,ARG,30.4,6-1 6-4 6-4,5,R64,103,16,1,72,52,44,12,14,0,0,2,1,70,52,31,12,13,1,5,67,758,26,1550
2023-580,Australian Open,Hard,128,G,20230116,191,111581,,LL,Michael Mmoh,R,188,USA,25.0,100644,12,,Alexander Zverev,R,198,GER,25.7,6-7(1) 6-4 6-3 6-2,5,R64,206,13,7,135,84,55,27,20,7,10,13,12,125,83,59,11,19,6,14,107,523,13,2560
2023-580,Australian Open,Hard,128,G,20230116,192,104918,,,Andy Murray,R,191,GBR,35.6,106423,,,Thanasi Kokkinakis,R,193,AUS,26.7,4-6 6-7(4) 7-6(5) 6-3 7-5,5,R64,345,10,3,183,120,86,33,28,10,14,37,5,205,143,101,27,27,17,22,66,770,159,362
2023-580,Australian Open,Hard,128,G,20230116,193,105138,24,,Roberto Bautista Agut,R,183,ESP,34.7,200587,,Q,Brandon Holt,R,185,USA,24.7,4-6 2-6 6-3 6-2 6-2,5,R64,176,10,2,133,95,64,23,22,4,8,16,1,150,107,73,15,21,13,19,25,1675,215,255
2023-580,Australian Open,Hard,128,G,20230116,194,126205,,,Tommy Paul,R,185,USA,25.6,200221,30,,Alejandro Davidovich Fokina,R,183,ESP,23.6,6-2 2-6 6-7(4) 6-3 6-4,5,R64,230,18,2,158,109,79,21,24,5,10,6,3,170,116,74,25,23,7,14,35,1160,32,1325
2023-580,Australian Open,Hard,128,G,20230116,195,202385,,,Jenson Brooksby,R,188,USA,22.2,134770,2,,Casper Ruud,R,183,NOR,24.0,6-3 7-5 6-7(4) 6-2,5,R64,235,2,2,143,81,51,36,21,8,12,5,4,133,83,52,19,20,4,13,39,1010,3,5720
2023-580,Australian Open,Hard,128,G,20230116,196,106415,31,,Yoshihito Nishioka,L,170,JPN,27.3,111456,,,Mackenzie Mcdonald,R,178,USA,27.7,7-6(6) 6-3 6-2,5,R32,145,3,4,95,60,43,18,15,4,6,7,6,115,70,46,16,14,10,16,33,1212,65,775
2023-580,Australian Open,Hard,128,G,20230116,197,111575,18,,Karen Khachanov,R,198,RUS,26.6,126207,16,,Frances Tiafoe,R,188,USA,24.9,6-3 6-4 3-6 7-6(9),5,R32,212,20,4,157,100,70,31,20,11,14,15,5,138,77,56,31,20,6,10,20,1885,17,2260
2023-580,Australian Open,Hard,128,G,20230116,198,128034,10,,Hubert Hurkacz,R,196,POL,25.9,133430,20,,Denis Shapovalov,L,185,CAN,23.7,7-6(3) 6-4 1-6 4-6 6-3,5,R32,217,16,6,158,104,80,17,24,12,19,20,16,168,92,65,34,24,10,16,11,2860,22,1830
2023-580,Australian Open,Hard,128,G,20230116,199,200624,29,,Sebastian Korda,R,196,USA,22.5,106421,7,,Daniil Medvedev,R,198,RUS,26.9,7-6(7) 6-3 7-6(4),5,R32,179,3,5,118,74,53,19,17,2,6,9,3,122,78,52,19,16,5,10,31,1325,8,3860
2023-580,Australian Open,Hard,128,G,20230116,200,126774,3,,Stefanos Tsitsipas,R,193,GRE,24.4,134868,,,Tallon Griekspoor,R,188,NED,26.5,6-2 7-6(5) 6-3,5,R32,126,7,5,84,54,44,20,15,1,1,6,2,97,62,41,18,14,4,7,4,5715,63,789
2023-580,Australian Open,Hard,128,G,20230116,201,206173,15,,Jannik Sinner,R,191,ITA,21.4,105916,,,Marton Fucsovics,R,188,HUN,30.9,4-6 4-6 6-1 6-2 6-0,5,R32,213,6,5,135,80,57,25,21,7,12,3,4,118,85,45,14,20,4,14,16,2375,78,687
2023-580,Australian Open,Hard,128,G,20230116,202,208103,,,Jiri Lehecka,R,185,CZE,21.1,111815,11,,Cameron Norrie,L,188,GBR,27.4,6-7(8) 6-3 3-6 6-1 6-4,5,R32,192,8,2,137,84,63,33,24,7,10,5,7,143,86,58,30,23,5,11,71,717,12,2680
2023-580,Australian Open,Hard,128,G,20230116,203,200000,6,,Felix Auger Aliassime,R,193,CAN,22.4,202103,28,,Francisco Cerundolo,R,185,ARG,24.4,6-1 3-6 6-1 6-4,5,R32,155,9,5,93,60,51,15,17,4,6,3,3,107,72,43,15,16,14,20,7,3895,29,1383
2023-580,Australian Open,Hard,128,G,20230116,204,126094,5,,Andrey Rublev,R,188,RUS,25.2,105554,25,,Daniel Evans,R,175,GBR,32.6,6-4 6-2 6-3,5,R32,129,10,1,81,51,41,20,14,4,4,3,3,97,67,43,13,13,11,15,6,3930,30,1380
2023-580,Australian Open,Hard,128,G,20230116,205,208029,9,,Holger Rune,R,188,DEN,19.7,200005,,,Ugo Humbert,L,188,FRA,24.5,6-4 6-2 7-6(5),5,R32,129,5,2,91,61,50,15,15,2,3,9,2,91,60,40,16,15,3,7,10,2876,106,523
2023-580,Australian Open,Hard,128,G,20230116,206,200282,22,,Alex De Minaur,R,183,AUS,23.9,126127,,,Benjamin Bonzi,R,183,FRA,26.6,7-6(0) 6-2 6-1,5,R32,128,8,4,74,39,31,20,14,3,6,6,2,111,70,37,17,13,15,22,24,1710,48,911
2023-580,Australian Open,Hard,128,G,20230116,207,104925,4,,Novak Djokovic,R,188,SRB,35.6,105777,27,,Grigor Dimitrov,R,191,BUL,31.6,7-6(7) 6-3 6-4,5,R32,187,11,2,112,81,60,13,16,5,8,15,4,116,69,47,19,15,7,12,5,5070,28,1395
2023-580,Australian Open,Hard,128,G,20230116,208,210097,,,Ben Shelton,L,193,USA,20.2,200615,,WC,Alexei Popyrin,R,196,AUS,23.4,6-3 7-6(4) 6-4,5,R32,120,12,3,92,60,52,21,16,4,4,14,1,92,70,51,11,15,6,8,89,604,113,506
2023-580,Australian Open,Hard,128,G,20230116,209,200670,,,J J Wolf,R,183,USA,24.0,111581,,LL,Michael Mmoh,R,188,USA,25.0,6-4 6-1 6-2,5,R32,123,10,3,82,48,36,21,13,4,5,6,3,67,40,22,13,12,2,8,67,758,107,523
2023-580,Australian Open,Hard,128,G,20230116,210,105138,24,,Roberto Bautista Agut,R,183,ESP,34.7,104918,,,Andy Murray,R,191,GBR,35.6,6-1 6-7(7) 6-3 6-4,5,R32,209,5,1,108,80,63,19,19,0,2,7,5,137,82,50,27,19,8,14,25,1675,66,770
2023-580,Australian Open,Hard,128,G,20230116,211,126205,,,Tommy Paul,R,185,USA,25.6,202385,,,Jenson Brooksby,R,188,USA,22.2,6-1 6-4 6-3,5,R32,128,7,2,78,46,37,19,13,4,4,2,4,98,61,37,16,13,9,14,35,1160,39,1010
2023-580,Australian Open,Hard,128,G,20230116,212,111575,18,,Karen Khachanov,R,198,RUS,26.6,106415,31,,Yoshihito Nishioka,L,170,JPN,27.3,6-0 6-0 7-6(4),5,R16,118,15,2,78,46,43,14,12,3,4,1,3,70,42,18,14,12,3,10,20,1885,33,1212
2023-580,Australian Open,Hard,128,G,20230116,213,200624,29,,Sebastian Korda,R,196,USA,22.5,128034,10,,Hubert Hurkacz,R,196,POL,25.9,3-6 6-3 6-2 1-6 7-6(7),5,R16,208,8,5,149,87,65,33,23,7,10,19,3,141,88,66,27,22,6,9,31,1325,11,2860
2023-580,Australian Open,Hard,128,G,20230116,214,126774,3,,Stefanos Tsitsipas,R,193,GRE,24.4,206173,15,,Jannik Sinner,R,191,ITA,21.4,6-4 6-4 3-6 4-6 6-3,5,R16,240,12,3,169,121,81,26,24,22,26,11,3,136,92,66,23,24,6,11,4,5715,16,2375
2023-580,Australian Open,Hard,128,G,20230116,215,208103,,,Jiri Lehecka,R,185,CZE,21.1,200000,6,,Felix Auger Aliassime,R,193,CAN,22.4,4-6 6-3 7-6(2) 7-6(3),5,R16,193,9,3,125,86,71,25,22,2,3,20,7,130,84,69,22,21,3,4,71,717,7,3895
2023-580,Australian Open,Hard,128,G,20230116,216,126094,5,,Andrey Rublev,R,188,RUS,25.2,208029,9,,Holger Rune,R,188,DEN,19.7,6-3 3-6 6-3 4-6 7-6(9),5,R16,217,22,4,162,105,77,27,25,12,17,8,12,164,92,63,37,24,8,13,6,3930,10,2876
2023-580,Australian Open,Hard,128,G,20230116,217,104925,4,,Novak Djokovic,R,188,SRB,35.6,200282,22,,Alex De Minaur,R,183,AUS,23.9,6-2 6-1 6-2,5,R16,126,4,3,68,44,33,16,12,0,0,3,2,82,50,26,14,11,6,12,5,5070,24,1710
2023-580,Australian Open,Hard,128,G,20230116,218,210097,,,Ben Shelton,L,193,USA,20.2,200670,,,J J Wolf,R,183,USA,24.0,6-7(5) 6-2 6-7(4) 7-6(4) 6-2,5,R16,227,23,1,158,107,88,35,26,2,2,19,2,162,105,84,30,26,5,9,89,604,67,758
2023-580,Australian Open,Hard,128,G,20230116,219,126205,,,Tommy Paul,R,185,USA,25.6,105138,24,,Roberto Bautista Agut,R,183,ESP,34.7,6-2 4-6 6-2 7-5,5,R16,199,11,1,126,76,54,28,19,8,10,2,3,127,83,51,23,19,9,15,35,1160,25,1675
2023-580,Australian Open,Hard,128,G,20230116,220,111575,18,,Karen Khachanov,R,198,RUS,26.6,200624,29,,Sebastian Korda,R,196,USA,22.5,7-6(5) 6-3 3-0 RET,5,QF,110,12,0,75,50,40,13,12,2,3,4,2,76,49,30,13,12,6,10,20,1885,31,1325
2023-580,Australian Open,Hard,128,G,20230116,221,126774,3,,Stefanos Tsitsipas,R,193,GRE,24.4,208103,,,Jiri Lehecka,R,185,CZE,21.1,6-3 7-6(2) 6-4,5,QF,137,9,2,100,66,53,22,16,8,8,7,4,97,62,49,15,15,4,6,4,5715,71,717
2023-580,Australian Open,Hard,128,G,20230116,222,104925,4,,Novak Djokovic,R,188,SRB,35.6,126094,5,,Andrey Rublev,R,188,RUS,25.2,6-1 6-2 6-4,5,QF,123,14,5,88,56,45,16,13,5,5,6,3,92,64,39,9,12,9,14,5,5070,6,3930
2023-580,Australian Open,Hard,128,G,20230116,223,126205,,,Tommy Paul,R,185,USA,25.6,210097,,,Ben Shelton,L,193,USA,20.2,7-6(6) 6-3 5-7 6-4,5,QF,186,7,3,117,77,66,27,22,2,4,24,6,162,94,71,32,21,12,15,35,1160,89,604
2023-580,Australian Open,Hard,128,G,20230116,224,126774,3,,Stefanos Tsitsipas,R,193,GRE,24.4,111575,18,,Karen Khachanov,R,198,RUS,26.6,7-6(2) 6-4 6-7(6) 6-3,5,SF,201,18,5,129,82,69,25,22,1,4,10,1,139,94,62,26,21,7,12,4,5715,20,1885
2023-580,Australian Open,Hard,128,G,20230116,225,104925,4,,Novak Djokovic,R,188,SRB,35.6,126205,,,Tommy Paul,R,185,USA,25.6,7-5 6-1 6-2,5,SF,140,12,5,91,53,40,21,14,7,9,4,0,77,45,24,14,13,4,11,5,5070,35,1160
2023-580,Australian Open,Hard,128,G,20230116,226,104925,4,,Novak Djokovic,R,188,SRB,35.6,126774,3,,Stefanos Tsitsipas,R,193,GRE,24.4,6-3 7-6(4) 7-6(5),5,F,176,7,3,100,66,54,21,17,2,3,15,3,106,69,50,19,16,3,5,5,5070,4,5715
2024-580,Australian Open,Hard,128,G,20240115,100,104925,1,,Novak Djokovic,R,188,SRB,36.6,209976,,Q,Dino Prizmic,R,188,CRO,18.4,6-2 6-7(5) 6-3 6-4,5,R128,241,11,1,129,77,51,32,20,5,9,7,7,123,84,55,12,19,9,17,1,11055,187,321
2024-580,Australian Open,Hard,128,G,20240115,101,200615,,,Alexei Popyrin,R,196,AUS,24.4,117360,,WC,Marc Polmans,R,188,AUS,26.7,6-3 7-6(3) 6-2,5,R128,148,20,3,87,63,51,15,15,3,3,11,5,113,77,51,15,14,7,11,43,1052,154,406
2024-580,Australian Open,Hard,128,G,20240115,102,104792,,,Gael Monfils,R,193,FRA,37.3,105870,,,Yannick Hanfmann,R,193,GER,32.1,6-4 6-3 7-5,5,R128,139,16,5,94,49,36,29,16,4,5,6,4,108,70,45,18,15,8,12,76,737,52,929
2024-580,Australian Open,Hard,128,G,20240115,103,144869,30,,Tomas Martin Etcheverry,R,196,ARG,24.4,104918,,,Andy Murray,R,191,GBR,36.6,6-4 6-2 6-2,5,R128,143,11,0,80,57,43,14,13,4,5,6,2,82,43,31,13,13,8,14,32,1375,44,1050
2024-580,Australian Open,Hard,128,G,20240115,104,105173,20,,Adrian Mannarino,L,180,FRA,35.5,104527,,,Stan Wawrinka,R,183,SUI,38.8,6-4 3-6 5-7 6-3 6-0,5,R128,216,13,6,131,76,62,27,23,6,10,14,0,138,70,52,30,23,6,13,19,1765,56,907
2024-580,Australian Open,Hard,128,G,20240115,105,144719,,,Jaume Munar,R,183,ESP,26.6,207686,,,Alexander Shevchenko,R,185,KAZ,23.1,6-3 6-3 6-1,5,R128,115,8,3,70,49,40,11,13,3,4,3,5,91,49,31,15,12,9,15,82,706,48,975
2024-580,Australian Open,Hard,128,G,20240115,106,106331,,,Christopher Oconnell,R,183,AUS,29.6,106426,,,Cristian Garin,R,185,CHI,27.6,3-6 7-5 4-6 6-1 7-5,5,R128,261,18,5,173,97,73,33,25,12,17,13,10,148,82,55,32,25,4,11,68,814,86,680
2024-580,Australian Open,Hard,128,G,20240115,107,210097,16,,Ben Shelton,L,193,USA,21.2,105138,,,Roberto Bautista Agut,R,183,ESP,35.7,6-2 7-6(2) 7-5,5,R128,166,14,2,103,70,55,13,16,9,11,1,2,114,87,50,13,16,1,6,16,2225,72,776
2024-580,Australian Open,Hard,128,G,20240115,108,126203,12,,Taylor Fritz,R,196,USA,26.2,207680,,,Facundo Diaz Acosta,L,183,ARG,23.0,4-6 6-3 3-6 6-2 6-4,5,R128,243,8,1,150,98,65,27,23,12,17,4,7,157,99,65,25,23,9,16,12,2840,90,661
2024-580,Australian Open,Hard,128,G,20240115,109,200384,,LL,Hugo Gaston,L,173,FRA,23.3,106148,,,Roberto Carballes Baena,R,183,ESP,30.8,6-3 6-2 3-6 6-4,5,R128,174,8,3,108,68,44,28,18,6,8,8,3,133,83,55,21,18,11,16,97,626,63,846
2024-580,Australian Open,Hard,128,G,20240115,110,206681,,,Fabian Marozsan,R,193,HUN,24.2,105227,,,Marin Cilic,R,198,CRO,35.2,6-1 2-6 6-2 7-5,5,R128,151,10,3,91,59,47,19,18,0,2,16,6,125,65,46,25,17,11,17,67,823,,
2024-580,Australian Open,Hard,128,G,20240115,111,202103,22,,Francisco Cerundolo,R,185,ARG,25.4,208013,,Q,Dane Sweeny,R,170,AUS,22.9,3-6 6-3 6-4 2-6 6-2,5,R128,203,9,3,137,91,64,27,22,6,10,1,7,135,78,50,34,22,8,13,21,1760,257,228
2024-580,Australian Open,Hard,128,G,20240115,112,207518,25,,Lorenzo Musetti,R,185,ITA,21.8,126127,,,Benjamin Bonzi,R,183,FRA,27.6,7-6(3) 7-6(4) 4-6 6-2,5,R128,214,7,4,149,89,62,31,21,3,7,6,4,127,79,56,26,21,5,10,28,1440,106,588
2024-580,Australian Open,Hard,128,G,20240115,113,209414,,,Luca Van Assche,R,178,FRA,19.6,105902,,WC,James Duckworth,R,183,AUS,31.9,6-7(2) 6-3 3-6 6-3 6-3,5,R128,212,11,6,134,67,59,39,24,0,2,21,3,157,95,73,29,24,8,13,79,715,95,628
2024-580,Australian Open,Hard,128,G,20240115,114,111442,,,Jordan Thompson,R,183,AUS,29.7,126846,,,Aleksandar Vukic,R,188,AUS,27.7,3-6 7-6(3) 6-2 3-6 6-4,5,R128,248,18,3,151,91,70,32,24,12,15,14,2,158,93,66,39,24,8,12,47,982,64,835
2024-580,Australian Open,Hard,128,G,20240115,115,126774,7,,Stefanos Tsitsipas,R,193,GRE,25.4,200267,,LL,Zizou Bergs,R,185,BEL,24.6,5-7 6-1 6-1 6-3,5,R128,179,10,6,116,66,48,27,18,3,5,6,3,113,57,36,28,17,9,16,7,4025,129,508
2024-580,Australian Open,Hard,128,G,20240115,116,206173,4,,Jannik Sinner,R,191,ITA,22.4,122298,,,Botic Van De Zandschulp,R,191,NED,28.2,6-4 7-5 6-3,5,R128,154,7,2,88,51,35,24,16,5,6,8,2,107,69,45,15,15,10,15,4,6490,59,890
2024-580,Australian Open,Hard,128,G,20240115,117,207411,,Q,Jesper De Jong,R,180,NED,23.6,106398,,,Pedro Cachin,R,185,ARG,28.7,4-6 6-2 6-3 6-4,5,R128,153,11,2,112,75,56,23,19,4,6,7,3,105,66,45,19,18,3,8,161,393,74,763
2024-580,Australian Open,Hard,128,G,20240115,118,123755,,,Daniel Elahi Galan,R,191,COL,27.5,106186,,WC,Jason Kubler,R,178,AUS,30.6,2-6 6-3 7-6(3) 4-6 7-6(8),5,R128,299,16,2,202,137,90,28,26,17,25,11,4,175,109,71,33,25,7,13,87,676,113,561
2024-580,Australian Open,Hard,128,G,20240115,119,202104,26,,Sebastian Baez,R,170,ARG,23.0,200670,,,J J Wolf,R,183,USA,25.0,3-6 6-2 6-3 3-0 RET,5,R128,133,6,2,90,66,42,15,15,8,11,13,5,98,57,34,17,14,7,14,29,1435,57,900
2024-580,Australian Open,Hard,128,G,20240115,120,126207,17,,Frances Tiafoe,R,188,USA,25.9,106432,,,Borna Coric,R,188,CRO,27.1,6-3 7-6(7) 2-6 6-3,5,R128,208,15,8,163,97,71,29,19,10,14,12,2,118,80,56,19,19,5,9,17,2100,40,1100
2024-580,Australian Open,Hard,128,G,20240115,121,207830,,,Tomas Machac,R,183,CZE,23.2,208278,,LL,Shintaro Mochizuki,R,175,JPN,20.6,7-5 6-1 7-5,5,R128,150,4,0,103,72,56,13,16,6,7,4,4,104,56,40,19,15,7,12,75,748,136,457
2024-580,Australian Open,Hard,128,G,20240115,122,206499,,Q,Aleksandar Kovacevic,R,183,USA,25.3,126214,,,Alejandro Tabilo,L,188,CHI,26.6,6-7(2) 7-6(7) 1-6 6-1 6-3,5,R128,202,23,8,162,101,76,34,24,11,13,34,6,143,89,73,26,23,2,6,101,611,49,970
2024-580,Australian Open,Hard,128,G,20240115,123,111575,15,,Karen Khachanov,R,198,RUS,27.6,127157,,,Daniel Altmaier,R,188,GER,25.3,5-7 6-3 7-6(5) 7-6(3),5,R128,242,15,4,147,85,65,33,23,7,11,10,3,145,90,68,26,22,8,12,15,2430,50,946
2024-580,Australian Open,Hard,128,G,20240115,124,200282,10,,Alex De Minaur,R,183,AUS,24.9,105683,,,Milos Raonic,R,196,CAN,33.0,6-7(6) 6-3 2-0 RET,5,R128,115,10,1,80,41,35,24,12,4,4,12,1,70,40,30,18,11,1,3,10,2950,319,165
2024-580,Australian Open,Hard,128,G,20240115,125,208286,,,Matteo Arnaldi,R,185,ITA,22.8,200443,,WC,Adam Walton,R,183,AUS,24.7,7-6(5) 6-2 6-4,5,R128,156,16,1,114,72,52,21,15,9,11,1,0,92,59,40,15,15,8,13,41,1077,174,354
2024-580,Australian Open,Hard,128,G,20240115,126,200303,,,Pavel Kotov,R,191,RUS,25.1,126239,,,Arthur Rinderknech,R,196,FRA,28.4,7-5 6-1 6-7(6) 6-7(5) 6-3,5,R128,282,9,4,176,124,92,29,26,9,10,18,6,183,114,85,29,26,10,16,65,835,94,629
2024-580,Australian Open,Hard,128,G,20240115,127,207925,,Q,Flavio Cobolli,R,183,ITA,21.6,111797,18,,Nicolas Jarry,R,201,CHI,28.2,6-4 3-6 6-3 2-6 7-5,5,R128,241,14,4,134,73,53,32,24,3,9,8,2,140,89,65,23,24,9,15,100,617,18,1870
2024-580,Australian Open,Hard,128,G,20240115,128,200624,29,,Sebastian Korda,R,196,USA,23.5,200240,,Q,Vit Kopriva,R,178,CZE,26.5,6-1 6-4 2-6 4-6 6-2,5,R128,185,12,5,116,70,52,23,22,2,8,13,11,150,85,61,20,21,10,18,26,1480,132,498
2024-580,Australian Open,Hard,128,G,20240115,129,111460,,,Quentin Halys,R,191,FRA,27.2,144750,,Q,Lloyd Harris,R,193,RSA,26.8,4-6 7-6(5) 7-5 7-6(2),5,R128,187,21,5,152,99,78,29,23,12,14,15,2,135,95,72,21,23,5,7,110,575,167,371
2024-580,Australian Open,Hard,128,G,20240115,130,111153,,,Christopher Eubanks,R,201,USA,27.6,106121,,,Taro Daniel,R,191,JPN,30.9,6-4 6-2 6-3,5,R128,99,9,2,73,57,50,9,14,1,1,4,3,76,45,30,18,13,7,11,35,1215,58,893
2024-580,Australian Open,Hard,128,G,20240115,131,126094,5,,Andrey Rublev,R,188,RUS,26.2,205734,,,Thiago Seyboth Wild,R,185,BRA,23.8,7-5 6-4 3-6 4-6 7-6(6),5,R128,222,21,1,154,100,83,25,27,4,8,15,6,202,130,91,34,26,19,23,5,5010,77,718
2024-580,Australian Open,Hard,128,G,20240115,132,208029,8,,Holger Rune,R,188,DEN,20.7,106415,,,Yoshihito Nishioka,L,170,JPN,28.3,6-2 4-6 7-6(3) 6-4,5,R128,205,17,5,135,86,66,29,20,6,7,4,4,135,83,57,26,20,8,11,8,3815,61,865
2024-580,Australian Open,Hard,128,G,20240115,133,209070,,WC,Arthur Cazaux,R,183,FRA,21.3,111513,,,Laslo Djere,R,188,SRB,28.6,6-2 6-7(3) 6-2 3-6 6-2,5,R128,206,11,3,119,78,66,21,23,3,5,5,7,160,100,64,29,22,11,18,122,529,33,1250
2024-580,Australian Open,Hard,128,G,20240115,134,209950,,,Arthur Fils,R,185,FRA,19.5,106210,,,Jiri Vesely,L,198,CZE,30.5,4-6 7-5 6-2 6-3,5,R128,163,18,4,99,65,55,23,20,1,2,3,8,129,88,59,19,19,8,12,34,1233,293,188
2024-580,Australian Open,Hard,128,G,20240115,135,134868,28,,Tallon Griekspoor,R,188,NED,27.5,126128,,,Roman Safiullin,R,185,RUS,26.4,2-6 3-6 7-6(3) 6-4 7-5,5,R128,230,15,5,162,95,68,38,26,10,14,16,3,143,88,67,35,25,4,7,31,1410,36,1190
2024-580,Australian Open,Hard,128,G,20240115,136,200005,21,,Ugo Humbert,L,188,FRA,25.5,105676,,Q,David Goffin,R,180,BEL,33.1,6-2 7-5 5-7 6-3,5,R128,176,9,1,120,72,55,30,21,7,9,9,3,130,77,55,26,20,12,17,20,1765,112,570
2024-580,Australian Open,Hard,128,G,20240115,137,111190,,,Zhizhen Zhang,R,193,CHN,27.2,105948,,,Federico Coria,R,180,ARG,31.8,6-4 7-6(3) 7-6(5),5,R128,153,13,2,112,67,47,26,17,1,4,14,7,114,64,52,22,17,7,11,54,911,84,694
2024-580,Australian Open,Hard,128,G,20240115,138,210150,,Q,Jakub Mensik,R,193,CZE,18.3,133430,,,Denis Shapovalov,L,185,CAN,24.7,6-3 7-5 7-5,5,R128,139,12,4,95,57,47,26,17,9,9,12,7,106,60,46,19,16,7,10,142,433,114,560
2024-580,Australian Open,Hard,128,G,20240115,139,128034,9,,Hubert Hurkacz,R,196,POL,26.9,117357,,Q,Omar Jasika,L,183,AUS,26.6,7-6(4) 6-4 6-2,5,R128,131,24,1,92,56,48,20,15,1,1,3,0,98,65,40,21,15,4,7,9,3320,343,148
2024-580,Australian Open,Hard,128,G,20240115,140,105777,13,,Grigor Dimitrov,R,191,BUL,32.6,105916,,,Marton Fucsovics,R,188,HUN,31.9,4-6 6-3 7-6(1) 6-2,5,R128,207,8,8,119,77,64,16,20,5,8,5,6,146,80,51,35,19,16,21,13,2775,70,782
2024-580,Australian Open,Hard,128,G,20240115,141,106423,,,Thanasi Kokkinakis,R,193,AUS,27.7,124116,,,Sebastian Ofner,R,191,AUT,27.6,7-6(1) 2-6 6-7(4) 6-1 7-6(8),5,R128,258,26,3,165,114,87,31,26,2,4,15,3,160,97,78,33,25,5,7,80,711,37,1141
2024-580,Australian Open,Hard,128,G,20240115,142,132686,,,Nuno Borges,R,185,POR,26.9,109739,,,Maximilian Marterer,L,188,GER,28.5,7-5 7-6(3) 6-2,5,R128,149,18,0,99,64,54,18,16,7,8,11,4,118,79,51,17,16,10,14,69,814,96,626
2024-580,Australian Open,Hard,128,G,20240115,143,200221,23,,Alejandro Davidovich Fokina,R,183,ESP,24.6,106005,,,Constant Lestienne,R,180,FRA,31.6,6-4 6-4 7-6(5),5,R128,166,11,2,116,84,57,18,16,5,7,7,4,115,71,46,23,16,8,12,24,1530,99,619
2024-580,Australian Open,Hard,128,G,20240115,144,200000,27,,Felix Auger Aliassime,R,193,CAN,23.4,106233,,,Dominic Thiem,R,185,AUT,30.3,6-3 7-5 6-7(5) 5-7 6-3,5,R128,299,16,10,166,97,75,40,27,5,8,15,8,180,121,85,28,27,8,13,30,1425,92,654
2024-580,Australian Open,Hard,128,G,20240115,145,126409,,Q,Hugo Grenier,R,196,FRA,27.8,124186,,,Alexandre Muller,R,183,FRA,26.9,2-6 7-6(3) 4-6 6-4 7-6(7),5,R128,259,31,10,167,112,84,22,26,7,13,12,5,180,126,84,31,26,7,11,178,340,73,774
2024-580,Australian Open,Hard,128,G,20240115,146,200325,,,Emil Ruusuvuori,R,188,FIN,24.7,200516,,WC,Patrick Kypson,R,188,USA,24.2,4-6 6-3 6-4 7-6(4),5,R128,181,19,5,123,77,66,27,21,4,5,17,1,129,81,59,25,20,4,6,53,921,183,330
2024-580,Australian Open,Hard,128,G,20240115,147,106421,3,,Daniil Medvedev,R,198,RUS,27.9,209279,,Q,Terence Atmane,L,193,FRA,22.0,5-7 6-2 6-4 1-0 RET,5,R128,157,9,4,90,54,39,21,16,5,8,12,7,121,69,50,19,15,13,19,3,7555,144,429
2024-580,Australian Open,Hard,128,G,20240115,148,100644,6,,Alexander Zverev,R,198,GER,26.7,136440,,,Dominik Koepfer,L,180,GER,29.7,4-6 6-3 7-6(3) 6-3,5,R128,192,19,2,131,94,73,22,20,8,9,8,1,131,91,59,27,20,6,8,6,4275,62,858
2024-580,Australian Open,Hard,128,G,20240115,149,127760,,Q,Lukas Klein,R,193,SVK,25.8,126952,,,Soon Woo Kwon,R,180,KOR,26.1,7-6(0) 4-6 7-6(3) 6-3,5,R128,190,16,6,135,94,69,21,22,6,10,6,10,149,80,57,36,21,6,10,163,391,697,40
2024-580,Australian Open,Hard,128,G,20240115,150,210506,,,Alex Michelsen,R,193,USA,19.3,210317,,WC,James Mccabe,R,188,AUS,20.5,7-6(5) 3-6 6-1 6-2,5,R128,175,8,4,118,80,56,23,18,8,11,13,3,113,70,48,17,18,2,8,91,656,269,214
2024-580,Australian Open,Hard,128,G,20240115,151,208103,32,,Jiri Lehecka,R,185,CZE,22.1,126523,,,Bernabe Zapata Miralles,R,183,ESP,27.0,6-3 6-2 6-3,5,R128,102,6,2,78,44,32,21,13,3,4,3,3,75,52,30,10,13,4,10,23,1555,78,715
2024-580,Australian Open,Hard,128,G,20240115,152,111815,19,,Cameron Norrie,L,188,GBR,28.3,122669,,,Juan Pablo Varillas,R,185,PER,28.2,6-4 6-4 6-2,5,R128,135,6,3,81,44,36,21,14,3,4,2,4,92,44,24,26,14,8,13,22,1710,81,709
2024-580,Australian Open,Hard,128,G,20240115,153,206748,,Q,Giulio Zeppieri,L,183,ITA,22.1,105583,,,Dusan Lajovic,R,183,SRB,33.5,6-3 3-6 6-3 7-6(3),5,R128,146,15,6,114,60,50,36,20,6,8,2,1,112,80,58,17,19,5,8,133,487,51,939
2024-580,Australian Open,Hard,128,G,20240115,154,126845,,,Max Purcell,R,185,AUS,25.7,200218,,Q,Mate Valkusz,R,183,HUN,25.4,3-6 7-6(2) 6-4 7-5,5,R128,172,17,3,136,81,61,30,22,6,10,9,11,135,89,66,21,21,8,13,45,1021,214,291
2024-580,Australian Open,Hard,128,G,20240115,155,134770,11,,Casper Ruud,R,183,NOR,25.0,105077,,,Albert Ramos,L,188,ESP,35.9,6-1 6-3 6-1,5,R128,126,11,5,76,41,34,20,12,4,4,2,2,83,50,27,11,11,6,12,11,2910,85,688
2024-580,Australian Open,Hard,128,G,20240115,156,126205,14,,Tommy Paul,R,185,USA,26.6,106296,,,Gregoire Barrere,R,183,FRA,29.9,6-2 6-3 6-3,5,R128,94,9,2,70,43,37,18,13,4,4,6,2,73,47,30,11,13,2,7,14,2670,83,696
2024-580,Australian Open,Hard,128,G,20240115,157,207733,,,Jack Draper,L,193,GBR,22.0,106218,,,Marcos Giron,R,180,USA,30.4,6-4 3-6 4-6 6-0 6-2,5,R128,200,17,5,134,73,52,29,22,5,10,13,4,127,77,49,21,21,8,17,55,911,66,825
2024-580,Australian Open,Hard,128,G,20240115,158,200175,,,Miomir Kecmanovic,R,183,SRB,24.3,133297,,,Yosuke Watanuki,R,180,JPN,25.7,4-6 7-5 6-3 6-4,5,R128,157,8,1,123,83,62,24,21,3,5,11,4,114,73,57,17,20,2,6,60,890,102,610
2024-580,Australian Open,Hard,128,G,20240115,159,105526,24,,Jan Lennard Struff,R,193,GER,33.7,208014,,,Rinky Hijikata,R,178,AUS,22.8,3-6 6-3 6-2 6-7(2) 7-6(8),5,R128,230,25,4,177,107,82,33,25,11,14,24,6,164,95,73,31,25,8,13,25,1511,71,782
2024-580,Australian Open,Hard,128,G,20240115,160,111576,,Q,Sumit Nagal,R,178,IND,26.4,122330,31,,Alexander Bublik,R,196,KAZ,26.5,6-4 6-2 7-6(5),5,R128,157,1,0,93,70,47,13,15,4,7,13,9,109,58,40,19,15,6,12,137,450,27,1459
2024-580,Australian Open,Hard,128,G,20240115,161,209992,,WC,Juncheng Shang,L,180,CHN,18.9,111456,,,Mackenzie Mcdonald,R,178,USA,28.7,6-3 1-6 3-6 6-4 6-2,5,R128,206,4,4,143,83,57,30,22,13,18,6,4,117,78,52,20,21,5,10,140,435,42,1055
2024-580,Australian Open,Hard,128,G,20240115,162,132283,,,Lorenzo Sonego,R,191,ITA,28.6,105554,,,Daniel Evans,R,175,GBR,33.6,4-6 7-6(8) 6-2 7-6(4),5,R128,223,23,1,133,88,72,24,21,5,6,3,6,141,79,59,34,21,8,10,46,1005,38,1121
2024-580,Australian Open,Hard,128,G,20240115,163,207989,2,,Carlos Alcaraz,R,183,ESP,20.6,104755,,,Richard Gasquet,R,183,FRA,37.5,7-6(5) 6-1 6-2,5,R128,142,9,3,94,62,45,21,14,2,2,3,3,117,86,51,11,13,12,16,2,8855,131,500
2024-580,Australian Open,Hard,128,G,20240115,164,104925,1,,Novak Djokovic,R,188,SRB,36.6,200615,,,Alexei Popyrin,R,196,AUS,24.4,6-3 4-6 7-6(4) 6-3,5,R64,191,11,0,119,73,60,27,20,5,7,17,4,111,64,47,27,20,8,11,1,11055,43,1052
2024-580,Australian Open,Hard,128,G,20240115,165,144869,30,,Tomas Martin Etcheverry,R,196,ARG,24.4,104792,,,Gael Monfils,R,193,FRA,37.3,6-4 6-4 6-4,5,R64,133,5,0,102,80,54,13,15,4,5,12,4,86,53,44,12,15,4,8,32,1375,76,737
2024-580,Australian Open,Hard,128,G,20240115,166,105173,20,,Adrian Mannarino,L,180,FRA,35.5,144719,,,Jaume Munar,R,183,ESP,26.6,6-3 6-3 1-6 2-6 6-3,5,R64,204,7,3,120,77,56,24,21,4,8,10,8,143,90,66,22,21,8,12,19,1765,82,706
2024-580,Australian Open,Hard,128,G,20240115,167,210097,16,,Ben Shelton,L,193,USA,21.2,106331,,,Christopher Oconnell,R,183,AUS,29.6,6-4 6-1 3-6 7-6(5),5,R64,171,17,4,114,76,56,24,19,3,5,9,1,133,79,63,17,19,7,11,16,2225,68,814
2024-580,Australian Open,Hard,128,G,20240115,168,126203,12,,Taylor Fritz,R,196,USA,26.2,200384,,LL,Hugo Gaston,L,173,FRA,23.3,6-0 6-3 6-1,5,R64,88,11,2,68,44,34,13,11,1,1,2,5,81,48,27,11,11,6,13,12,2840,97,626
2024-580,Australian Open,Hard,128,G,20240115,169,206681,,,Fabian Marozsan,R,193,HUN,24.2,202103,22,,Francisco Cerundolo,R,185,ARG,25.4,7-6(5) 6-4 6-2,5,R64,121,7,3,94,60,42,18,15,5,8,6,6,118,71,45,17,15,12,18,67,823,21,1760
2024-580,Australian Open,Hard,128,G,20240115,170,209414,,,Luca Van Assche,R,178,FRA,19.6,207518,25,,Lorenzo Musetti,R,185,ITA,21.8,6-3 3-6 6-7(5) 6-3 6-0,5,R64,225,9,3,133,75,57,35,23,7,9,6,0,153,90,64,27,22,5,12,79,715,28,1440
2024-580,Australian Open,Hard,128,G,20240115,171,126774,7,,Stefanos Tsitsipas,R,193,GRE,25.4,111442,,,Jordan Thompson,R,183,AUS,29.7,4-6 7-6(6) 6-2 7-6(4),5,R64,216,13,2,151,77,58,47,21,9,11,5,0,125,76,56,31,21,4,7,7,4025,47,982
2024-580,Australian Open,Hard,128,G,20240115,172,206173,4,,Jannik Sinner,R,191,ITA,22.4,207411,,Q,Jesper De Jong,R,180,NED,23.6,6-2 6-2 6-2,5,R64,103,7,1,58,37,32,16,12,0,0,6,3,80,50,29,12,12,6,12,4,6490,161,393
2024-580,Australian Open,Hard,128,G,20240115,173,202104,26,,Sebastian Baez,R,170,ARG,23.0,123755,,,Daniel Elahi Galan,R,191,COL,27.5,7-5 2-6 6-2 6-4,5,R64,194,4,5,113,77,53,20,19,1,5,6,2,141,82,53,28,19,14,20,29,1435,87,676
2024-580,Australian Open,Hard,128,G,20240115,174,207830,,,Tomas Machac,R,183,CZE,23.2,126207,17,,Frances Tiafoe,R,188,USA,25.9,6-4 6-4 7-6(5),5,R64,155,10,1,97,66,50,15,16,2,5,13,2,128,81,54,18,16,7,12,75,748,17,2100
2024-580,Australian Open,Hard,128,G,20240115,175,111575,15,,Karen Khachanov,R,198,RUS,27.6,206499,,Q,Aleksandar Kovacevic,R,183,USA,25.3,6-4 6-3 4-6 6-3,5,R64,150,22,0,103,68,51,22,19,7,10,16,5,114,65,46,22,19,6,12,15,2430,101,611
2024-580,Australian Open,Hard,128,G,20240115,176,200282,10,,Alex De Minaur,R,183,AUS,24.9,208286,,,Matteo Arnaldi,R,185,ITA,22.8,6-3 6-0 6-3,5,R64,120,4,3,82,49,37,17,12,5,6,4,2,82,40,24,15,12,7,14,10,2950,41,1077
2024-580,Australian Open,Hard,128,G,20240115,177,207925,,Q,Flavio Cobolli,R,183,ITA,21.6,200303,,,Pavel Kotov,R,191,RUS,25.1,7-5 6-3 5-7 6-2,5,R64,195,5,4,126,67,49,33,21,6,9,2,5,117,73,48,24,20,3,9,100,617,65,835
2024-580,Australian Open,Hard,128,G,20240115,178,200624,29,,Sebastian Korda,R,196,USA,23.5,111460,,,Quentin Halys,R,191,FRA,27.2,6-4 6-4 6-4,5,R64,121,12,4,84,50,38,25,15,1,1,19,4,124,70,54,19,15,14,17,26,1480,110,575
2024-580,Australian Open,Hard,128,G,20240115,179,126094,5,,Andrey Rublev,R,188,RUS,26.2,111153,,,Christopher Eubanks,R,201,USA,27.6,6-4 6-4 6-4,5,R64,99,10,0,79,60,51,14,15,3,3,10,2,95,74,49,11,15,7,10,5,5010,35,1215
2024-580,Australian Open,Hard,128,G,20240115,180,209070,,WC,Arthur Cazaux,R,183,FRA,21.3,208029,8,,Holger Rune,R,188,DEN,20.7,7-6(4) 6-4 4-6 6-3,5,R64,202,18,2,118,74,61,25,21,3,4,6,4,137,76,55,35,20,5,8,122,529,8,3815
2024-580,Australian Open,Hard,128,G,20240115,181,134868,28,,Tallon Griekspoor,R,188,NED,27.5,209950,,,Arthur Fils,R,185,FRA,19.5,3-6 6-1 7-5 6-4,5,R64,139,11,3,110,76,54,23,19,3,5,13,11,115,63,48,23,19,5,10,31,1410,34,1233
2024-580,Australian Open,Hard,128,G,20240115,182,200005,21,,Ugo Humbert,L,188,FRA,25.5,111190,,,Zhizhen Zhang,R,193,CHN,27.2,6-2 5-7 6-1 7-6(3),5,R64,170,15,3,121,80,61,24,20,5,7,14,4,117,73,49,20,19,4,9,20,1765,54,911
2024-580,Australian Open,Hard,128,G,20240115,183,128034,9,,Hubert Hurkacz,R,196,POL,26.9,210150,,Q,Jakub Mensik,R,193,CZE,18.3,6-7(9) 6-1 5-7 6-1 6-3,5,R64,205,19,2,135,90,74,27,24,1,3,19,10,167,101,76,24,23,14,21,9,3320,142,433
2024-580,Australian Open,Hard,128,G,20240115,184,105777,13,,Grigor Dimitrov,R,191,BUL,32.6,106423,,,Thanasi Kokkinakis,R,193,AUS,27.7,6-3 6-2 4-6 6-4,5,R64,208,8,1,113,82,64,17,19,7,8,12,3,149,102,66,22,18,12,16,13,2775,80,711
2024-580,Australian Open,Hard,128,G,20240115,185,132686,,,Nuno Borges,R,185,POR,26.9,200221,23,,Alejandro Davidovich Fokina,R,183,ESP,24.6,7-6(7) 6-3 6-3,5,R64,138,7,5,114,73,53,22,15,7,9,5,4,98,65,40,17,15,4,9,69,814,24,1530
2024-580,Australian Open,Hard,128,G,20240115,186,200000,27,,Felix Auger Aliassime,R,193,CAN,23.4,126409,,Q,Hugo Grenier,R,196,FRA,27.8,6-1 3-6 6-1 6-2,5,R64,176,4,8,101,73,49,15,16,8,11,6,6,116,69,33,21,15,12,20,30,1425,178,340
2024-580,Australian Open,Hard,128,G,20240115,187,106421,3,,Daniil Medvedev,R,198,RUS,27.9,200325,,,Emil Ruusuvuori,R,188,FIN,24.7,3-6 6-7(1) 6-4 7-6(1) 6-0,5,R64,263,23,8,175,104,73,32,25,13,18,1,4,177,109,63,36,24,8,16,3,7555,53,921
2024-580,Australian Open,Hard,128,G,20240115,188,100644,6,,Alexander Zverev,R,198,GER,26.7,127760,,Q,Lukas Klein,R,193,SVK,25.8,7-5 3-6 4-6 7-6(5) 7-6(7),5,R64,271,21,2,179,134,105,18,28,7,10,13,5,201,133,99,35,27,8,10,6,4275,163,391
2024-580,Australian Open,Hard,128,G,20240115,189,210506,,,Alex Michelsen,R,193,USA,19.3,208103,32,,Jiri Lehecka,R,185,CZE,22.1,4-6 6-3 6-4 6-4,5,R64,170,7,3,116,75,59,23,20,4,6,10,3,116,76,52,24,19,8,12,91,656,23,1555
2024-580,Australian Open,Hard,128,G,20240115,190,111815,19,,Cameron Norrie,L,188,GBR,28.3,206748,,Q,Giulio Zeppieri,L,183,ITA,22.1,3-6 6-7(4) 6-2 6-4 6-4,5,R64,215,16,4,145,106,80,21,25,3,5,29,8,160,94,73,30,24,6,11,22,1710,133,487
2024-580,Australian Open,Hard,128,G,20240115,191,134770,11,,Casper Ruud,R,183,NOR,25.0,126845,,,Max Purcell,R,185,AUS,25.7,6-3 6-7(5) 6-3 3-6 7-6(7),5,R64,230,22,5,175,126,99,28,26,12,13,27,6,160,107,84,30,25,8,10,11,2910,45,1021
2024-580,Australian Open,Hard,128,G,20240115,192,126205,14,,Tommy Paul,R,185,USA,26.6,207733,,,Jack Draper,L,193,GBR,22.0,6-2 3-6 6-3 7-5,5,R64,178,9,4,110,67,50,26,19,2,5,4,2,121,69,46,27,19,13,19,14,2670,55,911
2024-580,Australian Open,Hard,128,G,20240115,193,200175,,,Miomir Kecmanovic,R,183,SRB,24.3,105526,24,,Jan Lennard Struff,R,193,GER,33.7,6-4 1-6 7-6(5) 1-6 7-6(9),5,R64,201,10,8,156,100,73,27,24,3,8,23,7,178,120,90,27,24,12,14,60,890,25,1511
2024-580,Australian Open,Hard,128,G,20240115,194,209992,,WC,Juncheng Shang,L,180,CHN,18.9,111576,,Q,Sumit Nagal,R,178,IND,26.4,2-6 6-3 7-5 6-4,5,R64,170,8,3,128,86,62,25,20,5,7,7,1,110,73,49,25,19,7,10,140,435,137,450
2024-580,Australian Open,Hard,128,G,20240115,195,207989,2,,Carlos Alcaraz,R,183,ESP,20.6,132283,,,Lorenzo Sonego,R,191,ITA,28.6,6-4 6-7(3) 6-3 7-6(3),5,R64,205,12,4,130,89,69,29,22,3,4,10,2,142,103,67,26,21,3,6,2,8855,46,1005
2024-580,Australian Open,Hard,128,G,20240115,196,104925,1,,Novak Djokovic,R,188,SRB,36.6,144869,30,,Tomas Martin Etcheverry,R,196,ARG,24.4,6-3 6-3 7-6(2),5,R32,148,10,0,84,57,49,16,15,0,0,13,1,100,72,51,10,15,4,7,1,11055,32,1375
2024-580,Australian Open,Hard,128,G,20240115,197,105173,20,,Adrian Mannarino,L,180,FRA,35.5,210097,16,,Ben Shelton,L,193,USA,21.2,7-6(4) 1-6 6-7(2) 6-3 6-4,5,R32,286,9,9,188,121,76,36,25,14,21,18,4,178,128,86,24,25,11,17,19,1765,16,2225
2024-580,Australian Open,Hard,128,G,20240115,198,126203,12,,Taylor Fritz,R,196,USA,26.2,206681,,,Fabian Marozsan,R,193,HUN,24.2,3-6 6-4 6-2 6-2,5,R32,143,19,2,84,53,42,20,18,1,3,7,10,157,100,57,28,17,17,23,12,2840,67,823
2024-580,Australian Open,Hard,128,G,20240115,199,126774,7,,Stefanos Tsitsipas,R,193,GRE,25.4,209414,,,Luca Van Assche,R,178,FRA,19.6,6-3 6-0 6-4,5,R32,122,12,0,87,52,39,20,13,8,9,1,5,72,45,23,12,12,2,8,7,4025,79,715
2024-580,Australian Open,Hard,128,G,20240115,200,206173,4,,Jannik Sinner,R,191,ITA,22.4,202104,26,,Sebastian Baez,R,170,ARG,23.0,6-0 6-1 6-3,5,R32,112,6,0,70,45,35,13,11,4,4,2,0,74,54,29,5,11,5,12,4,6490,29,1435
2024-580,Australian Open,Hard,128,G,20240115,201,111575,15,,Karen Khachanov,R,198,RUS,27.6,207830,,,Tomas Machac,R,183,CZE,23.2,6-4 7-6(4) 4-6 7-6(5),5,R32,204,17,5,165,110,81,29,22,17,19,17,5,127,84,68,24,22,1,3,15,2430,75,748
2024-580,Australian Open,Hard,128,G,20240115,202,200282,10,,Alex De Minaur,R,183,AUS,24.9,207925,,Q,Flavio Cobolli,R,183,ITA,21.6,6-3 6-3 6-1,5,R32,127,4,0,85,44,33,25,13,7,8,4,2,99,56,33,18,12,14,20,10,2950,100,617
2024-580,Australian Open,Hard,128,G,20240115,203,126094,5,,Andrey Rublev,R,188,RUS,26.2,200624,29,,Sebastian Korda,R,196,USA,23.5,6-2 7-6(6) 6-4,5,R32,119,13,3,88,65,54,13,15,1,1,18,5,102,68,50,13,15,6,9,5,5010,26,1480
2024-580,Australian Open,Hard,128,G,20240115,204,209070,,WC,Arthur Cazaux,R,183,FRA,21.3,134868,28,,Tallon Griekspoor,R,188,NED,27.5,6-3 6-3 6-1,5,R32,106,14,3,70,46,39,14,13,0,0,4,4,83,48,31,14,12,9,14,122,529,31,1410
2024-580,Australian Open,Hard,128,G,20240115,205,128034,9,,Hubert Hurkacz,R,196,POL,26.9,200005,21,,Ugo Humbert,L,188,FRA,25.5,3-6 6-1 7-6(4) 6-3,5,R32,167,17,3,125,78,63,20,19,5,7,4,0,122,80,51,24,18,7,11,9,3320,20,1765
2024-580,Australian Open,Hard,128,G,20240115,206,132686,,,Nuno Borges,R,185,POR,26.9,105777,13,,Grigor Dimitrov,R,191,BUL,32.6,6-7(3) 6-4 6-2 7-6(6),5,R32,185,21,4,150,103,80,22,21,11,12,11,2,118,72,57,25,21,3,7,69,814,13,2775
2024-580,Australian Open,Hard,128,G,20240115,207,106421,3,,Daniil Medvedev,R,198,RUS,27.9,200000,27,,Felix Auger Aliassime,R,193,CAN,23.4,6-3 6-4 6-3,5,R32,129,8,4,86,55,43,15,14,1,2,8,4,80,49,33,14,14,2,7,3,7555,30,1425
2024-580,Australian Open,Hard,128,G,20240115,208,100644,6,,Alexander Zverev,R,198,GER,26.7,210506,,,Alex Michelsen,R,193,USA,19.3,6-2 7-6(4) 6-2,5,R32,119,11,1,81,58,46,15,14,0,1,1,3,89,59,35,15,14,5,10,6,4275,91,656
2024-580,Australian Open,Hard,128,G,20240115,209,111815,19,,Cameron Norrie,L,188,GBR,28.3,134770,11,,Casper Ruud,R,183,NOR,25.0,6-4 6-7(7) 6-4 6-3,5,R32,183,11,3,129,79,61,31,21,9,10,19,4,122,84,63,18,20,2,6,22,1710,11,2910
2024-580,Australian Open,Hard,128,G,20240115,210,200175,,,Miomir Kecmanovic,R,183,SRB,24.3,126205,14,,Tommy Paul,R,185,USA,26.6,6-4 3-6 2-6 7-6(7) 6-0,5,R32,237,10,0,142,87,61,27,23,4,9,16,2,185,108,69,37,22,16,22,60,890,14,2670
2024-580,Australian Open,Hard,128,G,20240115,211,207989,2,,Carlos Alcaraz,R,183,ESP,20.6,209992,,WC,Juncheng Shang,L,180,CHN,18.9,6-1 6-1 1-0 RET,5,R32,66,3,1,34,19,16,13,8,0,0,0,1,50,26,13,7,7,6,12,2,8855,140,435
2024-580,Australian Open,Hard,128,G,20240115,212,104925,1,,Novak Djokovic,R,188,SRB,36.6,105173,20,,Adrian Mannarino,L,180,FRA,35.5,6-0 6-0 6-3,5,R16,104,17,5,69,48,39,13,11,3,3,1,0,58,34,17,8,10,4,11,1,11055,19,1765
2024-580,Australian Open,Hard,128,G,20240115,213,126203,12,,Taylor Fritz,R,196,USA,26.2,126774,7,,Stefanos Tsitsipas,R,193,GRE,25.4,7-6(3) 5-7 6-3 6-3,5,R16,181,13,2,113,79,68,18,21,2,4,12,7,136,86,65,22,21,7,11,12,2840,7,4025
2024-580,Australian Open,Hard,128,G,20240115,214,206173,4,,Jannik Sinner,R,191,ITA,22.4,111575,15,,Karen Khachanov,R,198,RUS,27.6,6-4 7-5 6-3,5,R16,154,8,3,97,52,41,26,16,9,10,7,0,91,61,40,14,15,3,8,4,6490,15,2430
2024-580,Australian Open,Hard,128,G,20240115,215,126094,5,,Andrey Rublev,R,188,RUS,26.2,200282,10,,Alex De Minaur,R,183,AUS,24.9,6-4 6-7(5) 6-7(4) 6-3 6-0,5,R16,254,6,6,180,107,72,40,25,13,16,6,6,161,85,54,38,24,5,13,5,5010,10,2950
2024-580,Australian Open,Hard,128,G,20240115,216,128034,9,,Hubert Hurkacz,R,196,POL,26.9,209070,,WC,Arthur Cazaux,R,183,FRA,21.3,7-6(6) 7-6(3) 6-4,5,R16,148,11,1,87,54,49,25,17,0,1,18,2,114,68,53,24,17,6,8,9,3320,122,529
2024-580,Australian Open,Hard,128,G,20240115,217,106421,3,,Daniil Medvedev,R,198,RUS,27.9,132686,,,Nuno Borges,R,185,POR,26.9,6-3 7-6(4) 5-7 6-1,5,R16,187,13,11,145,92,69,24,20,7,11,5,4,137,92,60,18,20,7,13,3,7555,69,814
2024-580,Australian Open,Hard,128,G,20240115,218,100644,6,,Alexander Zverev,R,198,GER,26.7,111815,19,,Cameron Norrie,L,188,GBR,28.3,7-5 3-6 6-3 4-6 7-6(3),5,R16,245,15,6,150,114,87,16,26,6,10,10,2,169,106,73,33,26,10,14,6,4275,22,1710
2024-580,Australian Open,Hard,128,G,20240115,219,207989,2,,Carlos Alcaraz,R,183,ESP,20.6,200175,,,Miomir Kecmanovic,R,183,SRB,24.3,6-4 6-4 6-0,5,R16,109,5,0,69,47,39,14,13,0,0,3,1,84,54,32,15,13,4,9,2,8855,60,890
2024-580,Australian Open,Hard,128,G,20240115,220,104925,1,,Novak Djokovic,R,188,SRB,36.6,126203,12,,Taylor Fritz,R,196,USA,26.2,7-6(3) 4-6 6-2 6-3,5,QF,225,20,3,115,72,59,25,20,4,6,16,2,154,90,59,31,19,17,21,1,11055,12,2840
2024-580,Australian Open,Hard,128,G,20240115,221,206173,4,,Jannik Sinner,R,191,ITA,22.4,126094,5,,Andrey Rublev,R,188,RUS,26.2,6-4 7-6(5) 6-3,5,QF,159,10,3,117,75,57,22,16,8,8,10,2,101,71,54,11,15,5,7,4,6490,5,5010
2024-580,Australian Open,Hard,128,G,20240115,222,106421,3,,Daniil Medvedev,R,198,RUS,27.9,128034,9,,Hubert Hurkacz,R,196,POL,26.9,7-6(4) 2-6 6-3 5-7 6-4,5,QF,239,11,10,180,110,86,29,26,10,15,16,5,140,89,72,27,25,5,9,3,7555,9,3320
2024-580,Australian Open,Hard,128,G,20240115,223,100644,6,,Alexander Zverev,R,198,GER,26.7,207989,2,,Carlos Alcaraz,R,183,ESP,20.6,6-1 6-3 6-7(2) 6-4,5,QF,185,7,1,111,94,69,8,19,3,5,6,2,117,79,53,16,19,3,10,6,4275,2,8855
2024-580,Australian Open,Hard,128,G,20240115,224,206173,4,,Jannik Sinner,R,191,ITA,22.4,104925,1,,Novak Djokovic,R,188,SRB,36.6,6-1 6-2 6-7(6) 6-3,5,SF,202,9,1,110,64,53,29,18,0,0,7,4,116,79,53,17,18,6,11,4,6490,1,11055
2024-580,Australian Open,Hard,128,G,20240115,225,106421,3,,Daniil Medvedev,R,198,RUS,27.9,100644,6,,Alexander Zverev,R,198,GER,26.7,5-7 3-6 7-6(4) 7-6(5) 6-3,5,SF,258,14,6,156,94,72,35,27,5,10,14,1,170,132,94,22,27,10,14,3,7555,6,4275
2024-580,Australian Open,Hard,128,G,20240115,226,206173,4,,Jannik Sinner,R,191,ITA,22.4,106421,3,,Daniil Medvedev,R,198,RUS,27.9,3-6 3-6 6-4 6-4 6-3,5,F,224,14,5,144,88,65,30,24,8,12,11,3,139,95,72,20,23,5,9,4,6490,3,7555
2025-580,Australian Open,Hard,128,G,20250113,100,206173,1,,Jannik Sinner,R,191,ITA,23.4,111797,,,Nicolas Jarry,R,201,CHI,29.2,7-6(2) 7-6(5) 6-1,5,R128,160,7,1,101,58,48,30,16,2,2,13,4,98,71,52,13,15,3,5,1,11830,36,1340
2025-580,Australian Open,Hard,128,G,20250113,101,209262,,WC,Tristan Schoolkate,R,183,AUS,23.8,106121,,,Taro Daniel,R,191,JPN,31.9,6-7(6) 7-6(4) 6-1 6-4,5,R128,194,23,4,133,72,61,35,21,8,10,8,1,128,86,63,20,20,7,12,173,336,113,519
2025-580,Australian Open,Hard,128,G,20250113,102,106218,,,Marcos Giron,R,180,USA,31.4,105870,,,Yannick Hanfmann,R,193,GER,33.1,2-6 7-5 6-1 7-5,5,R128,182,9,3,116,70,48,25,20,3,8,11,2,138,87,57,21,19,16,23,46,1175,95,618
2025-580,Australian Open,Hard,128,G,20250113,103,144869,,,Tomas Martin Etcheverry,R,196,ARG,25.4,207925,32,,Flavio Cobolli,R,183,ITA,22.6,6-7(8) 6-3 7-5 6-1,5,R128,215,16,3,136,84,64,30,20,7,8,10,3,150,86,52,37,20,9,15,38,1315,32,1512
2025-580,Australian Open,Hard,128,G,20250113,104,128034,18,,Hubert Hurkacz,R,196,POL,27.9,134868,,,Tallon Griekspoor,R,188,NED,28.5,7-5 6-4 6-4,5,R128,143,14,1,83,63,49,13,16,0,1,10,5,120,71,50,22,16,14,18,17,2555,40,1280
2025-580,Australian Open,Hard,128,G,20250113,105,200175,,,Miomir Kecmanovic,R,183,SRB,25.3,105583,,,Dusan Lajovic,R,183,SRB,34.5,7-5 3-6 6-3 3-6 6-3,5,R128,206,10,5,172,102,71,36,24,16,20,17,3,158,101,69,29,24,7,12,51,1096,80,717
2025-580,Australian Open,Hard,128,G,20250113,106,126610,,,Matteo Berrettini,R,196,ITA,28.7,111815,,,Cameron Norrie,L,188,GBR,29.3,6-7(4) 6-4 6-1 6-3,5,R128,176,32,7,114,80,68,16,19,5,5,13,2,138,91,61,22,19,9,14,34,1380,52,1082
2025-580,Australian Open,Hard,128,G,20250113,107,208029,13,,Holger Rune,R,188,DEN,21.7,111190,,,Zhizhen Zhang,R,193,CHN,28.2,4-6 6-3 6-4 3-6 6-4,5,R128,190,10,4,131,86,62,31,24,3,6,21,2,142,92,71,22,24,6,10,13,2910,49,1140
2025-580,Australian Open,Hard,128,G,20250113,108,210506,,,Alex Michelsen,R,193,USA,20.3,126774,11,,Stefanos Tsitsipas,R,193,GRE,26.4,7-5 6-3 2-6 6-4,5,R128,163,8,8,124,85,59,20,20,3,7,13,2,116,72,50,23,19,7,12,42,1270,12,3195
2025-580,Australian Open,Hard,128,G,20250113,109,210317,,WC,James Mccabe,R,188,AUS,21.5,212021,,Q,Martin Landaluce,R,191,ESP,19.0,6-4 6-3 6-4,5,R128,127,14,2,82,63,52,12,15,1,1,9,8,92,54,41,15,14,6,9,258,216,142,414
2025-580,Australian Open,Hard,128,G,20250113,110,209113,,,Gabriel Diallo,R,203,CAN,23.3,208134,,,Luca Nardi,R,185,ITA,21.4,6-7(1) 7-6(3) 5-7 6-1 6-2,5,R128,249,21,8,167,104,78,32,26,11,15,9,13,167,94,63,38,25,9,16,86,646,83,675
2025-580,Australian Open,Hard,128,G,20250113,111,111575,19,,Karen Khachanov,R,198,RUS,28.6,105173,,,Adrian Mannarino,L,180,FRA,36.5,7-6(5) 6-3 6-3,5,R128,140,6,4,81,53,44,14,15,1,4,4,7,106,47,30,26,15,4,10,19,2410,75,751
2025-580,Australian Open,Hard,128,G,20250113,112,202103,31,,Francisco Cerundolo,R,185,ARG,26.4,122330,,,Alexander Bublik,R,196,KAZ,27.5,7-6(1) 6-3 6-2,5,R128,109,6,3,83,50,42,19,15,1,3,10,15,106,57,41,14,14,8,13,31,1620,37,1330
2025-580,Australian Open,Hard,128,G,20250113,113,207680,,,Facundo Diaz Acosta,L,183,ARG,24.0,200267,,,Zizou Bergs,R,185,BEL,25.6,6-7(5) 6-4 1-6 6-3 6-4,5,R128,246,8,9,154,93,72,31,24,8,11,12,9,161,86,64,40,24,12,16,73,758,60,948
2025-580,Australian Open,Hard,128,G,20250113,114,207729,,Q,Tristan Boyer,R,188,USA,23.7,105948,,,Federico Coria,R,180,ARG,32.8,6-3 6-7(3) 4-6 7-5 6-1,5,R128,231,10,1,139,97,78,24,25,2,5,10,8,163,104,72,28,25,6,12,136,448,96,617
2025-580,Australian Open,Hard,128,G,20250113,115,200282,8,,Alex De Minaur,R,183,AUS,25.9,122298,,,Botic Van De Zandschulp,R,191,NED,29.2,6-1 7-5 6-4,5,R128,142,13,4,93,59,48,17,15,4,5,5,7,90,45,29,21,14,5,10,8,3535,84,672
2025-580,Australian Open,Hard,128,G,20250113,116,126203,4,,Taylor Fritz,R,196,USA,27.2,202385,,,Jenson Brooksby,R,188,USA,24.2,6-2 6-0 6-3,5,R128,106,7,1,70,47,39,14,12,2,2,1,4,80,47,31,7,11,1,7,4,5350,,
2025-580,Australian Open,Hard,128,G,20250113,117,106426,,Q,Cristian Garin,R,185,CHI,28.6,106432,,,Borna Coric,R,188,CRO,28.1,7-5 6-1 6-2,5,R128,123,7,2,62,34,30,20,14,0,1,3,4,85,44,27,18,13,6,13,150,382,87,639
2025-580,Australian Open,Hard,128,G,20250113,118,127157,,,Daniel Altmaier,R,188,GER,26.3,207681,,,Francisco Comesana,R,178,ARG,24.2,6-2 3-6 7-6(4) 4-6 6-4,5,R128,202,13,5,132,84,74,26,25,2,4,18,5,146,92,78,24,24,3,6,101,582,85,662
2025-580,Australian Open,Hard,128,G,20250113,119,104792,,,Gael Monfils,R,193,FRA,38.3,208659,30,,Giovanni Mpetshi Perricard,R,203,FRA,21.5,7-6(7) 6-3 6-7(6) 6-7(5) 6-4,5,R128,226,18,16,174,102,86,42,28,0,0,19,9,181,113,84,42,27,10,12,41,1280,30,1651
2025-580,Australian Open,Hard,128,G,20250113,120,210097,21,,Ben Shelton,L,193,USA,22.2,206909,,,Brandon Nakashima,R,188,USA,23.4,7-6(3) 7-5 7-5,5,R128,160,12,3,113,67,49,30,18,2,3,9,2,111,73,52,22,18,5,8,20,2280,35,1355
2025-580,Australian Open,Hard,128,G,20250113,121,105807,,,Pablo Carreno Busta,R,188,ESP,33.5,111794,,Q,Kamil Majchrzak,R,180,POL,29.0,6-4 6-4 6-3,5,R128,123,6,1,86,62,46,14,15,5,5,4,2,88,62,43,12,14,5,9,182,317,122,491
2025-580,Australian Open,Hard,128,G,20250113,122,133430,,,Denis Shapovalov,L,185,CAN,25.7,105138,,,Roberto Bautista Agut,R,183,ESP,36.7,3-6 6-4 6-4 7-6(8),5,R128,191,24,15,131,63,55,26,21,6,10,2,5,136,99,59,22,20,13,17,56,1006,53,1067
2025-580,Australian Open,Hard,128,G,20250113,123,207518,16,,Lorenzo Musetti,R,185,ITA,22.8,208286,,,Matteo Arnaldi,R,185,ITA,23.8,7-6(4) 4-6 7-6(5) 6-3,5,R128,246,6,5,147,89,56,30,22,8,16,7,13,183,96,60,40,21,19,28,15,2600,39,1305
2025-580,Australian Open,Hard,128,G,20250113,124,211663,,Q,Joao Fonseca,R,185,BRA,18.3,126094,9,,Andrey Rublev,R,188,RUS,27.2,7-6(1) 6-3 7-6(5),5,R128,147,14,1,120,84,66,19,17,5,6,13,5,105,73,50,18,16,8,10,112,520,9,3520
2025-580,Australian Open,Hard,128,G,20250113,125,132283,,,Lorenzo Sonego,R,191,ITA,29.6,104527,,WC,Stan Wawrinka,R,183,SUI,39.7,6-4 5-7 7-5 7-5,5,R128,191,12,6,132,82,69,27,23,9,11,6,3,112,56,41,40,23,1,5,55,1026,156,371
2025-580,Australian Open,Hard,128,G,20250113,126,206681,,,Fabian Marozsan,R,193,HUN,25.2,205734,,,Thiago Seyboth Wild,R,185,BRA,24.8,6-3 6-7(5) 7-5 5-7 7-5,5,R128,236,20,1,165,118,88,32,29,2,4,23,6,190,132,102,24,28,12,16,59,960,79,732
2025-580,Australian Open,Hard,128,G,20250113,127,126207,17,,Frances Tiafoe,R,188,USA,26.9,126239,,,Arthur Rinderknech,R,196,FRA,29.4,7-6(2) 6-3 4-6 6-7(4) 6-3,5,R128,248,14,8,169,98,77,40,26,8,10,33,10,161,94,79,30,26,5,10,16,2560,61,927
2025-580,Australian Open,Hard,128,G,20250113,128,144895,,,Corentin Moutet,L,180,FRA,25.7,200615,25,,Alexei Popyrin,R,196,AUS,25.4,4-6 6-3 6-4 6-4,5,R128,214,6,2,124,72,54,30,20,9,12,1,7,144,93,62,20,19,14,19,69,772,24,1840
2025-580,Australian Open,Hard,128,G,20250113,129,106283,,Q,Mitchell Krueger,R,188,USA,31.0,208014,,,Rinky Hijikata,R,178,AUS,23.8,6-4 6-4 6-3,5,R128,131,6,1,79,62,42,11,15,5,8,8,8,103,57,37,18,14,8,15,146,396,72,759
2025-580,Australian Open,Hard,128,G,20250113,130,210530,,Q,Learner Tien,L,180,USA,19.1,200116,,,Camilo Ugo Carabelli,R,185,ARG,25.5,4-6 7-6(3) 6-3 5-7 6-4,5,R128,236,7,16,168,102,74,29,27,7,14,10,9,178,112,81,26,26,13,20,121,493,94,624
2025-580,Australian Open,Hard,128,G,20250113,131,106421,5,,Daniil Medvedev,R,198,RUS,28.9,208937,,WC,Kasidit Samrej,R,191,THA,23.9,6-2 4-6 3-6 6-1 6-2,5,R128,188,24,8,104,58,53,28,21,4,6,4,6,155,91,59,29,21,7,13,5,5030,418,109
2025-580,Australian Open,Hard,128,G,20250113,132,104925,7,,Novak Djokovic,R,188,SRB,37.6,210460,,WC,Nishesh Basavareddy,R,180,USA,19.7,4-6 6-3 6-4 6-2,5,R128,179,23,4,106,72,56,21,19,2,3,4,8,129,71,51,26,18,7,11,7,3900,107,566
2025-580,Australian Open,Hard,128,G,20250113,133,210262,,Q,Jaime Faria,R,188,POR,21.4,200303,,,Pavel Kotov,R,191,RUS,26.1,6-1 6-1 7-5,5,R128,105,10,3,70,44,34,20,13,2,2,9,7,84,42,29,15,13,4,10,125,481,97,612
2025-580,Australian Open,Hard,128,G,20250113,134,124187,,,Reilly Opelka,R,211,USA,27.3,206904,,Q,Gauthier Onclin,R,180,BEL,23.8,3-6 7-6(4) 6-3 6-2,5,R128,191,38,5,160,115,85,15,19,10,13,2,4,121,83,54,20,19,3,7,170,341,239,242
2025-580,Australian Open,Hard,128,G,20250113,135,207830,26,,Tomas Machac,R,183,CZE,24.2,111576,,,Sumit Nagal,R,178,IND,27.4,6-3 6-1 7-5,5,R128,125,7,4,82,40,31,25,14,5,7,0,5,85,58,31,10,14,8,15,25,1805,91,635
2025-580,Australian Open,Hard,128,G,20250113,136,208103,24,,Jiri Lehecka,R,185,CZE,23.1,111454,,WC,Li Tu,R,183,AUS,28.6,6-1 3-6 6-3 7-6(1),5,R128,140,13,2,103,67,54,26,19,3,4,8,4,107,66,50,21,18,3,6,29,1660,168,342
2025-580,Australian Open,Hard,128,G,20250113,137,200384,,,Hugo Gaston,L,173,FRA,24.2,117357,,WC,Omar Jasika,L,183,AUS,27.6,6-2 3-6 6-2 6-2,5,R128,150,12,2,101,61,46,22,17,7,9,2,3,109,85,51,9,16,4,11,81,703,179,323
2025-580,Australian Open,Hard,128,G,20250113,138,126127,,,Benjamin Bonzi,R,183,FRA,28.5,105676,,,David Goffin,R,180,BEL,34.1,6-1 6-2 7-6(7),5,R128,133,12,3,105,62,43,23,14,5,8,8,3,85,43,27,16,13,7,14,64,819,54,1029
2025-580,Australian Open,Hard,128,G,20250113,139,208859,,LL,Francesco Passaro,R,180,ITA,24.0,105777,10,,Grigor Dimitrov,R,191,BUL,33.6,7-5 2-1 RET,5,R128,65,5,0,39,22,16,12,8,0,0,6,4,54,38,25,7,7,2,4,104,571,10,3200
2025-580,Australian Open,Hard,128,G,20250113,140,207733,15,,Jack Draper,L,193,GBR,23.0,208363,,,Mariano Navone,R,178,ARG,23.8,4-6 6-3 3-6 6-3 6-2,5,R128,241,13,3,160,93,62,32,23,12,17,5,4,160,108,64,27,22,10,17,18,2530,47,1173
2025-580,Australian Open,Hard,128,G,20250113,141,106423,,,Thanasi Kokkinakis,R,193,AUS,28.7,126128,,,Roman Safiullin,R,185,RUS,27.4,3-6 6-3 6-3 7-6(5),5,R128,245,23,1,158,106,76,18,20,18,22,14,2,130,91,59,18,19,2,8,71,766,63,823
2025-580,Australian Open,Hard,128,G,20250113,142,126846,,,Aleksandar Vukic,R,188,AUS,28.7,106000,,,Damir Dzumhur,R,175,BIH,32.6,6-7(3) 6-0 3-6 6-3 6-4,5,R128,199,24,3,131,76,57,30,23,6,10,3,4,149,94,52,34,23,7,15,68,778,82,679
2025-580,Australian Open,Hard,128,G,20250113,143,200624,22,,Sebastian Korda,R,196,USA,24.5,127760,,Q,Lukas Klein,R,193,SVK,26.8,6-3 0-6 6-3 7-6(6),5,R128,147,7,3,113,68,44,25,18,6,10,11,4,108,64,45,24,18,4,8,22,2065,144,405
2025-580,Australian Open,Hard,128,G,20250113,144,111442,27,,Jordan Thompson,R,183,AUS,30.7,136440,,Q,Dominik Koepfer,L,180,GER,30.7,7-6(3) 6-4 4-6 6-3,5,R128,195,18,3,128,67,52,36,21,8,12,5,6,116,69,51,24,20,3,8,27,1695,124,485
2025-580,Australian Open,Hard,128,G,20250113,145,132686,,,Nuno Borges,R,185,POR,27.8,124186,,,Alexandre Muller,R,183,FRA,27.9,6-7(2) 6-3 6-2 7-5,5,R128,175,20,5,123,85,66,21,21,4,5,7,2,125,83,58,19,20,5,10,33,1445,58,965
2025-580,Australian Open,Hard,128,G,20250113,146,106415,,,Yoshihito Nishioka,L,170,JPN,29.2,144826,,Q,Aziz Dougaz,L,188,TUN,27.8,3-6 6-4 7-6(3) 6-3,5,R128,179,3,1,117,70,50,31,20,5,8,18,7,135,85,63,16,20,6,11,65,807,231,254
2025-580,Australian Open,Hard,128,G,20250113,147,207989,3,,Carlos Alcaraz,R,183,ESP,21.6,207686,,,Alexander Shevchenko,R,185,KAZ,24.1,6-1 7-5 6-1,5,R128,114,6,4,81,48,33,22,13,2,4,0,0,89,53,28,14,13,11,19,3,7010,77,743
2025-580,Australian Open,Hard,128,G,20250113,148,134770,6,,Casper Ruud,R,183,NOR,26.0,144719,,,Jaume Munar,R,183,ESP,27.6,6-3 1-6 7-5 2-6 6-1,5,R128,201,7,2,123,83,57,23,22,3,8,10,3,138,90,66,18,21,7,12,6,4210,62,922
2025-580,Australian Open,Hard,128,G,20250113,149,210150,,,Jakub Mensik,R,193,CZE,19.3,105932,,Q,Nikoloz Basilashvili,R,185,GEO,32.8,6-1 6-7(3) 6-3 6-3,5,R128,153,31,8,125,68,56,29,19,11,12,10,9,116,58,45,24,18,5,11,48,1162,206,273
2025-580,Australian Open,Hard,128,G,20250113,150,200221,,,Alejandro Davidovich Fokina,R,183,ESP,25.6,209992,,,Juncheng Shang,L,180,CHN,19.9,7-6(1) 5-2 RET,5,R128,111,0,4,58,30,21,15,10,1,4,3,4,89,51,29,14,9,7,12,66,790,50,1115
2025-580,Australian Open,Hard,128,G,20250113,151,200000,29,,Felix Auger Aliassime,R,193,CAN,24.4,105526,,,Jan Lennard Struff,R,193,GER,34.7,6-3 6-0 4-6 6-1,5,R128,144,19,3,93,65,52,14,16,2,4,15,4,114,67,35,22,16,12,20,23,1905,43,1240
2025-580,Australian Open,Hard,128,G,20250113,152,106148,,,Roberto Carballes Baena,R,183,ESP,31.8,126214,23,,Alejandro Tabilo,L,188,CHI,27.6,1-6 6-2 6-3 7-6(1),5,R128,171,7,2,113,75,49,23,18,8,12,9,2,110,66,46,17,18,5,10,57,981,26,1705
2025-580,Australian Open,Hard,128,G,20250113,153,105902,,,James Duckworth,R,183,AUS,32.9,208502,,,Dominic Stricker,L,183,SUI,22.4,6-2 6-4 6-2,5,R128,96,10,1,69,40,34,19,13,1,1,7,3,78,45,30,15,13,1,6,89,637,304,173
2025-580,Australian Open,Hard,128,G,20250113,154,105453,,,Kei Nishikori,R,178,JPN,35.0,106329,,Q,Thiago Monteiro,L,183,BRA,30.6,4-6 6-7(4) 7-5 6-2 6-3,5,R128,246,17,3,140,101,82,22,26,6,7,21,5,169,108,80,31,25,14,19,76,743,105,566
2025-580,Australian Open,Hard,128,G,20250113,155,126205,12,,Tommy Paul,R,185,USA,27.6,106331,,,Christopher Oconnell,R,183,AUS,30.6,6-2 3-6 6-1 6-7(5) 7-5,5,R128,240,15,3,149,91,73,29,24,6,8,11,1,178,114,76,29,24,14,20,11,3195,70,770
2025-580,Australian Open,Hard,128,G,20250113,156,200005,14,,Ugo Humbert,L,188,FRA,26.5,209263,,Q,Matteo Gigante,L,180,ITA,23.0,7-6(5) 7-5 6-4,5,R128,169,9,4,107,67,50,25,17,2,3,16,7,119,75,58,21,17,6,9,14,2765,145,403
2025-580,Australian Open,Hard,128,G,20250113,157,200273,,Q,Hady Habib,R,188,LIB,26.3,207352,,,Bu Yunchaokete,R,185,CHN,22.9,7-6(4) 6-4 7-6(6),5,R128,151,18,2,89,59,52,23,17,0,1,13,3,112,64,44,30,17,3,5,219,264,67,784
2025-580,Australian Open,Hard,128,G,20250113,158,111460,,,Quentin Halys,R,191,FRA,28.2,200443,,,Adam Walton,R,183,AUS,25.7,4-6 4-6 6-4 7-6(4) 7-5,5,R128,218,31,6,164,99,83,32,27,4,6,11,1,157,105,78,35,27,3,5,74,756,90,636
2025-580,Australian Open,Hard,128,G,20250113,159,209950,20,,Arthur Fils,R,185,FRA,20.5,202261,,,Otto Virtanen,R,193,FIN,23.5,3-6 7-6(4) 6-4 6-4,5,R128,165,15,2,116,74,60,23,21,2,4,11,12,146,80,59,32,20,7,10,21,2280,93,627
2025-580,Australian Open,Hard,128,G,20250113,160,209070,,,Arthur Cazaux,R,183,FRA,22.3,202104,28,,Sebastian Baez,R,170,ARG,24.0,6-3 5-7 3-6 6-0 6-3,5,R128,224,10,1,143,84,60,33,23,7,11,1,3,129,97,65,15,22,6,13,78,732,28,1690
2025-580,Australian Open,Hard,128,G,20250113,161,207985,,,Jacob Fearnley,R,183,GBR,23.4,106401,,,Nick Kyrgios,R,193,AUS,29.7,7-6(3) 6-3 7-6(2),5,R128,139,17,8,110,68,55,27,17,2,3,13,8,119,87,60,14,16,9,11,92,632,,
2025-580,Australian Open,Hard,128,G,20250113,162,124079,,,Pedro Martinez,R,185,ESP,27.7,209260,,,Luciano Darderi,R,183,ITA,22.9,6-3 4-1 RET,5,R128,72,1,2,42,32,23,6,7,4,5,3,4,57,36,20,6,7,3,7,44,1220,45,1198
2025-580,Australian Open,Hard,128,G,20250113,163,100644,2,,Alexander Zverev,R,198,GER,27.7,106298,,WC,Lucas Pouille,R,185,FRA,30.8,6-4 6-4 6-4,5,R128,141,18,2,88,64,50,15,15,2,2,3,7,113,62,45,21,15,15,18,2,7635,103,575
2025-580,Australian Open,Hard,128,G,20250113,164,206173,1,,Jannik Sinner,R,191,ITA,23.4,209262,,WC,Tristan Schoolkate,R,183,AUS,23.8,4-6 6-4 6-1 6-3,5,R64,166,14,5,100,62,48,21,18,0,1,13,10,138,83,59,19,18,8,13,1,11830,173,336
2025-580,Australian Open,Hard,128,G,20250113,165,106218,,,Marcos Giron,R,180,USA,31.4,144869,,,Tomas Martin Etcheverry,R,196,ARG,25.4,7-5 3-6 7-5 3-6 6-4,5,R64,246,8,1,163,98,64,34,26,11,19,14,1,153,94,60,30,26,6,14,46,1175,38,1315
2025-580,Australian Open,Hard,128,G,20250113,166,200175,,,Miomir Kecmanovic,R,183,SRB,25.3,128034,18,,Hubert Hurkacz,R,196,POL,27.9,6-4 6-4 6-2,5,R64,111,6,0,84,49,38,24,14,3,3,14,6,82,53,41,11,14,7,11,51,1096,17,2555
2025-580,Australian Open,Hard,128,G,20250113,167,208029,13,,Holger Rune,R,188,DEN,21.7,126610,,,Matteo Berrettini,R,196,ITA,28.7,7-6(3) 2-6 6-3 7-6(6),5,R64,207,8,6,127,81,59,28,21,6,10,16,2,149,108,70,23,20,7,10,13,2910,34,1380
2025-580,Australian Open,Hard,128,G,20250113,168,210506,,,Alex Michelsen,R,193,USA,20.3,210317,,WC,James Mccabe,R,188,AUS,21.5,7-5 6-3 7-6(4),5,R64,135,8,2,96,76,61,14,17,0,0,10,4,110,65,48,19,16,12,14,42,1270,258,216
2025-580,Australian Open,Hard,128,G,20250113,169,111575,19,,Karen Khachanov,R,198,RUS,28.6,209113,,,Gabriel Diallo,R,203,CAN,23.3,7-6(4) 4-6 6-3 6-3,5,R64,194,10,1,122,71,56,32,20,4,5,15,4,135,87,66,22,20,7,10,19,2410,86,646
2025-580,Australian Open,Hard,128,G,20250113,170,202103,31,,Francisco Cerundolo,R,185,ARG,26.4,207680,,,Facundo Diaz Acosta,L,183,ARG,24.0,6-2 1-0 RET,5,R64,40,2,0,26,17,12,5,5,1,2,0,2,27,18,7,3,4,2,6,31,1620,73,758
2025-580,Australian Open,Hard,128,G,20250113,171,200282,8,,Alex De Minaur,R,183,AUS,25.9,207729,,Q,Tristan Boyer,R,188,USA,23.7,6-2 6-4 6-3,5,R64,119,6,3,64,34,30,21,14,1,2,3,2,96,63,40,11,13,8,14,8,3535,136,448
2025-580,Australian Open,Hard,128,G,20250113,172,126203,4,,Taylor Fritz,R,196,USA,27.2,106426,,Q,Cristian Garin,R,185,CHI,28.6,6-2 6-1 6-0,5,R64,82,8,1,60,40,32,12,11,0,0,2,3,62,40,20,7,10,2,9,4,5350,150,382
2025-580,Australian Open,Hard,128,G,20250113,173,104792,,,Gael Monfils,R,193,FRA,38.3,127157,,,Daniel Altmaier,R,188,GER,26.3,7-5 6-3 7-6(3),5,R64,139,12,8,99,57,47,21,17,2,5,4,2,99,55,36,22,16,5,10,41,1280,101,582
2025-580,Australian Open,Hard,128,G,20250113,174,210097,21,,Ben Shelton,L,193,USA,22.2,105807,,,Pablo Carreno Busta,R,188,ESP,33.5,6-3 6-3 6-7(4) 6-4,5,R64,156,17,4,111,68,58,30,20,6,6,3,1,109,74,59,19,20,1,5,20,2280,182,317
2025-580,Australian Open,Hard,128,G,20250113,175,207518,16,,Lorenzo Musetti,R,185,ITA,22.8,133430,,,Denis Shapovalov,L,185,CAN,25.7,7-6(3) 7-6(6) 6-2,5,R64,162,3,4,111,76,58,19,16,4,5,5,15,112,65,46,20,16,8,11,15,2600,56,1006
2025-580,Australian Open,Hard,128,G,20250113,176,132283,,,Lorenzo Sonego,R,191,ITA,29.6,211663,,Q,Joao Fonseca,R,185,BRA,18.3,6-7(6) 6-3 6-1 3-6 6-3,5,R64,217,12,3,140,93,72,27,23,5,6,11,6,146,88,62,29,23,7,12,55,1026,112,520
2025-580,Australian Open,Hard,128,G,20250113,177,206681,,,Fabian Marozsan,R,193,HUN,25.2,126207,17,,Frances Tiafoe,R,188,USA,26.9,6-7(3) 6-4 3-6 6-4 6-1,5,R64,197,14,6,172,101,74,39,24,17,20,19,10,150,85,67,28,24,11,17,59,960,16,2560
2025-580,Australian Open,Hard,128,G,20250113,178,144895,,,Corentin Moutet,L,180,FRA,25.7,106283,,Q,Mitchell Krueger,R,188,USA,31.0,4-6 6-4 7-6(3) 6-4,5,R64,217,7,5,147,97,66,24,21,5,9,4,5,137,82,55,30,21,6,11,69,772,146,396
2025-580,Australian Open,Hard,128,G,20250113,179,210530,,Q,Learner Tien,L,180,USA,19.1,106421,5,,Daniil Medvedev,R,198,RUS,28.9,6-3 7-6(4) 6-7(8) 1-6 7-6(7),5,R64,288,7,4,201,142,86,26,26,14,24,20,9,169,95,67,32,26,6,15,121,493,5,5030
2025-580,Australian Open,Hard,128,G,20250113,180,104925,7,,Novak Djokovic,R,188,SRB,37.6,210262,,Q,Jaime Faria,R,188,POR,21.4,6-1 6-7(4) 6-3 6-2,5,R64,180,14,2,113,74,56,22,18,5,7,14,6,107,63,40,17,18,5,12,7,3900,125,481
2025-580,Australian Open,Hard,128,G,20250113,181,207830,26,,Tomas Machac,R,183,CZE,24.2,124187,,,Reilly Opelka,R,211,USA,27.3,3-6 7-6(1) 6-7(5) 7-6(4) 6-4,5,R64,205,16,7,167,105,88,36,28,7,8,40,16,173,115,102,24,27,4,5,25,1805,170,341
2025-580,Australian Open,Hard,128,G,20250113,182,208103,24,,Jiri Lehecka,R,185,CZE,23.1,200384,,,Hugo Gaston,L,173,FRA,24.2,6-3 3-1 RET,5,R64,57,6,2,44,19,19,11,7,3,4,1,1,57,39,23,5,6,5,8,29,1660,81,703
2025-580,Australian Open,Hard,128,G,20250113,183,126127,,,Benjamin Bonzi,R,183,FRA,28.5,208859,,LL,Francesco Passaro,R,180,ITA,24.0,6-2 6-4 3-6 6-4,5,R64,130,2,1,104,75,54,19,19,7,9,8,3,100,71,50,18,18,4,9,64,819,104,571
2025-580,Australian Open,Hard,128,G,20250113,184,207733,15,,Jack Draper,L,193,GBR,23.0,106423,,,Thanasi Kokkinakis,R,193,AUS,28.7,6-7(3) 6-3 3-6 7-5 6-3,5,R64,275,12,4,157,97,69,40,26,4,7,11,4,164,115,86,19,25,6,11,18,2530,71,766
2025-580,Australian Open,Hard,128,G,20250113,185,126846,,,Aleksandar Vukic,R,188,AUS,28.7,200624,22,,Sebastian Korda,R,196,USA,24.5,6-4 3-6 2-6 6-3 7-5,5,R64,197,17,5,150,94,66,33,24,10,14,21,4,131,81,61,29,24,2,6,68,778,22,2065
2025-580,Australian Open,Hard,128,G,20250113,186,132686,,,Nuno Borges,R,185,POR,27.8,111442,27,,Jordan Thompson,R,183,AUS,30.7,6-3 6-2 6-4,5,R64,107,6,0,81,62,46,15,14,2,2,6,2,81,51,32,14,13,5,9,33,1445,27,1695
2025-580,Australian Open,Hard,128,G,20250113,187,207989,3,,Carlos Alcaraz,R,183,ESP,21.6,106415,,,Yoshihito Nishioka,L,170,JPN,29.2,6-0 6-1 6-4,5,R64,81,14,3,60,36,32,17,12,0,0,1,3,61,33,19,11,11,4,10,3,7010,65,807
2025-580,Australian Open,Hard,128,G,20250113,188,210150,,,Jakub Mensik,R,193,CZE,19.3,134770,6,,Casper Ruud,R,183,NOR,26.0,6-2 3-6 6-1 6-4,5,R64,164,22,1,108,65,46,28,17,7,8,7,6,121,75,47,22,17,11,16,48,1162,6,4210
2025-580,Australian Open,Hard,128,G,20250113,189,200221,,,Alejandro Davidovich Fokina,R,183,ESP,25.6,200000,29,,Felix Auger Aliassime,R,193,CAN,24.4,6-7(7) 6-7(5) 6-4 6-1 6-3,5,R64,291,7,3,176,112,78,36,25,6,10,11,6,152,108,69,22,25,9,18,66,790,23,1905
2025-580,Australian Open,Hard,128,G,20250113,190,106148,,,Roberto Carballes Baena,R,183,ESP,31.8,105902,,,James Duckworth,R,183,AUS,32.9,6-4 6-2 7-5,5,R64,171,10,1,77,51,42,19,15,0,0,6,3,111,67,41,22,15,11,15,57,981,89,637
2025-580,Australian Open,Hard,128,G,20250113,191,126205,12,,Tommy Paul,R,185,USA,27.6,105453,,,Kei Nishikori,R,178,JPN,35.0,6-7(3) 6-0 6-3 6-1,5,R64,161,8,2,104,74,55,11,17,1,5,0,5,129,86,41,18,17,7,18,11,3195,76,743
2025-580,Australian Open,Hard,128,G,20250113,192,200005,14,,Ugo Humbert,L,188,FRA,26.5,200273,,Q,Hady Habib,R,188,LIB,26.3,6-3 6-4 6-4,5,R64,101,17,1,75,50,43,18,15,0,0,11,4,89,58,42,14,14,7,10,14,2765,219,264
2025-580,Australian Open,Hard,128,G,20250113,193,209950,20,,Arthur Fils,R,185,FRA,20.5,111460,,,Quentin Halys,R,191,FRA,28.2,6-2 4-6 7-6(2) 7-5,5,R64,172,12,5,120,79,64,24,21,5,6,24,4,125,81,59,23,21,4,7,21,2280,74,756
2025-580,Australian Open,Hard,128,G,20250113,194,207985,,,Jacob Fearnley,R,183,GBR,23.4,209070,,,Arthur Cazaux,R,183,FRA,22.3,3-6 7-5 6-2 6-3,5,R64,177,9,9,111,69,51,21,19,4,8,5,2,106,62,41,21,19,6,13,92,632,78,732
2025-580,Australian Open,Hard,128,G,20250113,195,100644,2,,Alexander Zverev,R,198,GER,27.7,124079,,,Pedro Martinez,R,185,ESP,27.7,6-1 6-4 6-1,5,R64,114,8,2,73,54,41,12,12,6,6,0,4,72,49,26,8,12,7,13,2,7635,44,1220
2025-580,Australian Open,Hard,128,G,20250113,196,206173,1,,Jannik Sinner,R,191,ITA,23.4,106218,,,Marcos Giron,R,180,USA,31.4,6-3 6-4 6-2,5,R32,121,8,2,83,50,41,17,14,6,7,2,2,82,48,32,12,13,5,10,1,11830,46,1175
2025-580,Australian Open,Hard,128,G,20250113,197,208029,13,,Holger Rune,R,188,DEN,21.7,200175,,,Miomir Kecmanovic,R,183,SRB,25.3,6-7(5) 6-3 4-6 6-4 6-4,5,R32,207,16,5,158,95,73,28,26,3,8,4,6,149,95,66,27,25,8,15,13,2910,51,1096
2025-580,Australian Open,Hard,128,G,20250113,198,210506,,,Alex Michelsen,R,193,USA,20.3,111575,19,,Karen Khachanov,R,198,RUS,28.6,6-3 7-6(5) 6-2,5,R32,134,8,4,99,62,45,22,15,2,3,14,1,83,52,38,15,14,0,4,42,1270,19,2410
2025-580,Australian Open,Hard,128,G,20250113,199,200282,8,,Alex De Minaur,R,183,AUS,25.9,202103,31,,Francisco Cerundolo,R,185,ARG,26.4,5-7 7-6(3) 6-3 6-3,5,R32,233,7,9,137,67,47,39,21,4,9,5,6,152,79,50,34,21,9,16,8,3535,31,1620
2025-580,Australian Open,Hard,128,G,20250113,200,104792,,,Gael Monfils,R,193,FRA,38.3,126203,4,,Taylor Fritz,R,196,USA,27.2,3-6 7-5 7-6(1) 6-4,5,R32,188,24,4,121,74,61,32,22,3,4,12,0,130,87,65,25,21,4,6,41,1280,4,5350
2025-580,Australian Open,Hard,128,G,20250113,201,210097,21,,Ben Shelton,L,193,USA,22.2,207518,16,,Lorenzo Musetti,R,185,ITA,22.8,6-3 3-6 6-4 7-6(5),5,R32,172,11,3,119,83,67,17,20,4,6,2,3,116,69,51,28,20,3,6,20,2280,15,2600
2025-580,Australian Open,Hard,128,G,20250113,202,132283,,,Lorenzo Sonego,R,191,ITA,29.6,206681,,,Fabian Marozsan,R,193,HUN,25.2,6-7(3) 7-6(6) 6-1 6-2,5,R32,196,15,3,130,81,69,26,20,5,5,9,7,134,86,63,23,19,11,15,55,1026,59,960
2025-580,Australian Open,Hard,128,G,20250113,203,210530,,Q,Learner Tien,L,180,USA,19.1,144895,,,Corentin Moutet,L,180,FRA,25.7,7-6(10) 6-3 6-3,5,R32,169,1,5,107,56,41,28,15,10,13,3,2,107,75,45,15,15,9,15,121,493,69,772
2025-580,Australian Open,Hard,128,G,20250113,204,104925,7,,Novak Djokovic,R,188,SRB,37.6,207830,26,,Tomas Machac,R,183,CZE,24.2,6-1 6-4 6-4,5,R32,142,9,4,79,51,41,15,14,2,3,4,5,87,55,35,12,13,10,15,7,3900,25,1805
2025-580,Australian Open,Hard,128,G,20250113,205,208103,24,,Jiri Lehecka,R,185,CZE,23.1,126127,,,Benjamin Bonzi,R,183,FRA,28.5,6-2 6-3 6-3,5,R32,107,9,1,76,52,42,14,13,2,2,1,2,85,51,29,19,13,3,8,29,1660,64,819
2025-580,Australian Open,Hard,128,G,20250113,206,207733,15,,Jack Draper,L,193,GBR,23.0,126846,,,Aleksandar Vukic,R,188,AUS,28.7,6-4 2-6 5-7 7-6(5) 7-6(8),5,R32,238,29,4,164,112,84,27,27,8,14,22,6,188,119,93,28,27,14,18,18,2530,68,778
2025-580,Australian Open,Hard,128,G,20250113,207,207989,3,,Carlos Alcaraz,R,183,ESP,21.6,132686,,,Nuno Borges,R,185,POR,27.8,6-2 6-4 6-7(3) 6-2,5,R32,175,9,3,109,67,56,24,19,3,3,3,1,137,94,60,23,19,8,13,3,7010,33,1445
2025-580,Australian Open,Hard,128,G,20250113,208,200221,,,Alejandro Davidovich Fokina,R,183,ESP,25.6,210150,,,Jakub Mensik,R,193,CZE,19.3,3-6 4-6 7-6(7) 6-4 6-2,5,R32,210,4,3,156,108,74,25,25,17,22,16,7,142,81,67,24,24,3,9,66,790,48,1162
2025-580,Australian Open,Hard,128,G,20250113,209,126205,12,,Tommy Paul,R,185,USA,27.6,106148,,,Roberto Carballes Baena,R,183,ESP,31.8,7-6(0) 6-2 6-0,5,R32,143,7,2,86,47,37,20,13,3,5,3,10,98,54,37,9,13,9,16,11,3195,57,981
2025-580,Australian Open,Hard,128,G,20250113,210,200005,14,,Ugo Humbert,L,188,FRA,26.5,209950,20,,Arthur Fils,R,185,FRA,20.5,4-6 7-5 6-4 1-0 RET,5,R32,157,3,6,102,65,50,14,17,4,7,6,3,101,62,42,18,16,5,10,14,2765,21,2280
2025-580,Australian Open,Hard,128,G,20250113,211,100644,2,,Alexander Zverev,R,198,GER,27.7,207985,,,Jacob Fearnley,R,183,GBR,23.4,6-3 6-4 6-4,5,R32,122,7,1,81,58,46,12,15,4,6,6,6,79,52,32,13,14,7,12,2,7635,92,632
2025-580,Australian Open,Hard,128,G,20250113,212,206173,1,,Jannik Sinner,R,191,ITA,23.4,208029,13,,Holger Rune,R,188,DEN,21.7,6-3 3-6 6-3 6-2,5,R16,193,14,6,105,59,49,27,18,4,5,5,4,110,68,45,21,17,4,8,1,11830,13,2910
2025-580,Australian Open,Hard,128,G,20250113,213,200282,8,,Alex De Minaur,R,183,AUS,25.9,210506,,,Alex Michelsen,R,193,USA,20.3,6-0 7-6(5) 6-3,5,R16,129,5,1,90,38,30,33,14,3,4,3,1,87,58,35,14,13,6,11,8,3535,42,1270
2025-580,Australian Open,Hard,128,G,20250113,214,210097,21,,Ben Shelton,L,193,USA,22.2,104792,,,Gael Monfils,R,193,FRA,38.3,7-6(3) 6-7(3) 7-6(2) 1-0 RET,5,R16,177,7,3,120,83,67,20,19,5,6,12,9,124,74,61,23,18,2,4,20,2280,41,1280
2025-580,Australian Open,Hard,128,G,20250113,215,132283,,,Lorenzo Sonego,R,191,ITA,29.6,210530,,Q,Learner Tien,L,180,USA,19.1,6-3 6-2 3-6 6-1,5,R16,145,20,2,95,63,57,14,17,3,4,4,7,102,58,43,14,16,6,11,55,1026,121,493
2025-580,Australian Open,Hard,128,G,20250113,216,104925,7,,Novak Djokovic,R,188,SRB,37.6,208103,24,,Jiri Lehecka,R,185,CZE,23.1,6-3 6-4 7-6(4),5,R16,159,9,3,92,54,44,24,16,2,3,11,4,106,60,47,19,15,8,11,7,3900,29,1660
2025-580,Australian Open,Hard,128,G,20250113,217,207989,3,,Carlos Alcaraz,R,183,ESP,21.6,207733,15,,Jack Draper,L,193,GBR,23.0,7-5 6-1 0-0 RET,5,R16,95,6,5,59,40,33,7,10,2,3,5,2,68,40,22,12,9,8,12,3,7010,18,2530
2025-580,Australian Open,Hard,128,G,20250113,218,126205,12,,Tommy Paul,R,185,USA,27.6,200221,,,Alejandro Davidovich Fokina,R,183,ESP,25.6,6-1 6-1 6-1,5,R16,87,8,0,67,45,38,12,11,3,3,2,0,61,36,18,8,10,6,13,11,3195,66,790
2025-580,Australian Open,Hard,128,G,20250113,219,100644,2,,Alexander Zverev,R,198,GER,27.7,200005,14,,Ugo Humbert,L,188,FRA,26.5,6-1 2-6 6-3 6-2,5,R16,136,19,3,86,61,51,12,16,5,7,12,3,104,74,51,7,16,10,16,2,7635,14,2765
2025-580,Australian Open,Hard,128,G,20250113,220,206173,1,,Jannik Sinner,R,191,ITA,23.4,200282,8,,Alex De Minaur,R,183,AUS,25.9,6-3 6-2 6-1,5,QF,108,2,0,59,38,32,17,12,1,1,2,1,78,40,26,15,12,4,10,1,11830,8,3535
2025-580,Australian Open,Hard,128,G,20250113,221,210097,21,,Ben Shelton,L,193,USA,22.2,132283,,,Lorenzo Sonego,R,191,ITA,29.6,6-4 7-5 4-6 7-6(4),5,QF,230,9,4,141,100,75,24,22,6,8,3,1,153,101,72,27,22,8,11,20,2280,55,1026
2025-580,Australian Open,Hard,128,G,20250113,222,104925,7,,Novak Djokovic,R,188,SRB,37.6,207989,3,,Carlos Alcaraz,R,183,ESP,21.6,4-6 6-4 6-3 6-4,5,QF,217,5,3,136,86,54,29,20,7,11,10,5,125,92,62,11,19,7,13,7,3900,3,7010
2025-580,Australian Open,Hard,128,G,20250113,223,100644,2,,Alexander Zverev,R,198,GER,27.7,126205,12,,Tommy Paul,R,185,USA,27.6,7-6(1) 7-6(0) 2-6 6-1,5,QF,208,7,5,135,93,67,22,20,7,11,9,2,118,76,51,21,19,3,7,2,7635,11,3195
2025-580,Australian Open,Hard,128,G,20250113,224,206173,1,,Jannik Sinner,R,191,ITA,23.4,210097,21,,Ben Shelton,L,193,USA,22.2,7-6(2) 6-2 6-2,5,SF,156,8,0,89,51,38,24,14,5,7,7,6,118,70,40,22,14,7,13,1,11830,20,2280
2025-580,Australian Open,Hard,128,G,20250113,225,100644,2,,Alexander Zverev,R,198,GER,27.7,104925,7,,Novak Djokovic,R,188,SRB,37.6,7-6(5) 0-0 RET,5,SF,81,8,1,38,29,24,7,6,3,3,5,0,54,29,21,15,6,5,5,2,7635,7,3900
2025-580,Australian Open,Hard,128,G,20250113,226,206173,1,,Jannik Sinner,R,191,ITA,23.4,100644,2,,Alexander Zverev,R,198,GER,27.7,6-3 7-6(4) 6-3,5,F,162,6,2,95,57,48,24,15,0,0,12,2,95,65,45,15,15,8,10,1,11830,2,7635
2026-580,Australian Open,Hard,128,G,20260119,100,207989,1,,Carlos Alcaraz,R,183,ESP,22.7,200443,,,Adam Walton,R,183,AUS,26.7,6-3 7-6(2) 6-2,5,R128,125,8,1,83,56,43,18,15,0,1,4,4,91,66,40,11,14,6,10,1,12050,81,727
2026-580,Australian Open,Hard,128,G,20260119,101,105870,,,Yannick Hanfmann,R,193,GER,34.1,208260,,Q,Zachary Svajda,R,175,USA,23.1,7-5 4-6 6-4 7-6(3),5,R128,171,19,2,125,73,56,31,22,4,8,11,8,142,98,66,21,22,4,9,102,611,143,431
2026-580,Australian Open,Hard,128,G,20260119,102,210116,,Q,Michael Zheng,R,188,USA,21.9,200624,,,Sebastian Korda,R,196,USA,25.5,6-4 6-4 3-6 6-7(0) 6-3,5,R128,223,4,0,174,115,79,34,25,6,7,22,5,142,89,71,31,25,4,8,174,337,53,975
2026-580,Australian Open,Hard,128,G,20260119,103,144895,32,,Corentin Moutet,L,180,FRA,26.7,209262,,,Tristan Schoolkate,R,183,AUS,24.8,6-4 7-6(1) 6-3,5,R128,157,6,4,104,61,45,25,16,6,8,8,4,95,56,37,17,15,4,8,37,1383,98,641
2026-580,Australian Open,Hard,128,G,20260119,104,126205,19,,Tommy Paul,R,185,USA,28.6,206499,,,Aleksandar Kovacevic,R,183,USA,27.3,6-4 6-3 6-3,5,R128,93,20,0,67,44,40,16,14,0,0,10,5,77,48,35,12,14,2,6,20,2050,56,964
2026-580,Australian Open,Hard,128,G,20260119,105,202058,,,Thiago Agustin Tirante,R,185,ARG,24.7,126846,,,Aleksandar Vukic,R,188,AUS,29.7,7-5 6-2 6-2,5,R128,110,20,2,71,41,35,22,14,0,0,8,2,87,46,31,17,14,3,8,103,605,78,746
2026-580,Australian Open,Hard,128,G,20260119,106,124187,,,Reilly Opelka,R,211,USA,28.3,149282,,Q,Nicolai Budkov Kjaer,R,188,NOR,19.3,6-4 6-3 6-4,5,R128,91,23,4,71,54,51,10,15,2,2,3,3,80,57,39,11,14,1,4,63,873,135,446
2026-580,Australian Open,Hard,128,G,20260119,107,200221,14,,Alejandro Davidovich Fokina,R,183,ESP,26.6,209209,,,Filip Misolic,R,180,AUT,24.4,6-2 6-3 6-3,5,R128,102,10,3,84,56,42,17,13,4,4,6,3,83,43,29,15,13,6,11,14,2635,84,725
2026-580,Australian Open,Hard,128,G,20260119,108,122330,10,,Alexander Bublik,R,196,KAZ,28.5,202385,,,Jenson Brooksby,R,188,USA,25.2,6-4 6-4 6-4,5,R128,124,13,4,94,69,51,12,15,7,8,4,1,97,60,38,20,15,7,11,10,3065,48,1042
2026-580,Australian Open,Hard,128,G,20260119,109,105916,,,Marton Fucsovics,R,188,HUN,33.9,200116,,,Camilo Ugo Carabelli,R,185,ARG,26.5,7-6(5) 6-1 6-2,5,R128,144,1,5,91,52,37,20,14,2,5,1,4,93,56,28,17,13,4,11,54,967,49,1028
2026-580,Australian Open,Hard,128,G,20260119,110,144869,,,Tomas Martin Etcheverry,R,196,ARG,26.5,200175,,,Miomir Kecmanovic,R,183,SRB,26.3,6-2 3-6 4-6 6-3 6-4,5,R128,234,20,5,120,78,67,25,23,4,6,8,4,164,103,72,30,23,13,17,62,895,60,910
2026-580,Australian Open,Hard,128,G,20260119,111,209259,,Q,Arthur Fery,R,175,GBR,23.5,207925,20,,Flavio Cobolli,R,183,ITA,23.7,7-6(1) 6-4 6-1,5,R128,132,6,0,85,61,42,13,15,3,6,7,8,83,50,31,11,14,4,10,186,316,22,1955
2026-580,Australian Open,Hard,128,G,20260119,112,126207,29,,Frances Tiafoe,R,188,USA,27.9,106186,,Q,Jason Kubler,R,178,AUS,32.6,7-6(4) 6-3 6-2,5,R128,133,23,5,108,64,51,21,15,5,6,9,3,81,59,41,10,14,2,6,34,1500,194,305
2026-580,Australian Open,Hard,128,G,20260119,113,207681,,,Francisco Comesana,R,178,ARG,25.2,200516,,WC,Patrick Kypson,R,188,USA,26.2,6-2 6-3 3-6 6-3,5,R128,165,20,5,98,56,47,25,18,1,2,12,7,111,63,51,17,17,6,10,68,829,116,527
2026-580,Australian Open,Hard,128,G,20260119,114,209098,,,Hamad Medjedovic,R,188,SRB,22.5,208363,,,Mariano Navone,R,178,ARG,24.8,6-2 6-7(3) 6-4 6-2,5,R128,182,15,5,121,71,53,31,19,6,7,5,5,129,85,47,27,19,11,17,90,681,74,760
2026-580,Australian Open,Hard,128,G,20260119,115,200282,6,,Alex De Minaur,R,183,AUS,26.9,111456,,LL,Mackenzie Mcdonald,R,178,USA,30.7,6-2 6-2 6-3,5,R128,108,9,4,66,34,29,21,13,1,1,7,2,91,55,32,16,12,5,11,6,4080,113,546
2026-580,Australian Open,Hard,128,G,20260119,116,100644,3,,Alexander Zverev,R,198,GER,28.7,209113,,,Gabriel Diallo,R,203,CAN,24.3,6-7(1) 6-1 6-4 6-2,5,R128,163,15,1,98,70,59,16,19,1,2,10,5,112,78,56,13,18,2,8,3,5105,41,1215
2026-580,Australian Open,Hard,128,G,20260119,117,124186,,,Alexandre Muller,R,183,FRA,28.9,200615,,,Alexei Popyrin,R,196,AUS,26.4,2-6 6-3 3-6 7-6(5) 7-6(4),5,R128,234,5,4,154,111,78,23,25,5,10,40,0,155,100,75,33,25,7,10,52,980,50,1000
2026-580,Australian Open,Hard,128,G,20260119,118,207182,,,Emilio Nava,R,185,USA,24.1,208021,,WC,Kyrian Jacquet,R,178,FRA,24.6,6-2 7-5 6-7(5) 4-6 7-6(6),5,R128,212,27,6,159,112,88,27,27,5,8,19,6,179,102,78,41,27,6,11,89,683,128,477
2026-580,Australian Open,Hard,128,G,20260119,119,111815,26,,Cameron Norrie,L,188,GBR,30.4,126127,,,Benjamin Bonzi,R,183,FRA,29.6,6-0 6-7(2) 4-6 6-3 6-4,5,R128,219,17,3,170,110,72,38,24,16,18,9,4,136,79,53,34,23,7,13,27,1553,106,566
2026-580,Australian Open,Hard,128,G,20260119,120,202103,18,,Francisco Cerundolo,R,185,ARG,27.4,111190,,,Zhizhen Zhang,R,193,CHN,29.2,6-3 7-6(0) 6-3,5,R128,128,7,2,86,55,44,20,15,0,2,8,1,99,66,42,14,15,6,10,21,2035,368,130
2026-580,Australian Open,Hard,128,G,20260119,121,106000,,,Damir Dzumhur,R,175,BIH,33.6,208119,,Q,Liam Draxl,R,185,CAN,24.1,7-5 6-0 6-4,5,R128,143,6,4,90,53,39,22,14,6,8,7,4,97,52,33,17,14,5,12,66,837,145,429
2026-580,Australian Open,Hard,128,G,20260119,122,210262,,Q,Jaime Faria,R,188,POR,22.4,210696,,LL,Alexander Blockx,R,191,BEL,20.7,6-3 3-6 6-3 6-4,5,R128,148,5,2,114,64,46,30,19,3,5,8,2,100,56,43,24,18,4,8,151,413,96,653
2026-580,Australian Open,Hard,128,G,20260119,123,126094,13,,Andrey Rublev,R,188,RUS,28.2,208286,,,Matteo Arnaldi,R,185,ITA,24.9,6-4 6-2 6-3,5,R128,112,8,2,80,51,39,19,14,6,6,4,4,77,40,25,22,13,6,11,15,2600,65,858
2026-580,Australian Open,Hard,128,G,20260119,124,106421,11,,Daniil Medvedev,R,198,RUS,29.9,207411,,,Jesper De Jong,R,180,NED,25.6,7-5 6-2 7-6(2),5,R128,172,9,5,111,76,58,11,16,6,10,3,1,117,61,40,21,16,6,13,12,2910,73,763
2026-580,Australian Open,Hard,128,G,20260119,125,111460,,,Quentin Halys,R,191,FRA,29.2,126214,,,Alejandro Tabilo,L,188,CHI,28.6,6-2 6-2 7-6(2),5,R128,113,12,1,79,44,37,25,14,1,1,7,1,91,58,34,17,14,3,7,83,725,79,737
2026-580,Australian Open,Hard,128,G,20260119,126,111794,,,Kamil Majchrzak,R,180,POL,30.0,207985,,,Jacob Fearnley,R,183,GBR,24.5,7-6(2) 7-5 3-6 7-6(3),5,R128,206,5,1,154,101,62,36,23,9,14,12,10,144,97,65,23,22,4,8,59,918,77,752
2026-580,Australian Open,Hard,128,G,20260119,127,206681,,,Fabian Marozsan,R,193,HUN,26.2,126239,24,,Arthur Rinderknech,R,196,FRA,30.4,6-3 6-4 6-7(2) 6-4,5,R128,177,9,2,114,81,64,22,21,0,0,18,2,139,90,58,32,20,8,11,47,1065,28,1551
2026-580,Australian Open,Hard,128,G,20260119,128,210530,25,,Learner Tien,L,180,USA,20.1,106218,,,Marcos Giron,R,180,USA,32.4,7-6(2) 4-6 3-6 7-6(3) 6-2,5,R128,219,21,10,164,96,69,34,26,12,18,14,3,176,106,72,31,25,7,13,29,1540,51,985
2026-580,Australian Open,Hard,128,G,20260119,129,207686,,,Alexander Shevchenko,R,185,KAZ,25.1,111200,,Q,Elias Ymer,R,185,SWE,29.7,3-6 7-5 6-4 6-1,5,R128,202,9,5,143,90,66,24,19,9,11,1,4,119,60,40,32,19,6,11,97,650,175,337
2026-580,Australian Open,Hard,128,G,20260119,130,111442,,WC,Jordan Thompson,R,183,AUS,31.7,207678,,,Juan Manuel Cerundolo,L,183,ARG,24.1,6-7(3) 7-5 6-1 6-1,5,R128,194,10,1,115,67,51,34,19,5,5,5,6,125,60,40,35,19,4,10,111,548,87,700
2026-580,Australian Open,Hard,128,G,20260119,131,132686,,,Nuno Borges,R,185,POR,28.9,200000,7,,Felix Auger Aliassime,R,193,CAN,25.4,3-6 6-4 6-4 0-0 RET,5,R128,129,6,1,84,54,39,18,15,2,5,8,1,79,50,33,19,14,3,6,46,1070,8,3990
2026-580,Australian Open,Hard,128,G,20260119,132,207518,5,,Lorenzo Musetti,R,185,ITA,23.8,209920,,,Raphael Collignon,R,191,BEL,24.0,4-6 7-6(3) 7-5 3-2 RET,5,R128,185,9,3,120,80,53,26,20,11,15,11,6,129,67,48,29,19,5,10,5,4105,72,767
2026-580,Australian Open,Hard,128,G,20260119,133,132283,,,Lorenzo Sonego,R,191,ITA,30.6,126535,,,Carlos Taberner,R,183,ESP,28.4,6-4 6-0 6-3,5,R128,104,12,2,60,41,34,11,13,0,1,1,11,76,45,25,12,12,5,12,40,1240,99,630
2026-580,Australian Open,Hard,128,G,20260119,134,207830,,,Tomas Machac,R,183,CZE,25.2,105777,,,Grigor Dimitrov,R,191,BUL,34.6,6-4 6-4 6-3,5,R128,105,21,1,82,51,41,19,15,4,4,11,4,95,71,47,9,14,6,10,24,1610,45,1105
2026-580,Australian Open,Hard,128,G,20260119,135,126774,31,,Stefanos Tsitsipas,R,193,GRE,27.4,208278,,,Shintaro Mochizuki,R,175,JPN,22.6,4-6 6-3 6-2 6-2,5,R128,177,16,6,104,69,55,18,18,7,8,3,6,135,72,46,30,17,15,20,35,1455,112,547
2026-580,Australian Open,Hard,128,G,20260119,136,210338,,Q,Arthur Gea,R,180,FRA,21.0,208103,17,,Jiri Lehecka,R,185,CZE,24.1,7-5 7-6(1) 7-5,5,R128,161,7,4,108,72,52,21,18,3,6,8,1,118,71,49,21,18,10,15,198,300,19,2090
2026-580,Australian Open,Hard,128,G,20260119,137,104527,,WC,Stan Wawrinka,R,183,SUI,40.8,111513,,,Laslo Djere,R,188,SRB,30.6,5-7 6-3 6-4 7-6(4),5,R128,200,14,2,116,57,49,38,22,2,4,9,5,150,92,67,27,21,15,18,139,437,92,659
2026-580,Australian Open,Hard,128,G,20260119,138,200240,,,Vit Kopriva,R,178,CZE,28.5,105526,,,Jan Lennard Struff,R,193,GER,35.7,4-6 6-2 2-6 6-3 6-1,5,R128,188,19,5,169,107,77,25,21,16,20,16,10,121,76,52,17,21,5,12,101,626,86,706
2026-580,Australian Open,Hard,128,G,20260119,139,126203,9,,Taylor Fritz,R,196,USA,28.2,208316,,,Valentin Royer,R,188,FRA,24.6,7-6(5) 5-7 6-1 6-3,5,R128,182,24,3,110,76,62,18,20,4,7,19,6,150,89,62,25,20,15,21,9,3840,58,924
2026-580,Australian Open,Hard,128,G,20260119,140,210150,16,,Jakub Mensik,R,193,CZE,20.3,105807,,,Pablo Carreno Busta,R,188,ESP,34.5,7-5 4-6 2-6 7-6(1) 6-3,5,R128,253,27,19,185,101,76,34,26,12,18,1,6,160,108,74,24,25,6,12,17,2345,94,656
2026-580,Australian Open,Hard,128,G,20260119,141,212588,,Q,Rafael Jodar,U,,ESP,19.3,210536,,Q,Rei Sakamoto,R,193,JPN,19.5,7-6(6) 6-1 5-7 4-6 6-3,5,R128,231,4,1,160,97,69,40,25,6,9,6,4,173,111,75,35,25,10,15,150,418,203,292
2026-580,Australian Open,Hard,128,G,20260119,142,128034,,,Hubert Hurkacz,R,196,POL,28.9,200267,,,Zizou Bergs,R,185,BEL,26.6,6-7(6) 7-6(6) 6-3 6-3,5,R128,207,18,2,140,88,77,25,21,6,6,15,6,146,86,64,34,21,8,11,55,965,43,1170
2026-580,Australian Open,Hard,128,G,20260119,143,210319,,,Ethan Quinn,R,191,USA,21.8,134868,23,,Tallon Griekspoor,R,188,NED,29.5,6-2 6-3 6-2,5,R128,97,5,2,59,37,29,16,13,0,2,6,8,81,51,29,11,12,8,15,80,733,26,1565
2026-580,Australian Open,Hard,128,G,20260119,144,122298,,,Botic Van De Zandschulp,R,191,NED,30.2,206909,27,,Brandon Nakashima,R,188,USA,24.4,6-3 4-6 7-6(1) 7-6(3),5,R128,208,15,7,141,97,75,24,22,5,6,10,3,126,92,68,20,21,1,3,75,759,30,1535
2026-580,Australian Open,Hard,128,G,20260119,145,209992,,,Juncheng Shang,L,180,CHN,20.9,105138,,,Roberto Bautista Agut,R,183,ESP,37.7,6-4 6-7(2) 6-4 6-0,5,R128,172,11,6,113,69,58,23,19,3,4,11,1,107,70,46,20,19,5,11,318,165,91,670
2026-580,Australian Open,Hard,128,G,20260119,146,208353,,Q,Francesco Maestrelli,R,196,ITA,23.0,209279,,,Terence Atmane,L,193,FRA,24.0,6-4 3-6 6-7(4) 6-1 6-1,5,R128,203,28,8,134,80,65,31,23,2,3,14,4,145,81,60,34,22,10,16,141,436,64,862
2026-580,Australian Open,Hard,128,G,20260119,147,104925,4,,Novak Djokovic,R,188,SRB,38.6,124079,,,Pedro Martinez,R,185,ESP,28.7,6-3 6-2 6-2,5,R128,120,14,0,57,44,41,11,13,0,0,2,6,98,70,42,10,12,7,12,4,4780,71,768
2026-580,Australian Open,Hard,128,G,20260119,148,210097,8,,Ben Shelton,L,193,USA,23.2,200005,,,Ugo Humbert,L,188,FRA,27.5,6-3 7-6(2) 7-6(5),5,R128,157,15,2,103,72,56,20,17,1,3,5,6,107,64,47,21,16,7,10,7,4000,33,1510
2026-580,Australian Open,Hard,128,G,20260119,149,208013,,Q,Dane Sweeny,R,170,AUS,24.9,104792,,,Gael Monfils,R,193,FRA,39.3,6-7(3) 7-5 6-4 7-5,5,R128,231,2,3,148,94,66,33,23,9,11,14,6,164,93,71,32,23,14,19,182,325,110,550
2026-580,Australian Open,Hard,128,G,20260119,150,208014,,WC,Rinky Hijikata,R,178,AUS,24.9,105173,,,Adrian Mannarino,L,180,FRA,37.5,6-3 6-3 6-1,5,R128,118,4,3,89,55,43,17,13,6,7,7,3,74,45,25,12,12,5,11,114,542,69,810
2026-580,Australian Open,Hard,128,G,20260119,151,200473,30,,Valentin Vacherot,R,193,MON,27.1,102093,,Q,Martin Damm,L,203,USA,22.3,6-4 6-4 6-4,5,R128,116,18,2,92,62,52,16,15,5,5,16,4,84,57,43,11,15,0,3,31,1519,177,333
2026-580,Australian Open,Hard,128,G,20260119,152,133430,21,,Denis Shapovalov,L,185,CAN,26.7,207352,,WC,Bu Yunchaokete,R,185,CHN,24.0,6-3 7-6(3) 6-1,5,R128,135,19,0,83,53,46,23,14,1,1,1,1,96,58,36,22,14,5,8,23,1650,120,499
2026-580,Australian Open,Hard,128,G,20260119,153,105227,,,Marin Cilic,R,198,CRO,37.3,127157,,,Daniel Altmaier,R,188,GER,27.3,6-0 6-0 7-6(3),5,R128,121,20,3,71,40,35,20,12,1,1,8,4,81,51,32,10,12,6,12,70,790,44,1123
2026-580,Australian Open,Hard,128,G,20260119,154,144719,,,Jaume Munar,R,183,ESP,28.7,207494,,,Dalibor Svrcina,R,178,CZE,23.2,3-6 6-2 6-7(5) 7-5 6-3,5,R128,267,18,6,163,102,78,28,25,5,10,6,10,164,99,66,32,25,11,18,39,1335,95,655
2026-580,Australian Open,Hard,128,G,20260119,155,134770,12,,Casper Ruud,R,183,NOR,27.0,208233,,,Mattia Bellucci,L,175,ITA,24.6,6-1 6-2 6-4,5,R128,100,10,2,76,53,41,15,13,1,1,8,3,73,49,31,9,12,9,14,13,2795,76,758
2026-580,Australian Open,Hard,128,G,20260119,156,111575,15,,Karen Khachanov,R,198,RUS,29.6,210506,,,Alex Michelsen,R,193,USA,21.4,4-6 6-4 6-3 5-7 6-3,5,R128,235,24,4,176,110,85,32,25,11,13,16,4,142,93,72,25,25,11,15,18,2320,38,1350
2026-580,Australian Open,Hard,128,G,20260119,157,210460,,Q,Nishesh Basavareddy,R,180,USA,20.7,106331,,WC,Christopher Oconnell,R,183,AUS,31.6,4-6 7-6(7) 6-7(3) 6-2 6-3,5,R128,248,17,5,148,78,58,46,26,1,4,25,3,176,104,77,34,25,8,13,242,230,118,521
2026-580,Australian Open,Hard,128,G,20260119,158,202104,,,Sebastian Baez,R,170,ARG,25.0,208659,,,Giovanni Mpetshi Perricard,R,203,FRA,22.5,6-4 6-4 3-6 5-7 6-3,5,R128,191,10,2,155,120,86,19,25,10,13,30,6,150,106,78,23,25,6,10,36,1390,61,905
2026-580,Australian Open,Hard,128,G,20260119,159,209260,22,,Luciano Darderi,R,183,ITA,23.9,106426,,,Cristian Garin,R,185,CHI,29.6,7-6(5) 7-5 7-6(3),5,R128,175,15,2,101,60,48,27,18,2,4,12,6,132,77,54,27,18,8,11,25,1599,82,726
2026-580,Australian Open,Hard,128,G,20260119,160,208118,,,Eliot Spizzirri,R,183,USA,24.0,211663,28,,Joao Fonseca,R,185,BRA,19.4,6-4 2-6 6-1 6-2,5,R128,158,14,2,96,62,50,19,17,7,9,10,5,102,60,40,21,16,8,13,85,725,32,1510
2026-580,Australian Open,Hard,128,G,20260119,161,200059,,Q,Yibing Wu,R,183,CHN,26.2,208134,,,Luca Nardi,R,185,ITA,22.4,7-5 4-6 6-4 6-2,5,R128,177,7,3,132,76,53,31,20,15,19,7,6,117,65,41,28,20,6,13,168,347,108,561
2026-580,Australian Open,Hard,128,G,20260119,162,105902,,WC,James Duckworth,R,183,AUS,33.9,209976,,LL,Dino Prizmic,R,188,CRO,20.4,7-6(4) 3-6 1-6 7-5 6-3,5,R128,261,16,5,179,107,73,37,25,14,20,9,12,174,102,74,37,24,14,18,88,694,127,481
2026-580,Australian Open,Hard,128,G,20260119,163,206173,2,,Jannik Sinner,R,191,ITA,24.4,200384,,,Hugo Gaston,L,173,FRA,25.3,6-2 6-1 0-0 RET,5,R128,68,6,0,45,29,25,8,8,3,3,0,0,47,23,14,8,7,3,7,2,11500,93,656
2026-580,Australian Open,Hard,128,G,20260119,164,207989,1,,Carlos Alcaraz,R,183,ESP,22.7,105870,,,Yannick Hanfmann,R,193,GER,34.1,7-6(4) 6-3 6-2,5,R64,165,11,3,111,71,49,24,15,6,7,7,4,100,62,43,17,14,5,9,1,12050,102,611
2026-580,Australian Open,Hard,128,G,20260119,165,144895,32,,Corentin Moutet,L,180,FRA,26.7,210116,,Q,Michael Zheng,R,188,USA,21.9,3-6 6-1 6-3 2-0 RET,5,R64,122,10,5,76,46,33,16,14,4,7,3,1,84,61,36,7,13,0,7,37,1383,174,337
2026-580,Australian Open,Hard,128,G,20260119,166,126205,19,,Tommy Paul,R,185,USA,28.6,202058,,,Thiago Agustin Tirante,R,185,ARG,24.7,6-3 6-4 6-2,5,R64,122,4,1,82,47,37,23,14,4,4,12,3,85,48,36,11,13,6,10,20,2050,103,605
2026-580,Australian Open,Hard,128,G,20260119,167,200221,14,,Alejandro Davidovich Fokina,R,183,ESP,26.6,124187,,,Reilly Opelka,R,211,USA,28.3,6-3 7-6(3) 5-7 4-6 6-4,5,R64,227,12,1,165,129,99,19,27,9,11,37,12,161,107,80,31,26,9,11,14,2635,63,873
2026-580,Australian Open,Hard,128,G,20260119,168,122330,10,,Alexander Bublik,R,196,KAZ,28.5,105916,,,Marton Fucsovics,R,188,HUN,33.9,7-5 6-4 7-5,5,R64,133,12,4,90,63,48,14,17,0,2,6,6,119,71,44,26,17,8,13,10,3065,54,967
2026-580,Australian Open,Hard,128,G,20260119,169,144869,,,Tomas Martin Etcheverry,R,196,ARG,26.5,209259,,Q,Arthur Fery,R,175,GBR,23.5,7-6(4) 6-1 6-3,5,R64,164,11,1,101,69,47,23,14,9,10,5,1,92,60,39,15,14,6,11,62,895,186,316
2026-580,Australian Open,Hard,128,G,20260119,170,126207,29,,Frances Tiafoe,R,188,USA,27.9,207681,,,Francisco Comesana,R,178,ARG,25.2,6-4 6-3 4-6 6-2,5,R64,190,7,1,108,60,52,25,19,4,5,15,5,123,82,57,17,18,12,17,34,1500,68,829
2026-580,Australian Open,Hard,128,G,20260119,171,200282,6,,Alex De Minaur,R,183,AUS,26.9,209098,,,Hamad Medjedovic,R,188,SRB,22.5,6-7(5) 6-2 6-2 6-1,5,R64,184,12,4,110,76,58,21,18,2,3,19,11,137,88,58,18,17,14,21,6,4080,90,681
2026-580,Australian Open,Hard,128,G,20260119,172,100644,3,,Alexander Zverev,R,198,GER,28.7,124186,,,Alexandre Muller,R,183,FRA,28.9,6-3 4-6 6-3 6-4,5,R64,184,18,1,108,73,52,22,19,5,8,4,2,125,87,56,17,19,10,16,3,5105,52,980
2026-580,Australian Open,Hard,128,G,20260119,173,111815,26,,Cameron Norrie,L,188,GBR,30.4,207182,,,Emilio Nava,R,185,USA,24.1,6-1 7-6(3) 4-6 7-6(5),5,R64,198,5,2,144,96,66,32,21,7,10,19,5,148,99,65,26,20,15,19,27,1553,89,683
2026-580,Australian Open,Hard,128,G,20260119,174,202103,18,,Francisco Cerundolo,R,185,ARG,27.4,106000,,,Damir Dzumhur,R,175,BIH,33.6,6-3 6-2 6-1,5,R64,97,10,1,66,38,30,19,12,2,3,3,1,78,50,29,12,12,5,12,21,2035,66,837
2026-580,Australian Open,Hard,128,G,20260119,175,126094,13,,Andrey Rublev,R,188,RUS,28.2,210262,,Q,Jaime Faria,R,188,POR,22.4,6-4 6-3 4-6 7-5,5,R64,170,6,3,125,86,65,22,21,10,12,10,5,120,74,51,24,20,4,9,15,2600,151,413
2026-580,Australian Open,Hard,128,G,20260119,176,106421,11,,Daniil Medvedev,R,198,RUS,29.9,111460,,,Quentin Halys,R,191,FRA,29.2,6-7(9) 6-3 6-4 6-2,5,R64,182,14,6,145,97,72,26,20,10,12,6,6,115,74,53,17,19,4,10,12,2910,83,725
2026-580,Australian Open,Hard,128,G,20260119,177,206681,,,Fabian Marozsan,R,193,HUN,26.2,111794,,,Kamil Majchrzak,R,180,POL,30.0,6-3 6-4 7-6(5),5,R64,142,5,2,113,80,50,18,16,8,12,3,4,119,80,46,13,15,8,14,47,1065,59,918
2026-580,Australian Open,Hard,128,G,20260119,178,210530,25,,Learner Tien,L,180,USA,20.1,207686,,,Alexander Shevchenko,R,185,KAZ,25.1,6-2 5-7 6-1 6-0,5,R64,121,9,2,92,55,45,19,17,2,4,4,1,94,60,31,17,16,4,13,29,1540,97,650
2026-580,Australian Open,Hard,128,G,20260119,179,132686,,,Nuno Borges,R,185,POR,28.9,111442,,WC,Jordan Thompson,R,183,AUS,31.7,6-7(9) 6-3 6-2 6-4,5,R64,184,10,4,130,90,65,23,20,5,7,12,1,121,69,46,26,19,1,7,46,1070,111,548
2026-580,Australian Open,Hard,128,G,20260119,180,207518,5,,Lorenzo Musetti,R,185,ITA,23.8,132283,,,Lorenzo Sonego,R,191,ITA,30.6,6-3 6-3 6-4,5,R64,171,1,2,87,58,40,17,14,4,6,5,6,116,77,47,13,14,17,23,5,4105,40,1240
2026-580,Australian Open,Hard,128,G,20260119,181,207830,,,Tomas Machac,R,183,CZE,25.2,126774,31,,Stefanos Tsitsipas,R,193,GRE,27.4,6-4 3-6 7-6(5) 7-6(5),5,R64,188,6,6,139,94,65,30,22,7,10,24,8,133,75,61,30,21,0,3,24,1610,35,1455
2026-580,Australian Open,Hard,128,G,20260119,182,104527,,WC,Stan Wawrinka,R,183,SUI,40.8,210338,,Q,Arthur Gea,R,180,FRA,21.0,4-6 6-3 3-6 7-5 7-6(3),5,R64,273,11,3,176,109,74,41,26,10,14,13,7,170,100,73,33,26,9,13,139,437,198,300
2026-580,Australian Open,Hard,128,G,20260119,183,126203,9,,Taylor Fritz,R,196,USA,28.2,200240,,,Vit Kopriva,R,178,CZE,28.5,6-1 6-4 7-6(4),5,R64,118,15,1,88,68,54,13,15,2,3,3,2,86,48,30,22,14,3,7,9,3840,101,626
2026-580,Australian Open,Hard,128,G,20260119,184,210150,16,,Jakub Mensik,R,193,CZE,20.3,212588,,Q,Rafael Jodar,U,,ESP,19.3,6-2 6-4 6-4,5,R64,118,9,2,90,55,44,15,14,4,6,3,1,85,52,32,15,14,5,11,17,2345,150,418
2026-580,Australian Open,Hard,128,G,20260119,185,210319,,,Ethan Quinn,R,191,USA,21.8,128034,,,Hubert Hurkacz,R,196,POL,28.9,6-4 7-6(5) 6-1,5,R64,135,12,2,108,72,56,21,15,8,8,9,1,95,57,38,20,14,4,7,80,733,55,965
2026-580,Australian Open,Hard,128,G,20260119,186,122298,,,Botic Van De Zandschulp,R,191,NED,30.2,209992,,,Juncheng Shang,L,180,CHN,20.9,7-6(6) 6-2 6-3,5,R64,134,15,6,94,63,55,14,15,1,1,2,3,101,62,44,18,14,9,13,75,759,318,165
2026-580,Australian Open,Hard,128,G,20260119,187,104925,4,,Novak Djokovic,R,188,SRB,38.6,208353,,Q,Francesco Maestrelli,R,196,ITA,23.0,6-3 6-2 6-2,5,R64,135,5,4,78,50,43,11,13,4,5,10,4,93,55,30,15,12,10,16,4,4780,141,436
2026-580,Australian Open,Hard,128,G,20260119,188,210097,8,,Ben Shelton,L,193,USA,23.2,208013,,Q,Dane Sweeny,R,170,AUS,24.9,6-3 6-2 6-2,5,R64,102,19,2,64,43,38,15,13,0,0,0,5,80,56,34,10,12,7,12,7,4000,182,325
2026-580,Australian Open,Hard,128,G,20260119,189,200473,30,,Valentin Vacherot,R,193,MON,27.1,208014,,WC,Rinky Hijikata,R,178,AUS,24.9,6-1 6-3 4-6 6-2,5,R64,148,15,4,99,60,50,22,17,4,5,5,5,109,77,47,16,17,5,11,31,1519,114,542
2026-580,Australian Open,Hard,128,G,20260119,190,105227,,,Marin Cilic,R,198,CRO,37.3,133430,21,,Denis Shapovalov,L,185,CAN,26.7,6-4 6-3 6-2,5,R64,129,5,5,90,50,42,18,14,4,6,3,7,81,42,28,13,13,6,12,70,790,23,1650
2026-580,Australian Open,Hard,128,G,20260119,191,134770,12,,Casper Ruud,R,183,NOR,27.0,144719,,,Jaume Munar,R,183,ESP,28.7,6-3 7-5 6-4,5,R64,147,5,3,97,56,45,24,16,2,2,5,4,89,43,30,28,15,7,10,13,2795,39,1335
2026-580,Australian Open,Hard,128,G,20260119,192,111575,15,,Karen Khachanov,R,198,RUS,29.6,210460,,Q,Nishesh Basavareddy,R,180,USA,20.7,6-1 6-4 6-3,5,R64,117,15,1,70,49,41,14,13,4,4,10,3,92,43,31,18,13,7,12,18,2320,242,230
2026-580,Australian Open,Hard,128,G,20260119,193,209260,22,,Luciano Darderi,R,183,ITA,23.9,202104,,,Sebastian Baez,R,170,ARG,25.0,6-3 1-6 6-4 6-3,5,R64,148,10,1,104,61,39,23,18,5,10,4,3,105,72,43,17,17,8,14,25,1599,36,1390
2026-580,Australian Open,Hard,128,G,20260119,194,208118,,,Eliot Spizzirri,R,183,USA,24.0,200059,,Q,Yibing Wu,R,183,CHN,26.2,6-2 6-4 6-7(4) 4-6 6-3,5,R64,223,8,4,170,117,81,28,25,11,14,11,6,164,109,76,23,24,9,15,85,725,168,347
2026-580,Australian Open,Hard,128,G,20260119,195,206173,2,,Jannik Sinner,R,191,ITA,24.4,105902,,WC,James Duckworth,R,183,AUS,33.9,6-1 6-4 6-2,5,R64,109,18,2,77,50,43,15,13,3,3,9,4,79,50,35,8,12,9,14,2,11500,88,694
2026-580,Australian Open,Hard,128,G,20260119,196,207989,1,,Carlos Alcaraz,R,183,ESP,22.7,144895,32,,Corentin Moutet,L,180,FRA,26.7,6-2 6-4 6-1,5,R32,125,3,1,72,51,37,11,13,2,4,0,5,93,57,30,14,12,5,13,1,12050,37,1383
2026-580,Australian Open,Hard,128,G,20260119,197,126205,19,,Tommy Paul,R,185,USA,28.6,200221,14,,Alejandro Davidovich Fokina,R,183,ESP,26.6,6-1 6-1 0-0 RET,5,R32,59,3,0,32,20,19,9,7,0,0,3,4,51,31,14,9,7,3,8,20,2050,14,2635
2026-580,Australian Open,Hard,128,G,20260119,198,122330,10,,Alexander Bublik,R,196,KAZ,28.5,144869,,,Tomas Martin Etcheverry,R,196,ARG,26.5,7-6(4) 7-6(5) 6-4,5,R32,157,21,2,104,67,60,23,17,3,3,10,1,112,74,56,24,17,3,4,10,3065,62,895
2026-580,Australian Open,Hard,128,G,20260119,199,200282,6,,Alex De Minaur,R,183,AUS,26.9,126207,29,,Frances Tiafoe,R,188,USA,27.9,6-3 6-4 7-5,5,R32,163,8,6,97,60,47,19,16,3,5,6,1,101,60,36,21,15,7,12,6,4080,34,1500
2026-580,Australian Open,Hard,128,G,20260119,200,100644,3,,Alexander Zverev,R,198,GER,28.7,111815,26,,Cameron Norrie,L,188,GBR,30.4,7-5 4-6 6-3 6-1,5,R32,166,16,1,106,76,59,16,19,3,5,5,2,116,76,49,22,19,8,14,3,5105,27,1553
2026-580,Australian Open,Hard,128,G,20260119,201,202103,18,,Francisco Cerundolo,R,185,ARG,27.4,126094,13,,Andrey Rublev,R,188,RUS,28.2,6-3 7-6(4) 6-3,5,R32,128,8,2,99,61,49,23,15,2,3,5,5,81,43,38,16,15,3,6,21,2035,15,2600
2026-580,Australian Open,Hard,128,G,20260119,202,106421,11,,Daniil Medvedev,R,198,RUS,29.9,206681,,,Fabian Marozsan,R,193,HUN,26.2,6-7(5) 4-6 7-5 6-0 6-3,5,R32,223,19,10,146,94,61,30,25,5,12,0,2,188,134,82,16,24,17,28,12,2910,47,1065
2026-580,Australian Open,Hard,128,G,20260119,203,210530,25,,Learner Tien,L,180,USA,20.1,132686,,,Nuno Borges,R,185,POR,28.9,7-6(9) 6-4 6-2,5,R32,124,8,5,100,67,49,18,15,4,6,8,2,96,79,51,7,15,3,8,29,1540,46,1070
2026-580,Australian Open,Hard,128,G,20260119,204,207518,5,,Lorenzo Musetti,R,185,ITA,23.8,207830,,,Tomas Machac,R,183,CZE,25.2,5-7 6-4 6-2 5-7 6-2,5,R32,267,10,5,153,86,63,33,25,10,15,3,3,197,126,77,30,25,18,26,5,4105,24,1610
2026-580,Australian Open,Hard,128,G,20260119,205,126203,9,,Taylor Fritz,R,196,USA,28.2,104527,,WC,Stan Wawrinka,R,183,SUI,40.8,7-6(5) 2-6 6-4 6-4,5,R32,166,30,1,120,84,71,18,20,5,7,15,3,114,69,59,25,20,5,7,9,3840,139,437
2026-580,Australian Open,Hard,128,G,20260119,206,210150,16,,Jakub Mensik,R,193,CZE,20.3,210319,,,Ethan Quinn,R,191,USA,21.8,6-2 7-6(5) 7-6(5),5,R32,149,10,8,102,51,38,29,16,3,6,9,7,106,54,39,23,16,5,10,17,2345,80,733
2026-580,Australian Open,Hard,128,G,20260119,207,104925,4,,Novak Djokovic,R,188,SRB,38.6,122298,,,Botic Van De Zandschulp,R,191,NED,30.2,6-3 6-4 7-6(4),5,R32,164,11,6,96,61,47,21,16,5,7,15,4,104,62,42,18,15,5,9,4,4780,75,759
2026-580,Australian Open,Hard,128,G,20260119,208,210097,8,,Ben Shelton,L,193,USA,23.2,200473,30,,Valentin Vacherot,R,193,MON,27.1,6-4 6-4 7-6(5),5,R32,137,15,1,96,62,50,22,16,1,1,12,4,91,63,50,13,16,2,4,7,4000,31,1519
2026-580,Australian Open,Hard,128,G,20260119,209,134770,12,,Casper Ruud,R,183,NOR,27.0,105227,,,Marin Cilic,R,198,CRO,37.3,6-4 6-4 3-6 7-5,5,R32,184,25,4,123,87,68,15,21,8,10,18,6,123,65,51,31,20,3,7,13,2795,70,790
2026-580,Australian Open,Hard,128,G,20260119,210,209260,22,,Luciano Darderi,R,183,ITA,23.9,111575,15,,Karen Khachanov,R,198,RUS,29.6,7-6(5) 3-6 6-3 6-4,5,R32,203,17,4,125,74,58,28,20,2,4,14,4,139,88,62,28,20,5,8,25,1599,18,2320
2026-580,Australian Open,Hard,128,G,20260119,211,206173,2,,Jannik Sinner,R,191,ITA,24.4,208118,,,Eliot Spizzirri,R,183,USA,24.0,4-6 6-3 6-4 6-4,5,R32,225,17,4,132,88,57,19,20,10,16,6,3,108,70,46,17,19,3,11,2,11500,85,725
2026-580,Australian Open,Hard,128,G,20260119,212,207989,1,,Carlos Alcaraz,R,183,ESP,22.7,126205,19,,Tommy Paul,R,185,USA,28.6,7-6(6) 6-4 7-5,5,R16,164,2,0,94,66,52,19,17,1,2,7,5,109,59,48,23,17,7,10,1,12050,20,2050
2026-580,Australian Open,Hard,128,G,20260119,213,200282,6,,Alex De Minaur,R,183,AUS,26.9,122330,10,,Alexander Bublik,R,196,KAZ,28.5,6-4 6-1 6-1,5,R16,92,5,1,62,37,30,18,12,0,0,6,4,81,52,28,12,12,5,11,6,4080,10,3065
2026-580,Australian Open,Hard,128,G,20260119,214,100644,3,,Alexander Zverev,R,198,GER,28.7,202103,18,,Francisco Cerundolo,R,185,ARG,27.4,6-2 6-4 6-4,5,R16,132,7,2,75,58,46,10,14,1,2,0,0,94,61,40,14,14,3,8,3,5105,21,2035
2026-580,Australian Open,Hard,128,G,20260119,215,210530,25,,Learner Tien,L,180,USA,20.1,106421,11,,Daniil Medvedev,R,198,RUS,29.9,6-4 6-0 6-3,5,R16,102,5,1,68,44,31,16,13,0,1,6,6,85,58,34,7,12,3,10,29,1540,12,2910
2026-580,Australian Open,Hard,128,G,20260119,216,207518,5,,Lorenzo Musetti,R,185,ITA,23.8,126203,9,,Taylor Fritz,R,196,USA,28.2,6-2 7-5 6-4,5,R16,123,13,2,81,55,46,18,15,2,2,10,1,84,50,32,19,15,5,9,5,4105,9,3840
2026-580,Australian Open,Hard,128,G,20260119,217,104925,4,,Novak Djokovic,R,188,SRB,38.6,210150,16,,Jakub Mensik,R,193,CZE,20.3,W/O,5,R16,,,,,,,,,,,,,,,,,,,,4,4780,17,2345
2026-580,Australian Open,Hard,128,G,20260119,218,210097,8,,Ben Shelton,L,193,USA,23.2,134770,12,,Casper Ruud,R,183,NOR,27.0,3-6 6-4 6-3 6-4,5,R16,156,14,4,96,63,52,24,19,2,3,9,6,125,89,59,22,19,8,11,7,4000,13,2795
2026-580,Australian Open,Hard,128,G,20260119,219,206173,2,,Jannik Sinner,R,191,ITA,24.4,209260,22,,Luciano Darderi,R,183,ITA,23.9,6-1 6-3 7-6(2),5,R16,129,19,0,86,62,50,15,14,6,6,11,5,97,55,40,17,14,4,8,2,11500,25,1599
2026-580,Australian Open,Hard,128,G,20260119,220,207989,1,,Carlos Alcaraz,R,183,ESP,22.7,200282,6,,Alex De Minaur,R,183,AUS,26.9,7-5 6-2 6-1,5,QF,135,5,3,83,48,37,19,14,5,7,1,0,93,51,30,16,13,9,16,1,12050,6,4080
2026-580,Australian Open,Hard,128,G,20260119,221,100644,3,,Alexander Zverev,R,198,GER,28.7,210530,25,,Learner Tien,L,180,USA,20.1,6-3 6-7(5) 6-1 7-6(3),5,QF,190,24,1,133,96,73,24,20,3,3,11,9,130,82,61,21,20,4,7,3,5105,29,1540
2026-580,Australian Open,Hard,128,G,20260119,222,104925,4,,Novak Djokovic,R,188,SRB,38.6,207518,5,,Lorenzo Musetti,R,185,ITA,23.8,4-6 3-6 3-1 RET,5,QF,128,4,1,85,54,33,12,12,6,11,4,3,64,39,25,12,11,3,6,4,4780,5,4105
2026-580,Australian Open,Hard,128,G,20260119,223,206173,2,,Jannik Sinner,R,191,ITA,24.4,210097,8,,Ben Shelton,L,193,USA,23.2,6-3 6-4 6-4,5,QF,143,5,2,91,54,42,24,15,4,4,8,3,102,70,48,13,14,9,12,2,11500,7,4000
2026-580,Australian Open,Hard,128,G,20260119,224,207989,1,,Carlos Alcaraz,R,183,ESP,22.7,100644,3,,Alexander Zverev,R,198,GER,28.7,6-4 7-6(5) 6-7(3) 6-7(4) 7-5,5,SF,327,12,5,187,121,89,41,29,5,7,17,4,207,149,106,31,29,10,14,1,12050,3,5105
2026-580,Australian Open,Hard,128,G,20260119,225,104925,4,,Novak Djokovic,R,188,SRB,38.6,206173,2,,Jannik Sinner,R,191,ITA,24.4,3-6 6-3 4-6 6-4 6-4,5,SF,249,12,3,159,112,80,24,24,16,18,26,2,133,100,80,17,24,5,8,4,4780,2,11500
2026-580,Australian Open,Hard,128,G,20260119,226,207989,1,,Carlos Alcaraz,R,183,ESP,22.7,104925,4,,Novak Djokovic,R,188,SRB,38.6,2-6 6-2 6-3 7-5,5,F,182,9,2,101,66,51,20,19,4,6,4,2,123,85,56,20,18,11,16,1,12050,4,4780
